PLANTID,ATTID,VALUE
CCNPLT0000,CCNATT0000,Podocarpus macrophyllus
CCNPLT0000,CCNATT0001,Cây tùng bồng lai
CCNPLT0000,CCNATT0002,"• Kích thước chậu: 20x20cm (DxC)
• Chiều cao tổng: 50 cm
• Độ rộng tán: 30 cm"
CCNPLT0000,CCNATT0003,Trung bình
CCNPLT0000,CCNATT0004,Nắng trực tiếp / nắng tán xạ
CCNPLT0000,CCNATT0005,Tưới nước 1-2 lần/tuần
CCNPLT0001,CCNATT0000,Dracaena fragrans
CCNPLT0001,CCNATT0001,Phát tài bộ – Thiết Mộc lan
CCNPLT0001,CCNATT0002,"• Kích thước chậu: 30x30cm (DxC)
• Chiều cao tổng: 120 – 130 cm"
CCNPLT0001,CCNATT0003,Dễ chăm sóc
CCNPLT0001,CCNATT0004,"Nắng tán xạ, chịu được nắng trực tiếp"
CCNPLT0001,CCNATT0005,Tưới nước 2 – 3 lần/tuần
CCNPLT0002,CCNATT0000,Pachira aquatica
CCNPLT0002,CCNATT0001,Cây kim ngân
CCNPLT0002,CCNATT0002,"• Kích thước chậu: 12×8 (DxC)
• Chiều cao tổng: 25cm"
CCNPLT0002,CCNATT0003,Dễ chăm sóc
CCNPLT0002,CCNATT0004,Ánh sáng tán xạ / Nắng trực tiếp / Chịu râm mát
CCNPLT0002,CCNATT0005,Tưới nước 2 – 3 lần/tuần
CCNPLT0003,CCNATT0000,Philodendron Imperial Green
CCNPLT0003,CCNATT0001,Trầu bà đế vương xanh
CCNPLT0003,CCNATT0003,Rất dễ chăm sóc
CCNPLT0003,CCNATT0004,Nắng tán xạ
CCNPLT0003,CCNATT0005,Tưới nước 3 – 5 lần/tháng
CCNPLT0003,CCNATT0006,"• Kích thước chậu: 18x14cm (DxC)
• Chiều cao tổng: 25 – 35 cm"
CCNPLT0004,CCNATT0000,Chlorophytum laxum
CCNPLT0004,CCNATT0001,Cây cỏ lan chi / cây dây nhện
CCNPLT0004,CCNATT0003,Rất dễ chăm sóc
CCNPLT0004,CCNATT0004,Nắng tán xạ / Chịu râm mát
CCNPLT0004,CCNATT0005,Tưới nước 2 – 3 lần/tuần
CCNPLT0004,CCNATT0006,Chiều cao 30 cm
CCNPLT0005,CCNATT0000,Philodendron Imperial Red
CCNPLT0005,CCNATT0001,Trầu bà đế vương đỏ
CCNPLT0005,CCNATT0002,"• Kích thước chậu: 12x12cm (DxC)
• Chiều cao tổng: 30 cm
• Độ rộng tán: 25 cm"
CCNPLT0005,CCNATT0003,Dễ chăm sóc
CCNPLT0005,CCNATT0004,"Nắng tán xạ, chịu được nắng trực tiếp"
CCNPLT0005,CCNATT0005,Tưới nước 2 – 3 lần/tuần
CCNPLT0006,CCNATT0000,Sansevieria ‘hahnii’ Black Gold
CCNPLT0006,CCNATT0001,Cây lưỡi hổ Thái xanh
CCNPLT0006,CCNATT0002,• Chiều cao: 30 – 45 cm
CCNPLT0006,CCNATT0003,Dễ chăm sóc
CCNPLT0006,CCNATT0004,Ánh sáng tán xạ / Chịu bóng râm tốt
CCNPLT0006,CCNATT0005,Thay nước 2 – 3 lần/tháng
CCNPLT0007,CCNATT0000,Radermachera Sinica
CCNPLT0007,CCNATT0001,Cây hạnh phúc
CCNPLT0007,CCNATT0002,"• Kích thước chậu: 30x34cm (DxC)
• Chiều cao tổng: 150cm"
CCNPLT0007,CCNATT0003,Dễ chăm sóc
CCNPLT0007,CCNATT0004,"Nắng tán xạ, chịu được nắng trực tiếp"
CCNPLT0007,CCNATT0005,Tưới nước 2 – 3 lần/tuần
CCNPLT0008,CCNATT0000,Epipremnum aureum
CCNPLT0008,CCNATT0001,Trầu bà xanh
CCNPLT0008,CCNATT0002,"• Chiều cao 130 – 140 cm
• Kích thước chậu: 30x58cm (DxC)"
CCNPLT0008,CCNATT0003,Dễ chăm sóc
CCNPLT0008,CCNATT0004,"Nắng tán xạ, chịu được nắng trực tiếp"
CCNPLT0008,CCNATT0005,Tưới nước 3 – 4 lần/tuần
CCNPLT0009,CCNATT0000,Anthurium andreanum
CCNPLT0009,CCNATT0001,Cây hồng môn
CCNPLT0009,CCNATT0002,"• Kích thước chậu: 14×11.5 cm (DxC)
• Chiều cao tổng: 30 – 40cm"
CCNPLT0009,CCNATT0003,Dễ chăm sóc
CCNPLT0009,CCNATT0004,Nắng tán xạ / Chịu râm mát
CCNPLT0009,CCNATT0005,Tưới nước 2 – 3 lần/lần
CCNPLT0010,CCNATT0000,Scheffera Octophylla
CCNPLT0010,CCNATT0001,Ngũ gia bì cẩm thạch
CCNPLT0010,CCNATT0002,Chiều cao tổng: 40 cm
CCNPLT0010,CCNATT0003,Dễ chăm sóc
CCNPLT0010,CCNATT0004,"Nắng tán xạ, chịu được nắng trực tiếp"
CCNPLT0010,CCNATT0005,Tưới nước 2 – 3 lần/tuần
CCNPLT0011,CCNATT0000,Pachira aquatica
CCNPLT0011,CCNATT0001,Cây kim ngân
CCNPLT0011,CCNATT0002,"• Kích thước chậu: 20x18cm (DxC)
• Chiều cao tổng: 60cm"
CCNPLT0011,CCNATT0003,Dễ chăm sóc
CCNPLT0011,CCNATT0004,Ánh sáng tán xạ / Nắng trực tiếp / Chịu râm mát
CCNPLT0011,CCNATT0005,Tưới nước 2 – 3 lần/tuần
CCNPLT0012,CCNATT0000,Livistona chinensis
CCNPLT0012,CCNATT0001,Cọ lá xẻ
CCNPLT0012,CCNATT0002,"• Kích thước chậu: 14x14cm (DxC)
• Chiều cao chậu + cây: 25cm"
CCNPLT0012,CCNATT0003,Dễ chăm sóc
CCNPLT0012,CCNATT0004,"Nắng tán xạ, chịu được nắng trực tiếp"
CCNPLT0012,CCNATT0005,Tưới nước 2 – 3 lần/tuần
CCNPLT0013,CCNATT0000,Radermachera Sinica
CCNPLT0013,CCNATT0001,Cây hạnh phúc
CCNPLT0013,CCNATT0002,"• Kích thước chậu: 25x25cm (DxC)
• Chiều cao tổng: 120cm"
CCNPLT0013,CCNATT0003,Dễ chăm sóc
CCNPLT0013,CCNATT0004,"Nắng tán xạ, chịu được nắng trực tiếp"
CCNPLT0013,CCNATT0005,Tưới nước 2 – 3 lần/tuần
CCNPLT0014,CCNATT0000,Radermachera Sinica
CCNPLT0014,CCNATT0001,Cây hạnh phúc
CCNPLT0014,CCNATT0002,"• Kích thước chậu: 23x23cm (DxC)
• Chiều cao tổng: 80-100cm"
CCNPLT0014,CCNATT0003,Dễ chăm sóc
CCNPLT0014,CCNATT0004,"Nắng tán xạ, chịu được nắng trực tiếp"
CCNPLT0014,CCNATT0005,Tưới nước 2 – 3 lần/tuần
CCNPLT0015,CCNATT0000,Pachira aquatica
CCNPLT0015,CCNATT0001,Cây kim ngân
CCNPLT0015,CCNATT0002,"• Kích thước chậu: 20x18cm (DxC)
• Chiều cao tổng: 60cm"
CCNPLT0015,CCNATT0003,Dễ chăm sóc
CCNPLT0015,CCNATT0004,Ánh sáng tán xạ / Nắng trực tiếp / Chịu râm mát
CCNPLT0015,CCNATT0005,Tưới nước 2 – 3 lần/tuần
CCNPLT0016,CCNATT0000,Sansevieria ‘hahnii’ Black Gold
CCNPLT0016,CCNATT0001,Cây lưỡi hổ Thái xanh
CCNPLT0016,CCNATT0002,"• Kích thược 12×11 cm (DxC)
• Chiều cao: 10 – 15 cm"
CCNPLT0016,CCNATT0003,Dễ chăm sóc
CCNPLT0016,CCNATT0004,Ánh sáng tán xạ / Chịu bóng râm tốt
CCNPLT0016,CCNATT0005,Thay nước 2 – 3 lần/tháng
CCNPLT0017,CCNATT0000,Spathiphyllum Wallisii
CCNPLT0017,CCNATT0001,Lan ý
CCNPLT0017,CCNATT0002,Cao 30 – 40 cm
CCNPLT0017,CCNATT0003,Dễ chăm sóc
CCNPLT0017,CCNATT0004,"Nắng tán xạ, chịu được nắng trực tiếp"
CCNPLT0017,CCNATT0005,"Ít nước, 2 – 3 lần/tuần"
CCNPLT0018,CCNATT0000,Aglaonema Red Siam
CCNPLT0018,CCNATT0001,Cây Phú Quý
CCNPLT0018,CCNATT0002,Chiều cao: 50cm – Chậu 20x20cm
CCNPLT0018,CCNATT0003,Dễ chăm sóc
CCNPLT0018,CCNATT0004,Ánh sáng tán xạ; Chịu được khuất sáng
CCNPLT0018,CCNATT0005,Vừa phải (2 lần/tuần)
CCNPLT0019,CCNATT0000,Philodendron Imperial Green
CCNPLT0019,CCNATT0001,Trầu bà đế vương xanh
CCNPLT0019,CCNATT0003,Rất dễ chăm sóc
CCNPLT0019,CCNATT0004,Nắng tán xạ
CCNPLT0019,CCNATT0005,Tưới nước 3 – 5 lần/tháng
CCNPLT0019,CCNATT0006,"• Kích thước chậu: 18x14cm (DxC)
• Chiều cao tổng: 25 – 35 cm"
CCNPLT0020,CCNATT0000,Aglaonema Snow White
CCNPLT0020,CCNATT0001,Cây ngọc ngân
CCNPLT0020,CCNATT0002,"• Kích thước chậu: 18x16cm (DxC)
• Chiều cao: 20 – 30cm"
CCNPLT0020,CCNATT0003,Dễ chăm sóc
CCNPLT0020,CCNATT0004,Ánh sáng tán xạ; Tránh ánh nắng trực tiếp
CCNPLT0020,CCNATT0005,Tưới nước 2 – 3 lần/tuần
CCNPLT0021,CCNATT0000,Pachira aquatica
CCNPLT0021,CCNATT0001,Cây kim ngân
CCNPLT0021,CCNATT0002,"• Kích thước chậu: 15x14cm (DxC)
• Chiều cao tổng: 30 – 35 cm"
CCNPLT0021,CCNATT0003,Dễ chăm sóc
CCNPLT0021,CCNATT0004,Ánh sáng tán xạ / Nắng trực tiếp / Chịu râm mát
CCNPLT0021,CCNATT0005,Tưới nước 2 – 3 lần/tuần
CCNPLT0022,CCNATT0000,Bucida Buceras Variegated
CCNPLT0022,CCNATT0001,Bàng Đài Loan cẩm thạch
CCNPLT0022,CCNATT0002,"• Kích thước chậu: 42×47 cm (DxC)
• Chiều cao tổng: 130–140 cm"
CCNPLT0022,CCNATT0003,Dễ chăm sóc
CCNPLT0022,CCNATT0004,Nắng trực tiếp / Nắng tán xạ
CCNPLT0022,CCNATT0005,Tưới nước 4 – 5 lần/tuần
CCNPLT0023,CCNATT0000,Radermachera Sinica
CCNPLT0023,CCNATT0001,Cây hạnh phúc
CCNPLT0023,CCNATT0002,"• Kích thước chậu: 20x15cm (DxC)
• Chiều cao tổng: 35 – 40cm"
CCNPLT0023,CCNATT0003,Dễ chăm sóc
CCNPLT0023,CCNATT0004,"Nắng tán xạ, chịu được nắng trực tiếp"
CCNPLT0023,CCNATT0005,Tưới nước 2 – 3 lần/tuần
CCNPLT0024,CCNATT0000,Ficus lyrata
CCNPLT0024,CCNATT0001,Bàng Singapore / Sung tỳ bà
CCNPLT0024,CCNATT0003,Dễ chăm sóc
CCNPLT0024,CCNATT0004,Nắng trực tiếp / Ánh sáng tán xạ
CCNPLT0024,CCNATT0005,Tưới nước 2 – 3 lần/tuần
CCNPLT0024,CCNATT0006,"• Kích thước chậu: 12×12 cm (DxC)
• Chiều cao tổng: 25 – 30 cm"
CCNPLT0025,CCNATT0000,Radermachera Sinica
CCNPLT0025,CCNATT0001,Cây hạnh phúc
CCNPLT0025,CCNATT0002,"• Kích thước chậu: 17x17cm (DxC)
• Chiều cao tổng: 35 – 40cm"
CCNPLT0025,CCNATT0003,Dễ chăm sóc
CCNPLT0025,CCNATT0004,"Nắng tán xạ, chịu được nắng trực tiếp"
CCNPLT0025,CCNATT0005,Tưới nước 2 – 3 lần/tuần
CCNPLT0026,CCNATT0000,Zamioculcas Zamiifolia
CCNPLT0026,CCNATT0001,Cây kim tiền / Kim phát tài
CCNPLT0026,CCNATT0002,"• Kích thước chậu: 14×12 cm (DxC)
• Chiều cao tổng: 30 – 35 cm"
CCNPLT0026,CCNATT0003,Dễ chăm sóc
CCNPLT0026,CCNATT0004,"Nắng tán xạ, chịu được nắng trực tiếp"
CCNPLT0026,CCNATT0005,Tưới nước 2 – 3 lần/tuần
CCNPLT0027,CCNATT0000,Aglaonema ‘Red Anjamani’
CCNPLT0027,CCNATT0001,Cây hồng phát lộc
CCNPLT0027,CCNATT0002,"• Kích thước chậu: 9x12cm (DxC)
• Chiều cao: 30 – 35 cm"
CCNPLT0027,CCNATT0003,Dễ chăm sóc
CCNPLT0027,CCNATT0004,Nắng tán xạ / Nơi râm mát
CCNPLT0027,CCNATT0005,Tưới nước 2 – 3 lần/tuần
CCNPLT0028,CCNATT0000,Peperomia obtusifolia
CCNPLT0028,CCNATT0001,Cây trường sinh
CCNPLT0028,CCNATT0003,Dễ chăm sóc
CCNPLT0028,CCNATT0004,Nắng tán xạ / Chịu râm mát
CCNPLT0028,CCNATT0005,Tưới nước 2 – 3 lần/tuần
CCNPLT0028,CCNATT0006,"• Kích thước chậu: 14×14 cm (DxC)
• Chiều cao tổng: 30 cm"
CCNPLT0029,CCNATT0000,Philodendron Imperial Golden
CCNPLT0029,CCNATT0001,Cây trầu bà đế vương vàng
CCNPLT0029,CCNATT0002,"• Kích thước chậu: 15×12,5 (DxC)
• Chiều cao tổng: 35 – 40 cm"
CCNPLT0029,CCNATT0003,Dễ chăm sóc
CCNPLT0029,CCNATT0004,Nắng tán xạ / Bóng râm
CCNPLT0029,CCNATT0005,Tưới nước 2 – 3 lần/tuần
CCNPLT0030,CCNATT0000,Aglaonema ‘Red Anjamani’
CCNPLT0030,CCNATT0001,Cây hồng phát lộc
CCNPLT0030,CCNATT0002,"• Kích thước chậu: 11x11cm
• Chiều cao: 30 – 35 cm"
CCNPLT0030,CCNATT0003,Dễ chăm sóc
CCNPLT0030,CCNATT0004,Nắng tán xạ / Nơi râm mát
CCNPLT0030,CCNATT0005,Tưới nước 2 – 3 lần/tuần
CCNPLT0031,CCNATT0000,Pachira aquatica
CCNPLT0031,CCNATT0001,Cây kim ngân
CCNPLT0031,CCNATT0002,"• Kích thước chậu: cm (DxC)
• Chiều cao tổng: cm"
CCNPLT0031,CCNATT0003,Dễ chăm sóc
CCNPLT0031,CCNATT0004,Ánh sáng tán xạ / Nắng trực tiếp / Chịu râm mát
CCNPLT0031,CCNATT0005,Tưới nước 2 – 3 lần/tuần
CCNPLT0032,CCNATT0000,Sansevieria futura Superba
CCNPLT0032,CCNATT0001,Cây lưỡi hổ thái
CCNPLT0032,CCNATT0002,"• Kích thước chậu: 20×18 cm (DxC)
• Chiều cao tổng: 30 – 40 cm"
CCNPLT0032,CCNATT0003,Dễ chăm sóc
CCNPLT0032,CCNATT0004,"Nắng tán xạ, chịu được nắng trực tiếp"
CCNPLT0032,CCNATT0005,Tưới nước 2 – 3 lần/tuần
CCNPLT0033,CCNATT0000,Thaumatophyllum bipinnatifidum
CCNPLT0033,CCNATT0001,Cây trầu bà thanh xuân / Cây trầu bà tay Phật
CCNPLT0033,CCNATT0002,"• Kích thước chậu: 32×40 cm (ĐxC)
• Chiều cao 120 – 140cm
• Kích thước tán 90 – 100cm"
CCNPLT0033,CCNATT0003,Dễ chăm sóc
CCNPLT0033,CCNATT0004,Nắng tán xạ / Bóng râm
CCNPLT0033,CCNATT0005,Tưới nước 2 – 3 lần/tuần
CCNPLT0034,CCNATT0000,Scheffera Octophylla
CCNPLT0034,CCNATT0001,Ngũ gia bì
CCNPLT0034,CCNATT0002,"• Kích thước chậu: 20×18 cm (DxC)
• Chiều cao tổng: 40-50 cm"
CCNPLT0034,CCNATT0003,Dễ chăm sóc
CCNPLT0034,CCNATT0004,"Nắng tán xạ, chịu được nắng trực tiếp"
CCNPLT0034,CCNATT0005,Tưới nước 2 – 3 lần/tuần
CCNPLT0035,CCNATT0000,Dracaena draco
CCNPLT0035,CCNATT0001,Phát tài núi
CCNPLT0035,CCNATT0002,"• Kích thước chậu: 38.5x30cm (DxC)
• Chiều cao tổng: 120 – 130 cm"
CCNPLT0035,CCNATT0003,Dễ chăm sóc
CCNPLT0035,CCNATT0004,"Nắng tán xạ, chịu được nắng trực tiếp"
CCNPLT0035,CCNATT0005,Tưới nước 2 – 3 lần/tuần
CCNPLT0036,CCNATT0000,Podocarpus macrophyllus
CCNPLT0036,CCNATT0001,Cây tùng bồng lai
CCNPLT0036,CCNATT0002,"• Kích thước chậu: 35x15cm (DxC)
• Chiều cao tổng: 55 cm
• Độ rộng tán: 45 cm"
CCNPLT0036,CCNATT0003,Trung bình
CCNPLT0036,CCNATT0004,Nắng trực tiếp / nắng tán xạ
CCNPLT0036,CCNATT0005,Tưới nước 2 – 3 lần/tuần
CCNPLT0037,CCNATT0000,Philodendron Imperial Red
CCNPLT0037,CCNATT0001,Trầu bà đế vương đỏ
CCNPLT0037,CCNATT0002,"• Kích thước chậu: cm (DxC)
• Chiều cao tổng:  cm
• Độ rộng tán: cm"
CCNPLT0037,CCNATT0003,Dễ chăm sóc
CCNPLT0037,CCNATT0004,"Nắng tán xạ, chịu được nắng trực tiếp"
CCNPLT0037,CCNATT0005,Tưới nước 2 – 3 lần/tuần
CCNPLT0038,CCNATT0000,Pachira aquatica
CCNPLT0038,CCNATT0001,Cây kim ngân
CCNPLT0038,CCNATT0002,"• Kích thước chậu: cm (DxC)
• Chiều cao tổng: cm"
CCNPLT0038,CCNATT0003,Dễ chăm sóc
CCNPLT0038,CCNATT0004,Ánh sáng tán xạ / Nắng trực tiếp / Chịu râm mát
CCNPLT0038,CCNATT0005,Tưới nước 2 – 3 lần/tuần
CCNPLT0039,CCNATT0000,Hedera Helix
CCNPLT0039,CCNATT0001,Cây thường xuân cẩm thạch
CCNPLT0039,CCNATT0002,Chậu ươm 10×10
CCNPLT0039,CCNATT0003,Trung bình
CCNPLT0039,CCNATT0004,"Ít nắng, trồng nơi râm mát"
CCNPLT0039,CCNATT0005,Tưới nước 4 – 5 lần/tuần
CCNPLT0040,CCNATT0000,Philodendron billietiae
CCNPLT0040,CCNATT0001,Cây hồng hạc chân cam
CCNPLT0040,CCNATT0002,"• Kích thước chậu: 32×25 cm (DxC)
• Kích thước lá: 35 ~ 40 cm"
CCNPLT0040,CCNATT0003,Dễ chăm sóc
CCNPLT0040,CCNATT0004,"Nắng tán xạ, chịu được nắng trực tiếp"
CCNPLT0040,CCNATT0005,"Ít nước, 2 – 3 lần/tuần"
CCNPLT0041,CCNATT0000,Ficus lyrata
CCNPLT0041,CCNATT0001,Bàng Singapore / Sung tỳ bà
CCNPLT0041,CCNATT0003,Dễ chăm sóc
CCNPLT0041,CCNATT0004,Nắng trực tiếp / Ánh sáng tán xạ
CCNPLT0041,CCNATT0005,Tưới nước 2 – 3 lần/tuần
CCNPLT0041,CCNATT0006,"• Kích thước chậu: 37×37 cm (DxC)
• Chiều cao tổng: 100 – 120 cm"
CCNPLT0042,CCNATT0000,Ficus lyrata
CCNPLT0042,CCNATT0001,Bàng Singapore / Sung tỳ bà
CCNPLT0042,CCNATT0003,Dễ chăm sóc
CCNPLT0042,CCNATT0004,Nắng trực tiếp / Ánh sáng tán xạ
CCNPLT0042,CCNATT0005,Tưới nước 2 – 3 lần/tuần
CCNPLT0042,CCNATT0006,"• Kích thước chậu: 50×47 cm (DxC)
• Chiều cao tổng: 180 – 200 cm"
CCNPLT0043,CCNATT0000,Ficus Elastica Tineke
CCNPLT0043,CCNATT0001,Đa búp đỏ cẩm thạch
CCNPLT0043,CCNATT0002,"• Kích thước chậu: 25x25cm (DxC)
• Chiều cao tổng: 110 – 120cm"
CCNPLT0043,CCNATT0003,Rất dễ chăm sóc
CCNPLT0043,CCNATT0004,Ánh sáng tán xạ
CCNPLT0043,CCNATT0005,Tưới nước 2 – 3 lần/tuần
CCNPLT0044,CCNATT0000,Scheffera Octophylla
CCNPLT0044,CCNATT0001,Ngũ gia bì
CCNPLT0044,CCNATT0002,"• Kích thước chậu: 12x11cm (DxC)
• Chiều cao tổng: 20 – 24cm"
CCNPLT0044,CCNATT0003,Dễ chăm sóc
CCNPLT0044,CCNATT0004,"Nắng tán xạ, chịu được nắng trực tiếp"
CCNPLT0044,CCNATT0005,Tưới nước 2 – 3 lần/tuần
CCNPLT0045,CCNATT0000,Dracaena fragrans ‘Compacta’
CCNPLT0045,CCNATT0001,Trúc mặt trời / Phát tài Nhật
CCNPLT0045,CCNATT0002,"• Kích thước chậu: 11x11cm (DxC)
• Chiều cao tổng: 20 – 30 cm"
CCNPLT0045,CCNATT0003,Dễ chăm sóc
CCNPLT0045,CCNATT0004,Nắng tán xạ / Nơi râm mát
CCNPLT0045,CCNATT0005,Tưới nước 2 – 3 lần/tuần
CCNPLT0046,CCNATT0000,Alocasia Dragon Scale
CCNPLT0046,CCNATT0001,Môn vảy rồng
CCNPLT0046,CCNATT0002,"• Kích thước chậu: 15x15cm (DxC)
• Chiều cao tổng: 30 – 32 cm"
CCNPLT0046,CCNATT0003,Dễ chăm sóc
CCNPLT0046,CCNATT0004,Nắng tán xạ / Nơi râm mát
CCNPLT0046,CCNATT0005,Tưới nước 2 – 3 lần/tuần
CCNPLT0047,CCNATT0000,Peperomia obtusifolia
CCNPLT0047,CCNATT0001,Cây trường sinh
CCNPLT0047,CCNATT0003,Dễ chăm sóc
CCNPLT0047,CCNATT0004,Nắng tán xạ / Chịu râm mát
CCNPLT0047,CCNATT0005,Tưới nước 2 – 3 lần/tuần
CCNPLT0047,CCNATT0006,"• Kích thước chậu: 18×18 cm (DxC)
• Chiều cao tổng: 40 cm"
CCNPLT0048,CCNATT0000,Pachira aquatica
CCNPLT0048,CCNATT0001,Cây kim ngân
CCNPLT0048,CCNATT0002,"• Kích thước chậu: 13,5x10cm (DxC)
• Chiều cao tổng: 35 – 40cm"
CCNPLT0048,CCNATT0003,Dễ chăm sóc
CCNPLT0048,CCNATT0004,Ánh sáng tán xạ / Nắng trực tiếp / Chịu râm mát
CCNPLT0048,CCNATT0005,Tưới nước 2 – 3 lần/tuần
CCNPLT0049,CCNATT0000,Radermachera Sinica
CCNPLT0049,CCNATT0001,Cây hạnh phúc
CCNPLT0049,CCNATT0002,"• Kích thước chậu: 25x21cm (DxC)
• Chiều cao tổng: 80 – 90cm"
CCNPLT0049,CCNATT0003,Dễ chăm sóc
CCNPLT0049,CCNATT0004,"Nắng tán xạ, chịu được nắng trực tiếp"
CCNPLT0049,CCNATT0005,Tưới nước 2 – 3 lần/tuần
CCNPLT0050,CCNATT0000,Nageia fleuryi
CCNPLT0050,CCNATT0001,Cây kim giao
CCNPLT0050,CCNATT0002,"• Kích thước chậu: 15x12cm (DxC)
• Chiều cao tổng 25 – 30 cm"
CCNPLT0050,CCNATT0003,Dễ chăm sóc
CCNPLT0050,CCNATT0004,Nắng tán xạ / Chịu được nắng trực tiếp
CCNPLT0050,CCNATT0005,Tưới nước 2 – 3 lần/ngày
CCNPLT0051,CCNATT0000,Dracaena ‘Green Jewel’
CCNPLT0051,CCNATT0001,Cây phát tài xanh
CCNPLT0051,CCNATT0003,Dễ chăm sóc
CCNPLT0051,CCNATT0004,Nắng tán xạ / Chịu râm mát
CCNPLT0051,CCNATT0005,Tưới nước 2 – 3 lần/tuần
CCNPLT0051,CCNATT0006,Chiều cao tổng 40 – 60 cm
CCNPLT0052,CCNATT0000,Pachira aquatica
CCNPLT0052,CCNATT0001,Cây kim ngân
CCNPLT0052,CCNATT0002,"• Kích thước chậu: 15x14cm (DxC)
• Chiều cao tổng: 35 – 40cm"
CCNPLT0052,CCNATT0003,Dễ chăm sóc
CCNPLT0052,CCNATT0004,Ánh sáng tán xạ / Nắng trực tiếp / Chịu râm mát
CCNPLT0052,CCNATT0005,Tưới nước 2 – 3 lần/tuần
CCNPLT0053,CCNATT0000,Radermachera Sinica
CCNPLT0053,CCNATT0001,Cây hạnh phúc
CCNPLT0053,CCNATT0002,"• Kích thước chậu: 15×18,5cm (DxC)
• Chiều cao tổng: 40 – 45cm"
CCNPLT0053,CCNATT0003,Dễ chăm sóc
CCNPLT0053,CCNATT0004,"Nắng tán xạ, chịu được nắng trực tiếp"
CCNPLT0053,CCNATT0005,Tưới nước 2 – 3 lần/tuần
CCNPLT0054,CCNATT0000,Pachira aquatica
CCNPLT0054,CCNATT0001,Cây kim ngân
CCNPLT0054,CCNATT0002,"• Kích thước chậu: 14,5x12cm (DxC)
• Chiều cao tổng: 35 – 40cm"
CCNPLT0054,CCNATT0003,Dễ chăm sóc
CCNPLT0054,CCNATT0004,Ánh sáng tán xạ / Nắng trực tiếp / Chịu râm mát
CCNPLT0054,CCNATT0005,Tưới nước 2 – 3 lần/tuần
CCNPLT0055,CCNATT0000,Sansevieria trifasciata Gold Flame
CCNPLT0055,CCNATT0001,Cây lưỡi hổ hoàng kim
CCNPLT0055,CCNATT0002,"• Kích thước chậu: 11×10 cm (DxC)
• Chiều cao: 40 cm
• Số lượng thân: 1 thân"
CCNPLT0055,CCNATT0003,Dễ chăm sóc
CCNPLT0055,CCNATT0004,Ánh sáng tán xạ; Bóng râm; Chịu được bóng râm
CCNPLT0055,CCNATT0005,Tưới nước 1 lần/tuần
CCNPLT0056,CCNATT0000,Philodendron Imperial Green
CCNPLT0056,CCNATT0001,Trầu bà đế vương xanh
CCNPLT0056,CCNATT0003,Rất dễ chăm sóc
CCNPLT0056,CCNATT0004,Nắng tán xạ
CCNPLT0056,CCNATT0005,Tưới nước 3 – 3 lần/tháng
CCNPLT0056,CCNATT0006,"• Kích thước chậu: 18x14cm (DxC)
• Chiều cao tổng: 25 – 35 cm"
CCNPLT0057,CCNATT0000,Philodendron Birkin
CCNPLT0057,CCNATT0001,Trầu bà đế vương kim cương
CCNPLT0057,CCNATT0002,"• Kích thước chậu: 18x18cm (DxC)
• Chiều cao tổng: 35 cm"
CCNPLT0057,CCNATT0003,Dễ chăm sóc
CCNPLT0057,CCNATT0004,Nắng tán xạ / Râm mát
CCNPLT0057,CCNATT0005,Tưới nước 2 – 3 lần/tuần
CCNPLT0058,CCNATT0000,Dracaena dorado
CCNPLT0058,CCNATT0001,Cây phát tài viền vàng
CCNPLT0058,CCNATT0003,Dễ chăm sóc
CCNPLT0058,CCNATT0004,Nắng tán xạ / Chịu râm mát
CCNPLT0058,CCNATT0005,Thay nước 2 – 3 lần/tháng
CCNPLT0058,CCNATT0006,Chiều cao tổng 40 – 60 cm
CCNPLT0059,CCNATT0000,Pachira aquatica
CCNPLT0059,CCNATT0001,Cây kim ngân
CCNPLT0059,CCNATT0002,"• Kích thước chậu: 18x18cm (DxC)
• Chiều cao tổng: 30cm"
CCNPLT0059,CCNATT0003,Dễ chăm sóc
CCNPLT0059,CCNATT0004,Ánh sáng tán xạ; Nắng trực tiếp
CCNPLT0059,CCNATT0005,Tưới nước 2 lần/tuần
CCNPLT0060,CCNATT0000,Licuala grandis
CCNPLT0060,CCNATT0001,Cọ Nhật
CCNPLT0060,CCNATT0002,"• Kích thước chậu: 20x20cm (DxC)
• Chiều cao chậu + cây: 60 cm"
CCNPLT0060,CCNATT0003,Dễ chăm sóc
CCNPLT0060,CCNATT0004,"Nắng tán xạ, chịu được nắng trực tiếp"
CCNPLT0060,CCNATT0005,Tưới nước 2 – 3 lần/tuần
CCNPLT0061,CCNATT0001,Cỏ may mắn
CCNPLT0061,CCNATT0002,"• Kích thước chậu: 11x11cm (DxC)
• Chiều cao tổng: 40cm"
CCNPLT0061,CCNATT0003,Dễ chăm sóc
CCNPLT0061,CCNATT0004,Ánh sáng tán xạ
CCNPLT0061,CCNATT0005,Tưới nước 2 – 3 lần/tuần
CCNPLT0061,CCNATT0007,Hạt thanh long
CCNPLT0062,CCNATT0001,Cỏ may mắn
CCNPLT0062,CCNATT0002,"• Kích thước chậu: 11x11cm (DxC)
• Chiều cao tổng: 40cm"
CCNPLT0062,CCNATT0003,Dễ chăm sóc
CCNPLT0062,CCNATT0004,Ánh sáng tán xạ
CCNPLT0062,CCNATT0005,Tưới nước 2 – 3 lần/tuần
CCNPLT0062,CCNATT0007,Hạt thanh long
CCNPLT0063,CCNATT0000,Chamaedorea elegans
CCNPLT0063,CCNATT0001,Cau tiểu trâm
CCNPLT0063,CCNATT0002,"• Kích thước chậu:  (DxC)
• Chiều cao tổng:"
CCNPLT0063,CCNATT0003,Dễ chăm sóc
CCNPLT0063,CCNATT0004,Ánh sáng tán xạ
CCNPLT0063,CCNATT0005,Tưới nước 2 – 3 lần/tuần)
CCNPLT0064,CCNATT0000,Livistona chinensis
CCNPLT0064,CCNATT0001,Cọ lá xẻ / Kè ta
CCNPLT0064,CCNATT0002,"• Kích thước chậu: 12x11cm (DxC)
• Chiều cao:"
CCNPLT0064,CCNATT0003,Dễ chăm sóc
CCNPLT0064,CCNATT0004,Ánh sáng tán xạ
CCNPLT0064,CCNATT0005,Tưới nước 2 – 3 lần/tuần)
CCNPLT0065,CCNATT0000,Philodendron Xanadu
CCNPLT0065,CCNATT0001,Cây Trầu Bà Chân Vịt
CCNPLT0065,CCNATT0003,Dễ chăm sóc
CCNPLT0065,CCNATT0004,Nắng tán xạ / Râm mát
CCNPLT0065,CCNATT0005,Tưới nước 2 – 3 lần/tuần
CCNPLT0065,CCNATT0006,"• Kích thước chậu: 18x18cm (DxC)
• Chiều cao tổng: ~40 cm"
CCNPLT0066,CCNATT0000,Sansevieria trifasciata Golden Hahnii
CCNPLT0066,CCNATT0001,Cây lưỡi hổ Thái vàng mini
CCNPLT0066,CCNATT0002,"• Kích thước chậu: 12x11cm (DxC)
• Chiều cao: 10 cm – Tán 15 cm"
CCNPLT0066,CCNATT0003,Dễ chăm sóc
CCNPLT0066,CCNATT0004,Ánh sáng tán xạ / Chịu được bóng râm
CCNPLT0066,CCNATT0005,Tưới nước 1 – 2 lần/tuần)
CCNPLT0067,CCNATT0000,Anthurium andreanum
CCNPLT0067,CCNATT0001,Cây hồng môn
CCNPLT0067,CCNATT0002,"• Kích thước chậu: 12×12 cm (DxC)
• Chiều cao tổng: 30 – 40cm"
CCNPLT0067,CCNATT0003,Dễ chăm sóc
CCNPLT0067,CCNATT0004,Nắng tán xạ / Chịu râm mát
CCNPLT0067,CCNATT0005,Tưới nước 2 – 3 lần/lần
CCNPLT0068,CCNATT0000,Pachira aquatica
CCNPLT0068,CCNATT0001,Cây kim ngân bính
CCNPLT0068,CCNATT0002,"• Kích thước chậu: 18x18cm (DxC)
• Chiều cao tổng: 30cm"
CCNPLT0068,CCNATT0003,Dễ chăm sóc
CCNPLT0068,CCNATT0004,Ánh sáng tán xạ; Nắng trực tiếp
CCNPLT0068,CCNATT0005,Tưới nước 2 lần/tuần
CCNPLT0069,CCNATT0000,Peperomia obtusifolia var
CCNPLT0069,CCNATT0001,Cây trường sinh cẩm thạch
CCNPLT0069,CCNATT0003,Dễ chăm sóc
CCNPLT0069,CCNATT0004,Nắng tán xạ / Chịu râm mát
CCNPLT0069,CCNATT0005,Tưới nước 2 – 3 lần/tuần
CCNPLT0069,CCNATT0006,Chiều cao 40 – 60 cm
CCNPLT0070,CCNATT0000,Pachira aquatica
CCNPLT0070,CCNATT0001,Cây kim ngân bính
CCNPLT0070,CCNATT0002,"• Kích thước chậu: 18x18cm (DxC)
•Chiều cao tổng: 30cm"
CCNPLT0070,CCNATT0003,Dễ chăm sóc
CCNPLT0070,CCNATT0004,Ánh sáng tán xạ; Nắng trực tiếp
CCNPLT0070,CCNATT0005,Tưới nước 2 lần/tuần
CCNPLT0071,CCNATT0000,Philodendron Birkin
CCNPLT0071,CCNATT0001,Trầu bà đế vương kim cương
CCNPLT0071,CCNATT0002,"• Kích thước chậu: 12x12cm (DxC)
• Chiều cao tổng: 25 cm"
CCNPLT0071,CCNATT0003,Dễ chăm sóc
CCNPLT0071,CCNATT0004,Nắng tán xạ / Râm mát
CCNPLT0071,CCNATT0005,Tưới nước 2 – 3 lần/tuần
CCNPLT0072,CCNATT0000,Aglaonema ‘Pink Legacy’
CCNPLT0072,CCNATT0001,Cây cung điện vàng
CCNPLT0072,CCNATT0002,"• Kích thước chậu:  18×14 cm (DxC)
• Chiều cao tổng: 35 cm"
CCNPLT0072,CCNATT0003,Dê chăm sóc
CCNPLT0072,CCNATT0004,Nắng tán xạ / Nơi râm mát
CCNPLT0072,CCNATT0005,Thay nước 2 – 3 lần/tháng
CCNPLT0073,CCNATT0000,Sansevieria ‘hahnii’ Black Gold
CCNPLT0073,CCNATT0001,Cây lưỡi hổ Thái xanh
CCNPLT0073,CCNATT0002,"• Kích thược 12×11 cm (DxC)
• Chiều cao: 10 – 15 cm"
CCNPLT0073,CCNATT0003,Dễ chăm sóc
CCNPLT0073,CCNATT0004,Ánh sáng tán xạ / Chịu bóng râm tốt
CCNPLT0073,CCNATT0005,Thay nước 2 – 3 lần/tháng
CCNPLT0074,CCNATT0000,Ficus Elastica Tineke
CCNPLT0074,CCNATT0001,Đa búp đỏ cẩm thạch
CCNPLT0074,CCNATT0002,"• Kích thước chậu: 12x12cm (DxC)
• Chiều cao 10 – 15cm"
CCNPLT0074,CCNATT0003,Rất dễ chăm sóc
CCNPLT0074,CCNATT0004,Ánh sáng tán xạ
CCNPLT0074,CCNATT0005,Tưới nước 2 – 3 lần/tuần
CCNPLT0075,CCNATT0000,Sansevieria futura Superba
CCNPLT0075,CCNATT0001,Cây lưỡi hổ thái
CCNPLT0075,CCNATT0002,"• Kích thước chậu: 20×18 cm (DxC)
• Chiều cao tổng: 30 – 40 cm"
CCNPLT0075,CCNATT0003,Dễ chăm sóc
CCNPLT0075,CCNATT0004,"Nắng tán xạ, chịu được nắng trực tiếp"
CCNPLT0075,CCNATT0005,Tưới nước 2 – 3 lần/tuần
CCNPLT0076,CCNATT0000,Sansevieria trifasciata ‘Laurentii’
CCNPLT0076,CCNATT0001,Lưỡi hổ vàng
CCNPLT0076,CCNATT0002,"• Kích thước chậu: 30×55 cm (DxC)
• Chiều cao tổng: 110 – 120 cm"
CCNPLT0076,CCNATT0003,Rất ễ chăm sóc
CCNPLT0076,CCNATT0004,"Nắng tán xạ, chịu bóng râm cực tốt"
CCNPLT0076,CCNATT0005,Tưới nước 2 – 3 lần/tuần
CCNPLT0077,CCNATT0000,Dracaena draco L
CCNPLT0077,CCNATT0001,Phát tài núi
CCNPLT0077,CCNATT0002,"• Kích thước chậu: 36x36cm (DxC)
• Chiều cao tổng: 150 – 160 cm"
CCNPLT0077,CCNATT0003,Dễ chăm sóc
CCNPLT0077,CCNATT0004,"Nắng tán xạ, chịu được nắng trực tiếp"
CCNPLT0077,CCNATT0005,Tưới nước 2 – 3 lần/tuần
CCNPLT0078,CCNATT0000,Chrysalidocarpus lutescens
CCNPLT0078,CCNATT0001,Cau vàng Nhật Bản
CCNPLT0078,CCNATT0002,Chiều cao 80 cm
CCNPLT0078,CCNATT0003,Rất dễ chăm sóc
CCNPLT0078,CCNATT0004,"Nắng tán xạ, bóng râm"
CCNPLT0078,CCNATT0005,Tưới nước 2 – 3 lần/tuần
CCNPLT0079,CCNATT0000,Spathiphyllum Sensation
CCNPLT0079,CCNATT0001,Lan ý Mỹ
CCNPLT0079,CCNATT0002,"• Kích thước chậu: 18x30cm (DxC)
• Chiều cao tổng: 60 – 70cm"
CCNPLT0079,CCNATT0003,Dễ chăm sóc
CCNPLT0079,CCNATT0004,Nắng tán xạ / Râm mát
CCNPLT0079,CCNATT0005,Tưới nước 2 – 3 lần/tuần
CCNPLT0080,CCNATT0000,Philodendron Birkin
CCNPLT0080,CCNATT0001,Trầu bà đế vương kim cương
CCNPLT0080,CCNATT0002,"• Kích thước chậu: 18x18cm (DxC)
• Chiều cao tổng: 35 cm"
CCNPLT0080,CCNATT0003,Dễ chăm sóc
CCNPLT0080,CCNATT0004,Nắng tán xạ / Râm mát
CCNPLT0080,CCNATT0005,Tưới nước 2 – 3 lần/tuần
CCNPLT0081,CCNATT0000,Ficus Triangularis Variegata
CCNPLT0081,CCNATT0001,Đa tam phúc
CCNPLT0081,CCNATT0002,"• Kích thước chậu: 18x18cm (DxC)
• Chiều cao tổng: 30 – 40cm"
CCNPLT0081,CCNATT0003,Dễ chăm sóc
CCNPLT0081,CCNATT0004,"Nắng tán xạ, chịu được nắng trực tiếp"
CCNPLT0081,CCNATT0005,Tưới nước 2 – 3 lần/tuần
CCNPLT0082,CCNATT0000,Sansevieria ‘hahnii’ Black Gold
CCNPLT0082,CCNATT0001,Cây lưỡi hổ Thái xanh
CCNPLT0082,CCNATT0002,Chiều cao: 10 – 15 cm
CCNPLT0082,CCNATT0003,Dễ chăm sóc
CCNPLT0082,CCNATT0004,Ánh sáng tán xạ / Chịu được thiếu sáng
CCNPLT0082,CCNATT0005,Thay nước 2 – 3 lần/tháng
CCNPLT0083,CCNATT0000,Thaumatophyllum bipinnatifidum
CCNPLT0083,CCNATT0001,Cây trầu bà thanh xuân / Cây trầu bà tay Phật
CCNPLT0083,CCNATT0002,"• Kích thước chậu: 30×45 cm (ĐxC)
• Chiều cao 120 – 140cm
• Kích thước tán 90 – 100cm"
CCNPLT0083,CCNATT0003,Dễ chăm sóc
CCNPLT0083,CCNATT0004,Nắng tán xạ / Bóng râm
CCNPLT0083,CCNATT0005,Tưới nước 2 – 3 lần/tuần
CCNPLT0084,CCNATT0000,Epipremnum aureum
CCNPLT0084,CCNATT0001,Trầu bà xanh
CCNPLT0084,CCNATT0002,"•Cao 160 – 170 cm
•Kích thước chậu: 40x60cm (DxC)"
CCNPLT0084,CCNATT0003,Dễ chăm sóc
CCNPLT0084,CCNATT0004,"Nắng tán xạ, chịu được nắng trực tiếp"
CCNPLT0084,CCNATT0005,"Ít nước, 2 – 3 lần/tuần"
CCNPLT0085,CCNATT0000,Dracaena draco L
CCNPLT0085,CCNATT0001,Phát tài núi
CCNPLT0085,CCNATT0002,Chiều cao 150 – 160 cm
CCNPLT0085,CCNATT0003,Dễ chăm sóc
CCNPLT0085,CCNATT0004,"Nắng tán xạ, chịu được nắng trực tiếp"
CCNPLT0085,CCNATT0005,"Tưới nước, 2 – 3 lần/tuần"
CCNPLT0086,CCNATT0000,Radermachera Sinica
CCNPLT0086,CCNATT0001,Cây hạnh phúc
CCNPLT0086,CCNATT0002,"• Kích thước chậu: 20x20cm (DxC)
• Chiều cao tổng: 30 – 40cm"
CCNPLT0086,CCNATT0003,Dễ chăm sóc
CCNPLT0086,CCNATT0004,"Nắng tán xạ, chịu được nắng trực tiếp"
CCNPLT0086,CCNATT0005,Tưới nước 2 – 3 lần/tuần
CCNPLT0087,CCNATT0000,Dracaena draco L
CCNPLT0087,CCNATT0001,Phát tài núi
CCNPLT0087,CCNATT0002,Chiều cao 150 – 160 cm
CCNPLT0087,CCNATT0003,Dễ chăm sóc
CCNPLT0087,CCNATT0004,"Nắng tán xạ, chịu được nắng trực tiếp"
CCNPLT0087,CCNATT0005,"Tưới nước, 2 – 3 lần/tuần"
CCNPLT0088,CCNATT0000,Pachira aquatica
CCNPLT0088,CCNATT0001,Cây kim ngân bính
CCNPLT0088,CCNATT0002,"• Kích thước chậu: 40x30cm (DxC)
•Chiều cao tổng: 150 – 160cm"
CCNPLT0088,CCNATT0003,Dễ chăm sóc
CCNPLT0088,CCNATT0004,Ánh sáng tán xạ; Nắng trực tiếp
CCNPLT0088,CCNATT0005,Tưới nước 2 lần/tuần
CCNPLT0089,CCNATT0000,Pachira aquatica
CCNPLT0089,CCNATT0001,Cây kim ngân bính
CCNPLT0089,CCNATT0002,"• Kích thước chậu: 12x11cm (DxC)
• Chiều cao tổng: 15 – 20 cm"
CCNPLT0089,CCNATT0003,Dễ chăm sóc
CCNPLT0089,CCNATT0004,Ánh sáng tán xạ; Nắng trực tiếp
CCNPLT0089,CCNATT0005,Tưới nước 2 lần/tuần
CCNPLT0090,CCNATT0000,Ficus lyrata
CCNPLT0090,CCNATT0001,Bàng Singapore / Sung tỳ bà
CCNPLT0090,CCNATT0003,Dễ chăm sóc
CCNPLT0090,CCNATT0004,Nắng trực tiếp / Ánh sáng tán xạ
CCNPLT0090,CCNATT0005,"Ít nước, 2 – 3 lần/tuần"
CCNPLT0090,CCNATT0006,"Kích thước chậu: 34×42 cm (DxC)
Chiều cao tổng: 90 – 100 cm"
CCNPLT0091,CCNATT0000,Pachira aquatica
CCNPLT0091,CCNATT0001,Cây kim ngân bính
CCNPLT0091,CCNATT0002,"• Kích thước chậu: 20x20cm (DxC)
• Chiều cao tổng: 35 – 45cm"
CCNPLT0091,CCNATT0003,Dễ chăm sóc
CCNPLT0091,CCNATT0004,Ánh sáng tán xạ; Nắng trực tiếp
CCNPLT0091,CCNATT0005,Tưới nước 2 lần/tuần
CCNPLT0092,CCNATT0000,Pachira aquatica
CCNPLT0092,CCNATT0001,Cây kim ngân bính
CCNPLT0092,CCNATT0002,"• Kích thước chậu: 40x30cm (DxC)
• Chiều cao tổng: 150 – 160cm"
CCNPLT0092,CCNATT0003,Dễ chăm sóc
CCNPLT0092,CCNATT0004,Ánh sáng tán xạ; Nắng trực tiếp
CCNPLT0092,CCNATT0005,Tưới nước 2 – 3 lần/tuần
CCNPLT0093,CCNATT0000,Pachira aquatica
CCNPLT0093,CCNATT0001,Cây kim ngân bính
CCNPLT0093,CCNATT0002,"• Kích thước chậu: 30x30cm (DxC)
• Chiều cao tổng: 150 – 160cm"
CCNPLT0093,CCNATT0003,Dễ chăm sóc
CCNPLT0093,CCNATT0004,Ánh sáng tán xạ / Nắng trực tiếp / Chịu râm mát
CCNPLT0093,CCNATT0005,Tưới nước 2 – 3 lần/tuần
CCNPLT0094,CCNATT0000,Ficus lyrata
CCNPLT0094,CCNATT0001,Bàng Singapore / Sung tỳ bà
CCNPLT0094,CCNATT0003,Dễ chăm sóc
CCNPLT0094,CCNATT0004,Nắng trực tiếp / Ánh sáng tán xạ
CCNPLT0094,CCNATT0005,Tưới nước 2 – 3 lần/tuần
CCNPLT0094,CCNATT0006,"• Kích thước chậu: 30×30 cm (DxC)
• Chiều cao tổng: 100– 120 cm"
CCNPLT0095,CCNATT0000,Euphorbia Pulcherrima
CCNPLT0095,CCNATT0001,"• Trạng Nguyên
• Nhất Phẩm Hồng"
CCNPLT0095,CCNATT0002,Cao 35 – 45 cm
CCNPLT0095,CCNATT0003,Dễ chăm sóc
CCNPLT0095,CCNATT0004,"• Ánh nắng gián tiếp
• Ánh sáng tán xạ"
CCNPLT0095,CCNATT0005,"• Vừa phải, 2 – 3 lần/tuần
• Đất trồng thông thoáng"
CCNPLT0096,CCNATT0000,Euphorbia Pulcherrima
CCNPLT0096,CCNATT0001,"• Trạng Nguyên
• Nhất Phẩm Hồng"
CCNPLT0096,CCNATT0002,Cao 35 – 45 cm
CCNPLT0096,CCNATT0003,Dễ chăm sóc
CCNPLT0096,CCNATT0004,"• Ánh nắng gián tiếp
• Ánh sáng tán xạ"
CCNPLT0096,CCNATT0005,"• Vừa phải, 2 – 3 lần/tuần
• Đất trồng thông thoáng"
CCNPLT0097,CCNATT0000,Peperomia obtusifolia var
CCNPLT0097,CCNATT0001,Cây trường sinh cẩm thạch
CCNPLT0097,CCNATT0003,Dễ chăm sóc
CCNPLT0097,CCNATT0004,Nắng tán xạ / Chịu râm mát
CCNPLT0097,CCNATT0005,Tưới nước 2 – 3 lần/tuần
CCNPLT0097,CCNATT0006,Chiều cao 40 – 60 cm
CCNPLT0098,CCNATT0000,Aglaonema ‘White Lance’
CCNPLT0098,CCNATT0001,Cây giữ tiền
CCNPLT0098,CCNATT0002,Chiều cao: 30 – 40 cm
CCNPLT0098,CCNATT0003,Rất dễ chăm sóc
CCNPLT0098,CCNATT0004,Nắng tán xạ / Bóng râm
CCNPLT0098,CCNATT0005,Tưới nước 3 – 4 lần/tuần
CCNPLT0099,CCNATT0000,Aglaonema ‘White Lance’
CCNPLT0099,CCNATT0001,Cây giữ tiền
CCNPLT0099,CCNATT0002,Chiều cao: 30 – 40 cm
CCNPLT0099,CCNATT0003,Rất dễ chăm sóc
CCNPLT0099,CCNATT0004,Nắng tán xạ / Bóng râm
CCNPLT0099,CCNATT0005,Tưới nước 3 – 4 lần/tuần
CCNPLT0100,CCNATT0000,Aglaonema ‘White Lance’
CCNPLT0100,CCNATT0001,Cây giữ tiền
CCNPLT0100,CCNATT0002,Chiều cao: 30 – 40 cm
CCNPLT0100,CCNATT0003,Rất dễ chăm sóc
CCNPLT0100,CCNATT0004,Nắng tán xạ / Bóng râm
CCNPLT0100,CCNATT0005,Tưới nước 3 – 4 lần/tuần
CCNPLT0101,CCNATT0000,Sansevieria trifasciata Gold Flame
CCNPLT0101,CCNATT0001,Cây lưỡi hổ hoàng kim
CCNPLT0101,CCNATT0002,"• Kích thước chậu: 20x20cm (DxC)
• Chiều cao: 40 – 50 cm
• Số lượng thân: 3 thân"
CCNPLT0101,CCNATT0003,Dễ chăm sóc
CCNPLT0101,CCNATT0004,Ánh sáng tán xạ; Bóng râm; Chịu được bóng râm
CCNPLT0101,CCNATT0005,Tưới nước 1 lần/tuần
CCNPLT0102,CCNATT0000,Radermachera Sinica
CCNPLT0102,CCNATT0001,Cây hạnh phúc
CCNPLT0102,CCNATT0002,"• Kích thước chậu: 30x30cm (DxC)
• Chiều cao tổng: 150 – 160cm"
CCNPLT0102,CCNATT0003,Dễ chăm sóc
CCNPLT0102,CCNATT0004,"Nắng tán xạ, chịu được nắng trực tiếp"
CCNPLT0102,CCNATT0005,Tưới nước 2 – 3 lần/tuần
CCNPLT0103,CCNATT0000,Pachira aquatica
CCNPLT0103,CCNATT0001,Cây kim ngân bính
CCNPLT0103,CCNATT0002,"• Kích thước chậu: 40x30cm (DxC)
•Chiều cao tổng: 170 – 180cm"
CCNPLT0103,CCNATT0003,Dễ chăm sóc
CCNPLT0103,CCNATT0004,Ánh sáng tán xạ; Nắng trực tiếp
CCNPLT0103,CCNATT0005,Tưới nước 2 lần/tuần
CCNPLT0104,CCNATT0000,Ficus lyrata
CCNPLT0104,CCNATT0001,Bàng Singapore / Sung tỳ bà
CCNPLT0104,CCNATT0003,Dễ chăm sóc
CCNPLT0104,CCNATT0004,Nắng trực tiếp / Ánh sáng tán xạ
CCNPLT0104,CCNATT0005,Tưới nước 2 – 3 lần/tuần
CCNPLT0104,CCNATT0006,"• Kích thước chậu: 30×35 cm (DxC)
•Chiều cao tổng: 80 – 100 cm"
CCNPLT0105,CCNATT0000,Scheffera Octophylla
CCNPLT0105,CCNATT0001,Ngũ gia bì
CCNPLT0105,CCNATT0002,"• Kích thước chậu: 30x50cm (DxC)
• Chiều cao tổng: 130 – 140cm"
CCNPLT0105,CCNATT0003,Dễ chăm sóc
CCNPLT0105,CCNATT0004,"Nắng tán xạ, chịu được nắng trực tiếp"
CCNPLT0105,CCNATT0005,Tưới nước 2 – 3 lần/tuần
CCNPLT0106,CCNATT0000,Monstera ‘Deliciosa’
CCNPLT0106,CCNATT0001,Trầu bà Nam Mỹ
CCNPLT0106,CCNATT0002,"• Chiều cao tổng chậu: 170cm
• Kích thước lá: 65 – 70 cm"
CCNPLT0106,CCNATT0003,Dễ chăm sóc
CCNPLT0106,CCNATT0004,"Nắng tán xạ, chịu được nắng trực tiếp"
CCNPLT0106,CCNATT0005,Tưới nước 2 – 3 lần/tuần
CCNPLT0107,CCNATT0000,Ficus lyrata
CCNPLT0107,CCNATT0001,Bàng Singapore / Sung tỳ bà
CCNPLT0107,CCNATT0003,Dễ chăm sóc
CCNPLT0107,CCNATT0004,Nắng trực tiếp / Ánh sáng tán xạ
CCNPLT0107,CCNATT0005,"Ít nước, 2 – 3 lần/tuần"
CCNPLT0107,CCNATT0006,"Kích thước chậu: 30×35 cm (DxC)
Chiều cao tổng: 80 – 100 cm"
CCNPLT0108,CCNATT0000,Calathea Musaica
CCNPLT0108,CCNATT0001,Cây đuôi công ‘Network’
CCNPLT0108,CCNATT0002,"• Kích thước chậu: 15x15cm (DxC)
• Chiều cao tổng 25 – 30 cm"
CCNPLT0108,CCNATT0003,Dễ chăm sóc
CCNPLT0108,CCNATT0004,Nắng tán xạ / Nơi râm mát
CCNPLT0108,CCNATT0005,Tưới nước 2 – 3 lần/tuần
CCNPLT0109,CCNATT0001,Cây Đại phú gia / Trầu bà neon
CCNPLT0109,CCNATT0002,"• Kích thước chậu: 40×52 cm (DxC)
• Chiều cao tổng: 140 – 150 cm"
CCNPLT0109,CCNATT0003,Dễ chăm sóc
CCNPLT0109,CCNATT0004,Nắng tán xạ / Sáng vừa phải
CCNPLT0109,CCNATT0005,Tưới nước 2 – 3 lần/tuần
CCNPLT0109,CCNATT0008,Đá mài
CCNPLT0109,CCNATT0009,Màu đen
CCNPLT0110,CCNATT0000,Calathea ornata Sanderiana
CCNPLT0110,CCNATT0001,Cây đuôi công sọc
CCNPLT0110,CCNATT0003,Dễ chăm sóc
CCNPLT0110,CCNATT0004,Nhiều ánh sáng / tán xạ
CCNPLT0110,CCNATT0005,Tưới nước 2 – 3 lần/tuần
CCNPLT0110,CCNATT0006,"• Kích thước chậu: 20x18cm (DxC)
• Chiều cao tổng 25 – 30cm"
CCNPLT0111,CCNATT0000,Aglaonema ‘Pink Lady’
CCNPLT0111,CCNATT0001,Cây hồng phát lộc
CCNPLT0111,CCNATT0002,"• Kích thước chậu: 11×12 cm (DxC)
• Chiều cao tổng: 25 – 30cm"
CCNPLT0111,CCNATT0003,Dễ chăm sóc
CCNPLT0111,CCNATT0004,Nắng tán xạ / Nơi râm mát
CCNPLT0111,CCNATT0005,Tưới nước 2 – 3 lần/tuần
CCNPLT0112,CCNATT0000,Dracaena draco L
CCNPLT0112,CCNATT0001,Phát tài núi
CCNPLT0112,CCNATT0002,Chiều cao 150 – 160 cm
CCNPLT0112,CCNATT0003,Dễ chăm sóc
CCNPLT0112,CCNATT0004,"Nắng tán xạ, chịu được nắng trực tiếp"
CCNPLT0112,CCNATT0005,"Tưới nước, 2 – 3 lần/tuần"
CCNPLT0113,CCNATT0000,Alocasia Silver Dragon
CCNPLT0113,CCNATT0001,Rồng bạc
CCNPLT0113,CCNATT0002,"• Kích thước chậu: 15x15cm (DxC)
• Chiều cao tổng: 30 – 32 cm"
CCNPLT0113,CCNATT0003,Dễ chăm sóc
CCNPLT0113,CCNATT0004,Nắng tán xạ / Nơi râm mát
CCNPLT0113,CCNATT0005,Tưới nước 2 – 3 lần/tuần
CCNPLT0114,CCNATT0000,Pachira aquatica
CCNPLT0114,CCNATT0001,Cây kim ngân bính
CCNPLT0114,CCNATT0002,"• Kích thước chậu: 20x18cm (DxC)
• Chiều cao tổng: 30 – 35cm"
CCNPLT0114,CCNATT0003,Dễ chăm sóc
CCNPLT0114,CCNATT0004,Ánh sáng tán xạ; Nắng trực tiếp
CCNPLT0114,CCNATT0005,Tưới nước 2 lần/tuần
CCNPLT0115,CCNATT0000,Philodendron Imperial Red
CCNPLT0115,CCNATT0001,Trầu bà đế vương đỏ
CCNPLT0115,CCNATT0002,"• Kích thước chậu: 18x18cm (DxC)
• Chiều cao tổng: 50 – 60 cm
• Độ rộng tán: 50 – 60 cm"
CCNPLT0115,CCNATT0003,Dễ chăm sóc
CCNPLT0115,CCNATT0004,"Nắng tán xạ, chịu được nắng trực tiếp"
CCNPLT0115,CCNATT0005,Tưới nước 2 – 3 lần/tuần
CCNPLT0116,CCNATT0000,Bucida Buceras Variegated
CCNPLT0116,CCNATT0001,Bàng Đài Loan cẩm thạch
CCNPLT0116,CCNATT0002,"• Kích thước chậu: 30×60 cm (DxC)
• Chiều cao tổng: 120–130 cm"
CCNPLT0116,CCNATT0003,Dễ chăm sóc
CCNPLT0116,CCNATT0004,Nắng trực tiếp / Nắng tán xạ
CCNPLT0116,CCNATT0005,Tưới nước 2 – 3 lần/tuần
CCNPLT0117,CCNATT0000,Philodendron Birkin
CCNPLT0117,CCNATT0001,Trầu bà đế vương kim cương
CCNPLT0117,CCNATT0002,"• Kích thước chậu: 18x30cm (DxC)
• Chiều cao tổng: 60 – 70cm"
CCNPLT0117,CCNATT0003,Dễ chăm sóc
CCNPLT0117,CCNATT0004,Nắng tán xạ / Râm mát
CCNPLT0117,CCNATT0005,Tưới nước 2 – 3 lần/tuần
CCNPLT0118,CCNATT0000,Chrysanthemum morifolium
CCNPLT0118,CCNATT0001,Hoa cúc mâm xôi
CCNPLT0118,CCNATT0002,"• Đường kính tán: 40cm (DxC)
• Chiều cao tổng: 40 – 50 cm"
CCNPLT0118,CCNATT0003,Dễ chăm sóc
CCNPLT0118,CCNATT0004,"Nắng tán xạ, chịu được nắng trực tiếp"
CCNPLT0118,CCNATT0005,Tưới nước 1 lần/ngày
CCNPLT0119,CCNATT0000,Aglaoocma SP
CCNPLT0119,CCNATT0001,Đại phú gia
CCNPLT0119,CCNATT0002,"• Kích thước chậu: 32x52cm (DxC)
• Chiều cao 120 – 140 cm"
CCNPLT0119,CCNATT0003,Dễ chăm sóc
CCNPLT0119,CCNATT0004,Nắng tán xạ / Râm mát
CCNPLT0119,CCNATT0005,Tưới nước 2 – 3 lần/tuần
CCNPLT0120,CCNATT0000,Ficus Elastica Tineke
CCNPLT0120,CCNATT0001,Đa búp đỏ cẩm thạch
CCNPLT0120,CCNATT0002,Chiều cao 30 – 40cm
CCNPLT0120,CCNATT0003,Rất dễ chăm sóc
CCNPLT0120,CCNATT0004,Ánh sáng tán xạ
CCNPLT0120,CCNATT0005,Tưới nước 2 – 3 lần/tuần
CCNPLT0121,CCNATT0000,Aglaonema ‘Red Anjamani’
CCNPLT0121,CCNATT0001,Cây hồng phát lộc
CCNPLT0121,CCNATT0002,"• Kích thước tán: 35 – 40cm
• Chiều cao: 35 – 40cm"
CCNPLT0121,CCNATT0003,Dễ chăm sóc
CCNPLT0121,CCNATT0004,Nắng tán xạ / Nơi râm mát
CCNPLT0121,CCNATT0005,Tưới nước 2 – 3 lần/tuần
CCNPLT0122,CCNATT0000,Podocarpus macrophyllus
CCNPLT0122,CCNATT0001,Cây tùng bồng lai
CCNPLT0122,CCNATT0002,Chiều cao 20 – 25 cm
CCNPLT0122,CCNATT0003,Trung bình
CCNPLT0122,CCNATT0004,Nắng trực tiếp / nắng tán xạ
CCNPLT0122,CCNATT0005,Tưới nước 2 – 3 lần/tuần
CCNPLT0123,CCNATT0000,Podocarpus macrophyllus
CCNPLT0123,CCNATT0001,Cây tùng bồng lai
CCNPLT0123,CCNATT0002,Chiều cao 20 – 25 cm
CCNPLT0123,CCNATT0003,Trung bình
CCNPLT0123,CCNATT0004,Nắng trực tiếp / nắng tán xạ
CCNPLT0123,CCNATT0005,Tưới nước 2 – 3 lần/tuần
CCNPLT0124,CCNATT0000,Radermachera Sinica
CCNPLT0124,CCNATT0001,Cây hạnh phúc
CCNPLT0124,CCNATT0002,"• Kích thước chậu: 30x32cm (DxC)
• Chiều cao tổng: 90–100cm"
CCNPLT0124,CCNATT0003,Dễ chăm sóc
CCNPLT0124,CCNATT0004,"Nắng tán xạ, chịu được nắng trực tiếp"
CCNPLT0124,CCNATT0005,Tưới nước 2 – 3 lần/tuần
CCNPLT0125,CCNATT0000,Chlorophytum laxum
CCNPLT0125,CCNATT0001,Cây cỏ lan chi / cây dây nhện
CCNPLT0125,CCNATT0003,Rất dễ chăm sóc
CCNPLT0125,CCNATT0004,Nắng tán xạ / Chịu râm mát
CCNPLT0125,CCNATT0005,Tưới nước 2 – 3 lần/tuần
CCNPLT0125,CCNATT0006,Chiều cao 30 – 40 cm
CCNPLT0126,CCNATT0000,Ficus lyrata
CCNPLT0126,CCNATT0001,Cây bàng Singapore
CCNPLT0126,CCNATT0002,"• Kích thước chậu: 30×25 cm (DxC)
• Chiều cao tổng: 100 – 100 cm"
CCNPLT0126,CCNATT0003,Dễ chăm sóc
CCNPLT0126,CCNATT0004,"Nắng tán xạ, chịu được nắng trực tiếp"
CCNPLT0126,CCNATT0005,Tưới nước 2 – 3 lần/tuần
CCNPLT0127,CCNATT0000,Philodendron Xanadu
CCNPLT0127,CCNATT0001,Cây Trầu Bà Chân Vịt
CCNPLT0127,CCNATT0003,Vừa phải
CCNPLT0127,CCNATT0004,Nắng tán xạ
CCNPLT0127,CCNATT0005,"Ít nước, 2 – 3 lần/tuần"
CCNPLT0127,CCNATT0006,Cao 50 cm
CCNPLT0127,CCNATT0010,Tính axit
CCNPLT0127,CCNATT0011,Có khả năng hấp thu chất độc hại
CCNPLT0128,CCNATT0000,Zamioculcas Zamiifolia
CCNPLT0128,CCNATT0001,Cây kim tiền / Kim phát tài
CCNPLT0128,CCNATT0002,"• Kích thước chậu: 25×25 cm (DxC)
• Chiều cao tổng: 50 – 60 cm"
CCNPLT0128,CCNATT0003,Dễ chăm sóc
CCNPLT0128,CCNATT0004,"Nắng tán xạ, chịu được nắng trực tiếp"
CCNPLT0128,CCNATT0005,Tưới nước 2 – 3 lần/tuần
CCNPLT0129,CCNATT0000,Aglaonema Snow White
CCNPLT0129,CCNATT0001,Cây ngọc ngân
CCNPLT0129,CCNATT0002,"• Kích thước chậu: 17x17cm (DxC)
• Chiều cao: 20 – 30cm"
CCNPLT0129,CCNATT0003,Dễ chăm sóc
CCNPLT0129,CCNATT0004,Ánh sáng tán xạ; Tránh ánh nắng trực tiếp
CCNPLT0129,CCNATT0005,Tưới nước 2 – 3 lần/tuần
CCNPLT0130,CCNATT0000,Pachira aquatica
CCNPLT0130,CCNATT0001,Cây kim ngân bính
CCNPLT0130,CCNATT0002,Chiều cao 35cm
CCNPLT0130,CCNATT0003,Dễ chăm sóc
CCNPLT0130,CCNATT0004,Ánh sáng tán xạ; Nắng trực tiếp
CCNPLT0130,CCNATT0005,Vừa phải (2 lần/tuần)
CCNPLT0131,CCNATT0000,Radermachera Sinica
CCNPLT0131,CCNATT0001,Cây hạnh phúc
CCNPLT0131,CCNATT0002,"• Kích thước chậu: 12x11cm (DxC)
• Chiều cao tổng: 30 – 32cm"
CCNPLT0131,CCNATT0003,Dễ chăm sóc
CCNPLT0131,CCNATT0004,"Nắng tán xạ, chịu được nắng trực tiếp"
CCNPLT0131,CCNATT0005,Tưới nước 2 – 3 lần/tuần
CCNPLT0132,CCNATT0000,Anthurium andreanum
CCNPLT0132,CCNATT0001,Cây hồng môn
CCNPLT0132,CCNATT0002,"• Kích thước chậu: 20x20cm (DxC)
• Chiều cao tổng: 30 – 40cm"
CCNPLT0132,CCNATT0003,Dễ chăm sóc
CCNPLT0132,CCNATT0004,Nắng tán xạ / Chịu râm mát
CCNPLT0132,CCNATT0005,Tưới nước 2 – 3 lần/lần
CCNPLT0133,CCNATT0000,Chrysanthemum morifolium
CCNPLT0133,CCNATT0001,Hoa cúc mâm xôi
CCNPLT0133,CCNATT0002,"• Đường kính tán: 40cm (DxC)
• Chiều cao tổng: 50 – 55cm"
CCNPLT0133,CCNATT0003,Dễ chăm sóc
CCNPLT0133,CCNATT0004,"Nắng tán xạ, chịu được nắng trực tiếp"
CCNPLT0133,CCNATT0005,Tưới nước 4 – 5 lần/tuần
CCNPLT0134,CCNATT0000,Dracaena reflexa
CCNPLT0134,CCNATT0001,Trúc bách hợp
CCNPLT0134,CCNATT0002,"• Kích thước chậu: 33×52 cm
• Chiều cao tổng: 120 – 130 cm"
CCNPLT0134,CCNATT0003,Dễ chăm sóc
CCNPLT0134,CCNATT0004,"Nắng tán xạ, chịu được nắng trực tiếp"
CCNPLT0134,CCNATT0005,Tưới nước 2 – 3 lần/tuần
CCNPLT0135,CCNATT0000,Pachira aquatica
CCNPLT0135,CCNATT0001,Cây kim ngân
CCNPLT0135,CCNATT0002,Chiều cao 120 – 140 cm
CCNPLT0135,CCNATT0003,Dễ chăm sóc
CCNPLT0135,CCNATT0004,Ánh sáng tán xạ; Nắng trực tiếp
CCNPLT0135,CCNATT0005,Tưới nước 2 lần/tuần
CCNPLT0136,CCNATT0000,Anthurium andreanum
CCNPLT0136,CCNATT0001,Cây hồng môn
CCNPLT0136,CCNATT0002,"• Kích thước chậu: 20x20cm (DxC)
• Chiều cao tổng: 30 – 40cm"
CCNPLT0136,CCNATT0003,Dễ chăm sóc
CCNPLT0136,CCNATT0004,Nắng tán xạ / Chịu râm mát
CCNPLT0136,CCNATT0005,Tưới nước 2 – 3 lần/lần
CCNPLT0137,CCNATT0000,Pachira aquatica
CCNPLT0137,CCNATT0001,Cây kim ngân
CCNPLT0137,CCNATT0002,Chiều cao 20 – 25 cm
CCNPLT0137,CCNATT0003,Dễ chăm sóc
CCNPLT0137,CCNATT0004,Ánh sáng tán xạ; Nắng trực tiếp
CCNPLT0137,CCNATT0005,Tưới ít nước 2 lần/tuần
CCNPLT0138,CCNATT0000,Monstera adansonii
CCNPLT0138,CCNATT0001,Cây trầu bà lỗ
CCNPLT0138,CCNATT0003,Vừa phải
CCNPLT0138,CCNATT0004,Nắng tán xạ / Bóng râm
CCNPLT0138,CCNATT0005,Tưới nước 4 – 5 lần/tuần
CCNPLT0138,CCNATT0006,"• Kích thước chậu: 20x20cm (DxC)
• Chiều cao tổng: 30 – 40 cm"
CCNPLT0139,CCNATT0000,Aglaonema red ‘Sumatra’
CCNPLT0139,CCNATT0001,Cây bao thanh thiên
CCNPLT0139,CCNATT0002,"• Kích thước chậu:
• Chiều cao tổng: 30 – 40 cm"
CCNPLT0139,CCNATT0003,Rất dễ chăm sóc
CCNPLT0139,CCNATT0004,Nắng tán xạ / Bóng râm
CCNPLT0139,CCNATT0005,Tưới nước 3 – 4 lần/tuần
CCNPLT0140,CCNATT0001,Cây cọ Nhật/ Thịnh vượng / Cung điện / Trầu bà
CCNPLT0140,CCNATT0002,"• Kích thước chậu: 40×52 cm (DxC)
• Chiều cao tổng: 140 – 150 cm"
CCNPLT0140,CCNATT0003,Dễ chăm sóc
CCNPLT0140,CCNATT0004,Nắng tán xạ / Sáng vừa phải
CCNPLT0140,CCNATT0005,Tưới nước 2 – 3 lần/tuần
CCNPLT0140,CCNATT0008,Đá mài
CCNPLT0140,CCNATT0009,Màu đen
CCNPLT0141,CCNATT0000,Radermachera Sinica
CCNPLT0141,CCNATT0001,Cây hạnh phúc
CCNPLT0141,CCNATT0002,"• Kích thước chậu: 28x34cm (DxC)
• Chiều cao tổng: 100 – 120cm"
CCNPLT0141,CCNATT0003,Dễ chăm sóc
CCNPLT0141,CCNATT0004,"Nắng tán xạ, chịu được nắng trực tiếp"
CCNPLT0141,CCNATT0005,Tưới nước 2 – 3 lần/tuần
CCNPLT0142,CCNATT0001,Cây đại lộc / vạn lộc / ngọc ngân / đô la
CCNPLT0142,CCNATT0002,"• Kích thước chậu: 40×52 cm (DxC)
• Chiều cao tổng: 220 – 240 cm"
CCNPLT0142,CCNATT0003,Dễ chăm sóc
CCNPLT0142,CCNATT0004,Nắng tán nhiều / Nhiều sáng
CCNPLT0142,CCNATT0005,Tưới nước 2 – 3 lần/tuần
CCNPLT0142,CCNATT0008,Gốm sứ
CCNPLT0142,CCNATT0009,Màu nâu sáng
CCNPLT0143,CCNATT0000,Radermachera Sinica
CCNPLT0143,CCNATT0001,Cây hạnh phúc
CCNPLT0143,CCNATT0002,"• Kích thước chậu: 30x30cm (DxC)
• Chiều cao tổng: 150 – 160cm"
CCNPLT0143,CCNATT0003,Dễ chăm sóc
CCNPLT0143,CCNATT0004,"Nắng tán xạ, chịu được nắng trực tiếp"
CCNPLT0143,CCNATT0005,Tưới nước 2 – 3 lần/tuần
CCNPLT0144,CCNATT0000,Thaumatophyllum bipinnatifidum
CCNPLT0144,CCNATT0001,Cây trầu bà thanh xuân / Cây trầu bà tay Phật
CCNPLT0144,CCNATT0002,"• Kích thước chậu: 30x60cm (ĐxC)
• Chiều cao 140 – 150cm
• Kích thước tán 90 – 100cm"
CCNPLT0144,CCNATT0003,Dễ chăm sóc
CCNPLT0144,CCNATT0004,Nắng tán xạ / Bóng râm
CCNPLT0144,CCNATT0005,Tưới nước 2 – 3 lần/tuần
CCNPLT0145,CCNATT0000,Aglaonema Snow White
CCNPLT0145,CCNATT0001,Cây ngọc ngân
CCNPLT0145,CCNATT0002,"• Kích thước chậu: 20x20cm (DxC)
• Chiều cao: 20 – 30cm"
CCNPLT0145,CCNATT0003,Dễ chăm sóc
CCNPLT0145,CCNATT0004,Ánh sáng tán xạ; Tránh ánh nắng trực tiếp
CCNPLT0145,CCNATT0005,Tưới nước 2 – 3 lần/tuần
CCNPLT0146,CCNATT0001,Cây hạnh phúc / vạn lộc / trúc Nhật / tróc bạc
CCNPLT0146,CCNATT0002,"• Kích thước chậu: 32×52 cm (DxC)
• Chiều cao tổng: 110 – 120 cm"
CCNPLT0146,CCNATT0003,Dễ chăm sóc
CCNPLT0146,CCNATT0004,Nắng tán xạ / Ít nắng
CCNPLT0146,CCNATT0005,Tưới nước 2 – 3 lần/tuần
CCNPLT0146,CCNATT0008,Xi măng nhẹ
CCNPLT0146,CCNATT0009,Màu trắng
CCNPLT0147,CCNATT0000,Monstera Borsigiana
CCNPLT0147,CCNATT0001,Trầu bà Nam Mỹ
CCNPLT0147,CCNATT0002,"• Kích thước chậu: 28x42cm (DxC)
• Chiều cao tổng: 100 – 100 cm"
CCNPLT0147,CCNATT0003,Dễ chăm sóc
CCNPLT0147,CCNATT0004,"Nắng tán xạ, chịu được nắng trực tiếp"
CCNPLT0147,CCNATT0005,Tưới nước 2 – 3 lần/tuần
CCNPLT0148,CCNATT0000,Radermachera Sinica
CCNPLT0148,CCNATT0001,Cây hạnh phúc
CCNPLT0148,CCNATT0002,Chiều cao: 70 – 80cm (DxC)
CCNPLT0148,CCNATT0003,Dễ chăm sóc
CCNPLT0148,CCNATT0004,"Nắng tán xạ, chịu được nắng trực tiếp"
CCNPLT0148,CCNATT0005,Tưới nước 2 – 3 lần/tuần
CCNPLT0149,CCNATT0000,Thaumatophyllum bipinnatifidum
CCNPLT0149,CCNATT0001,Cây trầu bà thanh xuân / Cây trầu bà tay Phật
CCNPLT0149,CCNATT0002,"• Chiều cao 90 – 110cm
• Kích thước tán 90 – 100cm"
CCNPLT0149,CCNATT0003,Dễ chăm sóc
CCNPLT0149,CCNATT0004,Nắng tán xạ / Bóng râm
CCNPLT0149,CCNATT0005,"Ít tưới nước, 2 – 3 lần/tuần"
CCNPLT0150,CCNATT0000,Pachira aquatica
CCNPLT0150,CCNATT0001,Cây kim ngân
CCNPLT0150,CCNATT0002,Chiều cao 20 – 25 cm
CCNPLT0150,CCNATT0003,Dễ chăm sóc
CCNPLT0150,CCNATT0004,Ánh sáng tán xạ; Nắng trực tiếp
CCNPLT0150,CCNATT0005,Tưới ít nước 2 lần/tuần
CCNPLT0151,CCNATT0000,Zamioculcas Zamiifolia
CCNPLT0151,CCNATT0001,Cây kim tiền / Kim phát tài
CCNPLT0151,CCNATT0002,"• Kích thước chậu: 25×25 cm (DxC)
• Chiều cao tổng: 90 – 100 cm"
CCNPLT0151,CCNATT0003,Dễ chăm sóc
CCNPLT0151,CCNATT0004,"Nắng tán xạ, chịu được nắng trực tiếp"
CCNPLT0151,CCNATT0005,Tưới nước 2 – 3 lần/tuần
CCNPLT0152,CCNATT0000,Epipremnum Marble Queen
CCNPLT0152,CCNATT0001,Trầu bà lá sữa
CCNPLT0152,CCNATT0002,"• Chiều cao 10 – 20 cm
• Đường kính tán: 25 – 30 cm"
CCNPLT0152,CCNATT0003,Rất dễ chăm sóc
CCNPLT0152,CCNATT0004,Ánh nắng tán xạ
CCNPLT0152,CCNATT0005,Tưới nước 2 – 3 lần/tuần
CCNPLT0153,CCNATT0001,Cây hạnh phúc / vạn lộc / ngọc ngân / thường xuân
CCNPLT0153,CCNATT0002,"• Kích thước chậu: 32×52 cm (DxC)
• Chiều cao tổng: 100 – 110 cm"
CCNPLT0153,CCNATT0003,Dễ chăm sóc
CCNPLT0153,CCNATT0004,Nắng tán xạ / Ít nắng
CCNPLT0153,CCNATT0005,Tưới nước 2 – 3 lần/tuần
CCNPLT0153,CCNATT0008,Xi măng nhẹ
CCNPLT0153,CCNATT0009,Màu trắng / Xanh dương / Vàng 24k
CCNPLT0154,CCNATT0000,Livistona chinensis
CCNPLT0154,CCNATT0001,Cọ lá xẻ
CCNPLT0154,CCNATT0002,"• Kích thước chậu: 14x14cm (DxC)
• Chiều cao chậu + cây: 25cm"
CCNPLT0154,CCNATT0003,Dễ chăm sóc
CCNPLT0154,CCNATT0004,"Nắng tán xạ, chịu được nắng trực tiếp"
CCNPLT0154,CCNATT0005,Tưới nước 2 – 3 lần/tuần
CCNPLT0155,CCNATT0000,Monstera Borsiagana
CCNPLT0155,CCNATT0001,Trầu bà Nam Mỹ
CCNPLT0155,CCNATT0002,"• Kích thước lá: 15 – 30cm
• Chiều cao: 50 – 60cm"
CCNPLT0155,CCNATT0003,Dễ chăm sóc
CCNPLT0155,CCNATT0004,Ánh sáng tán xạ; Tránh ánh nắng trực tiếp
CCNPLT0155,CCNATT0005,Tưới nước 2 – 3 lần/tuần
CCNPLT0156,CCNATT0000,Aglaonema ‘Ivy Green’
CCNPLT0156,CCNATT0001,Cây tiểu bạch mã hoàng tử
CCNPLT0156,CCNATT0002,"• Kích thước tán: 20 – 25cm
• Chiều cao: 30 – 35 cm"
CCNPLT0156,CCNATT0003,Dễ chăm sóc
CCNPLT0156,CCNATT0004,Nắng tán xạ / Nơi râm mát
CCNPLT0156,CCNATT0005,Tưới nước 2 – 3 lần/tuần
CCNPLT0157,CCNATT0000,Aglaonema ‘White Lance’
CCNPLT0157,CCNATT0001,Cây giữ tiền
CCNPLT0157,CCNATT0002,Chiều cao: 30 – 40 cm
CCNPLT0157,CCNATT0003,Rất dễ chăm sóc
CCNPLT0157,CCNATT0004,Nắng tán xạ / Bóng râm
CCNPLT0157,CCNATT0005,Tưới nước 3 – 4 lần/tuần
CCNPLT0158,CCNATT0001,Cây đại phú gia / Vạn lộc / Ngọc ngân / May mắn
CCNPLT0158,CCNATT0002,"• Kích thước chậu: 32×52 cm (DxC)
• Chiều cao tổng: 100 – 110 cm"
CCNPLT0158,CCNATT0003,Dễ chăm sóc
CCNPLT0158,CCNATT0004,Nắng tán xạ / Ít nắng
CCNPLT0158,CCNATT0005,Tưới nước 2 – 3 lần/tuần
CCNPLT0158,CCNATT0008,Xi măng nhẹ
CCNPLT0158,CCNATT0009,Màu đen
CCNPLT0159,CCNATT0000,Monstera Borsigiana
CCNPLT0159,CCNATT0001,Trầu bà Nam Mỹ
CCNPLT0159,CCNATT0002,"• Kích thước chậu: 25x25cm (DxC)
• Chiều cao tổng: 60 – 70 cm"
CCNPLT0159,CCNATT0003,Dễ chăm sóc
CCNPLT0159,CCNATT0004,"Nắng tán xạ, chịu được nắng trực tiếp"
CCNPLT0159,CCNATT0005,Tưới nước 2 – 3 lần/tuần
CCNPLT0160,CCNATT0000,Radermachera Sinica
CCNPLT0160,CCNATT0001,Cây hạnh phúc
CCNPLT0160,CCNATT0002,Kích thước cây: 70 – 80 (cm)
CCNPLT0160,CCNATT0003,Dễ chăm sóc
CCNPLT0160,CCNATT0004,"Nắng tán xạ, chịu được nắng trực tiếp"
CCNPLT0160,CCNATT0005,Tưới nước 2 – 3 lần/tuần
CCNPLT0161,CCNATT0001,Cây lưỡi hổ / Vạn lộc / Ngọc ngân / Phú quý
CCNPLT0161,CCNATT0002,"• Kích thước chậu: 32×52 cm (DxC)
• Chiều cao tổng: 100 – 120 cm"
CCNPLT0161,CCNATT0003,Dễ chăm sóc
CCNPLT0161,CCNATT0004,Nắng tán xạ / Ít nắng
CCNPLT0161,CCNATT0005,Tưới nước 2 – 3 lần/tuần
CCNPLT0161,CCNATT0008,Xi măng nhẹ
CCNPLT0161,CCNATT0009,Màu vàng / Xanh dương / Trắng
CCNPLT0162,CCNATT0001,Cây đại phú gia / Đô la / May mắn
CCNPLT0162,CCNATT0002,"• Kích thước chậu: 32×52 cm (DxC)
• Chiều cao tổng: 100 – 120 cm"
CCNPLT0162,CCNATT0003,Dễ chăm sóc
CCNPLT0162,CCNATT0004,Nắng tán xạ / Ít nắng
CCNPLT0162,CCNATT0005,Tưới nước 2 – 3 lần/tuần
CCNPLT0162,CCNATT0008,Xi măng đá mài
CCNPLT0162,CCNATT0009,Màu đen
CCNPLT0163,CCNATT0000,Ficus elastica
CCNPLT0163,CCNATT0001,Đa búp đỏ
CCNPLT0163,CCNATT0002,Chiều cao: 80 – 100 cm
CCNPLT0163,CCNATT0003,Dễ chăm sóc
CCNPLT0163,CCNATT0004,Nắng tán xạ / Râm mát
CCNPLT0163,CCNATT0005,Tưới nước 2 – 3 lần/tuần
CCNPLT0164,CCNATT0000,Heliconia Psittacorum Variegated ‘Lady Di’
CCNPLT0164,CCNATT0001,Cây chuối mỏ két đỏ / Thiên điểu cẩm thạch
CCNPLT0164,CCNATT0002,Chiều cao: 50 – 70 cm
CCNPLT0164,CCNATT0003,Dễ chăm sóc
CCNPLT0164,CCNATT0004,Nắng tán xạ / Râm mát
CCNPLT0164,CCNATT0005,Tưới nước 2 – 3 lần/tuần
CCNPLT0165,CCNATT0000,Ficus lyrata
CCNPLT0165,CCNATT0001,Cây bàng Singapore
CCNPLT0165,CCNATT0002,"• Kích thước chậu: 20×20 cm (DxC)
• Chiều cao tổng: 40 – 50 cm"
CCNPLT0165,CCNATT0003,Dễ chăm sóc
CCNPLT0165,CCNATT0004,"Nắng tán xạ, chịu được nắng trực tiếp"
CCNPLT0165,CCNATT0005,Tưới nước 2 – 3 lần/tuần
CCNPLT0166,CCNATT0000,Radermachera Sinica
CCNPLT0166,CCNATT0001,Cây hạnh phúc
CCNPLT0166,CCNATT0002,"• Kích thước chậu: 12x12cm (DxC)
• Chiều cao tổng: 30 – 35 cm"
CCNPLT0166,CCNATT0003,Dễ chăm sóc
CCNPLT0166,CCNATT0004,"Nắng tán xạ, chịu được nắng trực tiếp"
CCNPLT0166,CCNATT0005,Tưới nước 2 – 3 lần/tuần
CCNPLT0167,CCNATT0000,Anthurium andreanum
CCNPLT0167,CCNATT0001,Cây hồng môn
CCNPLT0167,CCNATT0002,Chiều cao 30 – 40 cm
CCNPLT0167,CCNATT0003,Dễ chăm sóc
CCNPLT0167,CCNATT0004,Nắng tán xạ / Chịu râm mát
CCNPLT0167,CCNATT0005,Tưới nước 2 – 3 lần/lần
CCNPLT0168,CCNATT0000,Sansevieria zeylanica
CCNPLT0168,CCNATT0001,Lưỡi hổ xanh
CCNPLT0168,CCNATT0002,"• Kích thước chậu: 30×30 cm
• Chiều cao tổng: 80 – 90 cm"
CCNPLT0168,CCNATT0003,Rất dễ chăm sóc
CCNPLT0168,CCNATT0004,"Nắng tán xạ, chịu được thiếu nắng"
CCNPLT0168,CCNATT0005,Tưới nước 2 – 3 lần/tuần
CCNPLT0169,CCNATT0000,Bucida buceras Variegated
CCNPLT0169,CCNATT0001,Bàng Đài Loan cẩm thạch
CCNPLT0169,CCNATT0002,"• Kích thước chậu: 30x32cm (DxC)
• Chiều cao tổng: 80 – 100 cm"
CCNPLT0169,CCNATT0003,Dễ chăm sóc
CCNPLT0169,CCNATT0004,Nắng tán xạ / Nắng trực tiếp
CCNPLT0169,CCNATT0005,Tưới nước 2 – 3 lần/tuần
CCNPLT0170,CCNATT0000,Phoenix roebelenii
CCNPLT0170,CCNATT0001,Cây cau nga mi / Chà là cảnh
CCNPLT0170,CCNATT0002,"• Kích thước cây: 150 – 160 cm
• Kích thước chậu: 40×40 cm (DxC)
• Chiều cao tổng: 180 ~ 190 cm"
CCNPLT0170,CCNATT0003,Dễ chăm sóc
CCNPLT0170,CCNATT0004,"Nắng tán xạ, chịu được nắng trực tiếp"
CCNPLT0170,CCNATT0005,Tưới nước 2 – 3 lần/tuần
CCNPLT0171,CCNATT0000,Chrysalidocarpus lutescens Wendl
CCNPLT0171,CCNATT0001,Cau vàng Nhật Bản
CCNPLT0171,CCNATT0002,Chiều cao ~160 cm
CCNPLT0171,CCNATT0003,Dễ chăm sóc
CCNPLT0171,CCNATT0004,"Nắng tán xạ, chịu được nắng trực tiếp"
CCNPLT0171,CCNATT0005,"Ít nước, 2 – 3 lần/tuần"
CCNPLT0172,CCNATT0000,Radermachera Sinica
CCNPLT0172,CCNATT0001,Cây hạnh phúc
CCNPLT0172,CCNATT0002,"Kích thước chậu: 35x45cm (DxC)
Chiều cao tổng: 110 – 120 cm"
CCNPLT0172,CCNATT0003,Dễ chăm sóc
CCNPLT0172,CCNATT0004,"Nắng tán xạ, chịu được nắng trực tiếp"
CCNPLT0172,CCNATT0005,Tưới nước 2 – 3 lần/tuần
CCNPLT0173,CCNATT0000,Zamioculcas Zamiifolia
CCNPLT0173,CCNATT0001,Cây kim tiền / Kim phát tài
CCNPLT0173,CCNATT0002,"• Kích thước chậu: 40×40 cm (DxC)
• Chiều cao tổng: 90 ~ 100 cm"
CCNPLT0173,CCNATT0003,Dễ chăm sóc
CCNPLT0173,CCNATT0004,"Nắng tán xạ, chịu được nắng trực tiếp"
CCNPLT0173,CCNATT0005,Tưới nước 2 – 3 lần/tuần
CCNPLT0174,CCNATT0000,Epipremnum aureum
CCNPLT0174,CCNATT0001,Trầu bà xanh
CCNPLT0174,CCNATT0002,"Kích thước chậu: 30×50 cm (DxC)
Chiều cao tổng: 160 – 170 cm"
CCNPLT0174,CCNATT0003,Dễ chăm sóc
CCNPLT0174,CCNATT0004,"Nắng tán xạ, chịu được nắng trực tiếp"
CCNPLT0174,CCNATT0005,Tưới nước 2 – 3 lần/tuần
CCNPLT0175,CCNATT0000,Licuala grandis
CCNPLT0175,CCNATT0001,Cọ Nhật
CCNPLT0175,CCNATT0002,"• Kích thước chậu:
• Chiều cao chậu + cây: 130cm"
CCNPLT0175,CCNATT0003,Dễ chăm sóc
CCNPLT0175,CCNATT0004,"Nắng tán xạ, chịu được nắng trực tiếp"
CCNPLT0175,CCNATT0005,Tưới nước 2 – 3 lần/tuần
CCNPLT0176,CCNATT0000,Radermachera Sinica
CCNPLT0176,CCNATT0001,Cây hạnh phúc
CCNPLT0176,CCNATT0002,"Kích thước chậu: 35x45cm (DxC)
Chiều cao tổng: 110 – 120 cm"
CCNPLT0176,CCNATT0003,Dễ chăm sóc
CCNPLT0176,CCNATT0004,"Nắng tán xạ, chịu được nắng trực tiếp"
CCNPLT0176,CCNATT0005,Tưới nước 2 – 3 lần/tuần
CCNPLT0177,CCNATT0000,Radermachera Sinica
CCNPLT0177,CCNATT0001,Cây hạnh phúc
CCNPLT0177,CCNATT0002,"Kích thước chậu: 30x25cm (DxC)
Chiều cao tổng: 90 – 110 cm"
CCNPLT0177,CCNATT0003,Dễ chăm sóc
CCNPLT0177,CCNATT0004,"Nắng tán xạ, chịu được nắng trực tiếp"
CCNPLT0177,CCNATT0005,Tưới nước 2 – 3 lần/tuần
CCNPLT0178,CCNATT0001,Cây lưỡi hổ / vạn lộc / trầu bà
CCNPLT0178,CCNATT0002,"• Kích thước chậu: 30×50 cm (DxC)
• Chiều cao tổng: 80 – 100 cm"
CCNPLT0178,CCNATT0003,Dễ chăm sóc
CCNPLT0178,CCNATT0004,Nắng tán xạ / Ít nắng
CCNPLT0178,CCNATT0005,Tưới nước 2 – 3 lần/tuần
CCNPLT0178,CCNATT0008,Gốm sứ
CCNPLT0178,CCNATT0009,Xám khói
CCNPLT0179,CCNATT0000,Ficus lyrata
CCNPLT0179,CCNATT0001,Cây bàng Singapore
CCNPLT0179,CCNATT0002,"• Kích thước chậu: 20×20 cm (DxC)
• Chiều cao tổng: 40 – 50 cm"
CCNPLT0179,CCNATT0003,Dễ chăm sóc
CCNPLT0179,CCNATT0004,"Nắng tán xạ, chịu được nắng trực tiếp"
CCNPLT0179,CCNATT0005,Tưới nước 2 – 3 lần/tuần
CCNPLT0180,CCNATT0000,Syngonium podophyllum ‘Albo Variegata’
CCNPLT0180,CCNATT0001,Tróc bạc Albo
CCNPLT0180,CCNATT0002,"• Kích thước chậu: 17×17 cm (DxC)
• Chiều cao tổng: 40 – 50 cm"
CCNPLT0180,CCNATT0003,Dễ chăm sóc
CCNPLT0180,CCNATT0004,Ánh sáng tán xạ / Râm mát
CCNPLT0180,CCNATT0005,Tưới nước 2 – 3 lần/tuần
CCNPLT0181,CCNATT0000,Ficus lyrata
CCNPLT0181,CCNATT0001,Cây bàng Singapore
CCNPLT0181,CCNATT0002,"• Kích thước chậu: 25×25 cm (DxC)
• Chiều cao tổng: 80 – 90 cm"
CCNPLT0181,CCNATT0003,Dễ chăm sóc
CCNPLT0181,CCNATT0004,"Nắng tán xạ, chịu được nắng trực tiếp"
CCNPLT0181,CCNATT0005,Tưới nước 2 – 3 lần/tuần
CCNPLT0182,CCNATT0000,Syngonium podophyllum “Pink Spot”
CCNPLT0182,CCNATT0001,Tróc bạc hồng
CCNPLT0182,CCNATT0002,"• Kích thước chậu: 24×20 cm (DxC)
• Chiều cao tổng: 40 – 50 cm"
CCNPLT0182,CCNATT0003,Dễ chăm sóc
CCNPLT0182,CCNATT0004,Ánh sáng tán xạ / Râm mát
CCNPLT0182,CCNATT0005,Tưới nước 2 – 3 lần/tuần
CCNPLT0183,CCNATT0000,Philodendron Warscewiczii Aurea Flavum
CCNPLT0183,CCNATT0001,Cây trầu bà thanh xuân vàng
CCNPLT0183,CCNATT0002,"• Kích thước chậu: 20×20 cm (DxC)
• Chiều cao tổng: 40 – 50 cm"
CCNPLT0183,CCNATT0003,Dễ chăm sóc
CCNPLT0183,CCNATT0004,Ánh sáng tán xạ / Râm mát
CCNPLT0183,CCNATT0005,Tưới nước 2 – 3 lần/tuần
CCNPLT0184,CCNATT0000,Maranta leuconeura
CCNPLT0184,CCNATT0001,Cây cầu nguyên
CCNPLT0184,CCNATT0002,"• Kích thước chậu: 20×18 cm (DxC)
• Chiều cao: 10cm
• Đường kính tán: 25cm"
CCNPLT0184,CCNATT0003,Dễ chăm sóc
CCNPLT0184,CCNATT0004,Ánh sáng tán xạ / Râm mát
CCNPLT0184,CCNATT0005,Tưới nước 4 – 5 lần/tuần
CCNPLT0185,CCNATT0000,Scheffera Octophylla
CCNPLT0185,CCNATT0001,Ngũ gia bì
CCNPLT0185,CCNATT0002,Chiều cao 30 ~ 40 cm
CCNPLT0185,CCNATT0003,Dễ chăm sóc
CCNPLT0185,CCNATT0004,"Nắng tán xạ, chịu được nắng trực tiếp"
CCNPLT0185,CCNATT0005,Tưới nước 2 – 3 lần/tuần
CCNPLT0186,CCNATT0000,Cordyline fruticosa Mocha Latte
CCNPLT0186,CCNATT0001,Huyết huyết dụ ‘Mocha Latte’
CCNPLT0186,CCNATT0002,Chiều cao: 20 – 30 cm
CCNPLT0186,CCNATT0003,Dễ chăm sóc
CCNPLT0186,CCNATT0004,"Nắng tán xạ, chịu được nắng trực tiếp"
CCNPLT0186,CCNATT0005,Tưới nước 2 – 3 lần/tuần
CCNPLT0187,CCNATT0000,Peperomia ‘Watermelon’
CCNPLT0187,CCNATT0001,Cây dưa hấu
CCNPLT0187,CCNATT0003,Dễ chăm sóc
CCNPLT0187,CCNATT0004,Nắng tán xạ / Chịu râm mát
CCNPLT0187,CCNATT0005,Tưới nước 2 – 3 lần/tháng
CCNPLT0187,CCNATT0006,Chiều cao 20 – 30 cm
CCNPLT0188,CCNATT0000,Chlorophytum orchidastrum
CCNPLT0188,CCNATT0001,Cây phượng hoàng lửa / Lục thảo lan
CCNPLT0188,CCNATT0002,"• Kích thước chậu: 20×24
• Chiều cao tổng: 45 – 50 cm"
CCNPLT0188,CCNATT0003,Rất dễ chăm sóc
CCNPLT0188,CCNATT0004,Nắng tán xạ / Bóng râm
CCNPLT0188,CCNATT0005,Tưới nước 3 – 4 lần/tuần
CCNPLT0189,CCNATT0000,Ficus lyrata
CCNPLT0189,CCNATT0001,Cây bàng Singapore
CCNPLT0189,CCNATT0002,"• Kích thước chậu: 20×20 cm (DxC)
• Chiều cao tổng: 30 – 35 cm"
CCNPLT0189,CCNATT0003,Dễ chăm sóc
CCNPLT0189,CCNATT0004,"Nắng tán xạ, chịu được nắng trực tiếp"
CCNPLT0189,CCNATT0005,Tưới nước 2 – 3 lần/tuần
CCNPLT0190,CCNATT0000,Cordyline fruticosa ‘Waihee Rainbow’
CCNPLT0190,CCNATT0001,Huyết phất dụ 7 sắc
CCNPLT0190,CCNATT0002,"• Kích thước chậu: 17×17  cm (DxC)
• Chiều cao tổng: 50 cm"
CCNPLT0190,CCNATT0003,Dễ chăm sóc
CCNPLT0190,CCNATT0004,"Nắng tán xạ, chịu được nắng trực tiếp"
CCNPLT0190,CCNATT0005,Tưới nước 2 – 3 lần/tuần
CCNPLT0191,CCNATT0000,Licuala grandis
CCNPLT0191,CCNATT0001,Cọ Nhật
CCNPLT0191,CCNATT0002,"Chiều cao cây: 90cm
Chiều cao chậu + cây: 130cm"
CCNPLT0191,CCNATT0003,Dễ chăm sóc
CCNPLT0191,CCNATT0004,"Nắng tán xạ, chịu được nắng trực tiếp"
CCNPLT0191,CCNATT0005,Tưới nước: 2 – 3 lần/tuần
CCNPLT0192,CCNATT0000,Dracaena draco L
CCNPLT0192,CCNATT0001,Phát tài núi
CCNPLT0192,CCNATT0002,Chiều cao 150 – 160 cm
CCNPLT0192,CCNATT0003,Dễ chăm sóc
CCNPLT0192,CCNATT0004,"Nắng tán xạ, chịu được nắng trực tiếp"
CCNPLT0192,CCNATT0005,"Tưới nước, 2 – 3 lần/tuần"
CCNPLT0193,CCNATT0000,Cordyline fruticosa ‘Waihee Rainbow’
CCNPLT0193,CCNATT0001,Huyết phất dụ 7 sắc
CCNPLT0193,CCNATT0002,Chiều cao 30 – 50 cm
CCNPLT0193,CCNATT0003,Dễ chăm sóc
CCNPLT0193,CCNATT0004,"Nắng tán xạ, chịu được nắng trực tiếp"
CCNPLT0193,CCNATT0005,Tưới nước 2 – 3 lần/tuần
CCNPLT0194,CCNATT0000,Dieffenbachia Seguine ‘Tropic Snow’
CCNPLT0194,CCNATT0001,Cây vạn niên thanh
CCNPLT0194,CCNATT0002,"• Chiều cao: 60 – 80 cm
• Kích thước tán: 60 – 80 cm"
CCNPLT0194,CCNATT0003,Rất dễ chăm sóc
CCNPLT0194,CCNATT0004,Nắng tán xạ / Bóng râm
CCNPLT0194,CCNATT0005,Tưới nước 3 – 4 lần/tuần
CCNPLT0195,CCNATT0000,Aglaonema Morodoklok
CCNPLT0195,CCNATT0001,Cây sao sáng lá đậm
CCNPLT0195,CCNATT0002,"• Kích thước chậu: 26×20 cm (DxC)
• Chiều cao: 30 – 40 cm
• Kích thước tán: 40 – 60 cm"
CCNPLT0195,CCNATT0003,Rất dễ chăm sóc
CCNPLT0195,CCNATT0004,Nắng tán xạ / Bóng râm
CCNPLT0195,CCNATT0005,Tưới nước 3 – 4 lần/tuần
CCNPLT0196,CCNATT0000,Aglaonema ‘Pink Legacy’
CCNPLT0196,CCNATT0001,Cây cung điện vàng
CCNPLT0196,CCNATT0002,"• Kích thước chậu:  18×14 cm (DxC)
• Chiều cao tổng: 35 – 40 cm"
CCNPLT0196,CCNATT0003,Dê chăm sóc
CCNPLT0196,CCNATT0004,Nắng tán xạ / Nơi râm mát
CCNPLT0196,CCNATT0005,Thay nước 2 – 3 lần/tháng
CCNPLT0197,CCNATT0000,Sansevieria futura Superba
CCNPLT0197,CCNATT0001,Cây lưỡi hổ thái
CCNPLT0197,CCNATT0002,"• Kích thước chậu
• Chiều cao tổng: 30 – 40 cm"
CCNPLT0197,CCNATT0003,Dễ chăm sóc
CCNPLT0197,CCNATT0004,"Nắng tán xạ, chịu được nắng trực tiếp"
CCNPLT0197,CCNATT0005,Tưới nước 2 – 3 lần/tuần
CCNPLT0198,CCNATT0000,Zamioculcas Zamiifolia
CCNPLT0198,CCNATT0001,Cây kim tiền / Kim phát tài
CCNPLT0198,CCNATT0002,Chiều cao tổng: 20~30 cm
CCNPLT0198,CCNATT0003,Dễ chăm sóc
CCNPLT0198,CCNATT0004,"Nắng tán xạ, chịu được nắng trực tiếp"
CCNPLT0198,CCNATT0005,Tưới nước 2 – 3 lần/tuần
CCNPLT0199,CCNATT0000,Aglaonema ‘Pink Lady’
CCNPLT0199,CCNATT0001,Cây hồng phát lộc
CCNPLT0199,CCNATT0002,"• Kích thước chậu: 15×14 cm (DxC)
• Chiều cao tổng: 35 – 40cm"
CCNPLT0199,CCNATT0003,Dễ chăm sóc
CCNPLT0199,CCNATT0004,Nắng tán xạ / Nơi râm mát
CCNPLT0199,CCNATT0005,Tưới nước 2 – 3 lần/tuần
CCNPLT0200,CCNATT0000,Anthurium andreanum
CCNPLT0200,CCNATT0001,Cây hồng môn
CCNPLT0200,CCNATT0002,Chiều cao 30 – 40 cm
CCNPLT0200,CCNATT0003,Dễ chăm sóc
CCNPLT0200,CCNATT0004,Nắng tán xạ / Chịu râm mát
CCNPLT0200,CCNATT0005,Tưới nước 2 – 3 lần/lần
CCNPLT0201,CCNATT0000,Zamioculcas Zamiifolia
CCNPLT0201,CCNATT0001,Cây kim tiền / Kim phát tài
CCNPLT0201,CCNATT0002,"• Kích thước chậu: 40×57 cm (DxC)
• Chiều cao tổng: 100 ~ 110 cm
• Đường kính tán: 60 ~ 70 cm"
CCNPLT0201,CCNATT0003,Dễ chăm sóc
CCNPLT0201,CCNATT0004,"Nắng tán xạ, chịu được nắng trực tiếp"
CCNPLT0201,CCNATT0005,Tưới nước 2 – 3 lần/tuần
CCNPLT0202,CCNATT0000,Epipremnum aureum
CCNPLT0202,CCNATT0001,Trầu bà xanh
CCNPLT0202,CCNATT0002,"Kích thước chậu: 40×57 cm (DxC)
Chiều cao tổng: 160 – 170 cm"
CCNPLT0202,CCNATT0003,Dễ chăm sóc
CCNPLT0202,CCNATT0004,"Nắng tán xạ, chịu được nắng trực tiếp"
CCNPLT0202,CCNATT0005,Tưới nước 2 – 3 lần/tuần
CCNPLT0203,CCNATT0000,Bucida buceras Variegated
CCNPLT0203,CCNATT0001,Bàng Đài Loan cẩm thạch
CCNPLT0203,CCNATT0002,Chiều cao 80 – 100 cm
CCNPLT0203,CCNATT0003,Dễ chăm sóc
CCNPLT0203,CCNATT0004,Nắng tán xạ / Nắng trực tiếp
CCNPLT0203,CCNATT0005,Tưới nước 2 – 3 lần/tuần
CCNPLT0204,CCNATT0000,Philodendron billietiae
CCNPLT0204,CCNATT0001,Cây hồng hạc chân cam
CCNPLT0204,CCNATT0002,"Kích thước chậu: 32×25 cm (DxC)
Kích thước lá: 45 ~ 50 cm"
CCNPLT0204,CCNATT0003,Dễ chăm sóc
CCNPLT0204,CCNATT0004,"Nắng tán xạ, chịu được nắng trực tiếp"
CCNPLT0204,CCNATT0005,"Ít nước, 2 – 3 lần/tuần"
CCNPLT0205,CCNATT0000,Sansevieria ‘hahnii’ Black Gold
CCNPLT0205,CCNATT0001,Cây lưỡi hổ Thái xanh
CCNPLT0205,CCNATT0002,Chiều cao: 10 – 15 cm
CCNPLT0205,CCNATT0003,Dễ chăm sóc
CCNPLT0205,CCNATT0004,Ánh sáng tán xạ / Chịu được thiếu sáng
CCNPLT0205,CCNATT0005,Thay nước 2 – 3 lần/tháng
CCNPLT0206,CCNATT0000,Sansevieria ‘superba’ Black Gold
CCNPLT0206,CCNATT0001,Cây lưỡi hổ Thái xanh
CCNPLT0206,CCNATT0002,Chiều cao: 25 – 30 cm
CCNPLT0206,CCNATT0003,Dễ chăm sóc
CCNPLT0206,CCNATT0004,Ánh sáng tán xạ / Chịu được thiếu sáng
CCNPLT0206,CCNATT0005,Tưới nước 1 lần/tuần
CCNPLT0207,CCNATT0000,Rosmarinus officinalis
CCNPLT0207,CCNATT0001,Cây hương thảo
CCNPLT0207,CCNATT0002,Chiều cao 40 – 45 cm
CCNPLT0207,CCNATT0003,Trung bình
CCNPLT0207,CCNATT0004,Nắng trực tiếp
CCNPLT0207,CCNATT0005,Tưới nước hằng ngày
CCNPLT0208,CCNATT0000,Podocarpus macrophyllus
CCNPLT0208,CCNATT0001,Cây tùng bồng lai
CCNPLT0208,CCNATT0002,Chiều cao 20 – 25 cm
CCNPLT0208,CCNATT0003,Trung bình
CCNPLT0208,CCNATT0004,Nắng trực tiếp / nắng tán xạ
CCNPLT0208,CCNATT0005,Tưới nước 2 – 3 lần/tuần
CCNPLT0209,CCNATT0000,Nageia fleuryi
CCNPLT0209,CCNATT0001,Cây kim giao
CCNPLT0209,CCNATT0002,Chiều cao 40 – 50 cm
CCNPLT0209,CCNATT0003,Dễ chăm sóc
CCNPLT0209,CCNATT0004,Nắng tán xạ / Chịu được nắng trực tiếp
CCNPLT0209,CCNATT0005,Tưới nước 2 – 3 lần/ngày
CCNPLT0210,CCNATT0000,Alocasia zebrina Sarian
CCNPLT0210,CCNATT0001,Cây ráy ngựa vằn
CCNPLT0210,CCNATT0002,Chiều cao 60 – 70 cm
CCNPLT0210,CCNATT0003,Dễ chăm sóc
CCNPLT0210,CCNATT0004,"Nắng tán xạ, chịu được nắng trực tiếp"
CCNPLT0210,CCNATT0005,Tưới nước 4 – 5 lần/ngày
CCNPLT0211,CCNATT0000,Scheffera Octophylla
CCNPLT0211,CCNATT0001,Ngũ gia bì
CCNPLT0211,CCNATT0002,Chiều cao 30 ~ 40 cm
CCNPLT0211,CCNATT0003,Dễ chăm sóc
CCNPLT0211,CCNATT0004,"Nắng tán xạ, chịu được nắng trực tiếp"
CCNPLT0211,CCNATT0005,"Ít nước, 2 – 3 lần/tuần"
CCNPLT0212,CCNATT0000,Monstera Borsigiana
CCNPLT0212,CCNATT0001,Trầu bà Nam Mỹ
CCNPLT0212,CCNATT0002,"Kích thước chậu: 30x40cm (DxC)
Chiều cao tổng: 60 – 70 cm"
CCNPLT0212,CCNATT0003,Dễ chăm sóc
CCNPLT0212,CCNATT0004,"Nắng tán xạ, chịu được nắng trực tiếp"
CCNPLT0212,CCNATT0005,Tưới nước 2 – 3 lần/tuần
CCNPLT0213,CCNATT0000,Radermachera Sinica
CCNPLT0213,CCNATT0001,Cây hạnh phúc
CCNPLT0213,CCNATT0002,"Kích thước chậu: 35x42cm (DxC)
Chiều cao tổng: 160 – 170 cm"
CCNPLT0213,CCNATT0003,Dễ chăm sóc
CCNPLT0213,CCNATT0004,"Nắng tán xạ, chịu được nắng trực tiếp"
CCNPLT0213,CCNATT0005,Tưới nước 2 – 3 lần/tuần
CCNPLT0214,CCNATT0000,Anthurium andreanum Pink
CCNPLT0214,CCNATT0001,Cây hồng môn
CCNPLT0214,CCNATT0002,Chiều cao 30 – 40 cm
CCNPLT0214,CCNATT0003,Dễ chăm sóc
CCNPLT0214,CCNATT0004,Nắng tán xạ / Chịu râm mát
CCNPLT0214,CCNATT0005,Tưới nước 2 – 3 lần/lần
CCNPLT0215,CCNATT0000,Yucca silver
CCNPLT0215,CCNATT0001,Cây dứa diệp tiễn / Thùa bạc
CCNPLT0215,CCNATT0002,"• Kích thước tán: 35 – 40cm
• Chiều cao: 35 – 40cm"
CCNPLT0215,CCNATT0003,Dễ chăm sóc
CCNPLT0215,CCNATT0004,Nắng tán xạ / Nơi râm mát
CCNPLT0215,CCNATT0005,Tưới nước 2 – 3 lần/tuần
CCNPLT0216,CCNATT0000,Dieffenbachia seguine Mars
CCNPLT0216,CCNATT0001,Cây sao sáng
CCNPLT0216,CCNATT0002,"• Kích thước tán: 35 – 40cm
• Chiều cao: 35 – 40cm"
CCNPLT0216,CCNATT0003,Dễ chăm sóc
CCNPLT0216,CCNATT0004,Nắng tán xạ / Nơi râm mát
CCNPLT0216,CCNATT0005,Tưới nước 2 – 3 lần/tuần
CCNPLT0217,CCNATT0000,Aglaonema ‘Pink Lady’
CCNPLT0217,CCNATT0001,Cây hồng phát lộc
CCNPLT0217,CCNATT0002,"• Kích thước tán: 35 – 40cm
• Chiều cao: 35 – 40cm"
CCNPLT0217,CCNATT0003,Dễ chăm sóc
CCNPLT0217,CCNATT0004,Nắng tán xạ / Nơi râm mát
CCNPLT0217,CCNATT0005,Tưới nước 2 – 3 lần/tuần
CCNPLT0218,CCNATT0000,Aglaonema ‘Pink Lady’
CCNPLT0218,CCNATT0001,Cây hồng phát lộc
CCNPLT0218,CCNATT0002,"• Kích thước tán: 35 – 40cm
• Chiều cao: 35 – 40cm"
CCNPLT0218,CCNATT0003,Dễ chăm sóc
CCNPLT0218,CCNATT0004,Nắng tán xạ / Nơi râm mát
CCNPLT0218,CCNATT0005,Tưới nước 2 – 3 lần/tuần
CCNPLT0219,CCNATT0000,Ficus Triangularis Variegata
CCNPLT0219,CCNATT0001,Đa tam phúc
CCNPLT0219,CCNATT0002,"• Kích thước tán: 35 – 40cm
• Chiều cao: 35 – 40cm"
CCNPLT0219,CCNATT0003,Dê chăm sóc
CCNPLT0219,CCNATT0004,Nắng tán xạ / Nơi râm mát
CCNPLT0219,CCNATT0005,Tưới nước 2 – 3 lần/tuần
CCNPLT0220,CCNATT0000,Aglaonema ‘Red Stardust’
CCNPLT0220,CCNATT0001,Cây như ý
CCNPLT0220,CCNATT0002,"• Kích thước tán: 35 – 40cm
• Chiều cao: 35 – 40cm"
CCNPLT0220,CCNATT0003,Dê chăm sóc
CCNPLT0220,CCNATT0004,Nắng tán xạ / Nơi râm mát
CCNPLT0220,CCNATT0005,Thay nước 2 – 3 lần/tháng
CCNPLT0221,CCNATT0000,Aglaonema ‘Pink Legacy’
CCNPLT0221,CCNATT0001,Cây cung điện vàng
CCNPLT0221,CCNATT0002,"• Kích thước tán: 35 – 40cm
• Chiều cao: 35 – 40cm"
CCNPLT0221,CCNATT0003,Dê chăm sóc
CCNPLT0221,CCNATT0004,Nắng tán xạ / Nơi râm mát
CCNPLT0221,CCNATT0005,Thay nước 2 – 3 lần/tháng
CCNPLT0222,CCNATT0000,Aglaonema ‘Red Star’
CCNPLT0222,CCNATT0001,Cây hồng phát lộc
CCNPLT0222,CCNATT0002,"• Kích thước tán: 10 – 15 cm
• Chiều cao tổng: 30 – 35 cm"
CCNPLT0222,CCNATT0003,Trung bình
CCNPLT0222,CCNATT0004,Nắng tán xạ / Nơi râm mát
CCNPLT0222,CCNATT0005,Thay nước 2 – 3 lần/tháng
CCNPLT0223,CCNATT0000,Aglaonema ‘Red Anjamani’
CCNPLT0223,CCNATT0001,Cây hồng phát lộc
CCNPLT0223,CCNATT0002,"• Kích thước tán: 35 – 40cm
• Chiều cao: 35 – 40cm"
CCNPLT0223,CCNATT0003,Dễ chăm sóc
CCNPLT0223,CCNATT0004,Nắng tán xạ / Nơi râm mát
CCNPLT0223,CCNATT0005,Tưới nước 2 – 3 lần/tuần
CCNPLT0224,CCNATT0000,Aglaonema ‘Pink Lady’
CCNPLT0224,CCNATT0001,Cây hồng phát lộc
CCNPLT0224,CCNATT0002,"• Kích thước tán: 35 – 40cm
• Chiều cao: 35 – 40cm"
CCNPLT0224,CCNATT0003,Dễ chăm sóc
CCNPLT0224,CCNATT0004,Nắng tán xạ / Nơi râm mát
CCNPLT0224,CCNATT0005,Tưới nước 2 – 3 lần/tuần
CCNPLT0225,CCNATT0000,Aglaonema ‘Pink Butterfly’
CCNPLT0225,CCNATT0001,Cây thịnh vượng
CCNPLT0225,CCNATT0002,"• Kích thước tán: 35 – 40cm
• Chiều cao: 35 – 40cm"
CCNPLT0225,CCNATT0003,Dễ chăm sóc
CCNPLT0225,CCNATT0004,Nắng tán xạ / Nơi râm mát
CCNPLT0225,CCNATT0005,Tưới nước 2 – 3 lần/tuần
CCNPLT0226,CCNATT0000,Aglaonema ‘Red Panama
CCNPLT0226,CCNATT0001,Cây hồng ngân
CCNPLT0226,CCNATT0002,"• Kích thước tán: 35 – 40cm
• Chiều cao: 35 – 40cm"
CCNPLT0226,CCNATT0003,Dễ chăm sóc
CCNPLT0226,CCNATT0004,Nắng tán xạ / Nơi râm mát
CCNPLT0226,CCNATT0005,Tưới nước 2 – 3 lần/tuần
CCNPLT0227,CCNATT0000,Aglaonema ‘Ivy Green’
CCNPLT0227,CCNATT0001,Cây tiểu bạch mã hoàng tử
CCNPLT0227,CCNATT0002,"• Kích thước tán: 40 – 50cm
• Chiều cao: 30 – 35 cm"
CCNPLT0227,CCNATT0003,Dễ chăm sóc
CCNPLT0227,CCNATT0004,Nắng tán xạ / Nơi râm mát
CCNPLT0227,CCNATT0005,Tưới nước 2 – 3 lần/tuần
CCNPLT0228,CCNATT0000,Dieffenbachia ‘Tropic Marianne’
CCNPLT0228,CCNATT0001,Cây thiên hoàng
CCNPLT0228,CCNATT0002,"• Kích thước tán: 35 – 40cm
• Chiều cao: 35 – 40cm"
CCNPLT0228,CCNATT0003,Dễ chăm sóc
CCNPLT0228,CCNATT0004,Nắng tán xạ / Nơi râm mát
CCNPLT0228,CCNATT0005,Tưới nước 2 – 3 lần/tuần
CCNPLT0229,CCNATT0000,Aglaonema ‘Ivy Green’
CCNPLT0229,CCNATT0001,Cây tiểu bạch mã hoàng tử
CCNPLT0229,CCNATT0002,"• Kích thước tán: 20 – 25cm
• Chiều cao: 30 – 35 cm"
CCNPLT0229,CCNATT0003,Dễ chăm sóc
CCNPLT0229,CCNATT0004,Nắng tán xạ / Nơi râm mát
CCNPLT0229,CCNATT0005,Tưới nước 2 – 3 lần/tuần
CCNPLT0230,CCNATT0000,Ficus Elastica Tineke
CCNPLT0230,CCNATT0001,Đa búp đỏ cẩm thạch
CCNPLT0230,CCNATT0002,Chiều cao 30 – 40cm
CCNPLT0230,CCNATT0003,Rất dễ chăm sóc
CCNPLT0230,CCNATT0004,Ánh sáng tán xạ
CCNPLT0230,CCNATT0005,Tưới nước 2 – 3 lần/tuần
CCNPLT0231,CCNATT0000,Codiaeum variegatum
CCNPLT0231,CCNATT0001,Cây cô tòng đuôi lươn
CCNPLT0231,CCNATT0002,"• Kích thước tán: 30 – 40cm
• Chiều cao: 40 – 50 cm"
CCNPLT0231,CCNATT0003,Dễ chăm sóc
CCNPLT0231,CCNATT0004,Nắng trực tiếp / Nắng tán xạ
CCNPLT0231,CCNATT0005,"• Ngoài trời: Tưới nước hằng ngày
• Trong nhà: 3 – 4 lần/tuần"
CCNPLT0232,CCNATT0000,Codiaeum variegatum ‘Petra’
CCNPLT0232,CCNATT0001,Cây cô tòng lá mít
CCNPLT0232,CCNATT0002,"• Kích thước tán: 30cm
• Chiều cao: 30 – 40 cm"
CCNPLT0232,CCNATT0003,Dễ chăm sóc
CCNPLT0232,CCNATT0004,Nắng trực tiếp / Nắng tán xạ
CCNPLT0232,CCNATT0005,"• Ngoài trời: Tưới nước hằng ngày
• Trong nhà: 3 – 4 lần/tuần"
CCNPLT0233,CCNATT0000,Aglaonema ‘Suksom’
CCNPLT0233,CCNATT0001,Cây vạn lộc đỏ
CCNPLT0233,CCNATT0002,Chiều cao: 30 – 40 cm
CCNPLT0233,CCNATT0003,Dễ chăm sóc
CCNPLT0233,CCNATT0004,Nắng tán xạ / Bóng râm
CCNPLT0233,CCNATT0005,Tưới nước 3 – 4 lần/tuần
CCNPLT0234,CCNATT0000,Aglaonema Super White
CCNPLT0234,CCNATT0001,Cây ngọc bích
CCNPLT0234,CCNATT0002,Chiều cao: 20 – 30cm
CCNPLT0234,CCNATT0003,Dễ chăm sóc
CCNPLT0234,CCNATT0004,Ánh sáng tán xạ; Tránh ánh nắng trực tiếp
CCNPLT0234,CCNATT0005,Tưới nước 2 – 3 lần/tuần
CCNPLT0235,CCNATT0000,Scheffera Octophylla
CCNPLT0235,CCNATT0001,Ngũ gia bì cẩm thạch
CCNPLT0235,CCNATT0002,Chiều cao 20 – 30 cm
CCNPLT0235,CCNATT0003,Dễ chăm sóc
CCNPLT0235,CCNATT0004,"Nắng tán xạ, chịu được nắng trực tiếp"
CCNPLT0235,CCNATT0005,Tưới nước 2 – 3 lần/tuần
CCNPLT0236,CCNATT0000,Radermachera Sinica
CCNPLT0236,CCNATT0001,Cây hạnh phúc
CCNPLT0236,CCNATT0002,Chiều cao: 60 – 80 cm
CCNPLT0236,CCNATT0003,Dễ chăm sóc
CCNPLT0236,CCNATT0004,"Nắng tán xạ, chịu được nắng trực tiếp"
CCNPLT0236,CCNATT0005,Tưới nước 2 – 3 lần/tuần
CCNPLT0237,CCNATT0000,Aglaonema red ‘Sumatra’
CCNPLT0237,CCNATT0001,Cây bao thanh thiên
CCNPLT0237,CCNATT0002,Chiều cao: 30 – 40 cm
CCNPLT0237,CCNATT0003,Rất dễ chăm sóc
CCNPLT0237,CCNATT0004,Nắng tán xạ / Bóng râm
CCNPLT0237,CCNATT0005,Tưới nước 3 – 4 lần/tuần
CCNPLT0238,CCNATT0000,Philodendron Brazil Carnival
CCNPLT0238,CCNATT0001,Trầu bà Brazil
CCNPLT0238,CCNATT0002,"Chiều cao: 60 – 70 cm
Kích thước tán: 50 – 60 cm"
CCNPLT0238,CCNATT0003,Rất dễ chăm sóc
CCNPLT0238,CCNATT0004,Nắng tán xạ / Bóng râm
CCNPLT0238,CCNATT0005,Tưới nước 3 – 4 lần/tuần
CCNPLT0239,CCNATT0000,Philodendron burle marx var
CCNPLT0239,CCNATT0001,Trầu bà tỷ phú cẩm thạch
CCNPLT0239,CCNATT0002,"Chiều cao: 60 – 70 cm
Kích thước tán: 50 – 60 cm"
CCNPLT0239,CCNATT0003,Rất dễ chăm sóc
CCNPLT0239,CCNATT0004,Nắng tán xạ / Bóng râm
CCNPLT0239,CCNATT0005,Tưới nước 3 – 4 lần/tuần
CCNPLT0240,CCNATT0000,Aglaonema Morodoklok
CCNPLT0240,CCNATT0001,Cây sao sáng lá đậm
CCNPLT0240,CCNATT0002,"Chiều cao: 30 – 40 cm
Kích thước tán: 40 – 60 cm"
CCNPLT0240,CCNATT0003,Rất dễ chăm sóc
CCNPLT0240,CCNATT0004,Nắng tán xạ / Bóng râm
CCNPLT0240,CCNATT0005,Tưới nước 3 – 4 lần/tuần
CCNPLT0241,CCNATT0000,Chlorophytum orchidastrum
CCNPLT0241,CCNATT0001,Cây phượng hoàng lửa / Lục thảo lan
CCNPLT0241,CCNATT0002,Chiều cao 30 – 40 cm
CCNPLT0241,CCNATT0003,Rất dễ chăm sóc
CCNPLT0241,CCNATT0004,Nắng tán xạ / Bóng râm
CCNPLT0241,CCNATT0005,Tưới nước 3 – 4 lần/tuần
CCNPLT0242,CCNATT0000,Philodendron Birkin
CCNPLT0242,CCNATT0001,Trầu bà đế vương kim cương
CCNPLT0242,CCNATT0002,Chiều cao 20 – 25 cm
CCNPLT0242,CCNATT0003,Dễ chăm sóc
CCNPLT0242,CCNATT0004,Nắng tán xạ
CCNPLT0242,CCNATT0005,Tưới nước 2 – 3 lần/tuần
CCNPLT0243,CCNATT0000,Philodendron Imperial ‘Rojo Congo’
CCNPLT0243,CCNATT0001,Cây trầu bà đế vương vàng
CCNPLT0243,CCNATT0002,"• Kích thước tán: 15 – 20cm
• Chiều cao: 15 – 20cm"
CCNPLT0243,CCNATT0003,Dễ chăm sóc
CCNPLT0243,CCNATT0004,Nắng tán xạ / Bóng râm
CCNPLT0243,CCNATT0005,Tưới nước 2 – 3 lần/tuần
CCNPLT0244,CCNATT0000,Philodendron Imperial Green
CCNPLT0244,CCNATT0001,Cây trầu bà đế vương vàng
CCNPLT0244,CCNATT0002,"• Kích thước tán: 15 – 20cm
• Chiều cao: 15 – 20cm"
CCNPLT0244,CCNATT0003,Dễ chăm sóc
CCNPLT0244,CCNATT0004,Nắng tán xạ / Bóng râm
CCNPLT0244,CCNATT0005,Tưới nước 2 – 3 lần/tuần
CCNPLT0245,CCNATT0000,Philodendron Imperial Golden
CCNPLT0245,CCNATT0001,Cây trầu bà đế vương vàng
CCNPLT0245,CCNATT0002,"• Kích thước tán: 15 – 20cm
• Chiều cao: 15 – 20cm"
CCNPLT0245,CCNATT0003,Dễ chăm sóc
CCNPLT0245,CCNATT0004,Nắng tán xạ / Bóng râm
CCNPLT0245,CCNATT0005,Tưới nước 2 – 3 lần/tuần
CCNPLT0246,CCNATT0000,Philodendron Imperial Red
CCNPLT0246,CCNATT0001,Cây trầu bà đế vương đỏ
CCNPLT0246,CCNATT0002,"• Kích thước tán: 30 – 35 cm
• Chiều cao: 10 ~ 15 cm"
CCNPLT0246,CCNATT0003,Dễ chăm sóc
CCNPLT0246,CCNATT0004,Nắng tán xạ / Bóng râm
CCNPLT0246,CCNATT0005,Tưới nước 2 – 3 lần/tuần
CCNPLT0247,CCNATT0000,Asplenium antiquum ‘Osaka’
CCNPLT0247,CCNATT0001,Cây dương xỉ tổ chim Nhật Bản
CCNPLT0247,CCNATT0002,"• Chiều cao 10 – 15 cm
• Đường kính tán 20 – 30cm"
CCNPLT0247,CCNATT0003,Rất dễ chăm sóc
CCNPLT0247,CCNATT0004,Nắng tán xạ / Bóng râm
CCNPLT0247,CCNATT0005,Tưới nước 2 – 3 lần/tuần
CCNPLT0248,CCNATT0000,Calathea Musaica
CCNPLT0248,CCNATT0001,Cây đuôi công ‘Network’
CCNPLT0248,CCNATT0003,Dễ chăm sóc
CCNPLT0248,CCNATT0004,Nắng tán xạ / Nơi râm mát
CCNPLT0248,CCNATT0005,Tưới nước 2 – 3 lần/tuần
CCNPLT0248,CCNATT0006,Chiều cao 10 – 15 cm
CCNPLT0249,CCNATT0000,Calathea Orbifolia
CCNPLT0249,CCNATT0001,Cây đuôi công táo xanh
CCNPLT0249,CCNATT0003,Dễ chăm sóc
CCNPLT0249,CCNATT0004,Ít sáng / Bóng râm / Tán xạ
CCNPLT0249,CCNATT0005,Thay nước 2 – 3  lần/tháng
CCNPLT0249,CCNATT0006,"Chiều cao: 20 ~ 25 cm
Tán rộng 20 ~ 30 cm"
CCNPLT0250,CCNATT0000,Ficus lyrata
CCNPLT0250,CCNATT0001,Cây bàng Singapore
CCNPLT0250,CCNATT0002,Chiều cao 50 – 60 cm
CCNPLT0250,CCNATT0003,Dễ chăm sóc
CCNPLT0250,CCNATT0004,"Nắng tán xạ, chịu được nắng trực tiếp"
CCNPLT0250,CCNATT0005,Tưới nước 2 – 3 lần/tuần
CCNPLT0251,CCNATT0000,Ficus lyrata
CCNPLT0251,CCNATT0001,Cây bàng Singapore
CCNPLT0251,CCNATT0002,Chiều cao 20 ~ 30 cm
CCNPLT0251,CCNATT0003,Dễ chăm sóc
CCNPLT0251,CCNATT0004,"Nắng tán xạ, chịu được nắng trực tiếp"
CCNPLT0251,CCNATT0005,Tưới nước 2 – 3 lần/tuần
CCNPLT0252,CCNATT0000,Radermachera Sinica
CCNPLT0252,CCNATT0001,Cây hạnh phúc
CCNPLT0252,CCNATT0002,"• Kích thước chậu: 28x42cm (DxC)
• Chiều cao tổng: 90 – 100 cm"
CCNPLT0252,CCNATT0003,Dễ chăm sóc
CCNPLT0252,CCNATT0004,"Nắng tán xạ, chịu được nắng trực tiếp"
CCNPLT0252,CCNATT0005,Tưới nước 2 – 3 lần/tuần
CCNPLT0253,CCNATT0000,Zamioculcas Zamiifolia
CCNPLT0253,CCNATT0001,Cây kim tiền / Kim phát tài
CCNPLT0253,CCNATT0002,Chiều cao tổng: 20~30 cm
CCNPLT0253,CCNATT0003,Dễ chăm sóc
CCNPLT0253,CCNATT0004,"Nắng tán xạ, chịu được nắng trực tiếp"
CCNPLT0253,CCNATT0005,Tưới nước 2 – 3 lần/tuần
CCNPLT0254,CCNATT0000,Ficus Elastica Tineke
CCNPLT0254,CCNATT0001,Đa búp đỏ cẩm thạch
CCNPLT0254,CCNATT0002,Chiều cao 10 – 15cm
CCNPLT0254,CCNATT0003,Rất dễ chăm sóc
CCNPLT0254,CCNATT0004,Ánh sáng tán xạ
CCNPLT0254,CCNATT0005,Tưới nước 2 – 3 lần/tuần
CCNPLT0255,CCNATT0000,Radermachera Sinica
CCNPLT0255,CCNATT0001,Cây hạnh phúc
CCNPLT0255,CCNATT0002,"• Kích thước chậu: 33x45cm (DxC)
• Chiều cao tổng: 150 – 160 cm"
CCNPLT0255,CCNATT0003,Dễ chăm sóc
CCNPLT0255,CCNATT0004,"Nắng tán xạ, chịu được nắng trực tiếp"
CCNPLT0255,CCNATT0005,Tưới nước 2 – 3 lần/tuần
CCNPLT0256,CCNATT0000,Thaumatophyllum bipinnatifidum
CCNPLT0256,CCNATT0001,Cây trầu bà thanh xuân / Cây trầu bà tay Phật
CCNPLT0256,CCNATT0002,"Kích thước chậu: 35×42 cm (DxC)
Chiều cao tổng 150 – 160cm"
CCNPLT0256,CCNATT0003,Dễ chăm sóc
CCNPLT0256,CCNATT0004,Nắng tán xạ / Bóng râm
CCNPLT0256,CCNATT0005,"Ít tưới nước, 2 – 3 lần/tuần"
CCNPLT0257,CCNATT0000,Dracaena reflexa
CCNPLT0257,CCNATT0001,Trúc bách hợp
CCNPLT0257,CCNATT0002,"Kích thước chậu: 33×45 cm
Chiều cao tổng: 100 – 130 cm"
CCNPLT0257,CCNATT0003,Dễ chăm sóc
CCNPLT0257,CCNATT0004,"Nắng tán xạ, chịu được nắng trực tiếp"
CCNPLT0257,CCNATT0005,"Ít nước, 2 – 3 lần/tuần"
CCNPLT0258,CCNATT0000,Radermachera Sinica
CCNPLT0258,CCNATT0001,Cây hạnh phúc
CCNPLT0258,CCNATT0002,Chiều cao 120 – 140 cm
CCNPLT0258,CCNATT0003,Dễ chăm sóc
CCNPLT0258,CCNATT0004,"Nắng tán xạ, chịu được nắng trực tiếp"
CCNPLT0258,CCNATT0005,Tưới nước 2 – 3 lần/tuần
CCNPLT0259,CCNATT0000,Radermachera Sinica
CCNPLT0259,CCNATT0001,Cây hạnh phúc
CCNPLT0259,CCNATT0002,Chiều cao 120 – 140 cm
CCNPLT0259,CCNATT0003,Dễ chăm sóc
CCNPLT0259,CCNATT0004,"Nắng tán xạ, chịu được nắng trực tiếp"
CCNPLT0259,CCNATT0005,Tưới nước 2 – 3 lần/tuần
CCNPLT0260,CCNATT0000,Epipremnum Aureum ‘Njoy Pothos’
CCNPLT0260,CCNATT0001,Cây trầu bà cẩm thạch / Trầu bà sữa
CCNPLT0260,CCNATT0002,Chiều dài 40 – 50 cm
CCNPLT0260,CCNATT0003,Dễ chăm sóc
CCNPLT0260,CCNATT0004,Ánh sáng tán xạ; Chịu được khuất sáng
CCNPLT0260,CCNATT0005,Tưới nước 2 – 3  lần/tuần
CCNPLT0261,CCNATT0000,Dieffenbachia tiki
CCNPLT0261,CCNATT0001,Cây tuyết trắng
CCNPLT0261,CCNATT0002,Chiều cao 40cm
CCNPLT0261,CCNATT0003,Dễ chăm sóc
CCNPLT0261,CCNATT0004,Ánh sáng tán xạ; Chịu được khuất sáng
CCNPLT0261,CCNATT0005,Tưới nước 2 – 3  lần/tuần
CCNPLT0262,CCNATT0000,Philodendron Imperial Green
CCNPLT0262,CCNATT0001,Cây trầu bà đế vương xanh
CCNPLT0262,CCNATT0002,"Kích thước chậu: 35×40 cm (DxC)
Chiều cao tổng 80 ~ 90 cm"
CCNPLT0262,CCNATT0003,Dễ chăm sóc
CCNPLT0262,CCNATT0004,Nắng tán xạ / Bóng râm
CCNPLT0262,CCNATT0005,Tưới nước 2 – 3 lần/tuần
CCNPLT0263,CCNATT0000,Philodendron Imperial Golden
CCNPLT0263,CCNATT0001,Cây trầu bà đế vương vàng
CCNPLT0263,CCNATT0002,"• Kích thước chậu: 22×24 (DxC)
• Chiều cao tổng: 40 – 45cm"
CCNPLT0263,CCNATT0003,Dễ chăm sóc
CCNPLT0263,CCNATT0004,Nắng tán xạ / Bóng râm
CCNPLT0263,CCNATT0005,Tưới nước 2 – 3 lần/tuần
CCNPLT0264,CCNATT0000,Calathea Roseopicta ‘Marion’
CCNPLT0264,CCNATT0001,Cây đuôi công
CCNPLT0264,CCNATT0003,Vừa phải
CCNPLT0264,CCNATT0004,Nắng tán xạ / Chịu râm mát
CCNPLT0264,CCNATT0005,Tưới nước 4 – 5 lần/tuần
CCNPLT0264,CCNATT0006,"Kích thước chậu:
Chiều cao tổng: 40 -–50 cm"
CCNPLT0265,CCNATT0000,Zamioculcas Zamiifolia
CCNPLT0265,CCNATT0001,Cây kim tiền / Kim phát tài
CCNPLT0265,CCNATT0002,"Kích thước châu: 15×16 cm
Chiều cao tổng: 40~50 cm"
CCNPLT0265,CCNATT0003,Dễ chăm sóc
CCNPLT0265,CCNATT0004,"Nắng tán xạ, chịu được nắng trực tiếp"
CCNPLT0265,CCNATT0005,"Ít nước, 2 – 3 lần/tuần"
CCNPLT0266,CCNATT0000,Maranta leuconeura
CCNPLT0266,CCNATT0001,Cây cầu nguyên
CCNPLT0266,CCNATT0002,"Chiều cao: 10cm
Đường kính tán: 25cm"
CCNPLT0266,CCNATT0003,Dễ chăm sóc
CCNPLT0266,CCNATT0004,Ánh sáng tán xạ / Râm mát
CCNPLT0266,CCNATT0005,Tưới nước 4 – 5 lần/tuần
CCNPLT0267,CCNATT0000,Calathea burle-marxii var
CCNPLT0267,CCNATT0001,Cây đuôi xương cá
CCNPLT0267,CCNATT0003,Dễ chăm sóc
CCNPLT0267,CCNATT0004,Ít sáng / Bóng râm / Tán xạ
CCNPLT0267,CCNATT0005,"Vừa phải, 2 – 3  lần/tuần"
CCNPLT0267,CCNATT0006,"Chiều cao: 20 ~ 25 cm
Tán rộng 20 ~ 30 cm"
CCNPLT0268,CCNATT0000,Calathea Warscewiczii
CCNPLT0268,CCNATT0001,Cây đuôi công
CCNPLT0268,CCNATT0003,Trung bình
CCNPLT0268,CCNATT0004,Nắng tán xạ / Chịu râm mát
CCNPLT0268,CCNATT0005,Tưới nước 5 – 6 lần/tuần
CCNPLT0268,CCNATT0006,Chiều cao 40 – 50 cm
CCNPLT0269,CCNATT0000,Calathea Roseopicta ‘Marion’
CCNPLT0269,CCNATT0001,Cây đuôi công
CCNPLT0269,CCNATT0003,Vừa phải
CCNPLT0269,CCNATT0004,Nắng tán xạ
CCNPLT0269,CCNATT0005,"Ít nước, 2 – 3 lần/tuần"
CCNPLT0269,CCNATT0006,Chiều cao 40 -–50 cm
CCNPLT0270,CCNATT0000,Calathea roseopicta Dottie
CCNPLT0270,CCNATT0001,Cây đuôi công tím
CCNPLT0270,CCNATT0003,Trung bình
CCNPLT0270,CCNATT0004,Nắng tán xạ / Chịu râm mát
CCNPLT0270,CCNATT0005,Tưới nước 4 – 5 lần/tuần
CCNPLT0270,CCNATT0006,Cao 10 – 20 cm
CCNPLT0271,CCNATT0000,Calathea roseopicta Green Goddess
CCNPLT0271,CCNATT0001,Đuôi công nữ thần xanh
CCNPLT0271,CCNATT0002,Chiều cao 10 – 15 cm
CCNPLT0271,CCNATT0003,Dễ chăm sóc
CCNPLT0271,CCNATT0004,"Nắng tán xạ, chịu bóng mát"
CCNPLT0271,CCNATT0005,4 – 5 lần/tuần
CCNPLT0272,CCNATT0000,Ficus lyrata ‘Bambino’
CCNPLT0272,CCNATT0001,Cây bàng Singapore lá nhỏ
CCNPLT0272,CCNATT0002,Chiều cao 70 ~ 80 cm
CCNPLT0272,CCNATT0003,Dễ chăm sóc
CCNPLT0272,CCNATT0004,"Nắng tán xạ, chịu được nắng trực tiếp"
CCNPLT0272,CCNATT0005,"Ít nước, 2 – 3 lần/tuần"
CCNPLT0273,CCNATT0000,Philodendron billietiae
CCNPLT0273,CCNATT0001,Cây hồng hạc chân cam
CCNPLT0273,CCNATT0002,"Kích thước chậu: 32×25 cm (DxC)
Kích thước lá: 45 ~ 50 cm"
CCNPLT0273,CCNATT0003,Dễ chăm sóc
CCNPLT0273,CCNATT0004,"Nắng tán xạ, chịu được nắng trực tiếp"
CCNPLT0273,CCNATT0005,"Ít nước, 2 – 3 lần/tuần"
CCNPLT0274,CCNATT0000,Philodendron billietiae
CCNPLT0274,CCNATT0001,Cây hồng hạc chân cam
CCNPLT0274,CCNATT0002,"Chiều cao 40 ~ 50 cm
Kích thước lá: 45 ~ 50 cm"
CCNPLT0274,CCNATT0003,Dễ chăm sóc
CCNPLT0274,CCNATT0004,"Nắng tán xạ, chịu được nắng trực tiếp"
CCNPLT0274,CCNATT0005,"Ít nước, 2 – 3 lần/tuần"
CCNPLT0275,CCNATT0000,Anthurium andreanum
CCNPLT0275,CCNATT0001,Cây hồng môn
CCNPLT0275,CCNATT0002,Chiều cao 20 – 30 cm
CCNPLT0275,CCNATT0003,Dễ chăm sóc
CCNPLT0275,CCNATT0004,Nắng tán xạ / Chịu râm mát
CCNPLT0275,CCNATT0005,Tưới nước 2 – 3 lần/lần
CCNPLT0276,CCNATT0000,Nephrolepis cordifolia
CCNPLT0276,CCNATT0001,Dương xỉ lá me / Ráng cốt cắt
CCNPLT0276,CCNATT0002,Chiều cao: 30~40 cm
CCNPLT0276,CCNATT0003,Rất dễ chăm sóc
CCNPLT0276,CCNATT0004,"Nắng tán xạ, chịu được nắng trực tiếp"
CCNPLT0276,CCNATT0005,"Ít nước, 2 – 3 lần/tuần"
CCNPLT0277,CCNATT0000,Nephrolepis cordifolia
CCNPLT0277,CCNATT0001,Dương xỉ lá me / Ráng cốt cắt
CCNPLT0277,CCNATT0002,Chiều cao: 30~40 cm
CCNPLT0277,CCNATT0003,Rất dễ chăm sóc
CCNPLT0277,CCNATT0004,"Nắng tán xạ, chịu được nắng trực tiếp"
CCNPLT0277,CCNATT0005,"Ít nước, 2 – 3 lần/tuần"
CCNPLT0278,CCNATT0000,Chrysalidocarpus lutescens Wendl
CCNPLT0278,CCNATT0001,Cau vàng Nhật Bản
CCNPLT0278,CCNATT0002,Chiều cao ~160 cm
CCNPLT0278,CCNATT0003,Dễ chăm sóc
CCNPLT0278,CCNATT0004,"Nắng tán xạ, chịu được nắng trực tiếp"
CCNPLT0278,CCNATT0005,"Ít nước, 2 – 3 lần/tuần"
CCNPLT0279,CCNATT0000,Chrysalidocarpus lutescens Wendl
CCNPLT0279,CCNATT0001,Cau lụa vàng Nhật Bản
CCNPLT0279,CCNATT0002,Chiều cao ~120 cm
CCNPLT0279,CCNATT0003,Dễ chăm sóc
CCNPLT0279,CCNATT0004,"Nắng tán xạ, chịu được nắng trực tiếp"
CCNPLT0279,CCNATT0005,"Ít nước, 2 – 3 lần/tuần"
CCNPLT0280,CCNATT0000,Zamioculcas Zamiifolia
CCNPLT0280,CCNATT0001,Cây kim tiền / Kim phát tài
CCNPLT0280,CCNATT0002,"Kích thước châu: 30×60 cm
Chiều cao tổng: 110~120 cm"
CCNPLT0280,CCNATT0003,Dễ chăm sóc
CCNPLT0280,CCNATT0004,"Nắng tán xạ, chịu được nắng trực tiếp"
CCNPLT0280,CCNATT0005,"Ít nước, 2 – 3 lần/tuần"
CCNPLT0281,CCNATT0000,Araucaria angustifolia
CCNPLT0281,CCNATT0001,Cây tùng bách tán
CCNPLT0281,CCNATT0002,Chiều cao 30 ~ 40 cm
CCNPLT0281,CCNATT0003,Dễ chăm sóc
CCNPLT0281,CCNATT0004,"Nắng tán xạ, chịu được nắng trực tiếp"
CCNPLT0281,CCNATT0005,"Ít nước, 2 – 3 lần/tuần"
CCNPLT0282,CCNATT0000,Philodendron billietiae
CCNPLT0282,CCNATT0001,Cây hồng hạc chân cam
CCNPLT0282,CCNATT0002,"Chiều cao 30 ~ 40 cm
Kích thước lá: 20 cm"
CCNPLT0282,CCNATT0003,Dễ chăm sóc
CCNPLT0282,CCNATT0004,"Nắng tán xạ, chịu được nắng trực tiếp"
CCNPLT0282,CCNATT0005,"Ít nước, 2 – 3 lần/tuần"
CCNPLT0283,CCNATT0000,Scheffera Octophylla
CCNPLT0283,CCNATT0001,Ngũ gia bì
CCNPLT0283,CCNATT0002,Chiều cao 30 ~ 40 cm
CCNPLT0283,CCNATT0003,Dễ chăm sóc
CCNPLT0283,CCNATT0004,"Nắng tán xạ, chịu được nắng trực tiếp"
CCNPLT0283,CCNATT0005,"Ít nước, 2 – 3 lần/tuần"
CCNPLT0284,CCNATT0000,Ficus lyrata
CCNPLT0284,CCNATT0001,Cây bàng Singapore
CCNPLT0284,CCNATT0002,Chiều cao 70 ~ 80 cm
CCNPLT0284,CCNATT0003,Dễ chăm sóc
CCNPLT0284,CCNATT0004,"Nắng tán xạ, chịu được nắng trực tiếp"
CCNPLT0284,CCNATT0005,"Ít nước, 2 – 3 lần/tuần"
CCNPLT0285,CCNATT0000,Radermachera Sinica
CCNPLT0285,CCNATT0001,Cây hạnh phúc
CCNPLT0285,CCNATT0002,"• Kích thước chậu: 30x40cm (DxC)
• Chiều cao tổng: 80 – 100 cm"
CCNPLT0285,CCNATT0003,Dễ chăm sóc
CCNPLT0285,CCNATT0004,"Nắng tán xạ, chịu được nắng trực tiếp"
CCNPLT0285,CCNATT0005,Tưới nước 2 – 3 lần/tuần
CCNPLT0286,CCNATT0000,Scheffera Octophylla
CCNPLT0286,CCNATT0001,Ngũ gia bì
CCNPLT0286,CCNATT0002,Chiều cao 30 ~ 40 cm
CCNPLT0286,CCNATT0003,Dễ chăm sóc
CCNPLT0286,CCNATT0004,"Nắng tán xạ, chịu được nắng trực tiếp"
CCNPLT0286,CCNATT0005,"Ít nước, 2 – 3 lần/tuần"
CCNPLT0287,CCNATT0000,Scheffera Octophylla
CCNPLT0287,CCNATT0001,Ngũ gia bì
CCNPLT0287,CCNATT0002,Chiều cao 30 ~ 40 cm
CCNPLT0287,CCNATT0003,Dễ chăm sóc
CCNPLT0287,CCNATT0004,"Nắng tán xạ, chịu được nắng trực tiếp"
CCNPLT0287,CCNATT0005,"Ít nước, 2 – 3 lần/tuần"
CCNPLT0288,CCNATT0000,Chrysalidocarpus lutescens Wendl
CCNPLT0288,CCNATT0001,Cau lụa vàng Nhật Bản
CCNPLT0288,CCNATT0002,Chiều cao ~160 cm
CCNPLT0288,CCNATT0003,Dễ chăm sóc
CCNPLT0288,CCNATT0004,"Nắng tán xạ, chịu được nắng trực tiếp"
CCNPLT0288,CCNATT0005,"Ít nước, 2 – 3 lần/tuần"
CCNPLT0289,CCNATT0000,Chrysalidocarpus lutescens Wendl
CCNPLT0289,CCNATT0001,Cau lụa vàng Nhật Bản
CCNPLT0289,CCNATT0002,Chiều cao ~160 cm
CCNPLT0289,CCNATT0003,Dễ chăm sóc
CCNPLT0289,CCNATT0004,"Nắng tán xạ, chịu được nắng trực tiếp"
CCNPLT0289,CCNATT0005,"Ít nước, 2 – 3 lần/tuần"
CCNPLT0290,CCNATT0000,Ficus lyrata
CCNPLT0290,CCNATT0001,Cây bàng Singapore
CCNPLT0290,CCNATT0002,Chiều cao 50 – 60 cm
CCNPLT0290,CCNATT0003,Dễ chăm sóc
CCNPLT0290,CCNATT0004,"Nắng tán xạ, chịu được nắng trực tiếp"
CCNPLT0290,CCNATT0005,Tưới nước 2 – 3 lần/tuần
CCNPLT0291,CCNATT0000,Zamioculcas zamiifolia
CCNPLT0291,CCNATT0001,Cây kim tiền / Cây kim phát tài
CCNPLT0291,CCNATT0002,Chiều cao 60 – 80cm
CCNPLT0291,CCNATT0003,Dễ chăm sóc
CCNPLT0291,CCNATT0004,Nắng tán xạ hoặc trực tiếp
CCNPLT0291,CCNATT0005,"Ít nước, 2 – 3 lần/tuần"
CCNPLT0292,CCNATT0000,Ficus lyrata
CCNPLT0292,CCNATT0001,Bàng Singapore / Sung tỳ bà
CCNPLT0292,CCNATT0003,Dễ chăm sóc
CCNPLT0292,CCNATT0004,Nắng trực tiếp / Ánh sáng tán xạ
CCNPLT0292,CCNATT0005,"Ít nước, 2 – 3 lần/tuần"
CCNPLT0292,CCNATT0006,Chiều cao tổng: 100 – 120 cm
CCNPLT0293,CCNATT0000,Pachira aquatica
CCNPLT0293,CCNATT0001,Cây kim ngân
CCNPLT0293,CCNATT0002,Chiều cao 180 – 200 cm
CCNPLT0293,CCNATT0003,Dễ chăm sóc
CCNPLT0293,CCNATT0004,Ánh sáng tán xạ; Nắng trực tiếp
CCNPLT0293,CCNATT0005,Tưới ít nước (2 lần/tuần)
CCNPLT0294,CCNATT0000,Pachira aquatica
CCNPLT0294,CCNATT0001,Cây kim ngân
CCNPLT0294,CCNATT0002,Chiều cao 40cm
CCNPLT0294,CCNATT0003,Dễ chăm sóc
CCNPLT0294,CCNATT0004,Ánh sáng tán xạ; Nắng trực tiếp
CCNPLT0294,CCNATT0005,Tưới ít nước (2 lần/tuần)
CCNPLT0295,CCNATT0000,Pachira aquatica
CCNPLT0295,CCNATT0001,Cây kim ngân
CCNPLT0295,CCNATT0002,Chiều cao 40cm
CCNPLT0295,CCNATT0003,Dễ chăm sóc
CCNPLT0295,CCNATT0004,Ánh sáng tán xạ; Nắng trực tiếp
CCNPLT0295,CCNATT0005,Tưới ít nước (2 lần/tuần)
CCNPLT0296,CCNATT0000,Pachira aquatica
CCNPLT0296,CCNATT0001,Cây kim ngân
CCNPLT0296,CCNATT0003,Dễ chăm sóc
CCNPLT0296,CCNATT0004,Nắng tán xạ / Chịu râm mát
CCNPLT0296,CCNATT0005,Thay nước 2 – 3 lần/tháng
CCNPLT0296,CCNATT0006,Chiều cao 50 – 60 cm
CCNPLT0297,CCNATT0000,Ficus lyrata
CCNPLT0297,CCNATT0001,Bàng Singapore / Sung tỳ bà
CCNPLT0297,CCNATT0003,Dễ chăm sóc
CCNPLT0297,CCNATT0004,Nắng trực tiếp / Ánh sáng tán xạ
CCNPLT0297,CCNATT0005,"Ít nước, 2 – 3 lần/tuần"
CCNPLT0297,CCNATT0006,"Kích thước chậu: 40×35 cm (DxC)
Chiều cao tổng: 150 – 160 cm"
CCNPLT0298,CCNATT0000,Ficus lyrata
CCNPLT0298,CCNATT0001,Bàng Singapore / Sung tỳ bà
CCNPLT0298,CCNATT0003,Dễ chăm sóc
CCNPLT0298,CCNATT0004,Nắng trực tiếp / Ánh sáng tán xạ
CCNPLT0298,CCNATT0005,"Ít nước, 2 – 3 lần/tuần"
CCNPLT0298,CCNATT0006,"Kích thước chậu: 40×35 cm (DxC)
Chiều cao tổng: 150 – 160 cm"
CCNPLT0299,CCNATT0000,Ficus lyrata
CCNPLT0299,CCNATT0001,Bàng Singapore / Sung tỳ bà
CCNPLT0299,CCNATT0003,Dễ chăm sóc
CCNPLT0299,CCNATT0004,Nắng trực tiếp / Ánh sáng tán xạ
CCNPLT0299,CCNATT0005,"Ít nước, 2 – 3 lần/tuần"
CCNPLT0299,CCNATT0006,"Kích thước chậu: 40×40 cm (DxC)
Chiều cao tổng: 160 – 180 cm"
CCNPLT0300,CCNATT0000,Zamioculcas Zamiifolia
CCNPLT0300,CCNATT0001,Cây kim tiền
CCNPLT0300,CCNATT0002,"Kích thước châu: 35×51 cm
Chiều cao tổng: 90~100 cm"
CCNPLT0300,CCNATT0003,Dễ chăm sóc
CCNPLT0300,CCNATT0004,"Nắng tán xạ, chịu được nắng trực tiếp"
CCNPLT0300,CCNATT0005,"Ít nước, 2 – 3 lần/tuần"
CCNPLT0301,CCNATT0000,Ficus lyrata
CCNPLT0301,CCNATT0001,Bàng Singapore / Sung tỳ bà
CCNPLT0301,CCNATT0003,Dễ chăm sóc
CCNPLT0301,CCNATT0004,Nắng trực tiếp / Ánh sáng tán xạ
CCNPLT0301,CCNATT0005,"Ít nước, 2 – 3 lần/tuần"
CCNPLT0301,CCNATT0006,"Kích thước chậu: 30×30 cm (DxC)
Chiều cao 160 – 180 cm"
CCNPLT0302,CCNATT0000,Ficus lyrata
CCNPLT0302,CCNATT0001,Bàng Singapore / Sung tỳ bà
CCNPLT0302,CCNATT0003,Dễ chăm sóc
CCNPLT0302,CCNATT0004,Nắng trực tiếp / Ánh sáng tán xạ
CCNPLT0302,CCNATT0005,Tưới nước 2 – 3 lần/tuần
CCNPLT0302,CCNATT0006,"• Kích thước chậu: 40×60 cm (DxC)
• Chiều cao tổng 120 – 130 cm"
CCNPLT0303,CCNATT0000,Ficus lyrata
CCNPLT0303,CCNATT0001,Cây bàng Singapore
CCNPLT0303,CCNATT0002,"Kích thước: 34×45 cm (DxH)
Chiều cao tổng: 150 – 160 cm"
CCNPLT0303,CCNATT0003,Dễ chăm sóc
CCNPLT0303,CCNATT0004,"Nắng tán xạ, chịu được nắng trực tiếp"
CCNPLT0303,CCNATT0005,"Ít nước, 2 – 3 lần/tuần"
CCNPLT0304,CCNATT0000,Ficus lyrata
CCNPLT0304,CCNATT0001,Cây bàng Singapore
CCNPLT0304,CCNATT0002,"Kích thước chậu: 25×25 cm (DxH)
Chiều cao tổng: 90 – 100 cm"
CCNPLT0304,CCNATT0003,Dễ chăm sóc
CCNPLT0304,CCNATT0004,"Nắng tán xạ, chịu được nắng trực tiếp"
CCNPLT0304,CCNATT0005,Tưới nước 2 – 3 lần/tuần
CCNPLT0305,CCNATT0000,Ficus lyrata
CCNPLT0305,CCNATT0001,Cây bàng Singapore
CCNPLT0305,CCNATT0002,"Kích thước chậu: 23×21 cm (DxH)
Chiều cao tổng: 60 – 70 cm"
CCNPLT0305,CCNATT0003,Dễ chăm sóc
CCNPLT0305,CCNATT0004,"Nắng tán xạ, chịu được nắng trực tiếp"
CCNPLT0305,CCNATT0005,"Ít nước, 2 – 3 lần/tuần"
CCNPLT0306,CCNATT0000,Ficus lyrata
CCNPLT0306,CCNATT0001,Cây bàng Singapore
CCNPLT0306,CCNATT0002,"Kích thước chậu: 15×15 cm
Chiều cao tổng: ~40 cm"
CCNPLT0306,CCNATT0003,Dễ chăm sóc
CCNPLT0306,CCNATT0004,"Nắng tán xạ, chịu được nắng trực tiếp"
CCNPLT0306,CCNATT0005,"Ít nước, 2 – 3 lần/tuần"
CCNPLT0307,CCNATT0000,Ficus lyrata
CCNPLT0307,CCNATT0001,Bàng singapore / Sung tỳ bà
CCNPLT0307,CCNATT0003,Dễ chăm sóc
CCNPLT0307,CCNATT0004,Chịu được nắng trực tiếp
CCNPLT0307,CCNATT0005,"Ít nước, 2 – 3 lần/tuần"
CCNPLT0307,CCNATT0006,Chiều cao ~20 cm
CCNPLT0308,CCNATT0000,Ficus lyrata
CCNPLT0308,CCNATT0001,Bàng singapore / Sung tỳ bà
CCNPLT0308,CCNATT0003,Dễ chăm sóc
CCNPLT0308,CCNATT0004,Chịu được nắng trực tiếp
CCNPLT0308,CCNATT0005,"Ít nước, 2 – 3 lần/tuần"
CCNPLT0308,CCNATT0006,Chiều cao ~20 cm
CCNPLT0309,CCNATT0000,Ficus lyrata
CCNPLT0309,CCNATT0001,Bàng singapore / Sung tỳ bà
CCNPLT0309,CCNATT0003,Dễ chăm sóc
CCNPLT0309,CCNATT0004,Nắng tán xạ
CCNPLT0309,CCNATT0005,Tưới nước 2 – 3 lần/tuần
CCNPLT0309,CCNATT0006,"• Kích thước chậu: 12x11cm (DxC)
• Chiều cao ~20 cm"
CCNPLT0310,CCNATT0000,Zamioculcas Zamiifolia
CCNPLT0310,CCNATT0001,Cây kim tiền
CCNPLT0310,CCNATT0002,"Kích thước chậu: 40×50
Chiều cao tổng: 110 ~ 120 cm"
CCNPLT0310,CCNATT0003,Dễ chăm sóc
CCNPLT0310,CCNATT0004,"Nắng tán xạ, chịu được nắng trực tiếp"
CCNPLT0310,CCNATT0005,"Ít nước, 2 – 3 lần/tuần"
CCNPLT0311,CCNATT0000,Zamioculcas zamiifolia
CCNPLT0311,CCNATT0001,Cây kim tiền
CCNPLT0311,CCNATT0002,"Kích thước chậu: 25×45 cm
Chiều cao chậu + cây: 110 ~ 120 cm"
CCNPLT0311,CCNATT0003,Dễ chăm sóc
CCNPLT0311,CCNATT0004,"Nắng tán xạ, chịu được nắng trực tiếp"
CCNPLT0311,CCNATT0005,"Ít nước, 2 – 3 lần/tuần"
CCNPLT0312,CCNATT0000,Zamioculcas zamiifolia
CCNPLT0312,CCNATT0001,Cây kim tiền
CCNPLT0312,CCNATT0002,"Kích thước chậu: 40×75 cm
Chiều cao chậu + cây: 110 ~ 120 cm"
CCNPLT0312,CCNATT0003,Dễ chăm sóc
CCNPLT0312,CCNATT0004,"Nắng tán xạ, chịu được nắng trực tiếp"
CCNPLT0312,CCNATT0005,"Ít nước, 2 – 3 lần/tuần"
CCNPLT0313,CCNATT0000,Zamioculcas zamiifolia
CCNPLT0313,CCNATT0001,Cây kim tiền
CCNPLT0313,CCNATT0002,"• Kích thước chậu: 20×15 cm (DxC)
• Chiều cao tổng: ~45 cm"
CCNPLT0313,CCNATT0003,Dễ chăm sóc
CCNPLT0313,CCNATT0004,Nắng tán xạ / Chịu râm mát tốt
CCNPLT0313,CCNATT0005,Tưới nước 2 – 3 lần/tuần
CCNPLT0314,CCNATT0000,Zamioculcas zamiifolia
CCNPLT0314,CCNATT0001,Cây kim tiền / Cây kim phát tài
CCNPLT0314,CCNATT0002,Chiều cao 20 – 30cm
CCNPLT0314,CCNATT0003,Dễ chăm sóc
CCNPLT0314,CCNATT0004,Nắng tán xạ hoặc trực tiếp
CCNPLT0314,CCNATT0005,"Ít nước, 2 – 3 lần/tuần"
CCNPLT0315,CCNATT0000,Zamioculcas zamiifolia
CCNPLT0315,CCNATT0001,Cây kim tiền / Cây kim phát tài
CCNPLT0315,CCNATT0002,Chiều cao 20 – 30cm
CCNPLT0315,CCNATT0003,Dễ chăm sóc
CCNPLT0315,CCNATT0004,Nắng tán xạ hoặc trực tiếp
CCNPLT0315,CCNATT0005,"Ít nước, 2 – 3 lần/tuần"
CCNPLT0316,CCNATT0000,Zamioculcas zamiifolia
CCNPLT0316,CCNATT0001,Cây kim tiền
CCNPLT0316,CCNATT0003,Dễ chăm sóc
CCNPLT0316,CCNATT0004,Nắng tán xạ hoặc trực tiếp
CCNPLT0316,CCNATT0005,"Ít nước, 2 – 3 lần/tuần"
CCNPLT0316,CCNATT0006,Chiều cao 20 – 30 cm
CCNPLT0317,CCNATT0000,Pachira aquatica
CCNPLT0317,CCNATT0001,Cây kim ngân
CCNPLT0317,CCNATT0002,"• Kích thước chậu: 12×11 cm (DxC)
• Chiều cao tổng: 30cm"
CCNPLT0317,CCNATT0003,Dễ chăm sóc
CCNPLT0317,CCNATT0004,Ánh sáng tán xạ / Râm mát
CCNPLT0317,CCNATT0005,Tưới nước 2 – 3 lần/tuần
CCNPLT0318,CCNATT0000,Pachira aquatica
CCNPLT0318,CCNATT0001,Cây kim ngân
CCNPLT0318,CCNATT0003,Dễ chăm sóc
CCNPLT0318,CCNATT0004,Nắng tán xạ / Chịu râm mát
CCNPLT0318,CCNATT0005,Tưới nước 2 – 3 lần/tuần
CCNPLT0318,CCNATT0006,"• Kích thước chậu: 15x14cm (DxC)
• Chiều cao tổng: 35 – 40 cm"
CCNPLT0319,CCNATT0000,Pachira aquatica
CCNPLT0319,CCNATT0001,Cây kim ngân
CCNPLT0319,CCNATT0003,Dễ chăm sóc
CCNPLT0319,CCNATT0004,Nắng tán xạ / Chịu râm mát
CCNPLT0319,CCNATT0005,Thay nước 2 – 3 lần/tháng
CCNPLT0319,CCNATT0006,Cao 40 – 60 cm
CCNPLT0320,CCNATT0000,Pachira aquatica
CCNPLT0320,CCNATT0001,Cây kim ngân
CCNPLT0320,CCNATT0002,Chiều cao 50cm
CCNPLT0320,CCNATT0003,Dễ chăm sóc
CCNPLT0320,CCNATT0004,Ánh sáng tán xạ; Nắng trực tiếp
CCNPLT0320,CCNATT0005,Vừa phải (2 lần/tuần)
CCNPLT0321,CCNATT0000,Lonicera periclymenum
CCNPLT0321,CCNATT0001,Cây kim ngân
CCNPLT0321,CCNATT0002,Cao 30 – 40 cm
CCNPLT0321,CCNATT0003,Dễ chăm sóc
CCNPLT0321,CCNATT0004,"Nắng tán xạ, chịu được nắng trực tiếp"
CCNPLT0321,CCNATT0005,"Ít nước, 2 – 3 lần/tuần"
CCNPLT0322,CCNATT0000,Calathea concinna
CCNPLT0322,CCNATT0001,Đuôi công xương cá
CCNPLT0322,CCNATT0002,Chiều cao: 45cm – Tán: 25cm
CCNPLT0322,CCNATT0003,Dễ chăm sóc
CCNPLT0322,CCNATT0004,Ánh sáng tán xạ; Chịu được khuất sáng
CCNPLT0322,CCNATT0005,Tưới vừa phải (2 lần/tuần)
CCNPLT0323,CCNATT0000,Calathea concinna
CCNPLT0323,CCNATT0001,Đuôi công xương cá
CCNPLT0323,CCNATT0002,Chiều cao: 45cm – Tán: 25cm
CCNPLT0323,CCNATT0003,Dễ chăm sóc
CCNPLT0323,CCNATT0004,Ánh sáng tán xạ; Chịu được khuất sáng
CCNPLT0323,CCNATT0005,Tưới vừa phải (2 lần/tuần)
CCNPLT0324,CCNATT0000,Syngonium podophyllum
CCNPLT0324,CCNATT0001,Cây tróc bạc hồng
CCNPLT0324,CCNATT0003,Dễ chăm sóc
CCNPLT0324,CCNATT0004,Nắng tán xạ / Chịu râm mát
CCNPLT0324,CCNATT0005,Thay nước 2 – 3 lần/tháng
CCNPLT0324,CCNATT0006,Chiều cao 30 – 40 cm
CCNPLT0325,CCNATT0000,Syngonium podophyllum
CCNPLT0325,CCNATT0001,Cây tróc bạc xanh
CCNPLT0325,CCNATT0003,Dễ chăm sóc
CCNPLT0325,CCNATT0004,Nắng tán xạ / Chịu râm mát
CCNPLT0325,CCNATT0005,Thay nước 2 – 3 lần/tháng
CCNPLT0325,CCNATT0006,Chiều cao 30 – 40 cm
CCNPLT0326,CCNATT0000,Epipremnum aureum
CCNPLT0326,CCNATT0001,Cây trầu bà tỷ phú
CCNPLT0326,CCNATT0003,Dễ chăm sóc
CCNPLT0326,CCNATT0004,Nắng tán xạ / Chịu râm mát
CCNPLT0326,CCNATT0005,Thay nước 2 – 3 lần/tháng
CCNPLT0326,CCNATT0006,Cao 30 – 40 cm
CCNPLT0327,CCNATT0000,Calathea roseopicta Dottie
CCNPLT0327,CCNATT0001,Cây đuôi công tím
CCNPLT0327,CCNATT0003,Trung bình
CCNPLT0327,CCNATT0004,Nắng tán xạ / Chịu râm mát
CCNPLT0327,CCNATT0005,Thay nước 2 – 3 lần/tháng
CCNPLT0327,CCNATT0006,Cao 20 – 30 cm
CCNPLT0328,CCNATT0000,Calathea merak
CCNPLT0328,CCNATT0001,Cây đuôi công sọc xanh
CCNPLT0328,CCNATT0003,Dễ chăm sóc
CCNPLT0328,CCNATT0004,Nắng tán xạ / Chịu râm mát
CCNPLT0328,CCNATT0005,Thay nước 2 – 3 lần/tháng
CCNPLT0328,CCNATT0006,Cao 40 – 60 cm
CCNPLT0329,CCNATT0000,Calathea makoyana
CCNPLT0329,CCNATT0001,Cây đuôi công đốm
CCNPLT0329,CCNATT0003,Dễ chăm sóc
CCNPLT0329,CCNATT0004,Nắng tán xạ / Chịu râm mát
CCNPLT0329,CCNATT0005,Thay nước 2 – 3 lần/tháng
CCNPLT0329,CCNATT0006,Cao 40 – 60 cm
CCNPLT0330,CCNATT0000,Dracaena marginata Tricolor
CCNPLT0330,CCNATT0001,Cây huyết dụ kiếm
CCNPLT0330,CCNATT0002,Chiều cao 80 cm
CCNPLT0330,CCNATT0003,Dễ chăm sóc
CCNPLT0330,CCNATT0004,"Nắng tán xạ, chịu được nắng trực tiếp"
CCNPLT0330,CCNATT0005,"Ít nước, 2 – 3 lần/tuần"
CCNPLT0331,CCNATT0000,Alocasia Amazonica Polly
CCNPLT0331,CCNATT0001,Môn quan âm
CCNPLT0331,CCNATT0002,Cao 20 – 30 cm
CCNPLT0331,CCNATT0003,Dễ chăm sóc
CCNPLT0331,CCNATT0004,Nắng tán xạ
CCNPLT0331,CCNATT0005,"Ít nước, 2 – 3 lần/tuần"
CCNPLT0332,CCNATT0000,Peperomia obtusifolia var
CCNPLT0332,CCNATT0001,Cây trường sinh cẩm thạch
CCNPLT0332,CCNATT0003,Dễ chăm sóc
CCNPLT0332,CCNATT0004,Nắng tán xạ / Chịu râm mát
CCNPLT0332,CCNATT0005,Tưới nước 2 – 3 lần/tuần
CCNPLT0332,CCNATT0006,"• Kích thước chậu: 12x11cm (DxC)
• Chiều cao 20 – 30 cm"
CCNPLT0333,CCNATT0000,Philodendron Paraiso
CCNPLT0333,CCNATT0001,Philodendron Paraiso
CCNPLT0333,CCNATT0002,Cỡ lá 10 – 15 cm
CCNPLT0333,CCNATT0003,Dễ chăm sóc
CCNPLT0333,CCNATT0004,Nắng tán xạ
CCNPLT0333,CCNATT0005,"Ít nước, 2 – 3 lần/tuần"
CCNPLT0334,CCNATT0000,Philodendron Gigas
CCNPLT0334,CCNATT0001,Philodendron Gigas
CCNPLT0334,CCNATT0002,Cỡ lá 10 – 15 cm
CCNPLT0334,CCNATT0003,Dễ chăm sóc
CCNPLT0334,CCNATT0004,Nắng tán xạ
CCNPLT0334,CCNATT0005,"Ít nước, 2 – 3 lần/tuần"
CCNPLT0335,CCNATT0000,Licuala grandis
CCNPLT0335,CCNATT0001,Cọ Nhật
CCNPLT0335,CCNATT0002,Chiều cao cây: 90cm
CCNPLT0335,CCNATT0003,Dễ chăm sóc
CCNPLT0335,CCNATT0004,"Nắng tán xạ, chịu được nắng trực tiếp"
CCNPLT0335,CCNATT0005,Tưới nước: 2 – 3 lần/tuần
CCNPLT0336,CCNATT0000,Syngonium Pink
CCNPLT0336,CCNATT0001,Tróc bạc hồng
CCNPLT0336,CCNATT0002,Cao 25 – 35 cm
CCNPLT0336,CCNATT0003,Dễ chăm sóc
CCNPLT0336,CCNATT0004,Nắng tán xạ.
CCNPLT0336,CCNATT0005,"Ít nước, 2 – 3 lần/tuần"
CCNPLT0337,CCNATT0000,Aglaonema “Diamond Bay”
CCNPLT0337,CCNATT0001,Cây hoàng hậu
CCNPLT0337,CCNATT0002,Chiều cao 90 – 100 cm
CCNPLT0337,CCNATT0003,Dễ chăm sóc
CCNPLT0337,CCNATT0004,Nắng tán xạ
CCNPLT0337,CCNATT0005,"Ít nước, 2 – 3 lần/tuần"
CCNPLT0338,CCNATT0000,Aglaonema “Diamond Bay”
CCNPLT0338,CCNATT0001,Cây hoàng hậu
CCNPLT0338,CCNATT0002,Cao 30 – 40 cm
CCNPLT0338,CCNATT0003,Dễ chăm sóc
CCNPLT0338,CCNATT0004,Nắng tán xạ
CCNPLT0338,CCNATT0005,"Ít nước, 2 – 3 lần/tuần"
CCNPLT0339,CCNATT0000,Monstera Pinnatipartita
CCNPLT0339,CCNATT0001,Trầu bà hạnh phúc
CCNPLT0339,CCNATT0002,Cao 40 – 60 cm
CCNPLT0339,CCNATT0003,Dễ chăm sóc
CCNPLT0339,CCNATT0004,Nắng tán xạ.
CCNPLT0339,CCNATT0005,"Ít nước, 2 – 3 lần/tuần"
CCNPLT0340,CCNATT0000,Asplenium pavati
CCNPLT0340,CCNATT0001,Dương xỉ Hà Lan
CCNPLT0340,CCNATT0002,"• Kích thước chậu: 15x14cm (DxC)
• Chiều cao: 25cm – Tán: 15cm"
CCNPLT0340,CCNATT0003,Dễ chăm sóc
CCNPLT0340,CCNATT0004,"Nắng tán xạ, chịu được nắng trực tiếp"
CCNPLT0340,CCNATT0005,"Ít nước, 2 – 3 lần/tuần"
CCNPLT0341,CCNATT0000,Calathea Orbifolia
CCNPLT0341,CCNATT0001,Đuôi công táo xanh
CCNPLT0341,CCNATT0002,Cao 35 – 45 cm
CCNPLT0341,CCNATT0003,Dễ chăm sóc
CCNPLT0341,CCNATT0004,"Nắng tán xạ, chịu được nắng trực tiếp"
CCNPLT0341,CCNATT0005,"Ít nước, 2 – 3 lần/tuần"
CCNPLT0342,CCNATT0000,Calathea Concinna
CCNPLT0342,CCNATT0001,Đuôi công xương cá
CCNPLT0342,CCNATT0002,Chiều cao: 45cm – Tán: 25cm
CCNPLT0342,CCNATT0003,Dễ chăm sóc
CCNPLT0342,CCNATT0004,"Nắng tán xạ, chịu được nắng trực tiếp"
CCNPLT0342,CCNATT0005,"Ít nước, 3 – 5 lần/tuần"
CCNPLT0343,CCNATT0000,Blechnum gibbum Silver Lady
CCNPLT0343,CCNATT0001,Dương xỉ phượng hoàng
CCNPLT0343,CCNATT0002,Chiều cao 90 – 100cm
CCNPLT0343,CCNATT0003,Dễ chăm sóc
CCNPLT0343,CCNATT0004,"Nắng tán xạ, chịu được nắng trực tiếp"
CCNPLT0343,CCNATT0005,"Ít nước, 2 – 3 lần/tuần"
CCNPLT0344,CCNATT0000,Philodendron Mayoi
CCNPLT0344,CCNATT0001,Philodendron Mayoi
CCNPLT0344,CCNATT0002,Chiều cao 90 – 100cm
CCNPLT0344,CCNATT0003,Dễ chăm sóc
CCNPLT0344,CCNATT0004,"Nắng tán xạ, chịu được nắng trực tiếp"
CCNPLT0344,CCNATT0005,"Ít nước, 2 – 3 lần/tuần"
CCNPLT0345,CCNATT0000,Aglaonema “Diamond Bay”
CCNPLT0345,CCNATT0001,Cây hoàng hậu
CCNPLT0345,CCNATT0002,Cao 30 – 40 cm
CCNPLT0345,CCNATT0003,Dễ chăm sóc
CCNPLT0345,CCNATT0004,Nắng tán xạ
CCNPLT0345,CCNATT0005,"Ít nước, 2 – 3 lần/tuần"
CCNPLT0346,CCNATT0000,Chamaedorea elegans
CCNPLT0346,CCNATT0001,Cau tiểu trâm
CCNPLT0346,CCNATT0002,"• Kích thước chậu: 12x11cm (DxC)
• Chiều cao tổng: 30 – 35 cm"
CCNPLT0346,CCNATT0003,Dễ chăm sóc
CCNPLT0346,CCNATT0004,Ánh sáng tán xạ
CCNPLT0346,CCNATT0005,Tưới nước 2 – 3 lần/tuần)
CCNPLT0347,CCNATT0000,Calathea Orbifolia
CCNPLT0347,CCNATT0001,Đuôi công táo xanh
CCNPLT0347,CCNATT0002,Chiều cao 35 – 45 cm
CCNPLT0347,CCNATT0003,Dễ chăm sóc
CCNPLT0347,CCNATT0004,"Nắng tán xạ, chịu được nắng trực tiếp"
CCNPLT0347,CCNATT0005,"Ít nước, 2 – 3 lần/tuần"
CCNPLT0348,CCNATT0000,Podocarpus brevifolius
CCNPLT0348,CCNATT0001,Tùng la hán
CCNPLT0348,CCNATT0002,Chiều cao: 15 cm
CCNPLT0348,CCNATT0003,Dễ chăm sóc
CCNPLT0348,CCNATT0004,Ánh sáng tán xạ
CCNPLT0348,CCNATT0005,Tưới nước 1 – 2 lần/tuần
CCNPLT0349,CCNATT0000,Sansevieria trifasciata
CCNPLT0349,CCNATT0001,Lưỡi hổ vàng
CCNPLT0349,CCNATT0002,Chiều cao cây + chậu: 40 – 50 cm
CCNPLT0349,CCNATT0003,Dễ chăm sóc
CCNPLT0349,CCNATT0004,"Nắng tán xạ, chịu được thiếu nắng"
CCNPLT0349,CCNATT0005,"Ít nước, 2 – 3 lần/tuần"
CCNPLT0350,CCNATT0000,Cedrus
CCNPLT0350,CCNATT0001,Cây tuyết tùng
CCNPLT0350,CCNATT0002,Cao 15 – 20cm gồm chậu
CCNPLT0350,CCNATT0003,Dễ chăm sóc
CCNPLT0350,CCNATT0004,"Nắng tán xạ, chịu được nắng trực tiếp"
CCNPLT0350,CCNATT0005,"Ít nước, 2 – 3 lần/tuần"
CCNPLT0351,CCNATT0000,Chamaedorea elegans
CCNPLT0351,CCNATT0001,Cau tiểu trâm
CCNPLT0351,CCNATT0002,Chiều cao: 10 cm
CCNPLT0351,CCNATT0003,Dễ chăm sóc
CCNPLT0351,CCNATT0004,Ánh sáng tán xạ
CCNPLT0351,CCNATT0005,Ít tưới (1 – 2 lần/tuần)
CCNPLT0352,CCNATT0000,Calathea Makoyana
CCNPLT0352,CCNATT0001,Đuôi công lá đốm
CCNPLT0352,CCNATT0002,Cao 25 – 35 cm
CCNPLT0352,CCNATT0003,Dễ chăm sóc
CCNPLT0352,CCNATT0004,"Nắng tán xạ, chịu được nắng trực tiếp"
CCNPLT0352,CCNATT0005,"Ít nước, 2 – 3 lần/tuần"
CCNPLT0353,CCNATT0000,Aglaonema Anjamani red
CCNPLT0353,CCNATT0001,Cây vạn lộc son
CCNPLT0353,CCNATT0002,Chiều cao 20 – 30 cm
CCNPLT0353,CCNATT0003,"Trung bình, dễ thối lá"
CCNPLT0353,CCNATT0004,Nắng tán xạ / Nơi râm mát
CCNPLT0353,CCNATT0005,Tưới nước 2 – 3 lần/lần
CCNPLT0354,CCNATT0000,Calathea Makoyana
CCNPLT0354,CCNATT0001,Đuôi công lá đốm
CCNPLT0354,CCNATT0002,Cao 25 – 35 cm
CCNPLT0354,CCNATT0003,Dễ chăm sóc
CCNPLT0354,CCNATT0004,"Nắng tán xạ, chịu được nắng trực tiếp"
CCNPLT0354,CCNATT0005,"Ít nước, 2 – 3 lần/tuần"
CCNPLT0355,CCNATT0001,Cây quà tặng
CCNPLT0355,CCNATT0002,"Kích thước chậu: 20cm
Kích thước cây: 25cm"
CCNPLT0355,CCNATT0003,Dễ chăm sóc
CCNPLT0355,CCNATT0004,Ánh sáng tán xạ
CCNPLT0355,CCNATT0012,2 ~ 3 lần/tuần
CCNPLT0356,CCNATT0001,Cây quà tặng
CCNPLT0356,CCNATT0002,"Kích thước chậu: 20cm
Kích thước cây: 25cm"
CCNPLT0356,CCNATT0003,Dễ chăm sóc
CCNPLT0356,CCNATT0004,Ánh sáng tán xạ
CCNPLT0356,CCNATT0012,2 ~ 3 lần/tuần
CCNPLT0357,CCNATT0001,Cây quà tặng
CCNPLT0357,CCNATT0002,"Kích thước chậu: 20cm
Kích thước cây: 25cm"
CCNPLT0357,CCNATT0003,Dễ chăm sóc
CCNPLT0357,CCNATT0004,Ánh sáng tán xạ
CCNPLT0357,CCNATT0012,2 ~ 3 lần/tuần
CCNPLT0358,CCNATT0001,Cây quà tặng
CCNPLT0358,CCNATT0002,"Kích thước chậu: 20cm
Kích thước cây: 25cm"
CCNPLT0358,CCNATT0003,Dễ chăm sóc
CCNPLT0358,CCNATT0004,Ánh sáng tán xạ
CCNPLT0358,CCNATT0012,2 ~ 3 lần/tuần
CCNPLT0359,CCNATT0000,Caladium Hilo Beauty
CCNPLT0359,CCNATT0001,Môn lính
CCNPLT0359,CCNATT0002,Cao 20 – 30 cm
CCNPLT0359,CCNATT0003,Dễ chăm sóc
CCNPLT0359,CCNATT0004,Nắng tán xạ
CCNPLT0359,CCNATT0005,"Ít nước, 2 – 3 lần/tuần"
CCNPLT0360,CCNATT0000,Calathea Makoyana
CCNPLT0360,CCNATT0001,Đuôi công lá đốm / Đuôi công khổng tước
CCNPLT0360,CCNATT0002,"• Kích thước chậu: 14x14cm (DxC)
• Chiều cao 25 – 35 cm"
CCNPLT0360,CCNATT0003,Dễ chăm sóc / Chịu hạn tốt
CCNPLT0360,CCNATT0004,Nắng tán xạ / Chịu râm mát
CCNPLT0360,CCNATT0005,Tước nước 2 – 3 lần/tuần
CCNPLT0361,CCNATT0000,Philodendron Golden Dragon
CCNPLT0361,CCNATT0001,Trầu rồng
CCNPLT0361,CCNATT0002,Chiều cao 40 – 50cm
CCNPLT0361,CCNATT0003,Dễ chăm sóc
CCNPLT0361,CCNATT0004,"Nắng tán xạ, chịu được nắng trực tiếp"
CCNPLT0361,CCNATT0005,"Ít nước, 2 – 3 lần/tuần"
CCNPLT0362,CCNATT0000,Zamioculcas Zamiifolia
CCNPLT0362,CCNATT0001,Cây kim tiền / Kim phát tài
CCNPLT0362,CCNATT0002,"Kích thước chậu: 30×30 cm
Chiều cao tổng: 50-70 cm"
CCNPLT0362,CCNATT0003,Dễ chăm sóc
CCNPLT0362,CCNATT0004,"Nắng tán xạ, chịu được nắng trực tiếp"
CCNPLT0362,CCNATT0005,"Ít nước, 2 – 3 lần/tuần"
CCNPLT0363,CCNATT0000,Monstera Deliciosa
CCNPLT0363,CCNATT0001,Trầu bà lá xẻ
CCNPLT0363,CCNATT0002,Cao 80 – 100 cm
CCNPLT0363,CCNATT0003,Dễ chăm sóc
CCNPLT0363,CCNATT0004,Nắng tán xạ.
CCNPLT0363,CCNATT0005,"Ít nước, 2 – 3 lần/tuần"
CCNPLT0364,CCNATT0000,Calathea Lancifolia
CCNPLT0364,CCNATT0001,Cây đuôi phụng
CCNPLT0364,CCNATT0002,"• Kích thước lá: 10 – 20cm
• Chiều cao: 25 – 40cm"
CCNPLT0364,CCNATT0003,Dễ chăm sóc
CCNPLT0364,CCNATT0004,Ánh sáng tán xạ / Chịu được râm mát
CCNPLT0364,CCNATT0005,Ít nước 2 3 lần/tuần
CCNPLT0365,CCNATT0000,Calathea Makoyana
CCNPLT0365,CCNATT0001,Đuôi công khổng tước
CCNPLT0365,CCNATT0002,"• Kích thước chậu: 14×14 cm (DxC)
• Chiều cao tổng: 20 – 30 cm"
CCNPLT0365,CCNATT0003,Dễ chăm sóc / Chịu hạn tốt
CCNPLT0365,CCNATT0004,Nắng tán xạ / Chịu râm mát tốt
CCNPLT0365,CCNATT0005,Tưới nước 2 – 3 lần/tuần
CCNPLT0366,CCNATT0000,Pride of Sumatra
CCNPLT0366,CCNATT0001,Bao thanh thiên
CCNPLT0366,CCNATT0002,Cao 30 – 40 cm
CCNPLT0366,CCNATT0003,Dễ chăm sóc
CCNPLT0366,CCNATT0004,Nắng tán xạ
CCNPLT0366,CCNATT0005,"Ít nước, 2 – 3 lần/tuần"
CCNPLT0367,CCNATT0000,Philodendron Pink Princess
CCNPLT0367,CCNATT0001,"• Công chúa hồng
• Pink Princess"
CCNPLT0367,CCNATT0002,Cao 40 – 50 cm
CCNPLT0367,CCNATT0003,Trung bình
CCNPLT0367,CCNATT0004,Ánh sáng tán xạ; Tránh ánh nắng trực tiếp
CCNPLT0367,CCNATT0005,"• Vừa phải
• Đất trồng thông thoáng"
CCNPLT0368,CCNATT0000,Ravenala
CCNPLT0368,CCNATT0001,Chuối kiểng
CCNPLT0368,CCNATT0002,Cao 120 – 150 cm
CCNPLT0368,CCNATT0003,Dễ chăm sóc
CCNPLT0368,CCNATT0004,"Nắng tán xạ, chịu được nắng trực tiếp"
CCNPLT0368,CCNATT0005,"Ít nước, 2 – 3 lần/tuần"
CCNPLT0369,CCNATT0000,Dracaena reflexa
CCNPLT0369,CCNATT0001,Trúc bách hợp
CCNPLT0369,CCNATT0002,Cao 80-100cm
CCNPLT0369,CCNATT0003,Dễ chăm sóc
CCNPLT0369,CCNATT0004,"Nắng tán xạ, chịu được nắng trực tiếp"
CCNPLT0369,CCNATT0005,"Ít nước, 2 – 3 lần/tuần"
CCNPLT0370,CCNATT0000,Bucida Buceras Variegated
CCNPLT0370,CCNATT0001,Bàng Đài Loan cẩm thạch
CCNPLT0370,CCNATT0002,"• Kích thước chậu: 30×30 cm (DxC)
• Chiều cao tổng: 80 – 100 cm"
CCNPLT0370,CCNATT0003,Dễ chăm sóc
CCNPLT0370,CCNATT0004,Nắng trực tiếp / Nắng tán xạ
CCNPLT0370,CCNATT0005,Tưới nước 2 – 3 lần/tuần
CCNPLT0371,CCNATT0000,Ravenala madagascariensis
CCNPLT0371,CCNATT0001,Chuối rẻ quạt
CCNPLT0371,CCNATT0002,Cao 120 – 150 cm
CCNPLT0371,CCNATT0003,Dễ chăm sóc
CCNPLT0371,CCNATT0004,"Nắng tán xạ, chịu được nắng trực tiếp"
CCNPLT0371,CCNATT0005,"Ít nước, 2 – 3 lần/tuần"
CCNPLT0372,CCNATT0000,Dracaena draco
CCNPLT0372,CCNATT0001,Phát tài núi
CCNPLT0372,CCNATT0002,Cao 150 – 160 cm
CCNPLT0372,CCNATT0003,Dễ chăm sóc
CCNPLT0372,CCNATT0004,"Nắng tán xạ, chịu được nắng trực tiếp"
CCNPLT0372,CCNATT0005,"Ít nước, 2 – 3 lần/tuần"
CCNPLT0373,CCNATT0000,Dracaena draco
CCNPLT0373,CCNATT0001,Phát tài núi
CCNPLT0373,CCNATT0002,Cao 150 – 160 cm
CCNPLT0373,CCNATT0003,Dễ chăm sóc
CCNPLT0373,CCNATT0004,"Nắng tán xạ, chịu được nắng trực tiếp"
CCNPLT0373,CCNATT0005,"Ít nước, 2 – 3 lần/tuần"
CCNPLT0374,CCNATT0000,Monstera adansonii
CCNPLT0374,CCNATT0001,Cây Trầu Bà Lỗ
CCNPLT0374,CCNATT0003,Vừa phải
CCNPLT0374,CCNATT0004,Nắng tán xạ
CCNPLT0374,CCNATT0005,"Ít nước, 2 – 3 lần/tuần"
CCNPLT0374,CCNATT0006,Cao 30 – 40 cm
CCNPLT0374,CCNATT0010,Tính axit
CCNPLT0374,CCNATT0011,Có khả năng hấp thu chất độc hại
CCNPLT0375,CCNATT0000,Sansevieria trifasciata
CCNPLT0375,CCNATT0001,Lưỡi hổ ta
CCNPLT0375,CCNATT0002,Chiều cao cây + chậu: 140cm
CCNPLT0375,CCNATT0003,Dễ chăm sóc
CCNPLT0375,CCNATT0004,"Nắng tán xạ, chịu được thiếu nắng"
CCNPLT0375,CCNATT0005,"Ít nước, 2 – 3 lần/tuần"
CCNPLT0376,CCNATT0000,Licuala grandis
CCNPLT0376,CCNATT0001,Cọ Nhật
CCNPLT0376,CCNATT0002,"Chiều cao cây: 90cm
Chiều cao chậu + cây: 130cm"
CCNPLT0376,CCNATT0003,Dễ chăm sóc
CCNPLT0376,CCNATT0004,"Nắng tán xạ, chịu được nắng trực tiếp"
CCNPLT0376,CCNATT0005,"Ít nước, 2 – 3 lần/tuần"
CCNPLT0377,CCNATT0001,Cây văn phòng - cây quà tặng
CCNPLT0377,CCNATT0002,Cao 80-100 cm
CCNPLT0377,CCNATT0003,Dễ chăm sóc
CCNPLT0377,CCNATT0004,"Nắng tán xạ, chịu được nắng trực tiếp"
CCNPLT0377,CCNATT0005,"Ít nước, 2 – 3 lần/tuần"
CCNPLT0378,CCNATT0000,Thaumatophyllum bipinnatifidum
CCNPLT0378,CCNATT0001,Cây trầu bà thanh xuân / Cây trầu bà tay Phật
CCNPLT0378,CCNATT0002,"Kích thước chậu: 24×18 cm (DxC)
Chiều cao tổng 50 – 60cm"
CCNPLT0378,CCNATT0003,Dễ chăm sóc
CCNPLT0378,CCNATT0004,Nắng tán xạ / Bóng râm
CCNPLT0378,CCNATT0005,"Ít tưới nước, 2 – 3 lần/tuần"
CCNPLT0379,CCNATT0000,Caladium lindenii
CCNPLT0379,CCNATT0001,Cây môn thái
CCNPLT0379,CCNATT0002,Chiều 50 – 60cm
CCNPLT0379,CCNATT0003,Dễ chăm sóc
CCNPLT0379,CCNATT0004,"Nắng tán xạ, chịu được nắng trực tiếp"
CCNPLT0379,CCNATT0005,"Ít nước, 2 – 3 lần/tuần"
CCNPLT0380,CCNATT0000,Philodendron Imperial Red
CCNPLT0380,CCNATT0001,Đế vương đỏ
CCNPLT0380,CCNATT0002,Cao 80 – 120 cm
CCNPLT0380,CCNATT0003,Dễ chăm sóc
CCNPLT0380,CCNATT0004,"Nắng tán xạ, chịu được nắng trực tiếp"
CCNPLT0380,CCNATT0005,"Ít nước, 2 – 3 lần/tuần"
CCNPLT0381,CCNATT0000,Dracaena draco L
CCNPLT0381,CCNATT0001,Phát tài núi
CCNPLT0381,CCNATT0002,"• Kích thước chậu: 25x25cm (DxC)
• Chiều cao tổng: 80 – 100 cm"
CCNPLT0381,CCNATT0003,Dễ chăm sóc
CCNPLT0381,CCNATT0004,Nắng tán xạ / Chịu được nắng trực tiếp
CCNPLT0381,CCNATT0005,Tưới nước 2 – 3 lần/tuần
CCNPLT0382,CCNATT0000,Sansevieria trifasciata
CCNPLT0382,CCNATT0001,Lưỡi hổ vàng
CCNPLT0382,CCNATT0002,Chiều cao cây + chậu: 140 – 160 cm
CCNPLT0382,CCNATT0003,Dễ chăm sóc
CCNPLT0382,CCNATT0004,"Nắng tán xạ, chịu được thiếu nắng"
CCNPLT0382,CCNATT0005,"Ít nước, 2 – 3 lần/tuần"
CCNPLT0383,CCNATT0000,Peperomia Caperata
CCNPLT0383,CCNATT0001,Hạnh tiên thảo đỏ
CCNPLT0383,CCNATT0002,Cao 15 – 25 cm
CCNPLT0383,CCNATT0003,Dễ chăm sóc
CCNPLT0383,CCNATT0004,"Nắng tán xạ, chịu được nắng trực tiếp"
CCNPLT0383,CCNATT0005,"Ít nước, 2 – 3 lần/tuần"
CCNPLT0384,CCNATT0000,Ficus elastica
CCNPLT0384,CCNATT0001,Đa búp đỏ
CCNPLT0384,CCNATT0002,Chiều cao 60 – 80cm
CCNPLT0384,CCNATT0003,Rất dễ chăm sóc
CCNPLT0384,CCNATT0004,Ánh sáng tán xạ; Bóng râm
CCNPLT0384,CCNATT0005,"Vừa phải, 2 – 3 lần/tuần"
CCNPLT0385,CCNATT0000,Cheilocostus speciosus
CCNPLT0385,CCNATT0001,Môn chong chóng
CCNPLT0385,CCNATT0002,Cao 30 – 40 cm
CCNPLT0385,CCNATT0003,Dễ chăm sóc
CCNPLT0385,CCNATT0004,Nắng tán xạ
CCNPLT0385,CCNATT0005,"Ít nước, 2 – 3 lần/tuần"
CCNPLT0386,CCNATT0000,Monstera Deliciosa
CCNPLT0386,CCNATT0001,Trầu bà lá xẻ
CCNPLT0386,CCNATT0002,Cao 80 – 100 cm
CCNPLT0386,CCNATT0003,Dễ chăm sóc
CCNPLT0386,CCNATT0004,Nắng tán xạ.
CCNPLT0386,CCNATT0005,"Ít nước, 2 – 3 lần/tuần"
CCNPLT0387,CCNATT0000,Philodendron Birkin
CCNPLT0387,CCNATT0001,Trầu bà đế vương kim cương
CCNPLT0387,CCNATT0002,"Kích thước chậu: 18×15 cm
Chiều cao 35 – 40 cm"
CCNPLT0387,CCNATT0003,Dễ chăm sóc
CCNPLT0387,CCNATT0004,Nắng tán xạ
CCNPLT0387,CCNATT0005,"Ít nước, 2 – 3 lần/tuần"
CCNPLT0388,CCNATT0000,Monstera Deliciosa
CCNPLT0388,CCNATT0001,Trầu bà lá xẻ
CCNPLT0388,CCNATT0002,Cao 80 – 100 cm
CCNPLT0388,CCNATT0003,Dễ chăm sóc
CCNPLT0388,CCNATT0004,Nắng tán xạ.
CCNPLT0388,CCNATT0005,"Ít nước, 2 – 3 lần/tuần"
CCNPLT0389,CCNATT0000,Dracaena draco L
CCNPLT0389,CCNATT0001,Phát tài núi
CCNPLT0389,CCNATT0002,"• Kích thước chậu: 36×30 cm (DxC)
• Chiều cao: 150 – 160 cm"
CCNPLT0389,CCNATT0003,Dễ chăm sóc
CCNPLT0389,CCNATT0004,"Nắng tán xạ, chịu được nắng trực tiếp"
CCNPLT0389,CCNATT0005,Tưới nước 2 – 3 lần/tuần
CCNPLT0390,CCNATT0000,Philodendron splendid
CCNPLT0390,CCNATT0001,Philodendron splendid
CCNPLT0390,CCNATT0002,"Chiều cao cây: 100cm
Kích thước lá: 43cm"
CCNPLT0390,CCNATT0003,Trung bình
CCNPLT0390,CCNATT0004,Nắng tán xạ
CCNPLT0390,CCNATT0005,"Vừa phải, 4 – 5 lần/tuần"
CCNPLT0391,CCNATT0000,Monstera Borsigiana
CCNPLT0391,CCNATT0001,Trầu bà lá xẻ
CCNPLT0391,CCNATT0002,Cao 80 – 100 cm
CCNPLT0391,CCNATT0003,Dễ chăm sóc
CCNPLT0391,CCNATT0004,Nắng tán xạ.
CCNPLT0391,CCNATT0005,"Ít nước, 2 – 3 lần/tuần"
CCNPLT0392,CCNATT0000,Chamaedorea elegans
CCNPLT0392,CCNATT0001,Cau Hawaii
CCNPLT0392,CCNATT0002,"• Kích thước chậu:30x30cm (DxC)
• Chiều cao tổng: 140 – 150 cm"
CCNPLT0392,CCNATT0003,Dễ chăm sóc
CCNPLT0392,CCNATT0004,Nắng tán xạ / Râm mát
CCNPLT0392,CCNATT0005,Tưới nước 2 – 3 lần/tuần
CCNPLT0393,CCNATT0000,Dracaena draco L
CCNPLT0393,CCNATT0001,Phát tài núi
CCNPLT0393,CCNATT0002,"• Kích thước chậu: 32x52cm (DxC)
• Chiều cao tổng: 150 – 160 cm"
CCNPLT0393,CCNATT0003,Dễ chăm sóc
CCNPLT0393,CCNATT0004,"Nắng tán xạ, chịu được nắng trực tiếp"
CCNPLT0393,CCNATT0005,"Ít nước, 2 – 3 lần/tuần"
CCNPLT0394,CCNATT0000,Aglaonema Lady Valentine
CCNPLT0394,CCNATT0001,Cây vạn lộc
CCNPLT0394,CCNATT0002,Cao 20-30 cm
CCNPLT0394,CCNATT0003,Rất dễ chăm sóc
CCNPLT0394,CCNATT0004,Nắng tán xạ / Chịu râm mát
CCNPLT0394,CCNATT0005,Thay nước 2 – 3 lần/tháng
CCNPLT0395,CCNATT0000,Aglaonema Marantifolium
CCNPLT0395,CCNATT0001,Ngân hậu; Minh Ty Rằn
CCNPLT0395,CCNATT0002,Cao 30 – 40 cm
CCNPLT0395,CCNATT0003,Dễ chăm sóc
CCNPLT0395,CCNATT0004,Nắng tán xạ
CCNPLT0395,CCNATT0005,"Ít nước, 2 – 3 lần/tuần"
CCNPLT0396,CCNATT0000,Aglaonema Marantifolium
CCNPLT0396,CCNATT0001,Ngân hậu; Minh Ty Rằn
CCNPLT0396,CCNATT0002,Cao 30 – 40 cm
CCNPLT0396,CCNATT0003,Dễ chăm sóc
CCNPLT0396,CCNATT0004,Nắng tán xạ
CCNPLT0396,CCNATT0005,"Ít nước, 2 – 3 lần/tuần"
CCNPLT0397,CCNATT0001,Cây phát tài / Vạn lộc / Ngọc ngân / Đô la / Trúc vàng
CCNPLT0397,CCNATT0002,"• Kích thước chậu: 42×52 cm (DxC)
• Chiều cao tổng: 100 – 110 cm"
CCNPLT0397,CCNATT0003,Dễ chăm sóc
CCNPLT0397,CCNATT0004,Nắng tán xạ / Nhiều sáng
CCNPLT0397,CCNATT0005,Tưới nước 2 – 3 lần/tuần
CCNPLT0397,CCNATT0008,Sứ trắng
CCNPLT0397,CCNATT0009,Màu trắng
CCNPLT0398,CCNATT0001,Cây văn phòng
CCNPLT0398,CCNATT0002,Cao 100-120 cm
CCNPLT0398,CCNATT0003,Dễ chăm sóc
CCNPLT0398,CCNATT0004,"Nắng tán xạ, chịu được nắng trực tiếp"
CCNPLT0398,CCNATT0005,"Ít nước, 2 – 3 lần/tuần"
CCNPLT0399,CCNATT0000,Dracaena marginata Tricolor
CCNPLT0399,CCNATT0001,Cây huyết dụ kiếm
CCNPLT0399,CCNATT0002,Chiều cao 120 cm
CCNPLT0399,CCNATT0003,Dễ chăm sóc
CCNPLT0399,CCNATT0004,"Nắng tán xạ, chịu được nắng trực tiếp"
CCNPLT0399,CCNATT0005,"Ít nước, 2 – 3 lần/tuần"
CCNPLT0400,CCNATT0000,Sansevieria zeylanica
CCNPLT0400,CCNATT0001,Lưỡi hổ xanh
CCNPLT0400,CCNATT0002,Chiều cao cây + chậu: 140 – 160 cm
CCNPLT0400,CCNATT0003,Dễ chăm sóc
CCNPLT0400,CCNATT0004,"Nắng tán xạ, chịu được thiếu nắng"
CCNPLT0400,CCNATT0005,"Ít nước, 2 – 3 lần/tuần"
CCNPLT0401,CCNATT0000,Philodendron Ring of Fire
CCNPLT0401,CCNATT0001,Cây cung đàn xanh
CCNPLT0401,CCNATT0002,Chiều cao cây + chậu: 14 cm
CCNPLT0401,CCNATT0003,Dễ chăm sóc
CCNPLT0401,CCNATT0004,"Nắng tán xạ, chịu được thiếu nắng"
CCNPLT0401,CCNATT0005,"Ít nước, 2 – 3 lần/tuần"
CCNPLT0402,CCNATT0000,Sansevieria trifasciata
CCNPLT0402,CCNATT0001,Lưỡi hổ ta
CCNPLT0402,CCNATT0002,Chiều cao cây + chậu: 140cm
CCNPLT0402,CCNATT0003,Dễ chăm sóc
CCNPLT0402,CCNATT0004,"Nắng tán xạ, chịu được thiếu nắng"
CCNPLT0402,CCNATT0005,"Ít nước, 2 – 3 lần/tuần"
CCNPLT0403,CCNATT0000,Chrysalidocarpus lutescens Wendl
CCNPLT0403,CCNATT0001,Cau vàng Nhật Bản
CCNPLT0403,CCNATT0002,"Chiều cao cây: 80 – 100cm
Chiều cao chậu cây: 160 –180cm"
CCNPLT0403,CCNATT0003,Dễ chăm sóc
CCNPLT0403,CCNATT0004,"Nắng tán xạ, chịu được nắng trực tiếp"
CCNPLT0403,CCNATT0005,"Ít nước, 2 – 3 lần/tuần"
CCNPLT0404,CCNATT0000,Sansevieria trifasciata
CCNPLT0404,CCNATT0001,Lưỡi hổ ta
CCNPLT0404,CCNATT0002,Chiều cao cây + chậu: 160cm
CCNPLT0404,CCNATT0003,Dễ chăm sóc
CCNPLT0404,CCNATT0004,"Nắng tán xạ, chịu được thiếu nắng"
CCNPLT0404,CCNATT0005,"Ít nước, 2 – 3 lần/tuần"
CCNPLT0405,CCNATT0000,Ficus lyrata
CCNPLT0405,CCNATT0001,Cây bàng Singapore
CCNPLT0405,CCNATT0002,"• Kích thước chậu: 42×60 cm (DxC)
• Chiều cao cây + chậu: 190 – 200cm"
CCNPLT0405,CCNATT0003,Dễ chăm sóc
CCNPLT0405,CCNATT0004,"Nắng tán xạ, chịu được nắng trực tiếp"
CCNPLT0405,CCNATT0005,Tưới nước 2 – 3 lần/tuần
CCNPLT0406,CCNATT0001,Cây văn phòng - cây quà tặng
CCNPLT0406,CCNATT0002,Cao 120-140 cm
CCNPLT0406,CCNATT0003,Dễ chăm sóc
CCNPLT0406,CCNATT0004,"Nắng tán xạ, chịu được nắng trực tiếp"
CCNPLT0406,CCNATT0005,"Ít nước, 2 – 3 lần/tuần"
CCNPLT0407,CCNATT0000,Alocasia Silver Dragon
CCNPLT0407,CCNATT0001,Rồng bạc
CCNPLT0407,CCNATT0002,Cao 15 – 20 cm
CCNPLT0407,CCNATT0003,Dễ chăm sóc
CCNPLT0407,CCNATT0004,Nắng tán xạ
CCNPLT0407,CCNATT0005,"Ít nước, 2 – 3 lần/tuần"
CCNPLT0408,CCNATT0000,Philodendron scandens
CCNPLT0408,CCNATT0001,Trầu bà tim xanh
CCNPLT0408,CCNATT0002,Chiều cao: 30 – 40cm
CCNPLT0408,CCNATT0003,Dễ chăm sóc
CCNPLT0408,CCNATT0004,Ánh sáng tán xạ
CCNPLT0408,CCNATT0005,Ít tưới (1 – 2 lần/tuần)
CCNPLT0409,CCNATT0000,Alocasia Amazonica Polly
CCNPLT0409,CCNATT0001,Môn quan âm
CCNPLT0409,CCNATT0002,Cao 30 – 40 cm
CCNPLT0409,CCNATT0003,Dễ chăm sóc
CCNPLT0409,CCNATT0004,Nắng tán xạ
CCNPLT0409,CCNATT0005,"Ít nước, 2 – 3 lần/tuần"
CCNPLT0410,CCNATT0000,Philodendron imperial Golden
CCNPLT0410,CCNATT0001,Trầu Bà Đế Vương Vàng
CCNPLT0410,CCNATT0002,Chiều cao: 65cm – Tán: 25cm
CCNPLT0410,CCNATT0003,Dễ chăm sóc
CCNPLT0410,CCNATT0004,Ánh sáng tán xạ; Chịu được khuất sáng
CCNPLT0410,CCNATT0005,Vừa phải (2 lần/tuần)
CCNPLT0411,CCNATT0000,Ficus lyrata
CCNPLT0411,CCNATT0001,Cây bàng Singapore
CCNPLT0411,CCNATT0002,"Kích thước chậu: 30×50 (DxC)
Chiều cao tổng: 120 – 140cm"
CCNPLT0411,CCNATT0003,Dễ chăm sóc
CCNPLT0411,CCNATT0004,"Nắng tán xạ, chịu được nắng trực tiếp"
CCNPLT0411,CCNATT0005,"Ít nước, 2 – 3 lần/tuần"
CCNPLT0412,CCNATT0000,Sansevieria zeylanica
CCNPLT0412,CCNATT0001,Lưỡi hổ xanh
CCNPLT0412,CCNATT0002,Chiều cao 50 – 60 cm
CCNPLT0412,CCNATT0003,Rất dễ chăm sóc
CCNPLT0412,CCNATT0004,"Nắng tán xạ, chịu được thiếu nắng"
CCNPLT0412,CCNATT0005,Tưới nước 2 – 3 lần/tuần
CCNPLT0413,CCNATT0000,Radermachera Sinica
CCNPLT0413,CCNATT0001,Cây hạnh phúc
CCNPLT0413,CCNATT0002,Cao 80 – 120 cm
CCNPLT0413,CCNATT0003,Dễ chăm sóc
CCNPLT0413,CCNATT0004,"Nắng tán xạ, chịu được nắng trực tiếp"
CCNPLT0413,CCNATT0005,"Ít nước, 2 – 3 lần/tuần"
CCNPLT0414,CCNATT0000,Calathea Orbifolia
CCNPLT0414,CCNATT0001,Đuôi công táo xanh
CCNPLT0414,CCNATT0002,Cao 35 – 45 cm
CCNPLT0414,CCNATT0003,Dễ chăm sóc
CCNPLT0414,CCNATT0004,"Nắng tán xạ, chịu được nắng trực tiếp"
CCNPLT0414,CCNATT0005,"Ít nước, 2 – 3 lần/tuần"
CCNPLT0415,CCNATT0000,Epipremnum ‘Njoy’
CCNPLT0415,CCNATT0001,Cây trầu bà cẩm thạch
CCNPLT0415,CCNATT0002,"• Kích thước chậu: 11×11 cm (DxC)
• Chiều dài 20 – 30 cm"
CCNPLT0415,CCNATT0003,Rất dễ chăm sóc
CCNPLT0415,CCNATT0004,Nắng tán xạ
CCNPLT0415,CCNATT0005,Tưới nước 2 – 3 lần/tuần
CCNPLT0416,CCNATT0000,Rhaphidophora tetrasperma
CCNPLT0416,CCNATT0001,Trầu bà lá xẻ mini form Thái
CCNPLT0416,CCNATT0002,Cao 60 – 70 cm
CCNPLT0416,CCNATT0003,Dễ chăm sóc
CCNPLT0416,CCNATT0004,Nắng tán xạ
CCNPLT0416,CCNATT0005,"Ít nước, 2 – 3 lần/tuần"
CCNPLT0417,CCNATT0000,Scindapsus pictus Exotica
CCNPLT0417,CCNATT0001,Trầu bà lụa
CCNPLT0417,CCNATT0002,Cao 10 – 20 cm
CCNPLT0417,CCNATT0003,Dễ chăm sóc
CCNPLT0417,CCNATT0004,Nắng tán xạ
CCNPLT0417,CCNATT0005,"Ít nước, 2 – 3 lần/tuần"
CCNPLT0418,CCNATT0000,Dracaena Surculosa
CCNPLT0418,CCNATT0001,Trúc Nhật vàng
CCNPLT0418,CCNATT0002,"Kích thước chậu: 14x14cm (DxC)
• Chiều cao 25 – 35 cm"
CCNPLT0418,CCNATT0003,Dễ chăm sóc
CCNPLT0418,CCNATT0004,"Nắng tán xạ, chịu được nắng trực tiếp"
CCNPLT0418,CCNATT0005,Tưới nước 2 – 3 lần/tuần
CCNPLT0419,CCNATT0000,Dracaena sanderiana
CCNPLT0419,CCNATT0001,Cây phát lộc
CCNPLT0419,CCNATT0002,Cao 20 – 30 cm
CCNPLT0419,CCNATT0003,Dễ chăm sóc
CCNPLT0419,CCNATT0004,"Nắng tán xạ, chịu được thiếu nắng"
CCNPLT0419,CCNATT0005,"Ít nước, 2 – 3 lần/tuần"
CCNPLT0420,CCNATT0000,Monstera Deliciosa
CCNPLT0420,CCNATT0001,Trầu bà lá xẻ
CCNPLT0420,CCNATT0002,Cao 80 – 100 cm
CCNPLT0420,CCNATT0003,Dễ chăm sóc
CCNPLT0420,CCNATT0004,Nắng tán xạ.
CCNPLT0420,CCNATT0005,"Ít nước, 2 – 3 lần/tuần"
CCNPLT0421,CCNATT0000,Calathea Roseopicta Green Goddess
CCNPLT0421,CCNATT0001,Đuôi công nữ thần xanh
CCNPLT0421,CCNATT0002,Cao 35 – 45 cm
CCNPLT0421,CCNATT0003,Dễ chăm sóc
CCNPLT0421,CCNATT0004,"Nắng tán xạ, chịu được nắng trực tiếp"
CCNPLT0421,CCNATT0005,"Ít nước, 2 – 3 lần/tuần"
CCNPLT0422,CCNATT0000,Calathea Makoyana
CCNPLT0422,CCNATT0001,Đuôi công lá đốm
CCNPLT0422,CCNATT0002,Cao 35 – 45 cm
CCNPLT0422,CCNATT0003,Dễ chăm sóc
CCNPLT0422,CCNATT0004,"Nắng tán xạ, chịu được nắng trực tiếp"
CCNPLT0422,CCNATT0005,"Ít nước, 2 – 3 lần/tuần"
CCNPLT0423,CCNATT0000,Dieffenbachia Sp
CCNPLT0423,CCNATT0001,Danh dự
CCNPLT0423,CCNATT0002,Cao 60cm – 80 cm
CCNPLT0423,CCNATT0003,Dễ chăm sóc
CCNPLT0423,CCNATT0004,Ánh sáng tán xạ; Chịu được khuất sáng
CCNPLT0423,CCNATT0005,Vừa phải (2 lần/tuần)
CCNPLT0424,CCNATT0000,Philodendron Imperial Red
CCNPLT0424,CCNATT0001,Đế vương đỏ
CCNPLT0424,CCNATT0002,Cao 80 – 120 cm
CCNPLT0424,CCNATT0003,Dễ chăm sóc
CCNPLT0424,CCNATT0004,"Nắng tán xạ, chịu được nắng trực tiếp"
CCNPLT0424,CCNATT0005,"Ít nước, 2 – 3 lần/tuần"
CCNPLT0425,CCNATT0000,Philodendron Squamiferum
CCNPLT0425,CCNATT0001,Trầu bà cánh én
CCNPLT0425,CCNATT0002,Cao 20 – 30 cm
CCNPLT0425,CCNATT0003,Dễ chăm sóc
CCNPLT0425,CCNATT0004,Nắng tán xạ
CCNPLT0425,CCNATT0005,"Ít nước, 2 – 3 lần/tuần"
CCNPLT0426,CCNATT0000,Chamaedorea elegans
CCNPLT0426,CCNATT0001,Cau tiểu trâm
CCNPLT0426,CCNATT0002,Chiều cao: 10 cm
CCNPLT0426,CCNATT0003,Dễ chăm sóc
CCNPLT0426,CCNATT0004,Ánh sáng tán xạ
CCNPLT0426,CCNATT0005,Ít tưới (1 – 2 lần/tuần)
CCNPLT0427,CCNATT0000,Aglaonema Marantifolium
CCNPLT0427,CCNATT0001,Ngân hậu; Minh Ty Rằn
CCNPLT0427,CCNATT0002,Cao 30 – 40 cm
CCNPLT0427,CCNATT0003,Dễ chăm sóc
CCNPLT0427,CCNATT0004,Nắng tán xạ
CCNPLT0427,CCNATT0005,"Ít nước, 2 – 3 lần/tuần"
CCNPLT0428,CCNATT0000,Cordyline fruticosa
CCNPLT0428,CCNATT0001,Cây ánh dương
CCNPLT0428,CCNATT0002,"• Kích thước chậu: 20x20cm (DxC)
• Chiều cao tổng 40 – 50 cm"
CCNPLT0428,CCNATT0003,Dễ chăm sóc
CCNPLT0428,CCNATT0004,"Nắng tán xạ, chịu được nắng trực tiếp"
CCNPLT0428,CCNATT0005,Tưới nước 2 – 3 lần/tuần
CCNPLT0429,CCNATT0000,Philodendron Burle Marx
CCNPLT0429,CCNATT0001,Trầu bà tỷ phú
CCNPLT0429,CCNATT0002,Cao 30 – 40 cm
CCNPLT0429,CCNATT0003,Dễ chăm sóc
CCNPLT0429,CCNATT0004,Nắng tán xạ
CCNPLT0429,CCNATT0005,"Ít nước, 2 – 3 lần/tuần"
CCNPLT0430,CCNATT0000,Rhaphidophora tetrasperma
CCNPLT0430,CCNATT0001,Trầu bà lá xẻ mini form Thái
CCNPLT0430,CCNATT0002,Cao 60 – 70 cm
CCNPLT0430,CCNATT0003,Dễ chăm sóc
CCNPLT0430,CCNATT0004,Nắng tán xạ
CCNPLT0430,CCNATT0005,"Ít nước, 2 – 3 lần/tuần"
CCNPLT0431,CCNATT0000,Sansevieria trifasciata Laurentii
CCNPLT0431,CCNATT0001,Lưỡi hổ ta
CCNPLT0431,CCNATT0002,Cao 50 – 60 cm
CCNPLT0431,CCNATT0003,Dễ chăm sóc
CCNPLT0431,CCNATT0004,"Nắng tán xạ, chịu được thiếu nắng"
CCNPLT0431,CCNATT0005,"Ít nước, 2 – 3 lần/tuần"
CCNPLT0432,CCNATT0000,Philodendron Mayoi
CCNPLT0432,CCNATT0001,Mayoi
CCNPLT0432,CCNATT0002,Cao 30 – 40 cm
CCNPLT0432,CCNATT0003,Dễ chăm sóc
CCNPLT0432,CCNATT0004,Nắng tán xạ
CCNPLT0432,CCNATT0005,"Ít nước, 2 – 3 lần/tuần"
CCNPLT0433,CCNATT0000,Alocasia Amazonica Polly
CCNPLT0433,CCNATT0001,Môn quan âm
CCNPLT0433,CCNATT0002,Cao 30 – 40 cm
CCNPLT0433,CCNATT0003,Dễ chăm sóc
CCNPLT0433,CCNATT0004,Nắng tán xạ
CCNPLT0433,CCNATT0005,"Ít nước, 2 – 3 lần/tuần"
CCNPLT0434,CCNATT0000,Cedrus
CCNPLT0434,CCNATT0001,Cây tuyết tùng
CCNPLT0434,CCNATT0002,"• Kích thước chậu:
• Chiều cao tổng: 15 – 20cm gồm chậu"
CCNPLT0434,CCNATT0003,Dễ chăm sóc
CCNPLT0434,CCNATT0004,"Nắng tán xạ, chịu được nắng trực tiếp"
CCNPLT0434,CCNATT0005,Tưới nước 2 – 3 lần/tuần
CCNPLT0435,CCNATT0000,Alocasia Macrorrhizos
CCNPLT0435,CCNATT0001,Ráy voi
CCNPLT0435,CCNATT0002,Cao 120 – 140 cm
CCNPLT0435,CCNATT0003,Dễ chăm sóc
CCNPLT0435,CCNATT0004,Nắng tán xạ
CCNPLT0435,CCNATT0005,"Ít nước, 2 – 3 lần/tuần"
CCNPLT0436,CCNATT0000,Platycerium grande
CCNPLT0436,CCNATT0001,Cây Ổ Rồng
CCNPLT0436,CCNATT0002,Lá dài 10 – 15cm
CCNPLT0436,CCNATT0003,Dễ chăm sóc
CCNPLT0436,CCNATT0004,"Nắng tán xạ, ánh nắng gián tiếp"
CCNPLT0436,CCNATT0005,"Ít nước, 2 – 3 lần/tuần"
CCNPLT0437,CCNATT0000,Ficus lyrata
CCNPLT0437,CCNATT0001,Cây bàng Singapore
CCNPLT0437,CCNATT0002,"Kích thước chậu: 20×20 cm
Chiều cao tổng: 40 – 50 cm"
CCNPLT0437,CCNATT0003,Dễ chăm sóc
CCNPLT0437,CCNATT0004,"Nắng tán xạ, chịu được nắng trực tiếp"
CCNPLT0437,CCNATT0005,"Ít nước, 2 – 3 lần/tuần"
CCNPLT0438,CCNATT0000,Monstera adansonii
CCNPLT0438,CCNATT0001,Cây Trầu Bà Lỗ
CCNPLT0438,CCNATT0003,Vừa phải
CCNPLT0438,CCNATT0004,Nắng tán xạ
CCNPLT0438,CCNATT0005,"Ít nước, 2 – 3 lần/tuần"
CCNPLT0438,CCNATT0006,Cao 30 – 40 cm
CCNPLT0438,CCNATT0010,Tính axit
CCNPLT0438,CCNATT0011,Có khả năng hấp thu chất độc hại
CCNPLT0439,CCNATT0000,Zamioculcas Zamiifolia
CCNPLT0439,CCNATT0001,Cây kim tiền
CCNPLT0439,CCNATT0002,"Kích thước chậu: 31×25 cm
Chiều cao tổng: 80 ~ 90 cm"
CCNPLT0439,CCNATT0003,Dễ chăm sóc
CCNPLT0439,CCNATT0004,"Nắng tán xạ, chịu được nắng trực tiếp"
CCNPLT0439,CCNATT0005,"Ít nước, 2 – 3 lần/tuần"
CCNPLT0440,CCNATT0000,Philodendron Imperial Green
CCNPLT0440,CCNATT0001,Cây Trầu Bà Đế Vương Xanh
CCNPLT0440,CCNATT0003,Vừa phải
CCNPLT0440,CCNATT0004,Nắng tán xạ
CCNPLT0440,CCNATT0005,"Ít nước, 2 – 3 lần/tuần"
CCNPLT0440,CCNATT0006,Cao 20 – 40 cm
CCNPLT0440,CCNATT0010,Tính axit
CCNPLT0440,CCNATT0011,Có khả năng hấp thu chất độc hại
CCNPLT0441,CCNATT0000,Ficus elastica
CCNPLT0441,CCNATT0001,Đa búp đỏ
CCNPLT0441,CCNATT0002,Chiều cao 40 – 50cm
CCNPLT0441,CCNATT0003,Rất dễ chăm sóc
CCNPLT0441,CCNATT0004,Ánh sáng tán xạ; Bóng râm
CCNPLT0441,CCNATT0005,"Vừa phải, 2 – 3 lần/tuần"
CCNPLT0442,CCNATT0000,Radermachera Sinica
CCNPLT0442,CCNATT0001,Cây hạnh phúc
CCNPLT0442,CCNATT0002,"• Kích thước chậu: 18x18cm (DxC)
• Chiều cao 30 – 40cm"
CCNPLT0442,CCNATT0003,Dễ chăm sóc
CCNPLT0442,CCNATT0004,"Nắng tán xạ, chịu được nắng trực tiếp"
CCNPLT0442,CCNATT0005,"Tưới nước, 3 – 4 lần/tuần"
CCNPLT0443,CCNATT0000,Thaumatophyllum bipinnatifidum
CCNPLT0443,CCNATT0001,Cây trầu bà thanh xuân / Cây trầu bà tay Phật
CCNPLT0443,CCNATT0002,Chiều cao tổng 50 – 60cm
CCNPLT0443,CCNATT0003,Dễ chăm sóc
CCNPLT0443,CCNATT0004,Nắng tán xạ / Bóng râm
CCNPLT0443,CCNATT0005,"Ít tưới nước, 2 – 3 lần/tuần"
CCNPLT0444,CCNATT0000,Pachira aquatica
CCNPLT0444,CCNATT0001,Cây kim ngân
CCNPLT0444,CCNATT0002,Chiều cao 50 cm
CCNPLT0444,CCNATT0003,Dễ chăm sóc
CCNPLT0444,CCNATT0004,Ánh sáng tán xạ; Nắng trực tiếp
CCNPLT0444,CCNATT0005,Vừa phải (2 lần/tuần)
CCNPLT0445,CCNATT0000,Aglaonema Diamond Bay
CCNPLT0445,CCNATT0001,"Cây hoàng hậu, cây thanh ngân"
CCNPLT0445,CCNATT0002,Chiều cao: 30-40cm
CCNPLT0445,CCNATT0003,Dễ chăm sóc
CCNPLT0445,CCNATT0004,"Nắng tán xạ, chịu được nắng trực tiếp"
CCNPLT0445,CCNATT0005,"Ít nước, 2 – 3 lần/tuần"
CCNPLT0446,CCNATT0000,Zamioculcas Zamiifolia
CCNPLT0446,CCNATT0001,Cây kim tiền
CCNPLT0446,CCNATT0002,"Chiều cao cây: 30x27cm
Chiều cao tổng: 90~100 cm"
CCNPLT0446,CCNATT0003,Dễ chăm sóc
CCNPLT0446,CCNATT0004,"Nắng tán xạ, chịu được nắng trực tiếp"
CCNPLT0446,CCNATT0005,"Ít nước, 2 – 3 lần/tuần"
CCNPLT0447,CCNATT0000,Aglaonema Marantifolium
CCNPLT0447,CCNATT0001,Ngân hậu; Minh Ty Rằn
CCNPLT0447,CCNATT0002,Cao 30 – 40 cm
CCNPLT0447,CCNATT0003,Dễ chăm sóc
CCNPLT0447,CCNATT0004,Nắng tán xạ
CCNPLT0447,CCNATT0005,"Ít nước, 2 – 3 lần/tuần"
CCNPLT0448,CCNATT0000,Philodendron Imperial Golden
CCNPLT0448,CCNATT0001,Cây trầu bà đế vương vàng
CCNPLT0448,CCNATT0002,"• Kích thước chậu: 22×24 (DxC)
• Chiều cao tổng: 40 – 45cm"
CCNPLT0448,CCNATT0003,Dễ chăm sóc
CCNPLT0448,CCNATT0004,Nắng tán xạ / Bóng râm
CCNPLT0448,CCNATT0005,Tưới nước 2 – 3 lần/tuần
CCNPLT0449,CCNATT0000,Sansevieria trifasciata Black Diamond
CCNPLT0449,CCNATT0001,Lưỡi hổ Thái kim cương đen
CCNPLT0449,CCNATT0002,Cao 20 – 25 cm
CCNPLT0449,CCNATT0003,Dễ chăm sóc
CCNPLT0449,CCNATT0004,Nắng tán xạ
CCNPLT0449,CCNATT0005,"Ít nước, 2 – 3 lần/tuần"
CCNPLT0450,CCNATT0000,Sansevireria Cylindrica
CCNPLT0450,CCNATT0001,Ngà voi
CCNPLT0450,CCNATT0002,Cao 20 – 25 cm
CCNPLT0450,CCNATT0003,Dễ chăm sóc
CCNPLT0450,CCNATT0004,Nắng tán xạ
CCNPLT0450,CCNATT0005,"Ít nước, 2 – 3 lần/tuần"
CCNPLT0451,CCNATT0000,Calathea burle-marxii
CCNPLT0451,CCNATT0001,Đuôi công xương cá
CCNPLT0451,CCNATT0002,Chiều cao: 45cm – Tán: 25cm
CCNPLT0451,CCNATT0003,Dễ chăm sóc
CCNPLT0451,CCNATT0004,Ánh sáng tán xạ; Chịu được khuất sáng
CCNPLT0451,CCNATT0005,Tưới nước 5 – 6 lần/tuần
CCNPLT0452,CCNATT0000,Christia Obcordata
CCNPLT0452,CCNATT0001,Cánh bướm xanh
CCNPLT0452,CCNATT0002,Cao 20 – 30 cm
CCNPLT0452,CCNATT0003,Dễ chăm sóc
CCNPLT0452,CCNATT0004,Nắng tán xạ.
CCNPLT0452,CCNATT0005,"Ít nước, 2 – 3 lần/tuần"
CCNPLT0453,CCNATT0000,Philodendron Birkin
CCNPLT0453,CCNATT0001,Trầu bà đế vương kim cương
CCNPLT0453,CCNATT0002,Cao 30 – 40 cm
CCNPLT0453,CCNATT0003,Dễ chăm sóc
CCNPLT0453,CCNATT0004,Nắng tán xạ
CCNPLT0453,CCNATT0005,"Ít nước, 2 – 3 lần/tuần"
CCNPLT0454,CCNATT0000,Begonia ice storm
CCNPLT0454,CCNATT0001,Thu hải đường
CCNPLT0454,CCNATT0002,Cao 20 – 30 cm
CCNPLT0454,CCNATT0003,Dễ chăm sóc
CCNPLT0454,CCNATT0004,Nắng tán xạ.
CCNPLT0454,CCNATT0005,"Ít nước, 2 – 3 lần/tuần"
CCNPLT0455,CCNATT0000,Dieffenbachia ‘Tropic Snow’
CCNPLT0455,CCNATT0001,Vạn niên thanh
CCNPLT0455,CCNATT0002,Chiều cao: 80 – 100 cm
CCNPLT0455,CCNATT0003,Dễ chăm sóc
CCNPLT0455,CCNATT0004,Ánh sáng tán xạ; Chịu được khuất sáng
CCNPLT0455,CCNATT0005,Tưới nước 3 – 4 lần/tuần
CCNPLT0456,CCNATT0000,Alocasia Micholitziana Frydek
CCNPLT0456,CCNATT0001,Môn nhung
CCNPLT0456,CCNATT0002,Cao 40 – 60 cm
CCNPLT0456,CCNATT0003,Dễ chăm sóc
CCNPLT0456,CCNATT0004,Nắng tán xạ.
CCNPLT0456,CCNATT0005,"Ít nước, 2 – 3 lần/tuần"
CCNPLT0457,CCNATT0000,Dracaena fragrans
CCNPLT0457,CCNATT0001,Cây phát tài đài loan
CCNPLT0457,CCNATT0002,"• Kích thước chậu: 20×18 cm (DxC)
• Chiều cao tổng 30 – 35 cm"
CCNPLT0457,CCNATT0003,Dễ chăm sóc
CCNPLT0457,CCNATT0004,"Nắng tán xạ, chịu được nắng trực tiếp"
CCNPLT0457,CCNATT0005,Tưới nước 2 – 3 lần/tuần
CCNPLT0458,CCNATT0000,Zamioculcas Zamiifolia
CCNPLT0458,CCNATT0001,Cây kim tiền / Kim phát tài
CCNPLT0458,CCNATT0002,"Kích thước chậu: 42×42 cm
Chiều cao tổng: 90 ~ 110 cm"
CCNPLT0458,CCNATT0003,Dễ chăm sóc
CCNPLT0458,CCNATT0004,"Nắng tán xạ, chịu được nắng trực tiếp"
CCNPLT0458,CCNATT0005,"Ít nước, 2 – 3 lần/tuần"
CCNPLT0459,CCNATT0000,Radermachera Sinica
CCNPLT0459,CCNATT0001,Cây hạnh phúc
CCNPLT0459,CCNATT0002,"• Kích thước chậu: 40×60 (phủ bì)
• Kích thước tổng: 150 – 160 cm"
CCNPLT0459,CCNATT0003,Dễ chăm sóc
CCNPLT0459,CCNATT0004,"Nắng tán xạ, chịu được nắng trực tiếp"
CCNPLT0459,CCNATT0005,Tưới nước 2 – 3 lần/tuần
CCNPLT0460,CCNATT0000,Aglaonema modestum Engl
CCNPLT0460,CCNATT0001,Thanh tâm
CCNPLT0460,CCNATT0002,Cao 40 – 50 cm
CCNPLT0460,CCNATT0003,Dễ chăm sóc
CCNPLT0460,CCNATT0004,Nắng tán xạ.
CCNPLT0460,CCNATT0005,"Ít nước, 2 – 3 lần/tuần"
CCNPLT0461,CCNATT0000,Philodenron Billietiae
CCNPLT0461,CCNATT0001,Hồng hạc cam
CCNPLT0461,CCNATT0002,Lá lớn nhất 40 – 45cm ; 6 – 8 lá
CCNPLT0461,CCNATT0003,Dễ chăm sóc
CCNPLT0461,CCNATT0004,Nắng tán xạ.
CCNPLT0461,CCNATT0005,"Ít nước, 2 – 3 lần/tuần"
CCNPLT0462,CCNATT0000,Aglaonema Pseudobracteatum
CCNPLT0462,CCNATT0001,Bạch mã hoàng tử
CCNPLT0462,CCNATT0002,Cao 60-80 cm
CCNPLT0462,CCNATT0003,Dễ chăm sóc
CCNPLT0462,CCNATT0004,"Nắng tán xạ, chịu được nắng trực tiếp"
CCNPLT0462,CCNATT0005,"Ít nước, 2 – 3 lần/tuần"
CCNPLT0463,CCNATT0000,Chlorophytum laxum
CCNPLT0463,CCNATT0001,Cây cỏ lan chi / cây dây nhện
CCNPLT0463,CCNATT0003,Rất dễ chăm sóc
CCNPLT0463,CCNATT0004,Nắng tán xạ / Chịu râm mát
CCNPLT0463,CCNATT0005,Tưới nước 2 – 3 lần/tuần
CCNPLT0463,CCNATT0006,Chiều cao 30 – 40 cm
CCNPLT0464,CCNATT0000,Aglaonema Lady Valentine
CCNPLT0464,CCNATT0001,Cây vạn lộc
CCNPLT0464,CCNATT0002,"• Kích thước chậu: 12x12cm (DxC)
• Chiều cao tổng 20 – 30 cm"
CCNPLT0464,CCNATT0003,Rất dễ chăm sóc
CCNPLT0464,CCNATT0004,Nắng tán xạ / Chịu râm mát
CCNPLT0464,CCNATT0005,Tưới nước 2 – 3 lần/tuần
CCNPLT0465,CCNATT0000,Epipremnum aureum
CCNPLT0465,CCNATT0001,Trầu bà xanh
CCNPLT0465,CCNATT0002,Cao 30-40cm
CCNPLT0465,CCNATT0003,Dễ chăm sóc
CCNPLT0465,CCNATT0004,"Nắng tán xạ, chịu được nắng trực tiếp"
CCNPLT0465,CCNATT0005,"Ít nước, 2 – 3 lần/tuần"
CCNPLT0466,CCNATT0000,Scheffera Octophylla
CCNPLT0466,CCNATT0001,Ngũ gia bì
CCNPLT0466,CCNATT0002,Chiều cao 20 – 30 cm
CCNPLT0466,CCNATT0003,Dễ chăm sóc
CCNPLT0466,CCNATT0004,"Nắng tán xạ, chịu được nắng trực tiếp"
CCNPLT0466,CCNATT0005,"Ít nước, 2 – 3 lần/tuần"
CCNPLT0467,CCNATT0000,Philodenron Billietiae
CCNPLT0467,CCNATT0001,Hồng hạc cam
CCNPLT0467,CCNATT0002,Lá lớn nhất 45 – 50cm ; 10 – 12 lá
CCNPLT0467,CCNATT0003,Dễ chăm sóc
CCNPLT0467,CCNATT0004,Nắng tán xạ.
CCNPLT0467,CCNATT0005,"Ít nước, 2 – 3 lần/tuần"
CCNPLT0468,CCNATT0000,Lonicera periclymenum
CCNPLT0468,CCNATT0001,Cây kim ngân
CCNPLT0468,CCNATT0002,Cao 30 – 40 cm
CCNPLT0468,CCNATT0003,Dễ chăm sóc
CCNPLT0468,CCNATT0004,"Nắng tán xạ, chịu được nắng trực tiếp"
CCNPLT0468,CCNATT0005,"Ít nước, 2 – 3 lần/tuần"
CCNPLT0469,CCNATT0000,Aglaonema ‘Siam Aurora’
CCNPLT0469,CCNATT0001,Cây Phú Quý
CCNPLT0469,CCNATT0002,Chiều cao: 45cm
CCNPLT0469,CCNATT0003,Dễ chăm sóc
CCNPLT0469,CCNATT0004,Ánh sáng tán xạ; Chịu được khuất sáng
CCNPLT0469,CCNATT0005,Vừa phải (2 lần/tuần)
CCNPLT0470,CCNATT0000,Monstera Deliciousa
CCNPLT0470,CCNATT0001,Trầu bà lá xẻ
CCNPLT0470,CCNATT0002,Cao 80 – 100 cm
CCNPLT0470,CCNATT0003,Dễ chăm sóc
CCNPLT0470,CCNATT0004,Nắng tán xạ.
CCNPLT0470,CCNATT0005,"Ít nước, 2 – 3 lần/tuần"
CCNPLT0471,CCNATT0000,Dracaena reflexa
CCNPLT0471,CCNATT0001,Trúc bách hợp
CCNPLT0471,CCNATT0002,Cao 80-100cm
CCNPLT0471,CCNATT0003,Dễ chăm sóc
CCNPLT0471,CCNATT0004,"Nắng tán xạ, chịu được nắng trực tiếp"
CCNPLT0471,CCNATT0005,"Ít nước, 2 – 3 lần/tuần"
CCNPLT0472,CCNATT0000,Monstera Deliciousa
CCNPLT0472,CCNATT0001,Trầu bà lá xẻ
CCNPLT0472,CCNATT0002,Cao 80 – 100 cm
CCNPLT0472,CCNATT0003,Dễ chăm sóc
CCNPLT0472,CCNATT0004,Nắng tán xạ.
CCNPLT0472,CCNATT0005,"Ít nước, 2 – 3 lần/tuần"
CCNPLT0473,CCNATT0000,Aglaonema Snow White
CCNPLT0473,CCNATT0001,Cây ngọc ngân
CCNPLT0473,CCNATT0002,Cao 30 – 40 cm
CCNPLT0473,CCNATT0003,Rất dễ chăm sóc
CCNPLT0473,CCNATT0004,Nắng tán xạ
CCNPLT0473,CCNATT0005,Tưới nước 1-2 lần/ tuần
CCNPLT0474,CCNATT0000,Anthurium Crystallinum
CCNPLT0474,CCNATT0001,Hồng môn lá tim
CCNPLT0474,CCNATT0002,Cao 20 – 30 cm
CCNPLT0474,CCNATT0003,Dễ chăm sóc
CCNPLT0474,CCNATT0004,"Nắng tán xạ, chịu được nắng trực tiếp"
CCNPLT0474,CCNATT0005,"Ít nước, 2 – 3 lần/tuần"
CCNPLT0475,CCNATT0000,Aglaonema Snow White
CCNPLT0475,CCNATT0001,Cây ngọc ngân
CCNPLT0475,CCNATT0002,Cao 30 – 40 cm
CCNPLT0475,CCNATT0003,Rất dễ chăm sóc
CCNPLT0475,CCNATT0004,Nắng tán xạ
CCNPLT0475,CCNATT0005,Tưới nước 1-2 lần/ tuần
CCNPLT0476,CCNATT0000,Thaumatophyllum bipinnatifidum
CCNPLT0476,CCNATT0001,Cây trầu bà thanh xuân / Cây trầu bà tay Phật
CCNPLT0476,CCNATT0002,Chiều cao tổng 100 – 120cm
CCNPLT0476,CCNATT0003,Dễ chăm sóc
CCNPLT0476,CCNATT0004,Nắng tán xạ / Bóng râm
CCNPLT0476,CCNATT0005,Tưới nước 2 – 3 lần/tuần
CCNPLT0477,CCNATT0000,Calathea Vittata
CCNPLT0477,CCNATT0001,Đuôi công sọc
CCNPLT0477,CCNATT0002,Cao 35 – 45 cm
CCNPLT0477,CCNATT0003,Dễ chăm sóc
CCNPLT0477,CCNATT0004,"Nắng tán xạ, chịu được nắng trực tiếp"
CCNPLT0477,CCNATT0005,"Ít nước, 2 – 3 lần/tuần"
CCNPLT0478,CCNATT0000,Thaumatophyllum bipinnatifidum
CCNPLT0478,CCNATT0001,Cây trầu bà thanh xuân / Cây trầu bà tay Phật
CCNPLT0478,CCNATT0002,Chiều cao 80 – 100cm bao gồm chậu
CCNPLT0478,CCNATT0003,Dễ chăm sóc
CCNPLT0478,CCNATT0004,Nắng tán xạ / Bóng râm
CCNPLT0478,CCNATT0005,"Ít tưới nước, 2 – 3 lần/tuần"
CCNPLT0479,CCNATT0000,Alocasia Baginda Silver Dragon
CCNPLT0479,CCNATT0001,"• Môn Rồng Bạc
• Alocasia Baginda
• Silver Dragon"
CCNPLT0479,CCNATT0003,Trung Bình
CCNPLT0479,CCNATT0004,"• Ánh sáng tán xạ
• Tránh ánh nắng trực tiếp"
CCNPLT0479,CCNATT0005,"• Vừa phải, 2 – 3 lần/tuần
• Đất trồng thông thoáng"
CCNPLT0480,CCNATT0000,Ficus elastica
CCNPLT0480,CCNATT0001,Đa búp đỏ
CCNPLT0480,CCNATT0002,Chiều cao 40 – 50cm
CCNPLT0480,CCNATT0003,Rất dễ chăm sóc
CCNPLT0480,CCNATT0004,Ánh sáng tán xạ; Bóng râm
CCNPLT0480,CCNATT0005,"Vừa phải, 2 – 3 lần/tuần"
CCNPLT0481,CCNATT0000,Dieffenbachia Camille
CCNPLT0481,CCNATT0001,Sao sáng
CCNPLT0481,CCNATT0002,Cao: 45cm – 55cm
CCNPLT0481,CCNATT0003,Dễ chăm sóc
CCNPLT0481,CCNATT0004,Ánh sáng tán xạ; Chịu được khuất sáng
CCNPLT0481,CCNATT0005,Vừa phải (2 lần/tuần)
CCNPLT0482,CCNATT0000,Aglaonema ‘Siam Aurora’
CCNPLT0482,CCNATT0001,Cây Phú Quý
CCNPLT0482,CCNATT0002,Chiều cao: 45cm
CCNPLT0482,CCNATT0003,Dễ chăm sóc
CCNPLT0482,CCNATT0004,Ánh sáng tán xạ; Chịu được khuất sáng
CCNPLT0482,CCNATT0005,Vừa phải (2 lần/tuần)
CCNPLT0483,CCNATT0000,Scheffera Octophylla
CCNPLT0483,CCNATT0001,Ngũ gia bì cẩm thạch
CCNPLT0483,CCNATT0002,Chiều cao 40 – 50 cm
CCNPLT0483,CCNATT0003,Dễ chăm sóc
CCNPLT0483,CCNATT0004,"Nắng tán xạ, chịu được nắng trực tiếp"
CCNPLT0483,CCNATT0005,"Ít nước, 2 – 3 lần/tuần"
CCNPLT0484,CCNATT0000,Zamioculcas Zamiifolia
CCNPLT0484,CCNATT0001,Cây kim tiền / Kim phát tài
CCNPLT0484,CCNATT0002,"Kích thước chậu: 30×60
Chiều cao tổng: 90 ~ 100 cm"
CCNPLT0484,CCNATT0003,Dễ chăm sóc
CCNPLT0484,CCNATT0004,"Nắng tán xạ, chịu được nắng trực tiếp"
CCNPLT0484,CCNATT0005,Tưới nước 2 lần/tuần
CCNPLT0485,CCNATT0000,Calathea bachemiana
CCNPLT0485,CCNATT0001,Đuôi công lá tím
CCNPLT0485,CCNATT0002,Cao 35 – 50 cm
CCNPLT0485,CCNATT0003,Dễ chăm sóc
CCNPLT0485,CCNATT0004,"Nắng tán xạ, chịu được nắng trực tiếp"
CCNPLT0485,CCNATT0005,"Ít nước, 2 – 3 lần/tuần"
CCNPLT0486,CCNATT0000,Cupressus Macrocarpa
CCNPLT0486,CCNATT0001,Tùng thơm
CCNPLT0486,CCNATT0002,Cao 60-80 cm
CCNPLT0486,CCNATT0003,Dễ chăm sóc
CCNPLT0486,CCNATT0004,"Nắng tán xạ, chịu được nắng trực tiếp"
CCNPLT0486,CCNATT0005,"Ít nước, 2 – 3 lần/tuần"
CCNPLT0487,CCNATT0000,Calathea Orbifolia
CCNPLT0487,CCNATT0001,Đuôi công táo xanh
CCNPLT0487,CCNATT0002,Cao 35 – 45 cm
CCNPLT0487,CCNATT0003,Dễ chăm sóc
CCNPLT0487,CCNATT0004,"Nắng tán xạ, chịu được nắng trực tiếp"
CCNPLT0487,CCNATT0005,"Ít nước, 2 – 3 lần/tuần"
CCNPLT0488,CCNATT0000,:Dracaena fragrans
CCNPLT0488,CCNATT0001,Cây phát tài đài loan
CCNPLT0488,CCNATT0002,Cao 120 – 150 cm
CCNPLT0488,CCNATT0003,Dễ chăm sóc
CCNPLT0488,CCNATT0004,"Nắng tán xạ, chịu được nắng trực tiếp"
CCNPLT0488,CCNATT0005,"Ít nước, 2 – 3 lần/tuần"
CCNPLT0489,CCNATT0000,Monstera Adansonii
CCNPLT0489,CCNATT0001,Trầu bà lỗ
CCNPLT0489,CCNATT0002,Cao 60 – 80 cm
CCNPLT0489,CCNATT0003,Dễ chăm sóc
CCNPLT0489,CCNATT0004,Nắng tán xạ.
CCNPLT0489,CCNATT0005,"Ít nước, 2 – 3 lần/tuần"
CCNPLT0490,CCNATT0000,Ficus lyrata
CCNPLT0490,CCNATT0001,Cây bàng Singapore
CCNPLT0490,CCNATT0002,"Kích thước chậu: 42×35 cm (DxC)
Chiều cao 180 – 220 cm"
CCNPLT0490,CCNATT0003,Dễ chăm sóc
CCNPLT0490,CCNATT0004,"Nắng tán xạ, chịu được nắng trực tiếp"
CCNPLT0490,CCNATT0005,"Ít nước, 2 – 3 lần/tuần"
CCNPLT0491,CCNATT0000,Leucophyllum frutescens
CCNPLT0491,CCNATT0001,Tuyết sơn phi hồng
CCNPLT0491,CCNATT0002,Cao 80 – 100 cm
CCNPLT0491,CCNATT0003,Dễ chăm sóc
CCNPLT0491,CCNATT0004,"Nắng tán xạ, chịu được nắng trực tiếp"
CCNPLT0491,CCNATT0005,"Ít nước, 2 – 3 lần/tuần"
CCNPLT0492,CCNATT0000,Bucida sp.variegata
CCNPLT0492,CCNATT0001,Bàng cẩm thạch
CCNPLT0492,CCNATT0002,Cao 70 – 80 cm
CCNPLT0492,CCNATT0003,Dễ chăm sóc
CCNPLT0492,CCNATT0004,"Nắng tán xạ, chịu được nắng trực tiếp"
CCNPLT0492,CCNATT0005,"Ít nước, 2 – 3 lần/tuần"
CCNPLT0493,CCNATT0000,Dracaena Draco L
CCNPLT0493,CCNATT0001,Đại lộc
CCNPLT0493,CCNATT0002,Cao 150 – 170 cm
CCNPLT0493,CCNATT0003,Dễ chăm sóc
CCNPLT0493,CCNATT0004,"Nắng tán xạ, chịu được nắng trực tiếp"
CCNPLT0493,CCNATT0005,"Ít nước, 2 – 3 lần/tuần"
CCNPLT0494,CCNATT0000,Sansevieria trifasciata Moonshine
CCNPLT0494,CCNATT0001,Lưỡi hổ bạc
CCNPLT0494,CCNATT0002,Cao 20 – 30 cm
CCNPLT0494,CCNATT0003,Dễ chăm sóc
CCNPLT0494,CCNATT0004,"Nắng tán xạ, chịu được nắng trực tiếp"
CCNPLT0494,CCNATT0005,"Ít nước, 2 – 3 lần/tuần"
CCNPLT0495,CCNATT0000,Spathiphyllum Wallisii
CCNPLT0495,CCNATT0001,Lan ý
CCNPLT0495,CCNATT0002,Cao 30 – 40 cm
CCNPLT0495,CCNATT0003,Dễ chăm sóc
CCNPLT0495,CCNATT0004,"Nắng tán xạ, chịu được nắng trực tiếp"
CCNPLT0495,CCNATT0005,"Ít nước, 2 – 3 lần/tuần"
CCNPLT0496,CCNATT0000,Adiantum cadatum
CCNPLT0496,CCNATT0001,Tóc thần vệ nữ
CCNPLT0496,CCNATT0002,Cao 40 – 50 cm
CCNPLT0496,CCNATT0003,Dễ chăm sóc
CCNPLT0496,CCNATT0004,"Nắng tán xạ, chịu được nắng trực tiếp"
CCNPLT0496,CCNATT0005,"Ít nước, 2 – 3 lần/tuần"
CCNPLT0497,CCNATT0000,Ficus lyrata
CCNPLT0497,CCNATT0001,Cây bàng Singapore
CCNPLT0497,CCNATT0002,"Kích thước chậu: 30×30 cm (DxC)
Chiều cao tổng: 140 – 150 cm"
CCNPLT0497,CCNATT0003,Dễ chăm sóc
CCNPLT0497,CCNATT0004,"Nắng tán xạ, chịu được nắng trực tiếp"
CCNPLT0497,CCNATT0005,"Ít nước, 2 – 3 lần/tuần"
CCNPLT0498,CCNATT0000,Epipremnum aureum
CCNPLT0498,CCNATT0001,Trầu bà xanh
CCNPLT0498,CCNATT0002,Cao 140 – 160 cm
CCNPLT0498,CCNATT0003,Dễ chăm sóc
CCNPLT0498,CCNATT0004,"Nắng tán xạ, chịu được nắng trực tiếp"
CCNPLT0498,CCNATT0005,"Ít nước, 2 – 3 lần/tuần"
CCNPLT0499,CCNATT0000,Bucida sp.variegata
CCNPLT0499,CCNATT0001,Bàng cẩm thạch
CCNPLT0499,CCNATT0002,Cao 70 – 80 cm
CCNPLT0499,CCNATT0003,Dễ chăm sóc
CCNPLT0499,CCNATT0004,"Nắng tán xạ, chịu được nắng trực tiếp"
CCNPLT0499,CCNATT0005,"Ít nước, 2 – 3 lần/tuần"
CCNPLT0500,CCNATT0000,Dracaena draco L
CCNPLT0500,CCNATT0001,Phát tài núi
CCNPLT0500,CCNATT0002,Cao 100 – 120 cm
CCNPLT0500,CCNATT0003,Dễ chăm sóc
CCNPLT0500,CCNATT0004,"Nắng tán xạ, chịu được nắng trực tiếp"
CCNPLT0500,CCNATT0005,"Ít nước, 2 – 3 lần/tuần"
CCNPLT0501,CCNATT0000,Asplenium antiquum
CCNPLT0501,CCNATT0001,Tổ yến
CCNPLT0501,CCNATT0002,Cao 30 – 40 cm
CCNPLT0501,CCNATT0003,Dễ chăm sóc
CCNPLT0501,CCNATT0004,"Nắng tán xạ, chịu được nắng trực tiếp"
CCNPLT0501,CCNATT0005,"Ít nước, 2 – 3 lần/tuần"
CCNPLT0502,CCNATT0000,Rosmarinus Officinalis
CCNPLT0502,CCNATT0001,Hương thảo
CCNPLT0502,CCNATT0002,Cao 30 – 40 cm
CCNPLT0502,CCNATT0003,Dễ chăm sóc
CCNPLT0502,CCNATT0004,Nắng tán xạ
CCNPLT0502,CCNATT0005,"Ít nước, 2 – 3 lần/tuần"
CCNPLT0503,CCNATT0000,Caladium White Christmas
CCNPLT0503,CCNATT0001,Môn giáng sinh trắng
CCNPLT0503,CCNATT0002,Cao 50 – 70 cm
CCNPLT0503,CCNATT0003,Dễ chăm sóc
CCNPLT0503,CCNATT0004,"Nắng tán xạ, chịu được nắng trực tiếp"
CCNPLT0503,CCNATT0005,"Ít nước, 2 – 3 lần/tuần"
CCNPLT0504,CCNATT0000,Zamioculcas Zamiifolia
CCNPLT0504,CCNATT0001,Cây kim tiền / Kim phát tài
CCNPLT0504,CCNATT0002,"Kích thước chậu: 35×40 cm (DxC)
Chiều cao tổng: 90 ~ 100 cm"
CCNPLT0504,CCNATT0003,Dễ chăm sóc
CCNPLT0504,CCNATT0004,"Nắng tán xạ, chịu được nắng trực tiếp"
CCNPLT0504,CCNATT0005,"Ít nước, 2 – 3 lần/tuần"
CCNPLT0505,CCNATT0000,Philodendron Imperial Red
CCNPLT0505,CCNATT0001,Cây trầu bà đế vương
CCNPLT0505,CCNATT0002,Chiều cao: 45cm – Tán: 55cm
CCNPLT0505,CCNATT0003,Dễ chăm sóc
CCNPLT0505,CCNATT0004,Ánh sáng tán xạ mạnh
CCNPLT0505,CCNATT0005,Vừa phải (2 lần/tuần)
CCNPLT0506,CCNATT0000,Caladium humboldtii
CCNPLT0506,CCNATT0001,Cây môn trắng
CCNPLT0506,CCNATT0002,Chiều cao: 15cm – Tán: 15cm
CCNPLT0506,CCNATT0003,Dễ chăm sóc
CCNPLT0506,CCNATT0004,Ánh sáng tán xạ mạnh
CCNPLT0506,CCNATT0005,Vừa phải (2 lần/tuần)
CCNPLT0507,CCNATT0000,Asplenium nidus
CCNPLT0507,CCNATT0001,Ráng ổ phụng
CCNPLT0507,CCNATT0002,Chiều cao: 35cm – Tán: 25cm
CCNPLT0507,CCNATT0003,Dễ chăm sóc
CCNPLT0507,CCNATT0004,Ánh sáng tán xạ; Chịu được khuất sáng
CCNPLT0507,CCNATT0005,Tưới nước 2 – 3 lần/tuần
CCNPLT0508,CCNATT0000,Philodendron Imperial Red
CCNPLT0508,CCNATT0001,Đế vương đỏ
CCNPLT0508,CCNATT0002,Cao 80 – 120 cm
CCNPLT0508,CCNATT0003,Dễ chăm sóc
CCNPLT0508,CCNATT0004,"Nắng tán xạ, chịu được nắng trực tiếp"
CCNPLT0508,CCNATT0005,"Ít nước, 2 – 3 lần/tuần"
CCNPLT0509,CCNATT0000,Sansevieria Trifasciata
CCNPLT0509,CCNATT0001,Lưỡi hổ
CCNPLT0509,CCNATT0002,Cao 80 – 100 cm
CCNPLT0509,CCNATT0003,Dễ chăm sóc
CCNPLT0509,CCNATT0004,"Nắng tán xạ, chịu được nắng trực tiếp"
CCNPLT0509,CCNATT0005,"Ít nước, 2 – 3 lần/tuần"
CCNPLT0510,CCNATT0000,Zamioculcas zamiifolia
CCNPLT0510,CCNATT0001,Cây kim tiền / Kim phát tài
CCNPLT0510,CCNATT0002,"Kích thước chậu: 37×50
Chiều cao tổng: 90 ~ 100 cm"
CCNPLT0510,CCNATT0003,Dễ chăm sóc
CCNPLT0510,CCNATT0004,"Nắng tán xạ, chịu được nắng trực tiếp"
CCNPLT0510,CCNATT0005,"Ít nước, 2 – 3 lần/tuần"
CCNPLT0511,CCNATT0000,Pachira aquatica
CCNPLT0511,CCNATT0001,Cây kim ngân
CCNPLT0511,CCNATT0002,"• Kích thước chậu:
• Chiều cao tổng: 50 cm"
CCNPLT0511,CCNATT0003,Dễ chăm sóc
CCNPLT0511,CCNATT0004,Ánh sáng tán xạ / Nắng trực tiếp / Chịu râm mát
CCNPLT0511,CCNATT0005,Tưới nước 2 – 3 lần/tuần
CCNPLT0512,CCNATT0000,Bucida sp.variegata
CCNPLT0512,CCNATT0001,Đa Tam Phúc
CCNPLT0512,CCNATT0002,"• Kích thước chậu: 32x52cm (DxC)
• Chiều cao tổng 140 – 150 cm"
CCNPLT0512,CCNATT0003,Dễ chăm sóc
CCNPLT0512,CCNATT0004,"Nắng tán xạ, chịu được nắng trực tiếp"
CCNPLT0512,CCNATT0005,Tưới nước 4 – 5 lần/tuần
CCNPLT0513,CCNATT0000,Dracaena draco L
CCNPLT0513,CCNATT0001,Phát tài núi
CCNPLT0513,CCNATT0002,Cao 100 – 120 cm
CCNPLT0513,CCNATT0003,Dễ chăm sóc
CCNPLT0513,CCNATT0004,"Nắng tán xạ, chịu được nắng trực tiếp"
CCNPLT0513,CCNATT0005,"Ít nước, 2 – 3 lần/tuần"
CCNPLT0514,CCNATT0000,Cordyline terminalis Kanth
CCNPLT0514,CCNATT0001,Huyết phất dụ
CCNPLT0514,CCNATT0002,Cao 80 – 100 cm
CCNPLT0514,CCNATT0003,Dễ chăm sóc
CCNPLT0514,CCNATT0004,"Nắng tán xạ, chịu được nắng trực tiếp"
CCNPLT0514,CCNATT0005,"Ít nước, 2 – 3 lần/tuần"
CCNPLT0515,CCNATT0000,Philodendron imperial Golden
CCNPLT0515,CCNATT0001,Trầu Bà Đế Vương Vàng
CCNPLT0515,CCNATT0002,Chiều cao: 45cm – Tán: 25cm
CCNPLT0515,CCNATT0003,Dễ chăm sóc
CCNPLT0515,CCNATT0004,Ánh sáng tán xạ; Chịu được khuất sáng
CCNPLT0515,CCNATT0005,Vừa phải (2 lần/tuần)
CCNPLT0516,CCNATT0000,Philodendron birkin
CCNPLT0516,CCNATT0001,Trầu Bà Kim Cương
CCNPLT0516,CCNATT0002,Chiều cao: 45cm – Tán: 25cm
CCNPLT0516,CCNATT0003,Dễ chăm sóc
CCNPLT0516,CCNATT0004,Ánh sáng tán xạ; Chịu được khuất sáng
CCNPLT0516,CCNATT0005,Vừa phải (2 lần/tuần)
CCNPLT0517,CCNATT0000,Aglaonema Red Siam
CCNPLT0517,CCNATT0001,Cây Phú Quý
CCNPLT0517,CCNATT0002,Chiều cao: 45cm – Tán: 25cm
CCNPLT0517,CCNATT0003,Dễ chăm sóc
CCNPLT0517,CCNATT0004,Ánh sáng tán xạ; Chịu được khuất sáng
CCNPLT0517,CCNATT0005,Vừa phải (2 lần/tuần)
CCNPLT0518,CCNATT0000,Calathea concinna
CCNPLT0518,CCNATT0001,Đuôi công xương cá
CCNPLT0518,CCNATT0002,Chiều cao: 45cm – Tán: 25cm
CCNPLT0518,CCNATT0003,Dễ chăm sóc
CCNPLT0518,CCNATT0004,Ánh sáng tán xạ; Chịu được khuất sáng
CCNPLT0518,CCNATT0005,"• Vừa phải (2 lần/tuần)
• Đất trồng thông thoáng"
CCNPLT0519,CCNATT0000,Chrysalidocarpus lutescens Wendl
CCNPLT0519,CCNATT0001,Cau vàng Nhật Bản
CCNPLT0519,CCNATT0002,"Kích thước chậu: 40×50 cm (DxC)
Chiều cao tổng ~180 cm"
CCNPLT0519,CCNATT0003,Dễ chăm sóc
CCNPLT0519,CCNATT0004,"Nắng tán xạ, chịu được nắng trực tiếp"
CCNPLT0519,CCNATT0005,"Ít nước, 2 – 3 lần/tuần"
CCNPLT0520,CCNATT0000,Aglaonema Pseudobracteatum
CCNPLT0520,CCNATT0001,Bạch mã hoàng tử
CCNPLT0520,CCNATT0002,Cao 80 – 120 cm
CCNPLT0520,CCNATT0003,Dễ chăm sóc
CCNPLT0520,CCNATT0004,"Nắng tán xạ, chịu được nắng trực tiếp"
CCNPLT0520,CCNATT0005,"Ít nước, 2 – 3 lần/tuần"
CCNPLT0521,CCNATT0000,Chrysalidocarpus lutescens Wendl
CCNPLT0521,CCNATT0001,Cau vàng Nhật Bản
CCNPLT0521,CCNATT0002,"Kích thước chậu 40×40 cm
Chiều cao tổng 160 ~ 180 cm"
CCNPLT0521,CCNATT0003,Dễ chăm sóc
CCNPLT0521,CCNATT0004,"Nắng tán xạ, chịu được nắng trực tiếp"
CCNPLT0521,CCNATT0005,"Ít nước, 2 – 3 lần/tuần"
CCNPLT0522,CCNATT0000,Monstera Delicious
CCNPLT0522,CCNATT0001,Trầu bà Nam Mỹ Monstera
CCNPLT0522,CCNATT0002,Cao 80 – 100 cm
CCNPLT0522,CCNATT0003,Dễ chăm sóc
CCNPLT0522,CCNATT0004,"Nắng tán xạ, chịu được nắng trực tiếp"
CCNPLT0522,CCNATT0005,"Ít nước, 2 – 3 lần/tuần"
CCNPLT0523,CCNATT0000,Dracaena reflexa
CCNPLT0523,CCNATT0001,Trúc bách hợp
CCNPLT0523,CCNATT0002,Cao 100 – 120 cm
CCNPLT0523,CCNATT0003,Dễ chăm sóc
CCNPLT0523,CCNATT0004,"Nắng tán xạ, chịu được nắng trực tiếp"
CCNPLT0523,CCNATT0005,"Ít nước, 2 – 3 lần/tuần"
CCNPLT0524,CCNATT0000,Epipremnum aureum
CCNPLT0524,CCNATT0001,Trầu bà xanh
CCNPLT0524,CCNATT0002,"• Kích thước chậu: 30x60cm (DxC)
• Chiều cao tổng: 150 – 160cm"
CCNPLT0524,CCNATT0003,Dễ chăm sóc
CCNPLT0524,CCNATT0004,Nắng tán xạ / Chịu được râm mát
CCNPLT0524,CCNATT0005,Tưới nước 2 – 3 lần/tuần
CCNPLT0525,CCNATT0000,Dracaena reflexa
CCNPLT0525,CCNATT0001,Trúc bách hợp
CCNPLT0525,CCNATT0002,"Kích thước chậu: 33x45cm
Chiều cao tổng: 100 – 130 cm"
CCNPLT0525,CCNATT0003,Dễ chăm sóc
CCNPLT0525,CCNATT0004,"Nắng tán xạ, chịu được nắng trực tiếp"
CCNPLT0525,CCNATT0005,"Ít nước, 2 – 3 lần/tuần"
CCNPLT0526,CCNATT0000,Epipremnum aureum
CCNPLT0526,CCNATT0001,Trầu bà xanh
CCNPLT0526,CCNATT0002,Cao 160 – 180 cm
CCNPLT0526,CCNATT0003,Dễ chăm sóc
CCNPLT0526,CCNATT0004,"Nắng tán xạ, chịu được nắng trực tiếp"
CCNPLT0526,CCNATT0005,"Ít nước, 2 – 3 lần/tuần"
CCNPLT0527,CCNATT0000,Monstera Delicious
CCNPLT0527,CCNATT0001,Trầu bà Nam Mỹ Monstera
CCNPLT0527,CCNATT0002,Cao 60 – 70 cm
CCNPLT0527,CCNATT0003,Dễ chăm sóc
CCNPLT0527,CCNATT0004,"Nắng tán xạ, chịu được nắng trực tiếp"
CCNPLT0527,CCNATT0005,"Ít nước, 2 – 3 lần/tuần"
CCNPLT0528,CCNATT0000,Ficus lyrata
CCNPLT0528,CCNATT0001,Cây bàng Singapore
CCNPLT0528,CCNATT0002,"Kích thước: 31×25 cm (DxH)
Chiều cao: 100 – 110 cm"
CCNPLT0528,CCNATT0003,Dễ chăm sóc
CCNPLT0528,CCNATT0004,"Nắng tán xạ, chịu được nắng trực tiếp"
CCNPLT0528,CCNATT0005,"Ít nước, 2 – 3 lần/tuần"
CCNPLT0529,CCNATT0000,Alocasia Macrorrhiza Variegata
CCNPLT0529,CCNATT0001,Cây Ráy
CCNPLT0530,CCNATT0000,Philodendron Paraiso Verde
CCNPLT0530,CCNATT0001,Paraiso
CCNPLT0530,CCNATT0002,"• Size nhỏ: Lá 10 cm  – 15 cm
• Size trung: Lá 20 cm – 25 cm
• Size lớn: Lá 30 cm – 35 cm"
CCNPLT0530,CCNATT0003,Trung bình
CCNPLT0530,CCNATT0004,Ánh sáng tán xạ; Tránh ánh nắng trực tiếp
CCNPLT0530,CCNATT0005,"• Vừa phải
• Đất trồng thông thoáng"
CCNPLT0531,CCNATT0000,Philodendron Melanochrysum
CCNPLT0531,CCNATT0001,Melanochrysum
CCNPLT0531,CCNATT0002,"• Size nhỏ: Lá 5 cm  – 10 cm
• Size trung: Lá 15 cm – 20 cm
• Size lớn: Lá 25 cm – 30 cm"
CCNPLT0531,CCNATT0003,Trung bình
CCNPLT0531,CCNATT0004,"• Ánh sáng tán xạ
• Tránh ánh nắng trực tiếp"
CCNPLT0531,CCNATT0005,"• Vừa phải
• Đất trồng thông thoáng"
CCNPLT0532,CCNATT0000,Philodendron Sodiroi
CCNPLT0532,CCNATT0001,Trầu Bà Sodiroi
CCNPLT0532,CCNATT0002,Cao 20 – 30 cm – Lá 10 – 15 cm
CCNPLT0532,CCNATT0003,Dễ chăm sóc
CCNPLT0532,CCNATT0004,"• Ánh nắng gián tiếp
• Ánh sáng tán xạ"
CCNPLT0532,CCNATT0005,"• Vừa phải, 2 – 3 lần/tuần
• Đất trồng thông thoáng"
CCNPLT0533,CCNATT0000,Anthurium andreanum
CCNPLT0533,CCNATT0001,Cây hồng môn
CCNPLT0533,CCNATT0002,Chiều cao 40 – 60 cm
CCNPLT0533,CCNATT0003,Dễ chăm sóc
CCNPLT0533,CCNATT0004,Nắng tán xạ / Chịu râm mát
CCNPLT0533,CCNATT0005,Thay nước 2 – 3 lần/tháng
CCNPLT0534,CCNATT0000,Epipremnum Aureum ‘Njoy Pothos’
CCNPLT0534,CCNATT0001,Cây trầu bà cẩm thạch / Trầu bà sữa
CCNPLT0534,CCNATT0002,Cao 30 – 40 cm
CCNPLT0534,CCNATT0003,Rất dễ chăm sóc
CCNPLT0534,CCNATT0004,Nắng tán xạ
CCNPLT0534,CCNATT0005,Thay nước 2 – 3 tháng/lần
CCNPLT0535,CCNATT0000,Peperomia obtusifolia
CCNPLT0535,CCNATT0001,Cây trường sinh
CCNPLT0535,CCNATT0003,Dễ chăm sóc
CCNPLT0535,CCNATT0004,Nắng tán xạ / Chịu râm mát
CCNPLT0535,CCNATT0005,Thay nước 2 – 3 lần/tháng
CCNPLT0535,CCNATT0006,Cao 40 – 60 cm
CCNPLT0536,CCNATT0000,Pachira aquatica
CCNPLT0536,CCNATT0001,Cây kim ngân
CCNPLT0536,CCNATT0003,Dễ chăm sóc
CCNPLT0536,CCNATT0004,Nắng tán xạ / Chịu râm mát
CCNPLT0536,CCNATT0005,Thay nước 2 – 3 lần/tháng
CCNPLT0536,CCNATT0006,Cao 40 – 60 cm
CCNPLT0537,CCNATT0000,Dracaena sanderiana
CCNPLT0537,CCNATT0001,Cây phát lộc
CCNPLT0537,CCNATT0003,Dễ chăm sóc
CCNPLT0537,CCNATT0004,Nắng tán xạ / Chịu râm mát
CCNPLT0537,CCNATT0005,Thay nước 2 – 3 lần/tháng
CCNPLT0537,CCNATT0006,Cao 40 – 60 cm
CCNPLT0538,CCNATT0000,Aglaonema Red Valentine
CCNPLT0538,CCNATT0001,Cây hồng lộc phát
CCNPLT0538,CCNATT0003,Dễ chăm sóc
CCNPLT0538,CCNATT0004,Nắng tán xạ / Chịu râm mát
CCNPLT0538,CCNATT0005,Thay nước 2 – 3 lần/tháng
CCNPLT0538,CCNATT0006,Cao 40 – 60 cm
CCNPLT0539,CCNATT0000,Calathea makoyana
CCNPLT0539,CCNATT0001,Đuôi công khổng tước
CCNPLT0539,CCNATT0003,Dễ chăm sóc
CCNPLT0539,CCNATT0004,Nắng tán xạ / Chịu râm mát
CCNPLT0539,CCNATT0005,Thay nước 2 – 3 lần/tháng
CCNPLT0539,CCNATT0006,Cao 40 – 60 cm
CCNPLT0540,CCNATT0000,Chamaedorea elegans
CCNPLT0540,CCNATT0001,Cây tiểu trâm
CCNPLT0540,CCNATT0003,Dễ chăm sóc
CCNPLT0540,CCNATT0004,Nắng tán xạ / Chịu râm mát
CCNPLT0540,CCNATT0005,Thay nước 2 – 3 lần/tháng
CCNPLT0540,CCNATT0006,Cao 40 – 50 cm
CCNPLT0541,CCNATT0000,Rhaphidophora Tetrasperma
CCNPLT0541,CCNATT0001,"• Monstera Thái Leo
• Monstera Mini Thái
• Rhaphidophora Tetrasperma sp Thailand"
CCNPLT0541,CCNATT0002,Cao 20 – 30 cm
CCNPLT0541,CCNATT0003,Dễ chăm sóc
CCNPLT0541,CCNATT0004,"• Ánh nắng gián tiếp
• Ánh sáng tán xạ"
CCNPLT0541,CCNATT0005,"• Vừa phải, 2 – 3 lần/tuần
• Đất trồng thông thoáng"
CCNPLT0542,CCNATT0000,Euphorbia Pulcherrima
CCNPLT0542,CCNATT0001,"• Trạng Nguyên
• Nhất Phẩm Hồng"
CCNPLT0542,CCNATT0002,Cao 30 – 40 cm
CCNPLT0542,CCNATT0003,Dễ chăm sóc
CCNPLT0542,CCNATT0004,"• Ánh nắng gián tiếp
• Ánh sáng tán xạ"
CCNPLT0542,CCNATT0005,"• Vừa phải, 2 – 3 lần/tuần
• Đất trồng thông thoáng"
CCNPLT0543,CCNATT0000,Syngonium Milk Confetti
CCNPLT0543,CCNATT0001,Tróc Bạc Đốm Hồng
CCNPLT0543,CCNATT0002,Cao 15 – 25 cm
CCNPLT0543,CCNATT0003,Dễ chăm sóc
CCNPLT0543,CCNATT0004,"• Ánh nắng gián tiếp
• Ánh sáng tán xạ"
CCNPLT0543,CCNATT0005,"• Vừa phải, 2 – 3 lần/tuần
• Đất trồng thông thoáng"
CCNPLT0544,CCNATT0000,Philodendron Pink Princess
CCNPLT0544,CCNATT0001,"• Công chúa hồng
• Pink Princess"
CCNPLT0544,CCNATT0002,"• Size nhỏ: Lá 5 cm  – 8 cm
• Size trung: Lá 9 cm – 12 cm
• Size lớn: Lá 13 cm – 17 cm"
CCNPLT0544,CCNATT0003,Trung bình
CCNPLT0544,CCNATT0004,Ánh sáng tán xạ; Tránh ánh nắng trực tiếp
CCNPLT0544,CCNATT0005,"• Vừa phải
• Đất trồng thông thoáng"
CCNPLT0545,CCNATT0000,Monstera Dubia
CCNPLT0545,CCNATT0001,Trầu Bà Dubia
CCNPLT0545,CCNATT0002,Cao 20 – 30 cm
CCNPLT0545,CCNATT0003,Dễ chăm sóc
CCNPLT0545,CCNATT0004,"• Ánh nắng gián tiếp
• Ánh sáng tán xạ"
CCNPLT0545,CCNATT0005,"• Vừa phải, 2 – 3 lần/tuần
• Đất trồng thông thoáng"
CCNPLT0546,CCNATT0000,Ardisia crenata
CCNPLT0546,CCNATT0001,Kim ngân lượng
CCNPLT0546,CCNATT0002,"Kích thước chậu: 32×50 cm
Chiều cao tổng: 110 – 120 cm"
CCNPLT0546,CCNATT0003,Dễ chăm sóc
CCNPLT0546,CCNATT0004,"Nắng tán xạ, chịu được nắng trực tiếp"
CCNPLT0546,CCNATT0005,Tưới nước 2 – 3 lần/tuần
CCNPLT0547,CCNATT0000,Epipremnum Manjula
CCNPLT0547,CCNATT0001,"• Manjula Pothos
• Trầu Bà Manjula"
CCNPLT0547,CCNATT0002,Cao 20 cm
CCNPLT0547,CCNATT0003,Rất dễ chăm sóc
CCNPLT0547,CCNATT0004,"• Ánh nắng gián tiếp
• Ánh sáng tán xạ"
CCNPLT0547,CCNATT0005,"• Vừa phải, 2 – 3 lần/tuần
• Đất trồng thông thoáng"
CCNPLT0548,CCNATT0000,Bucida Buceras Variegated
CCNPLT0548,CCNATT0001,Bàng Đài Loan cẩm thạch
CCNPLT0548,CCNATT0002,"• Kích thước chậu: 30×30 cm (DxC)
• Chiều cao tổng: 80 – 100 cm"
CCNPLT0548,CCNATT0003,Dễ chăm sóc
CCNPLT0548,CCNATT0004,Nắng trực tiếp / Nắng tán xạ
CCNPLT0548,CCNATT0005,Tưới nước 2 – 3 lần/tuần
CCNPLT0549,CCNATT0000,Cedrus
CCNPLT0549,CCNATT0001,Cây tuyết tùng
CCNPLT0549,CCNATT0002,Cao 15-20cm gồm chậu
CCNPLT0549,CCNATT0003,Dễ chăm sóc
CCNPLT0549,CCNATT0004,"Nắng tán xạ, chịu được nắng trực tiếp"
CCNPLT0549,CCNATT0005,"Ít nước, 2 – 3 lần/tuần"
CCNPLT0550,CCNATT0000,Cedrus
CCNPLT0550,CCNATT0001,Cây tuyết tùng
CCNPLT0550,CCNATT0002,Chiều cao 50 – 60cm
CCNPLT0550,CCNATT0003,Dễ chăm sóc
CCNPLT0550,CCNATT0004,"Nắng tán xạ, chịu được nắng trực tiếp"
CCNPLT0550,CCNATT0005,Tưới nước 2 – 3 lần/tuần
CCNPLT0551,CCNATT0000,Ardisia crenata
CCNPLT0551,CCNATT0001,Kim ngân lượng
CCNPLT0551,CCNATT0002,Chiều cao tổng: 100 – 120 cm
CCNPLT0551,CCNATT0003,Dễ chăm sóc
CCNPLT0551,CCNATT0004,"Nắng tán xạ, chịu được nắng trực tiếp"
CCNPLT0551,CCNATT0005,Tưới nước 2 – 3 lần/tuần
CCNPLT0552,CCNATT0000,Staghorn Fern
CCNPLT0552,CCNATT0001,Cây Ổ Rồng
CCNPLT0552,CCNATT0002,Lá dài 20 – 30cm
CCNPLT0552,CCNATT0003,Dễ chăm sóc
CCNPLT0552,CCNATT0004,"Nắng tán xạ, ánh nắng gián tiếp"
CCNPLT0552,CCNATT0005,"Ít nước, 2 – 3 lần/tuần"
CCNPLT0553,CCNATT0000,Philodendron Birkin
CCNPLT0553,CCNATT0001,"• Trầu bà hoàng kim
• Trầu bà kim cương
• Trầu bà đế vương sọc"
CCNPLT0553,CCNATT0002,Cao 25 cm
CCNPLT0553,CCNATT0003,Dễ chăm sóc
CCNPLT0553,CCNATT0004,Nắng tán xạ
CCNPLT0553,CCNATT0005,"Ít nước, 2 – 3 lần/tuần"
CCNPLT0554,CCNATT0000,Ardisia crenata
CCNPLT0554,CCNATT0001,Kim ngân lượng
CCNPLT0554,CCNATT0002,Chiều cao tổng: 80 – 90 cm
CCNPLT0554,CCNATT0003,Dễ chăm sóc
CCNPLT0554,CCNATT0004,"Nắng tán xạ, chịu được nắng trực tiếp"
CCNPLT0554,CCNATT0005,Tưới nước 2 – 3 lần/tuần
CCNPLT0555,CCNATT0000,Thaumatophyllum bipinnatifidum
CCNPLT0555,CCNATT0001,Cây trầu bà thanh xuân
CCNPLT0555,CCNATT0002,Cao 20 – 25 cm
CCNPLT0555,CCNATT0003,Dễ chăm sóc
CCNPLT0555,CCNATT0004,Nắng tán xạ / Bóng râm
CCNPLT0555,CCNATT0005,"Ít tưới nước, 2 – 3 lần/tuần"
CCNPLT0556,CCNATT0000,Caladium Red Baret
CCNPLT0556,CCNATT0001,• Môn Baret
CCNPLT0556,CCNATT0003,Dễ sống
CCNPLT0556,CCNATT0004,Ít sáng / Bóng râm / Tán xạ
CCNPLT0556,CCNATT0005,"Vừa phải, 2 – 3  lần/tuần"
CCNPLT0556,CCNATT0006,• Chiều cao 25 – 35 cm
CCNPLT0557,CCNATT0000,Pachira aquatica
CCNPLT0557,CCNATT0001,Cây kim ngân
CCNPLT0557,CCNATT0002,Chiều cao 50cm
CCNPLT0557,CCNATT0003,Dễ chăm sóc
CCNPLT0557,CCNATT0004,Ánh sáng tán xạ; Nắng trực tiếp
CCNPLT0557,CCNATT0005,Vừa phải (2 lần/tuần)
CCNPLT0558,CCNATT0000,Caladium Moon Light
CCNPLT0558,CCNATT0001,• Môn Ánh Trăng
CCNPLT0558,CCNATT0003,Dễ sống
CCNPLT0558,CCNATT0004,Ít sáng / Bóng râm / Tán xạ
CCNPLT0558,CCNATT0005,"Vừa phải, 2 – 3  lần/tuần"
CCNPLT0558,CCNATT0006,• Chiều cao 25 – 35 cm
CCNPLT0559,CCNATT0000,Rhapis Palm
CCNPLT0559,CCNATT0001,"• Cây trúc mây
• Cây mật cật"
CCNPLT0559,CCNATT0003,Dễ chăm sóc
CCNPLT0559,CCNATT0004,Nắng trực tiếp / Ánh sáng tán xạ
CCNPLT0559,CCNATT0005,"Ít nước, 2 – 3 lần/tuần"
CCNPLT0559,CCNATT0006,"Cỡ nhỏ: 60 – 80 cm
Cỡ trung: Cao 80 – 100 cm
Cỡ lớn: Cao 100 – 120 cm"
CCNPLT0560,CCNATT0000,Ficus lyrata
CCNPLT0560,CCNATT0001,Bàng Singapore / Sung tỳ bà
CCNPLT0560,CCNATT0003,Dễ chăm sóc
CCNPLT0560,CCNATT0004,Nắng trực tiếp / Ánh sáng tán xạ
CCNPLT0560,CCNATT0005,"Ít nước, 2 – 3 lần/tuần"
CCNPLT0560,CCNATT0006,"Kích thước chậu: 35×28 cm (DxC)
Chiều cao 140 – 150 cm"
CCNPLT0561,CCNATT0000,Philodendron Imperial Golden
CCNPLT0561,CCNATT0001,Cây trầu bà đế vương vàng
CCNPLT0561,CCNATT0002,"• Cỡ nhỏ: Cao 30cm – Tán 25cm
• Cỡ trung: Cao 40cm – Tán 35cm
• Cỡ lớn: Cao 50cm – Tán 45cm"
CCNPLT0561,CCNATT0003,Dễ chăm sóc
CCNPLT0561,CCNATT0004,Nắng tán xạ / Bóng râm
CCNPLT0561,CCNATT0005,"Vừa phải , 2 – 3 lần/tuần"
CCNPLT0562,CCNATT0000,Caladium White Queen
CCNPLT0562,CCNATT0001,• Môn Nữ Hoàng
CCNPLT0562,CCNATT0002,"• Kích thước lá: 10 – 20cm
• Chiều cao: 30 – 40cm"
CCNPLT0562,CCNATT0003,Dễ chăm sóc
CCNPLT0562,CCNATT0004,Ánh sáng tán xạ; Tránh ánh nắng trực tiếp
CCNPLT0562,CCNATT0005,"• Vừa phải
• Đất trồng thông thoáng"
CCNPLT0563,CCNATT0000,Philodendron Imperial Golden
CCNPLT0563,CCNATT0001,Cây trầu bà đế vương vàng
CCNPLT0563,CCNATT0002,"• Cỡ nhỏ: Cao 25cm – Tán 25cm
• Cỡ trung: Cao 35cm – Tán 35cm
• Cỡ lớn: Cao 45cm – Tán 45cm"
CCNPLT0563,CCNATT0003,Dễ chăm sóc
CCNPLT0563,CCNATT0004,Nắng tán xạ / Bóng râm
CCNPLT0563,CCNATT0005,"Vừa phải , 2 – 3 lần/tuần"
CCNPLT0564,CCNATT0000,Caladium Desert Sunset
CCNPLT0564,CCNATT0001,"• Caladium Sunset
• Môn Hoàng Hôn"
CCNPLT0564,CCNATT0003,Dễ sống
CCNPLT0564,CCNATT0004,Ít sáng / Bóng râm / Tán xạ
CCNPLT0564,CCNATT0005,"Vừa phải, 2 – 3  lần/tuần"
CCNPLT0564,CCNATT0006,• Chiều cao 25 – 35 cm
CCNPLT0565,CCNATT0000,Ficus lyrata
CCNPLT0565,CCNATT0001,Cây bàng Singapore
CCNPLT0565,CCNATT0002,Chiều cao 80 ~ 100 cm
CCNPLT0565,CCNATT0003,Dễ chăm sóc
CCNPLT0565,CCNATT0004,"Nắng tán xạ, chịu được nắng trực tiếp"
CCNPLT0565,CCNATT0005,"Ít nước, 2 – 3 lần/tuần"
CCNPLT0566,CCNATT0000,Caladium Hilo Beauty
CCNPLT0566,CCNATT0001,"• Môn rằn ri
• Môn lính"
CCNPLT0566,CCNATT0003,Dễ sống
CCNPLT0566,CCNATT0004,Ít sáng / Bóng râm / Tán xạ
CCNPLT0566,CCNATT0005,"Vừa phải, 2 – 3  lần/tuần"
CCNPLT0566,CCNATT0006,• Chiều cao 25 – 35 cm
CCNPLT0567,CCNATT0000,Caladium Frog in a Blender
CCNPLT0567,CCNATT0001,• Caladium Frog
CCNPLT0567,CCNATT0003,Dễ sống
CCNPLT0567,CCNATT0004,Ít sáng / Bóng râm / Tán xạ
CCNPLT0567,CCNATT0005,"Vừa phải, 2 – 3  lần/tuần"
CCNPLT0567,CCNATT0006,• Chiều cao 25 – 35 cm
CCNPLT0568,CCNATT0000,Caladium Danasty
CCNPLT0568,CCNATT0001,• Môn đỏ
CCNPLT0568,CCNATT0003,Dễ sống
CCNPLT0568,CCNATT0004,Ít sáng / Bóng râm / Tán xạ
CCNPLT0568,CCNATT0005,"Vừa phải, 2 – 3  lần/tuần"
CCNPLT0568,CCNATT0006,• Chiều cao 25 – 35 cm
CCNPLT0569,CCNATT0000,Calathea leopardina
CCNPLT0569,CCNATT0001,Đuôi công đốm xanh
CCNPLT0569,CCNATT0002,Chiều cao: 45cm – Tán: 25cm
CCNPLT0569,CCNATT0003,Dễ chăm sóc
CCNPLT0569,CCNATT0004,Ánh sáng tán xạ; Chịu được khuất sáng
CCNPLT0569,CCNATT0005,"• Vừa phải (2 lần/tuần)
• Đất trồng thông thoáng"
CCNPLT0570,CCNATT0000,Sansevieria trifasciata Futura Superba
CCNPLT0570,CCNATT0001,Cây lưỡi Thái
CCNPLT0570,CCNATT0002,Chiều cao: 40 cm – Tán 20 cm
CCNPLT0570,CCNATT0003,Dễ chăm sóc
CCNPLT0570,CCNATT0004,Ánh sáng tán xạ; Bóng râm; Chịu được bóng râm
CCNPLT0570,CCNATT0005,Tưới ít (1 lần/tuần)
CCNPLT0571,CCNATT0000,Caladium Aaron
CCNPLT0571,CCNATT0001,• Caladium Aaron
CCNPLT0571,CCNATT0003,Dễ sống
CCNPLT0571,CCNATT0004,Ít sáng / Bóng râm / Tán xạ
CCNPLT0571,CCNATT0005,"Vừa phải, 2 – 3  lần/tuần"
CCNPLT0571,CCNATT0006,Chiều cao 30 – 40 cm
CCNPLT0572,CCNATT0000,Sansevieria trifasciata Hahnii Green
CCNPLT0572,CCNATT0001,Cây lưỡi mèo Thái xanh
CCNPLT0572,CCNATT0002,"• Chiều cao: 10 cm – Tán 15 cm
• Số lượng: 4 Thân"
CCNPLT0572,CCNATT0003,Dễ chăm sóc
CCNPLT0572,CCNATT0004,Ánh sáng tán xạ / Chịu được khuất sáng
CCNPLT0572,CCNATT0005,Tưới nước 2 – 3 lần/tuần
CCNPLT0573,CCNATT0000,Sansevieria Black Golden Hahnii
CCNPLT0573,CCNATT0001,Cây lưỡi hổ Thái xanh
CCNPLT0573,CCNATT0002,Chiều cao: 10 cm – Tán 15 cm
CCNPLT0573,CCNATT0003,Dễ chăm sóc
CCNPLT0573,CCNATT0004,Ánh sáng tán xạ; Bóng râm; Chịu được bóng râm
CCNPLT0573,CCNATT0005,Tưới ít (1 lần/tuần)
CCNPLT0574,CCNATT0000,Sansevieria trifasciata Golden Hahnii
CCNPLT0574,CCNATT0001,Cây lưỡi hổ Thái vàng mini
CCNPLT0574,CCNATT0002,Chiều cao: 10 cm – Tán 15 cm
CCNPLT0574,CCNATT0003,Dễ chăm sóc
CCNPLT0574,CCNATT0004,Ánh sáng tán xạ; Bóng râm; Chịu được bóng râm
CCNPLT0574,CCNATT0005,Tưới ít (1 lần/tuần)
CCNPLT0575,CCNATT0000,Sansevieria trifasciata Gold Flame
CCNPLT0575,CCNATT0001,Cây lưỡi hổ hoàng kim
CCNPLT0575,CCNATT0002,Chiều cao: 60 cm – Tán 35 cm
CCNPLT0575,CCNATT0003,Dễ chăm sóc
CCNPLT0575,CCNATT0004,Ánh sáng tán xạ; Bóng râm; Chịu được bóng râm
CCNPLT0575,CCNATT0005,Tưới ít (1 lần/tuần)
CCNPLT0576,CCNATT0000,Caladium Strawberry Star
CCNPLT0576,CCNATT0001,"• Môn Dâu
• Strawberry Star"
CCNPLT0576,CCNATT0002,"• Size nhỏ: Cao 10 cm – 15 cm
• Size trung: Cao 20 cm – 25 cm
• Size lớn: Cao 25 cm – 35 cm"
CCNPLT0576,CCNATT0003,Trung bình
CCNPLT0576,CCNATT0004,Ánh sáng tán xạ; Tránh ánh nắng trực tiếp
CCNPLT0576,CCNATT0005,"• Vừa phải
• Đất trồng thông thoáng"
CCNPLT0577,CCNATT0000,Philodendron hederaceum Micans
CCNPLT0577,CCNATT0001,"• Trầu bà tim nâu
• Trầu bà Micans"
CCNPLT0577,CCNATT0002,Dài: 30 – 40 cm
CCNPLT0577,CCNATT0003,Dễ chăm sóc
CCNPLT0577,CCNATT0004,Ánh sáng tán xạ; Bóng râm
CCNPLT0577,CCNATT0005,Ít tưới (1 – 2 lần/tuần)
CCNPLT0578,CCNATT0000,Philodendron scandens Brazil
CCNPLT0578,CCNATT0001,Trầu bà Brazil
CCNPLT0578,CCNATT0002,Chiều cao: 25 – 30 cm
CCNPLT0578,CCNATT0003,Dễ chăm sóc
CCNPLT0578,CCNATT0004,Ánh sáng tán xạ; Bóng râm
CCNPLT0578,CCNATT0005,Ít tưới (1 – 2 lần/tuần)
CCNPLT0579,CCNATT0000,Philodendron scandens
CCNPLT0579,CCNATT0001,Trầu bà tim xanh
CCNPLT0579,CCNATT0002,Chiều cao: 30 – 40cm
CCNPLT0579,CCNATT0003,Dễ chăm sóc
CCNPLT0579,CCNATT0004,Ánh sáng tán xạ
CCNPLT0579,CCNATT0005,Ít tưới (1 – 2 lần/tuần)
CCNPLT0580,CCNATT0000,Pachira aquatica
CCNPLT0580,CCNATT0001,"• Cây kim ngân
• Money Tree
• Money Plant"
CCNPLT0580,CCNATT0002,Chiều cao: 50cm
CCNPLT0580,CCNATT0003,Dễ chăm sóc
CCNPLT0580,CCNATT0004,Ánh sáng tán xạ; Nắng trực tiếp
CCNPLT0580,CCNATT0005,Vừa phải (2 lần/tuần)
CCNPLT0581,CCNATT0000,Sansevieria trifasciata Laurentii
CCNPLT0581,CCNATT0001,Cây lưỡi hổ
CCNPLT0581,CCNATT0002,Chiều cao: 60 cm – Tán 35 cm
CCNPLT0581,CCNATT0003,Dễ chăm sóc
CCNPLT0581,CCNATT0004,Ánh sáng tán xạ; Bóng râm; Chịu được bóng râm
CCNPLT0581,CCNATT0005,Tưới ít (1 lần/tuần)
CCNPLT0582,CCNATT0000,Alocasia Pink Dragon
CCNPLT0582,CCNATT0001,"• Môn Rồng Hồng
• Pink Dragon"
CCNPLT0582,CCNATT0002,"• Size nhỏ: Lá 5 cm – 8 cm
• Size trung: Lá 9 cm – 12 cm
• Size lớn: Lá 13 cm – 17 cm"
CCNPLT0582,CCNATT0003,Trung bình
CCNPLT0582,CCNATT0004,Ánh sáng tán xạ; Tránh ánh nắng trực tiếp
CCNPLT0582,CCNATT0005,"• Vừa phải
• Đất trồng thông thoáng"
CCNPLT0583,CCNATT0000,Alocasia Baginda Dragon Scale
CCNPLT0583,CCNATT0001,"• Alocasia Dragon Scale
• Môn Rồng xanh"
CCNPLT0583,CCNATT0002,"• Size nhỏ: Lá 5 cm – 8 cm
• Size trung: Lá 9 cm – 12 cm
• Size lớn: Lá 13 cm – 17 cm"
CCNPLT0583,CCNATT0003,Trung bình
CCNPLT0583,CCNATT0004,Ánh sáng tán xạ; Tránh ánh nắng trực tiếp
CCNPLT0583,CCNATT0005,"• Vừa phải
• Đất trồng thông thoáng"
CCNPLT0584,CCNATT0000,Cedrus
CCNPLT0584,CCNATT0001,Cây tuyết tùng
CCNPLT0584,CCNATT0002,Chiều cao 150 – 160cm
CCNPLT0584,CCNATT0003,Dễ chăm sóc
CCNPLT0584,CCNATT0004,"Nắng tán xạ, chịu được nắng trực tiếp"
CCNPLT0584,CCNATT0005,Tưới nước 2 – 3 lần/tuần
CCNPLT0585,CCNATT0000,Cedrus
CCNPLT0585,CCNATT0001,Cây tuyết tùng
CCNPLT0585,CCNATT0002,Chiều cao 90 – 100cm
CCNPLT0585,CCNATT0003,Dễ chăm sóc
CCNPLT0585,CCNATT0004,"Nắng tán xạ, chịu được nắng trực tiếp"
CCNPLT0585,CCNATT0005,Tưới nước 2 – 3 lần/tuần
CCNPLT0586,CCNATT0000,Cedrus
CCNPLT0586,CCNATT0001,Cây tuyết tùng
CCNPLT0586,CCNATT0002,Chiều cao 90 – 100cm
CCNPLT0586,CCNATT0003,Dễ chăm sóc
CCNPLT0586,CCNATT0004,"Nắng tán xạ, chịu được nắng trực tiếp"
CCNPLT0586,CCNATT0005,Tưới nước 2 – 3 lần/tuần
CCNPLT0587,CCNATT0000,Cedrus
CCNPLT0587,CCNATT0001,Cây tuyết tùng
CCNPLT0587,CCNATT0002,Chiều cao 30 – 40cm
CCNPLT0587,CCNATT0003,Dễ chăm sóc
CCNPLT0587,CCNATT0004,"Nắng tán xạ, chịu được nắng trực tiếp"
CCNPLT0587,CCNATT0005,Tưới nước 2 – 3 lần/tuần
CCNPLT0588,CCNATT0000,Cedrus
CCNPLT0588,CCNATT0001,Cây tuyết tùng
CCNPLT0588,CCNATT0002,Chiều cao 90 – 100cm
CCNPLT0588,CCNATT0003,Dễ chăm sóc
CCNPLT0588,CCNATT0004,"Nắng tán xạ, chịu được nắng trực tiếp"
CCNPLT0588,CCNATT0005,"Ít nước, 2 – 3 lần/tuần"
CCNPLT0589,CCNATT0000,Cedrus
CCNPLT0589,CCNATT0001,Cây tuyết tùng
CCNPLT0589,CCNATT0002,Chiều cao 140 – 150cm
CCNPLT0589,CCNATT0003,Dễ chăm sóc
CCNPLT0589,CCNATT0004,"Nắng tán xạ, chịu được nắng trực tiếp"
CCNPLT0589,CCNATT0005,"Ít nước, 2 – 3 lần/tuần"
CCNPLT0590,CCNATT0000,Cedrus
CCNPLT0590,CCNATT0001,Cây tuyết tùng
CCNPLT0590,CCNATT0002,Chiều cao 90 – 100cm
CCNPLT0590,CCNATT0003,Dễ chăm sóc
CCNPLT0590,CCNATT0004,"Nắng tán xạ, chịu được nắng trực tiếp"
CCNPLT0590,CCNATT0005,"Ít nước, 2 – 3 lần/tuần"
CCNPLT0591,CCNATT0000,Cedrus
CCNPLT0591,CCNATT0001,Cây tuyết tùng
CCNPLT0591,CCNATT0002,Cao 15-20cm gồm chậu
CCNPLT0591,CCNATT0003,Dễ chăm sóc
CCNPLT0591,CCNATT0004,"Nắng tán xạ, chịu được nắng trực tiếp"
CCNPLT0591,CCNATT0005,"Ít nước, 2 – 3 lần/tuần"
CCNPLT0592,CCNATT0000,Cedrus
CCNPLT0592,CCNATT0001,Cây tuyết tùng
CCNPLT0592,CCNATT0002,Cao 15-20cm gồm chậu
CCNPLT0592,CCNATT0003,Dễ chăm sóc
CCNPLT0592,CCNATT0004,"Nắng tán xạ, chịu được nắng trực tiếp"
CCNPLT0592,CCNATT0005,"Ít nước, 2 – 3 lần/tuần"
CCNPLT0593,CCNATT0000,Cedrus
CCNPLT0593,CCNATT0001,Cây tuyết tùng
CCNPLT0593,CCNATT0002,Cao 15-20cm gồm chậu
CCNPLT0593,CCNATT0003,Dễ chăm sóc
CCNPLT0593,CCNATT0004,"Nắng tán xạ, chịu được nắng trực tiếp"
CCNPLT0593,CCNATT0005,"Ít nước, 2 – 3 lần/tuần"
CCNPLT0594,CCNATT0000,Cedrus
CCNPLT0594,CCNATT0001,Cây tuyết tùng
CCNPLT0594,CCNATT0002,Cao 15-20cm gồm chậu
CCNPLT0594,CCNATT0003,Dễ chăm sóc
CCNPLT0594,CCNATT0004,"Nắng tán xạ, chịu được nắng trực tiếp"
CCNPLT0594,CCNATT0005,"Ít nước, 2 – 3 lần/tuần"
CCNPLT0595,CCNATT0000,Ardisia crenata
CCNPLT0595,CCNATT0001,Kim ngân lượng
CCNPLT0595,CCNATT0002,Chiều cao tổng: 100 – 120 cm
CCNPLT0595,CCNATT0003,Dễ chăm sóc
CCNPLT0595,CCNATT0004,"Nắng tán xạ, chịu được nắng trực tiếp"
CCNPLT0595,CCNATT0005,Tưới nước 2 – 3 lần/tuần
CCNPLT0596,CCNATT0000,Ardisia crenata
CCNPLT0596,CCNATT0001,Kim ngân lượng
CCNPLT0596,CCNATT0002,Chiều cao tổng: 80 – 90 cm
CCNPLT0596,CCNATT0003,Dễ chăm sóc
CCNPLT0596,CCNATT0004,"Nắng tán xạ, chịu được nắng trực tiếp"
CCNPLT0596,CCNATT0005,Tưới nước 2 – 3 lần/tuần
CCNPLT0597,CCNATT0000,Ardisia crenata
CCNPLT0597,CCNATT0001,Kim ngân lượng
CCNPLT0597,CCNATT0002,"Kích thước chậu: 22×22 cm
Chiều cao tổng: 90 – 100 cm"
CCNPLT0597,CCNATT0003,Dễ chăm sóc
CCNPLT0597,CCNATT0004,"Nắng tán xạ, chịu được nắng trực tiếp"
CCNPLT0597,CCNATT0005,Tưới nước 2 – 3 lần/tuần
CCNPLT0598,CCNATT0000,Ardisia crenata
CCNPLT0598,CCNATT0001,Kim ngân lượng
CCNPLT0598,CCNATT0002,"Kích thước chậu: 22×22 cm
Chiều cao tổng: 90 – 100 cm"
CCNPLT0598,CCNATT0003,Dễ chăm sóc
CCNPLT0598,CCNATT0004,"Nắng tán xạ, chịu được nắng trực tiếp"
CCNPLT0598,CCNATT0005,Tưới nước 2 – 3 lần/tuần
CCNPLT0599,CCNATT0001,Cây Thiết Mộc Lan
CCNPLT0600,CCNATT0001,Cây Ngọc Bích
CCNPLT0601,CCNATT0000,Chamaedorea elegans
CCNPLT0601,CCNATT0001,Cau tiểu trâm
CCNPLT0601,CCNATT0002,Chiều cao: 10 cm
CCNPLT0601,CCNATT0003,Dễ chăm sóc
CCNPLT0601,CCNATT0004,Ánh sáng tán xạ
CCNPLT0601,CCNATT0005,Ít tưới (1 – 2 lần/tuần)
CCNPLT0602,CCNATT0000,Schefflera heptaphylla
CCNPLT0602,CCNATT0001,Cây ngũ gia bì
CCNPLT0602,CCNATT0003,Dễ chăm sóc
CCNPLT0602,CCNATT0004,Nắng tán xạ
CCNPLT0602,CCNATT0005,Tưới nước 2 – 3 lần/tuần
CCNPLT0602,CCNATT0006,Chiều cao 40 – 50 cm
CCNPLT0603,CCNATT0000,Zamioculcas zamiifolia
CCNPLT0603,CCNATT0001,Cây kim tiền / Cây kim phát tài
CCNPLT0603,CCNATT0002,Chiều cao 20 – 30cm
CCNPLT0603,CCNATT0003,Dễ chăm sóc
CCNPLT0603,CCNATT0004,Nắng tán xạ hoặc trực tiếp
CCNPLT0603,CCNATT0005,"Ít nước, 2 – 3 lần/tuần"
CCNPLT0604,CCNATT0000,Pachira aquatica
CCNPLT0604,CCNATT0001,Cây kim ngân
CCNPLT0604,CCNATT0002,Chiều cao 40cm
CCNPLT0604,CCNATT0003,Dễ chăm sóc
CCNPLT0604,CCNATT0004,Ánh sáng tán xạ; Nắng trực tiếp
CCNPLT0604,CCNATT0005,Vừa phải (2 lần/tuần)
CCNPLT0605,CCNATT0001,Cây đuôi công
CCNPLT0605,CCNATT0003,Trung bình
CCNPLT0605,CCNATT0004,Nắng tán xạ / Chịu râm mát
CCNPLT0605,CCNATT0005,Tưới nước 4 – 5 lần/tuần
CCNPLT0605,CCNATT0006,Chiều cao 20 – 30 cm
CCNPLT0606,CCNATT0000,Calathea roseopicta Crimson
CCNPLT0606,CCNATT0001,Cây đuôi công hồng
CCNPLT0606,CCNATT0003,Trung bình
CCNPLT0606,CCNATT0004,Nắng tán xạ / Chịu râm mát
CCNPLT0606,CCNATT0005,"Ít nước, 2 – 3 lần/tuần"
CCNPLT0606,CCNATT0006,Chiều cao 20 – 30 cm
CCNPLT0607,CCNATT0000,Aglaonema Lady Valentine
CCNPLT0607,CCNATT0001,Cây vạn lộc
CCNPLT0607,CCNATT0002,Cao 40 – 50 cm
CCNPLT0607,CCNATT0003,Rất dễ chăm sóc
CCNPLT0607,CCNATT0004,Nắng tán xạ / Chịu râm mát
CCNPLT0607,CCNATT0005,Thay nước 2 – 3 lần/tháng
CCNPLT0608,CCNATT0000,Zamioculcas zamiifolia
CCNPLT0608,CCNATT0001,Cây Kim Tiền
CCNPLT0608,CCNATT0003,Dễ chăm sóc
CCNPLT0608,CCNATT0004,Nắng tán xạ
CCNPLT0608,CCNATT0005,Thay nước 1 tháng/lần
CCNPLT0608,CCNATT0006,Chiều cao 30 – 40 cm
CCNPLT0609,CCNATT0000,Spathiphyllum wallisii
CCNPLT0609,CCNATT0001,Cây Lan Ý
CCNPLT0609,CCNATT0003,Rất dễ chăm sóc
CCNPLT0609,CCNATT0004,Nắng tán xạ
CCNPLT0609,CCNATT0005,Thay nước định kỳ 1 – 2 tháng/lần
CCNPLT0609,CCNATT0006,Chiều cao 40 – 50 cm
CCNPLT0610,CCNATT0000,Aglaonema Snow White
CCNPLT0610,CCNATT0001,Cây ngọc ngân
CCNPLT0610,CCNATT0002,Chiều cao 40 – 50 cm
CCNPLT0610,CCNATT0003,Rất dễ chăm sóc
CCNPLT0610,CCNATT0004,Nắng tán xạ
CCNPLT0610,CCNATT0005,Thay nước 2 – 3 lần/tháng
CCNPLT0611,CCNATT0000,Schefflera heptaphylla
CCNPLT0611,CCNATT0001,Cây ngũ gia bì
CCNPLT0611,CCNATT0003,Dễ chăm sóc
CCNPLT0611,CCNATT0004,Nắng tán xạ
CCNPLT0611,CCNATT0005,Thay nước 2 – 3 lần/tháng
CCNPLT0611,CCNATT0006,Chiều cao 40 – 50 cm
CCNPLT0612,CCNATT0000,Aglaonema Siam Aurora
CCNPLT0612,CCNATT0001,Cây phú quý viền đỏ
CCNPLT0612,CCNATT0003,Dễ chăm sóc
CCNPLT0612,CCNATT0004,Nắng tán xạ / Chịu râm mát
CCNPLT0612,CCNATT0005,Thay nước 2 – 3 lần/tháng
CCNPLT0612,CCNATT0006,Chiều cao 40 – 50 cm
CCNPLT0613,CCNATT0000,Dieffenbachia Camilla
CCNPLT0613,CCNATT0001,Cây sao sáng
CCNPLT0613,CCNATT0003,Dễ chăm sóc
CCNPLT0613,CCNATT0004,Nắng tán xạ / Chịu râm mát
CCNPLT0613,CCNATT0005,Thay nước 2 – 3 lần/tháng
CCNPLT0613,CCNATT0006,Cao 40 – 50 cm
CCNPLT0614,CCNATT0000,Epipremnum aureum
CCNPLT0614,CCNATT0001,Cây Trầu Bà Xanh
CCNPLT0614,CCNATT0003,Rất dễ chăm sóc
CCNPLT0614,CCNATT0004,Nắng tán xạ
CCNPLT0614,CCNATT0005,Thay nước 1 tháng/lần
CCNPLT0614,CCNATT0006,Chiều cao tổng 30 – 35 cm
CCNPLT0615,CCNATT0000,Sansevieria trifasciata Futura Superba
CCNPLT0615,CCNATT0001,Cây lưỡi hổ
CCNPLT0615,CCNATT0002,Cao 30 – 50 cm
CCNPLT0615,CCNATT0003,Rất dễ chăm sóc
CCNPLT0615,CCNATT0004,Nắng tán xạ / Nơi râm mát
CCNPLT0615,CCNATT0005,Thay nước 2 – 3 lần/tháng
CCNPLT0616,CCNATT0000,Radermachera Sinica
CCNPLT0616,CCNATT0001,Cây hạnh phúc
CCNPLT0616,CCNATT0002,Cao 40 – 50 cm
CCNPLT0616,CCNATT0003,Dễ chăm sóc
CCNPLT0616,CCNATT0004,"Nắng tán xạ, chịu được nắng trực tiếp"
CCNPLT0616,CCNATT0005,"Ít nước, 2 – 3 lần/tuần"
CCNPLT0617,CCNATT0001,Cây hạnh phúc
CCNPLT0618,CCNATT0000,Callisia Repens “Pink Lady”
CCNPLT0618,CCNATT0001,Callisia Repens
CCNPLT0619,CCNATT0000,Ardisia crenata
CCNPLT0619,CCNATT0001,Kim ngân lượng
CCNPLT0619,CCNATT0002,"Kích thước chậu: 22×22 cm
Chiều cao tổng: 90 – 100 cm"
CCNPLT0619,CCNATT0003,Dễ chăm sóc
CCNPLT0619,CCNATT0004,"Nắng tán xạ, chịu được nắng trực tiếp"
CCNPLT0619,CCNATT0005,Tưới nước 2 – 3 lần/tuần
CCNPLT0620,CCNATT0000,Epipremnum Aureum
CCNPLT0620,CCNATT0001,Cây Trầu Bà
CCNPLT0620,CCNATT0003,Dễ chăm sóc
CCNPLT0620,CCNATT0004,"Nắng tán xạ, bóng râm"
CCNPLT0620,CCNATT0005,"Ít nước, 2 – 3 lần/tuần"
CCNPLT0620,CCNATT0006,Cao 150 – 160 cm
CCNPLT0620,CCNATT0011,Có khả năng hấp thu chất độc hại
CCNPLT0621,CCNATT0000,Satin Pothos
CCNPLT0621,CCNATT0001,Hoàng Tâm Diệp
CCNPLT0621,CCNATT0003,Vừa phải
CCNPLT0621,CCNATT0004,Nắng tán xạ
CCNPLT0621,CCNATT0005,"Ít nước, 2 – 3 lần/tuần"
CCNPLT0621,CCNATT0006,Cao 40 – 50 cm
CCNPLT0621,CCNATT0010,Tính axit
CCNPLT0621,CCNATT0011,Có khả năng hấp thu chất độc hại
CCNPLT0622,CCNATT0000,Sansevieria trifasciata Moonshine
CCNPLT0622,CCNATT0001,Cây Trầu Bà Lụa
CCNPLT0622,CCNATT0002,Chiều cao: 40cm – Tán: 15cm
CCNPLT0622,CCNATT0003,Rất dễ chăm sóc
CCNPLT0622,CCNATT0004,"• Ánh nắng trực tiếp
• Ánh sáng tán xạ
• Dưới bóng râm"
CCNPLT0622,CCNATT0005,"• Vừa phải, 2 – 3 lần/tuần
• Đất trồng thông thoáng"
CCNPLT0623,CCNATT0001,"• Lưỡi hổ bạc
• Lưỡi hổ bạch kim"
CCNPLT0624,CCNATT0001,Tùng Vạn Niên
CCNPLT0625,CCNATT0001,Cây Lá Bạc 
CCNPLT0626,CCNATT0000,Philodendron Hastatum
CCNPLT0626,CCNATT0001,Kiếm bạc
CCNPLT0626,CCNATT0002,Cao 22 cm – Tán: 22 cm
CCNPLT0626,CCNATT0003,Dễ chăm sóc
CCNPLT0626,CCNATT0004,"• Ánh nắng gián tiếp
• Ánh sáng tán xạ"
CCNPLT0626,CCNATT0005,"• Vừa phải, 2 – 3 lần/tuần
• Đất trồng thông thoáng"
CCNPLT0627,CCNATT0000,Philodendron Gloriosum
CCNPLT0627,CCNATT0001,Gloriosum
CCNPLT0627,CCNATT0002,"• Size nhỏ: Lá 5 cm  – 8 cm
• Size trung: Lá 9 cm – 12 cm
• Size lớn: Lá 13 cm – 17 cm"
CCNPLT0627,CCNATT0003,Trung bình
CCNPLT0627,CCNATT0004,Ánh sáng tán xạ; Tránh ánh nắng trực tiếp
CCNPLT0627,CCNATT0005,"• Vừa phải
• Đất trồng thông thoáng"
CCNPLT0628,CCNATT0001,Philodendron Brandtianum
CCNPLT0629,CCNATT0001,Philodendron Bob Cee
CCNPLT0630,CCNATT0000,Philodendron Birkin
CCNPLT0630,CCNATT0001,Trầu bà kim cương
CCNPLT0630,CCNATT0002,Chiều cao 35 – 40 cm
CCNPLT0630,CCNATT0003,Dễ chăm sóc
CCNPLT0630,CCNATT0004,Nắng tán xạ / Nơi râm mát
CCNPLT0630,CCNATT0005,Tưới nước 2 – 3 lần/tuần
CCNPLT0631,CCNATT0001,Lá Hột Xoàn
CCNPLT0632,CCNATT0001,Cây Bướm Đêm
CCNPLT0633,CCNATT0000,Monstera Deliciosa
CCNPLT0633,CCNATT0001,"• Trầu bà lá xẻ
• Trầu bà Nam Mỹ
• Trầu bà Monstera
• Monstera Deliciosa"
CCNPLT0633,CCNATT0002,"• Kích thước lá: 15 – 30cm
• Chiều cao: 50 – 60cm"
CCNPLT0633,CCNATT0003,Dễ chăm sóc
CCNPLT0633,CCNATT0004,Ánh sáng tán xạ; Tránh ánh nắng trực tiếp
CCNPLT0633,CCNATT0005,"• Vừa phải, 2 – 3 lần/tuần
• Đất trồng thông thoáng"
CCNPLT0634,CCNATT0000,Monstera adansonii
CCNPLT0634,CCNATT0001,Cây trầu bà lỗ
CCNPLT0634,CCNATT0003,Vừa phải
CCNPLT0634,CCNATT0004,Nắng tán xạ / Bóng râm
CCNPLT0634,CCNATT0005,"Tưới nước, 4 – 5 lần/tuần"
CCNPLT0634,CCNATT0006,Chiều cao 30 – 40 cm
CCNPLT0635,CCNATT0000,Maranta leuconeura ‘massangeana’
CCNPLT0635,CCNATT0001,Cây cầu nguyên
CCNPLT0635,CCNATT0002,Đường kính tán: 25cm
CCNPLT0635,CCNATT0003,Dễ chăm sóc
CCNPLT0635,CCNATT0004,Ánh sáng tán xạ / Chịu được râm mát
CCNPLT0635,CCNATT0005,Tưới nước 4 – 5 lần/tuần
CCNPLT0636,CCNATT0001,Maranta Leuconeura Kerchoviana‬ Variegata
CCNPLT0637,CCNATT0000,Maranta leuconeura kerchoveana
CCNPLT0637,CCNATT0001,Đuôi công đốm xanh
CCNPLT0637,CCNATT0002,Chiều cao: 20cm – Tán: 25cm
CCNPLT0637,CCNATT0003,Dễ chăm sóc
CCNPLT0637,CCNATT0004,Ánh sáng tán xạ; Chịu được râm mát
CCNPLT0637,CCNATT0005,Tưới nước 4 – 5 lần/tuần
CCNPLT0638,CCNATT0001,Cây Đuôi Công
CCNPLT0639,CCNATT0000,Maranta Lemon Lime
CCNPLT0639,CCNATT0001,Cây cầu nguyên
CCNPLT0639,CCNATT0002,Đường kính tán: 25cm
CCNPLT0639,CCNATT0003,Dễ chăm sóc
CCNPLT0639,CCNATT0004,Ánh sáng tán xạ / Chịu được râm mát
CCNPLT0639,CCNATT0005,Tưới nước 4 – 5 lần/tuần
CCNPLT0640,CCNATT0001,Maranta Arundinacea Variegata
CCNPLT0641,CCNATT0001,Dương Xỉ Tóc Thần Lá Nhuyễn
CCNPLT0642,CCNATT0001,Kaempferia Pulchra
CCNPLT0643,CCNATT0000,Ficus Elastica Tineke
CCNPLT0643,CCNATT0001,Đa búp đỏ cẩm thạch
CCNPLT0643,CCNATT0002,Chiều cao 10 – 15cm
CCNPLT0643,CCNATT0003,Rất dễ chăm sóc
CCNPLT0643,CCNATT0004,Ánh sáng tán xạ
CCNPLT0643,CCNATT0005,Tưới nước 2 – 3 lần/tuần
CCNPLT0644,CCNATT0000,Ficus elastica
CCNPLT0644,CCNATT0001,Đa búp đỏ
CCNPLT0644,CCNATT0002,Chiều cao 20 – 25 cm
CCNPLT0644,CCNATT0003,Rất dễ chăm sóc
CCNPLT0644,CCNATT0004,Ánh sáng tán xạ; Bóng râm
CCNPLT0644,CCNATT0005,"Vừa phải, 2 – 3 lần/tuần"
CCNPLT0645,CCNATT0000,Calathea Makoyana
CCNPLT0645,CCNATT0001,"• Cây đuôi công đốm
• Cây đuôi công"
CCNPLT0645,CCNATT0002,"• Cỡ nhỏ: Cao 22 cm – Tán: 22 cm
• Cỡ trung: Cao 32 cm – Tán: 28 cm
• Cỡ lớn: Cao 45 – Tán: 40cm"
CCNPLT0645,CCNATT0003,Rất dễ chăm sóc
CCNPLT0645,CCNATT0004,"• Ánh nắng gián tiếp
• Ánh sáng tán xạ"
CCNPLT0645,CCNATT0005,"• Vừa phải, 2 – 3 lần/tuần
• Đất trồng thông thoáng"
CCNPLT0646,CCNATT0001,Cây Khuynh Diệp Ánh Bạc
CCNPLT0647,CCNATT0001,Cây Chuỗi Tim 
CCNPLT0648,CCNATT0000,Crispy Wave Fern
CCNPLT0648,CCNATT0001,Cây dương xỉ tổ chim
CCNPLT0648,CCNATT0002,Chiều cao 30 ~ 40 cm
CCNPLT0648,CCNATT0003,Rất dễ chăm sóc
CCNPLT0648,CCNATT0004,Nắng tán xạ / Bóng râm
CCNPLT0648,CCNATT0005,Tưới nước 2 – 3 lần/tuần
CCNPLT0649,CCNATT0000,Calathea Warscewiczii
CCNPLT0649,CCNATT0001,Cây đuôi công
CCNPLT0649,CCNATT0003,Trung bình
CCNPLT0649,CCNATT0004,Nắng tán xạ / Chịu râm mát
CCNPLT0649,CCNATT0005,Tưới nước 5 – 6 lần/tuần
CCNPLT0649,CCNATT0006,Chiều cao 40 – 50 cm
CCNPLT0650,CCNATT0000,Calathea Thai Beauty
CCNPLT0650,CCNATT0001,Cây Đuôi Công Calathea
CCNPLT0650,CCNATT0003,Vừa phải
CCNPLT0650,CCNATT0004,Nắng tán xạ
CCNPLT0650,CCNATT0005,"Ít nước, 2 – 3 lần/tuần"
CCNPLT0650,CCNATT0006,Cao 30 cm
CCNPLT0650,CCNATT0010,Tính axit
CCNPLT0650,CCNATT0011,Có khả năng hấp thu chất độc hại
CCNPLT0651,CCNATT0000,Calathea roseopicta Dottie
CCNPLT0651,CCNATT0001,Cây đuôi công tím
CCNPLT0651,CCNATT0003,Trung bình
CCNPLT0651,CCNATT0004,"Nắng tán xạ, chịu râm mát"
CCNPLT0651,CCNATT0005,4 – 5 lần/tuần
CCNPLT0651,CCNATT0006,Chiều cao 10 – 20 cm
CCNPLT0652,CCNATT0000,Calathea roseopicta Cora
CCNPLT0652,CCNATT0001,Cây Đuôi Công
CCNPLT0652,CCNATT0003,Trung bình
CCNPLT0652,CCNATT0004,Nắng tán xạ / Chịu râm mát
CCNPLT0652,CCNATT0005,Tưới nước 4 – 5 lần/tuần
CCNPLT0652,CCNATT0006,Chiều cao 20 – 30 cm
CCNPLT0653,CCNATT0000,Calathea Roseopicta ‘Marion’
CCNPLT0653,CCNATT0001,Cây đuôi công
CCNPLT0653,CCNATT0003,Vừa phải
CCNPLT0653,CCNATT0004,Nắng tán xạ
CCNPLT0653,CCNATT0005,"Ít nước, 2 – 3 lần/tuần"
CCNPLT0653,CCNATT0006,Chiều cao 40 -–50 cm
CCNPLT0653,CCNATT0010,Tính axit
CCNPLT0653,CCNATT0011,Có khả năng hấp thu chất độc hại
CCNPLT0654,CCNATT0000,Calathea Musaica
CCNPLT0654,CCNATT0001,Cây đuôi công ‘Network’
CCNPLT0654,CCNATT0003,Vừa phải
CCNPLT0654,CCNATT0004,Nắng tán xạ / Nơi râm mát
CCNPLT0654,CCNATT0005,Tưới nước 2 – 3 lần/tuần
CCNPLT0654,CCNATT0006,Chiều cao 20 – 25 cm
CCNPLT0655,CCNATT0000,Calathea Makoyana
CCNPLT0655,CCNATT0001,"• Cây đuôi công đốm
• Cây đuôi công"
CCNPLT0655,CCNATT0002,"• Cỡ nhỏ: Cao 22 cm – Tán: 22 cm
• Cỡ trung: Cao 32 cm – Tán: 28 cm
• Cỡ lớn: Cao 45 – Tán: 40cm"
CCNPLT0655,CCNATT0003,Rất dễ chăm sóc
CCNPLT0655,CCNATT0004,"• Ánh nắng gián tiếp
• Ánh sáng tán xạ"
CCNPLT0655,CCNATT0005,"• Vừa phải, 2 – 3 lần/tuần
• Đất trồng thông thoáng"
CCNPLT0656,CCNATT0000,Calathea Lancifolia
CCNPLT0656,CCNATT0001,Cây đuôi phụng
CCNPLT0656,CCNATT0002,"• Kích thước lá: 10 – 20cm
• Chiều cao: 25 – 40cm"
CCNPLT0656,CCNATT0003,Dễ chăm sóc
CCNPLT0656,CCNATT0004,Ánh sáng tán xạ / Chịu được râm mát
CCNPLT0656,CCNATT0005,Ít nước 2 – 3 lần/tuần
CCNPLT0657,CCNATT0000,Calathea Fasciata Borrusica
CCNPLT0657,CCNATT0001,Cây Đuôi Công
CCNPLT0657,CCNATT0003,Vừa phải
CCNPLT0657,CCNATT0004,Nắng tán xạ
CCNPLT0657,CCNATT0005,"Ít nước, 2 – 3 lần/tuần"
CCNPLT0657,CCNATT0006,Cao 40 – 50 cm
CCNPLT0657,CCNATT0010,Tính axit
CCNPLT0657,CCNATT0011,Có khả năng hấp thu chất độc hại
CCNPLT0658,CCNATT0000,Calathea Compact Star
CCNPLT0658,CCNATT0001,Cây Đuôi Công
CCNPLT0658,CCNATT0003,Vừa phải
CCNPLT0658,CCNATT0004,Nắng tán xạ
CCNPLT0658,CCNATT0005,"Ít nước, 2 – 3 lần/tuần"
CCNPLT0658,CCNATT0006,Cao 40 – 50 cm
CCNPLT0658,CCNATT0010,Tính axit
CCNPLT0658,CCNATT0011,Có khả năng hấp thu chất độc hại
CCNPLT0659,CCNATT0000,Calathea Bella Carlina
CCNPLT0659,CCNATT0001,Cây Đuôi Công
CCNPLT0659,CCNATT0003,Vừa phải
CCNPLT0659,CCNATT0004,Nắng tán xạ
CCNPLT0659,CCNATT0005,"Ít nước, 2 – 3 lần/tuần"
CCNPLT0659,CCNATT0006,Cao 40 – 50 cm
CCNPLT0659,CCNATT0010,Tính axit
CCNPLT0659,CCNATT0011,Có khả năng hấp thu chất độc hại
CCNPLT0660,CCNATT0000,Caladium White Christmas
CCNPLT0660,CCNATT0001,• Môn Giáng Sinh
CCNPLT0660,CCNATT0003,Dễ sống
CCNPLT0660,CCNATT0004,Ít sáng / Bóng râm / Tán xạ
CCNPLT0660,CCNATT0005,"Vừa phải, 2 – 3  lần/tuần"
CCNPLT0660,CCNATT0006,• Chiều cao 30 – 40 cm
CCNPLT0661,CCNATT0001,Cây Môn Tía
CCNPLT0662,CCNATT0000,Begonia Maculata Wightii
CCNPLT0662,CCNATT0001,Cây thu hải đường cánh thiên thần
CCNPLT0662,CCNATT0002,Chiều cao: 30 – 40 cm
CCNPLT0662,CCNATT0003,Rất dễ chăm sóc
CCNPLT0662,CCNATT0004,Nắng tán xạ / Bóng râm
CCNPLT0662,CCNATT0005,Tưới nước 3 – 4 lần/tuần
CCNPLT0663,CCNATT0000,Alocasia Micholitziana Frydek
CCNPLT0663,CCNATT0001,"• Môn nhung lá xanh
• Alocasia Frydek"
CCNPLT0663,CCNATT0002,"• Size nhỏ: Lá 5 cm  – 8 cm
• Size trung: Lá 9 cm – 12 cm
• Size lớn: Lá 13 cm – 17 cm"
CCNPLT0663,CCNATT0003,Trung bình
CCNPLT0663,CCNATT0004,Ánh sáng tán xạ; Tránh ánh nắng trực tiếp
CCNPLT0663,CCNATT0005,"• Vừa phải
• Đất trồng thông thoáng"
CCNPLT0664,CCNATT0000,Alocasia Reginula Black Velvet
CCNPLT0664,CCNATT0001,"• Alocasia Black Velvet
• Môn nhung lá đen"
CCNPLT0664,CCNATT0002,"• Size nhỏ: Lá 5 cm – 8 cm
• Size vừa: Lá 9 cm – 12 cm
• Size lớn : Lá 13 cm – 17cm"
CCNPLT0664,CCNATT0003,Trung bình
CCNPLT0664,CCNATT0004,Ánh sáng tán xạ; Tránh ánh nắng trực tiếp
CCNPLT0664,CCNATT0005,"• Vừa phải
• Đất trồng thông thoáng"
CCNPLT0665,CCNATT0000,Alocasia Baginda Silver Dragon
CCNPLT0665,CCNATT0001,"• Môn Rồng Bạc
• Alocasia Baginda
• Silver Dragon"
CCNPLT0665,CCNATT0002,"• Size nhỏ : Lá 5 cm – 8 cm
• Size trung: Lá 8 cm – 12 cm
• Size lớn: Lá 13 cm – 17 cm"
CCNPLT0665,CCNATT0003,Trung Bình
CCNPLT0665,CCNATT0004,"• Ánh sáng tán xạ
• Tránh ánh nắng trực tiếp"
CCNPLT0665,CCNATT0005,"• Vừa phải, 2 – 3 lần/tuần
• Đất trồng thông thoáng"
CCNPLT0666,CCNATT0000,Aglaonema Lady Valentine
CCNPLT0666,CCNATT0001,Cây vạn lộc
CCNPLT0666,CCNATT0002,Cao 20 – 30 cm
CCNPLT0666,CCNATT0003,Rất dễ chăm sóc
CCNPLT0666,CCNATT0004,Nắng tán xạ / Chịu râm mát
CCNPLT0666,CCNATT0005,Tưới nước 2 – 3 lần/lần
CCNPLT0667,CCNATT0000,Alocasia Amazonica Polly
CCNPLT0667,CCNATT0001,"• Alocasia Polly
• Môn Quan Âm"
CCNPLT0667,CCNATT0002,"• Size nhỏ: Lá 5 cm – 8 cm
• Size trung: Lá 9 cm – 12 cm
• Size lớn: Lá 13 cm – 17 cm"
CCNPLT0667,CCNATT0003,Trung bình
CCNPLT0667,CCNATT0004,Ánh sáng tán xạ; Tránh ánh nắng trực tiếp
CCNPLT0667,CCNATT0005,"• Vừa phải
• Đất trồng thông thoáng"
CCNPLT0668,CCNATT0001,Cây Hoa Sen
CCNPLT0669,CCNATT0000,Echinodorus cordifolius
CCNPLT0669,CCNATT0001,Cây Thủy Cúc
CCNPLT0669,CCNATT0003,Dễ
CCNPLT0669,CCNATT0004,"Nắng tán xạ, tránh nắng trực tiếp"
CCNPLT0669,CCNATT0005,"Nhiều nước, 4 – 5 lần/tuần"
CCNPLT0669,CCNATT0006,Cao 40 – 60 cm
CCNPLT0669,CCNATT0010,Tính axit
CCNPLT0669,CCNATT0011,Có khả năng hấp thu chất độc hại
CCNPLT0670,CCNATT0001,Cây Lẻ Bạn
CCNPLT0671,CCNATT0000,Cordyline terminalis Kanth
CCNPLT0671,CCNATT0001,Huyết phất dụ
CCNPLT0671,CCNATT0002,Chiều cao 30 – 50 cm
CCNPLT0671,CCNATT0003,Dễ chăm sóc
CCNPLT0671,CCNATT0004,"Nắng tán xạ, chịu được nắng trực tiếp"
CCNPLT0671,CCNATT0005,"Ít nước, 2 – 3 lần/tuần"
CCNPLT0672,CCNATT0000,Scheffera Octophylla
CCNPLT0672,CCNATT0001,Ngũ gia bì cẩm thạch
CCNPLT0672,CCNATT0002,Chiều cao ~80 cm
CCNPLT0672,CCNATT0003,Dễ chăm sóc
CCNPLT0672,CCNATT0004,"Nắng tán xạ, chịu được nắng trực tiếp"
CCNPLT0672,CCNATT0005,"Ít nước, 2 – 3 lần/tuần"
CCNPLT0673,CCNATT0000,Monstera adansonii
CCNPLT0673,CCNATT0001,Cây Trầu Bà Lỗ
CCNPLT0673,CCNATT0003,Vừa phải
CCNPLT0673,CCNATT0004,Nắng tán xạ
CCNPLT0673,CCNATT0005,"Ít nước, 2 – 3 lần/tuần"
CCNPLT0673,CCNATT0006,Cao 30 – 40 cm
CCNPLT0673,CCNATT0010,Tính axit
CCNPLT0673,CCNATT0011,Có khả năng hấp thu chất độc hại
CCNPLT0674,CCNATT0000,Cryptanthus Fosterianus Elaine
CCNPLT0674,CCNATT0001,Cây dứa hồng phụng / Lưỡi rồng
CCNPLT0674,CCNATT0002,Chiều cao 20 – 30 cm
CCNPLT0674,CCNATT0003,Rất dễ chăm sóc
CCNPLT0674,CCNATT0004,Nắng tán xạ
CCNPLT0674,CCNATT0005,Tưới nước 2 – 3 lần/tháng
CCNPLT0675,CCNATT0000,Licuala grandis
CCNPLT0675,CCNATT0001,Cây cọ Nhật / Kè Nhật
CCNPLT0675,CCNATT0002,Chiều cao: 60 – 80 cm
CCNPLT0675,CCNATT0003,Rất dễ chăm sóc
CCNPLT0675,CCNATT0004,Nắng tán xạ / Bóng râm
CCNPLT0675,CCNATT0005,Tưới nước 3 – 4 lần/tuần
CCNPLT0676,CCNATT0000,Dracaena reflexa
CCNPLT0676,CCNATT0001,Cây trúc bách hợp
CCNPLT0676,CCNATT0003,Rất dễ
CCNPLT0676,CCNATT0004,Cần nhiều ánh sáng; Nắng trực tiếp; Bóng râm
CCNPLT0676,CCNATT0005,"• Ít tưới, 1 – 2 lần/tuần
• Chịu được hạn"
CCNPLT0676,CCNATT0006,Chiều cao: 80 – 100cm
CCNPLT0677,CCNATT0001,Cây Phát Tài Đài Loan
CCNPLT0678,CCNATT0001,Cây Cung Điện Vàng
CCNPLT0679,CCNATT0000,Ficus lyrata
CCNPLT0679,CCNATT0001,Cây bàng Singapore / Sung tỳ bà
CCNPLT0679,CCNATT0003,Dễ chăm sóc
CCNPLT0679,CCNATT0004,Nắng trực tiếp / Ánh sáng tán xạ
CCNPLT0679,CCNATT0005,"Ít nước, 2 – 3 lần/tuần"
CCNPLT0679,CCNATT0006,"Kích thước chậu: 30×40
Chiều cao tổng 160 – 180 cm"
CCNPLT0680,CCNATT0001,Cây Phát Tài Huy Hoàng/ Phát Tài Núi
CCNPLT0681,CCNATT0000,Asplenium nidus
CCNPLT0681,CCNATT0001,Ráng ổ phụng
CCNPLT0681,CCNATT0002,Chiều cao: 35cm – Tán: 25cm
CCNPLT0681,CCNATT0003,Dễ chăm sóc
CCNPLT0681,CCNATT0004,Ánh sáng tán xạ; Chịu được khuất sáng
CCNPLT0681,CCNATT0005,Tưới nước 2 – 3 lần/tuần
CCNPLT0682,CCNATT0001,Cây Lan Thanh
CCNPLT0683,CCNATT0001,Cây Ngân Hậu
CCNPLT0684,CCNATT0000,Zamioculcas zamiifolia
CCNPLT0684,CCNATT0001,Cây kim tiền / Cây kim phát tài
CCNPLT0684,CCNATT0002,Chiều cao 40 – 50cm
CCNPLT0684,CCNATT0003,Dễ chăm sóc
CCNPLT0684,CCNATT0004,Nắng tán xạ hoặc trực tiếp
CCNPLT0684,CCNATT0005,"Ít nước, 2 – 3 lần/tuần"
CCNPLT0685,CCNATT0001,Cây Lan Tim Nhí/ Cây Khúc Thủy
CCNPLT0686,CCNATT0001,Cây phát tài khúc
CCNPLT0687,CCNATT0001,Cây Trúc Nhật Vàng
CCNPLT0688,CCNATT0000,Peperomia obtusifolia var
CCNPLT0688,CCNATT0001,Cây trường sinh cẩm thạch
CCNPLT0688,CCNATT0003,Dễ chăm sóc
CCNPLT0688,CCNATT0004,Nắng tán xạ / Chịu râm mát
CCNPLT0688,CCNATT0005,Tưới nước 2 – 3 lần/tuần
CCNPLT0688,CCNATT0006,"• Kích thước chậu: 12x11cm (DxC)
• Chiều cao 20 – 30 cm"
CCNPLT0689,CCNATT0000,Zamioculcas zamiifolia
CCNPLT0689,CCNATT0001,Cây kim tiền
CCNPLT0689,CCNATT0003,Dễ sống
CCNPLT0689,CCNATT0004,Ít sáng / Bóng râm / Tán xạ
CCNPLT0689,CCNATT0005,"Vừa phải, 2 – 3  lần/tuần"
CCNPLT0689,CCNATT0006,Chiều cao 30 – 40 cm
CCNPLT0690,CCNATT0000,Zamioculcas zamiifolia
CCNPLT0690,CCNATT0001,Cây kim tiền
CCNPLT0690,CCNATT0002,Chiều cao 45 cm
CCNPLT0690,CCNATT0003,Dễ chăm sóc
CCNPLT0690,CCNATT0004,"Nắng tán xạ, chịu được nắng trực tiếp"
CCNPLT0690,CCNATT0005,"Ít nước, 2 – 3 lần/tuần"
CCNPLT0691,CCNATT0001,Cây Rau Má Kiểng/ Cỏ Đồng Tiền
CCNPLT0692,CCNATT0000,Aglaonema Red Siam
CCNPLT0692,CCNATT0001,Phú quý đỏ
CCNPLT0692,CCNATT0003,Dễ chăm sóc
CCNPLT0692,CCNATT0004,Nắng tán xạ / Nơi râm mát
CCNPLT0692,CCNATT0005,Tưới nước 2 – 3 lần/tuần
CCNPLT0692,CCNATT0006,Chiều cao 20 – 30 cm
CCNPLT0693,CCNATT0000,Aglaonema Snow White
CCNPLT0693,CCNATT0001,Cây ngọc ngân
CCNPLT0693,CCNATT0002,Chiều cao: 20 – 30cm
CCNPLT0693,CCNATT0003,Dễ chăm sóc
CCNPLT0693,CCNATT0004,Ánh sáng tán xạ; Tránh ánh nắng trực tiếp
CCNPLT0693,CCNATT0005,Tưới nước 2 – 3 lần/tuần
CCNPLT0694,CCNATT0001,Cây ngọc ngân
CCNPLT0695,CCNATT0000,Anthurium andreanum
CCNPLT0695,CCNATT0001,Cây hồng môn
CCNPLT0695,CCNATT0002,Chiều cao 20 – 30 cm
CCNPLT0695,CCNATT0003,Dễ chăm sóc
CCNPLT0695,CCNATT0004,Nắng tán xạ / Chịu râm mát
CCNPLT0695,CCNATT0005,Tưới nước 2 – 3 lần/lần
CCNPLT0696,CCNATT0001,Cây Hoa Lan Quân Tử
CCNPLT0697,CCNATT0000,Spathiphyllum wallisii
CCNPLT0697,CCNATT0001,Cây lan ý / Cánh buồm / Huệ hòa bình
CCNPLT0697,CCNATT0003,Dễ chăm sóc
CCNPLT0697,CCNATT0004,Nắng tán xạ / Chịu bóng râm
CCNPLT0697,CCNATT0005,Tưới nước 2 – 3 lần/tuần
CCNPLT0697,CCNATT0006,Chiều cao 40 – 50 cm
CCNPLT0698,CCNATT0000,Fiddle Leaf Fig
CCNPLT0698,CCNATT0001,"Sung tì bà, sung tỳ bà hay sung lá đàn"
CCNPLT0698,CCNATT0003,Vừa phải
CCNPLT0698,CCNATT0004,Chịu được nắng trực tiếp
CCNPLT0698,CCNATT0005,"Ít nước, 2 – 3 lần/tuần"
CCNPLT0698,CCNATT0006,"• Kích thước chậu:
• Chiều cao tổng: 17 cm"
CCNPLT0699,CCNATT0000,Chamaedorea elegans
CCNPLT0699,CCNATT0001,Cau Hawaii
CCNPLT0699,CCNATT0002,Chiều cao tổng: 120 – 130 cm
CCNPLT0699,CCNATT0003,Dễ chăm sóc
CCNPLT0699,CCNATT0004,Nắng tán xạ / Râm mát
CCNPLT0699,CCNATT0005,Tưới nước 2 – 3 lần/tuần
CCNPLT0700,CCNATT0000,Peperomia obtusifolia
CCNPLT0700,CCNATT0001,Cây trường sinh
CCNPLT0700,CCNATT0003,Dễ chăm sóc
CCNPLT0700,CCNATT0004,Nắng tán xạ / Chịu râm mát
CCNPLT0700,CCNATT0005,Tưới nước 2 – 3 lần/tuần
CCNPLT0700,CCNATT0006,Chiều cao 20 – 30 cm
CCNPLT0701,CCNATT0001,Cây Vạn Lộc/Thiên Phú
CCNPLT0702,CCNATT0000,English Ivy
CCNPLT0702,CCNATT0001,Cây thường xuân
CCNPLT0702,CCNATT0003,Trung bình
CCNPLT0702,CCNATT0004,"Ít nắng, trồng nơi râm mát"
CCNPLT0702,CCNATT0005,"Ít nước, 2 – 3 lần/tuần"
CCNPLT0702,CCNATT0006,Dài 60cm
CCNPLT0703,CCNATT0000,Philodendron Imperial Green
CCNPLT0703,CCNATT0001,Cây Trầu Bà Đế Vương Xanh
CCNPLT0703,CCNATT0003,Vừa phải
CCNPLT0703,CCNATT0004,Nắng tán xạ
CCNPLT0703,CCNATT0005,"Ít nước, 2 – 3 lần/tuần"
CCNPLT0703,CCNATT0006,Cao 20 – 40 cm
CCNPLT0703,CCNATT0010,Tính axit
CCNPLT0703,CCNATT0011,Có khả năng hấp thu chất độc hại
CCNPLT0704,CCNATT0000,Podocarpus brevifolius
CCNPLT0704,CCNATT0001,Tùng la hán
CCNPLT0704,CCNATT0002,Chiều cao: 15 cm
CCNPLT0704,CCNATT0003,Dễ chăm sóc
CCNPLT0704,CCNATT0004,Ánh sáng tán xạ
CCNPLT0704,CCNATT0005,Tưới nước 1 – 2 lần/tuần
CCNPLT0705,CCNATT0000,Ficus elastica
CCNPLT0705,CCNATT0001,Đa búp đỏ
CCNPLT0705,CCNATT0002,Chiều cao 20 – 25 cm
CCNPLT0705,CCNATT0003,Rất dễ chăm sóc
CCNPLT0705,CCNATT0004,Ánh sáng tán xạ; Bóng râm
CCNPLT0705,CCNATT0005,"Vừa phải, 2 – 3 lần/tuần"
CCNPLT0706,CCNATT0000,Radermachera Sinica
CCNPLT0706,CCNATT0001,Cây hạnh phúc
CCNPLT0706,CCNATT0002,Cao 40 – 50 cm
CCNPLT0706,CCNATT0003,Dễ chăm sóc
CCNPLT0706,CCNATT0004,"Nắng tán xạ, chịu được nắng trực tiếp"
CCNPLT0706,CCNATT0005,"Ít nước, 2 – 3 lần/tuần"
CCNPLT0707,CCNATT0000,Chlorophytum laxum
CCNPLT0707,CCNATT0001,Cây cỏ lan chi / cây dây nhện
CCNPLT0707,CCNATT0003,Rất dễ chăm sóc
CCNPLT0707,CCNATT0004,Nắng tán xạ / Chịu râm mát
CCNPLT0707,CCNATT0005,Tưới nước 2 – 3 lần/tuần
CCNPLT0707,CCNATT0006,Chiều cao 30 – 40 cm
CCNPLT0708,CCNATT0000,Cây đuôi công sọc
CCNPLT0708,CCNATT0001,Calathea ornata Sanderiana
CCNPLT0708,CCNATT0003,Dễ chăm sóc
CCNPLT0708,CCNATT0004,Nhiều ánh sáng / tán xạ
CCNPLT0708,CCNATT0005,Tưới nước 2 – 3 lần/tuần
CCNPLT0708,CCNATT0006,"• Chiều cao 25 – 30cm
• Tán rộng: 20 – 25cm"
CCNPLT0709,CCNATT0000,Epipremnum Marble Queen
CCNPLT0709,CCNATT0001,Cây trầu bà cẩm thạch
CCNPLT0709,CCNATT0003,Dễ chăm sóc
CCNPLT0709,CCNATT0004,Nắng tán xạ
CCNPLT0709,CCNATT0005,"Ít nước, 2 – 3 lần/tuần"
CCNPLT0709,CCNATT0006,Cao 20 – 40 cm
CCNPLT0710,CCNATT0000,Calathea Orbifolia
CCNPLT0710,CCNATT0001,Cây đuôi công táo xanh
CCNPLT0710,CCNATT0003,Dễ chăm sóc
CCNPLT0710,CCNATT0004,Ít sáng / Bóng râm / Tán xạ
CCNPLT0710,CCNATT0005,"Vừa phải, 2 – 3  lần/tuần"
CCNPLT0710,CCNATT0006,"Chiều cao: 20 ~ 25 cm
Tán rộng 20 ~ 30 cm"
CCNPLT0711,CCNATT0001,Cây hoàng hậu chậu sứ
CCNPLT0712,CCNATT0000,Philodendron Imperial Green
CCNPLT0712,CCNATT0001,Trầu bà đế vương xanh
CCNPLT0712,CCNATT0003,Rất dễ chăm sóc
CCNPLT0712,CCNATT0004,Nắng tán xạ
CCNPLT0712,CCNATT0005,Thay nước 1 – 2 lần/tháng
CCNPLT0712,CCNATT0006,Chiều cao 15 – 25 cm
CCNPLT0713,CCNATT0000,Scheffera Octophylla
CCNPLT0713,CCNATT0001,Ngũ gia bì cẩm thạch
CCNPLT0713,CCNATT0002,Chiều cao 30 ~40 cm
CCNPLT0713,CCNATT0003,Dễ chăm sóc
CCNPLT0713,CCNATT0004,"Nắng tán xạ, chịu được nắng trực tiếp"
CCNPLT0713,CCNATT0005,"Ít nước, 2 – 3 lần/tuần"
CCNPLT0714,CCNATT0000,Ficus lyrata
CCNPLT0714,CCNATT0001,Cây bàng Singapore mini
CCNPLT0714,CCNATT0002,"• Chiều cao: 15 cm
• Đường kính tán: 10 cm"
CCNPLT0714,CCNATT0003,Dễ chăm sóc
CCNPLT0714,CCNATT0004,Ánh sáng tán xạ
CCNPLT0714,CCNATT0005,Tưới nước 2 lần/tuần
CCNPLT0715,CCNATT0001,Cây Trầu Bà
CCNPLT0716,CCNATT0000,Ficus lyrata
CCNPLT0716,CCNATT0001,Cây bàng Singapore
CCNPLT0716,CCNATT0002,Chiều cao 20 – 30 cm
CCNPLT0716,CCNATT0003,Dễ chăm sóc
CCNPLT0716,CCNATT0004,"Nắng tán xạ, chịu được nắng trực tiếp"
CCNPLT0716,CCNATT0005,Tưới nước 2 – 3 lần/tuần
CCNPLT0717,CCNATT0000,Zamioculcas zamiifolia
CCNPLT0717,CCNATT0001,Cây kim tiền / Cây kim phát tài
CCNPLT0717,CCNATT0002,Chiều cao 60 – 80cm
CCNPLT0717,CCNATT0003,Dễ chăm sóc
CCNPLT0717,CCNATT0004,Nắng tán xạ hoặc trực tiếp
CCNPLT0717,CCNATT0005,"Ít nước, 2 – 3 lần/tuần"
