CATEGORYID,PLANTID,CATEGORY
CCNCAT0000,CCNPLT0000,Cây Cảnh Để Bàn
CCNCAT0001,CCNPLT0000,Cây Cảnh Văn Phòng
CCNCAT0002,CCNPLT0000,Cây Lọc Không Khí
CCNCAT0003,CCNPLT0000,Cây Phong Thủy
CCNCAT0004,CCNPLT0000,Cây Trong Nhà
CCNCAT0001,CCNPLT0001,Cây Cảnh Văn Phòng
CCNCAT0005,CCNPLT0001,Cây Cần Ít Ánh Sáng
CCNCAT0006,CCNPLT0001,Cây Dễ Trồng Trong Nhà
CCNCAT0002,CCNPLT0001,Cây Lọc Không Khí
CCNCAT0003,CCNPLT0001,Cây Phong Thủy
CCNCAT0004,CCNPLT0001,Cây Trong Nhà
CCNCAT0007,CCNPLT0001,Cây Trong Phòng Khách
CCNCAT0000,CCNPLT0002,Cây Cảnh Để Bàn
CCNCAT0005,CCNPLT0002,Cây Cần Ít Ánh Sáng
CCNCAT0001,CCNPLT0002,Cây Cảnh Văn Phòng
CCNCAT0006,CCNPLT0002,Cây Dễ Trồng Trong Nhà
CCNCAT0002,CCNPLT0002,Cây Lọc Không Khí
CCNCAT0003,CCNPLT0002,Cây Phong Thủy
CCNCAT0004,CCNPLT0002,Cây Trong Nhà
CCNCAT0000,CCNPLT0003,Cây Cảnh Để Bàn
CCNCAT0005,CCNPLT0003,Cây Cần Ít Ánh Sáng
CCNCAT0001,CCNPLT0003,Cây Cảnh Văn Phòng
CCNCAT0006,CCNPLT0003,Cây Dễ Trồng Trong Nhà
CCNCAT0002,CCNPLT0003,Cây Lọc Không Khí
CCNCAT0003,CCNPLT0003,Cây Phong Thủy
CCNCAT0008,CCNPLT0003,Cây Trong Bếp & Nhà Tắm
CCNCAT0004,CCNPLT0003,Cây Trong Nhà
CCNCAT0004,CCNPLT0004,Cây Trong Nhà
CCNCAT0005,CCNPLT0004,Cây Cần Ít Ánh Sáng
CCNCAT0001,CCNPLT0004,Cây Cảnh Văn Phòng
CCNCAT0000,CCNPLT0004,Cây Cảnh Để Bàn
CCNCAT0006,CCNPLT0004,Cây Dễ Trồng Trong Nhà
CCNCAT0003,CCNPLT0004,Cây Phong Thủy
CCNCAT0001,CCNPLT0005,Cây Cảnh Văn Phòng
CCNCAT0005,CCNPLT0005,Cây Cần Ít Ánh Sáng
CCNCAT0000,CCNPLT0005,Cây Cảnh Để Bàn
CCNCAT0006,CCNPLT0005,Cây Dễ Trồng Trong Nhà
CCNCAT0002,CCNPLT0005,Cây Lọc Không Khí
CCNCAT0003,CCNPLT0005,Cây Phong Thủy
CCNCAT0009,CCNPLT0005,Cây Trang Trí Nhà Cửa
CCNCAT0004,CCNPLT0005,Cây Trong Nhà
CCNCAT0007,CCNPLT0005,Cây Trong Phòng Khách
CCNCAT0000,CCNPLT0006,Cây Cảnh Để Bàn
CCNCAT0005,CCNPLT0006,Cây Cần Ít Ánh Sáng
CCNCAT0001,CCNPLT0006,Cây Cảnh Văn Phòng
CCNCAT0006,CCNPLT0006,Cây Dễ Trồng Trong Nhà
CCNCAT0002,CCNPLT0006,Cây Lọc Không Khí
CCNCAT0003,CCNPLT0006,Cây Phong Thủy
CCNCAT0004,CCNPLT0006,Cây Trong Nhà
CCNCAT0007,CCNPLT0006,Cây Trong Phòng Khách
CCNCAT0001,CCNPLT0007,Cây Cảnh Văn Phòng
CCNCAT0005,CCNPLT0007,Cây Cần Ít Ánh Sáng
CCNCAT0006,CCNPLT0007,Cây Dễ Trồng Trong Nhà
CCNCAT0002,CCNPLT0007,Cây Lọc Không Khí
CCNCAT0003,CCNPLT0007,Cây Phong Thủy
CCNCAT0004,CCNPLT0007,Cây Trong Nhà
CCNCAT0007,CCNPLT0007,Cây Trong Phòng Khách
CCNCAT0004,CCNPLT0008,Cây Trong Nhà
CCNCAT0005,CCNPLT0008,Cây Cần Ít Ánh Sáng
CCNCAT0001,CCNPLT0008,Cây Cảnh Văn Phòng
CCNCAT0006,CCNPLT0008,Cây Dễ Trồng Trong Nhà
CCNCAT0003,CCNPLT0008,Cây Phong Thủy
CCNCAT0007,CCNPLT0008,Cây Trong Phòng Khách
CCNCAT0010,CCNPLT0008,Cây Trước Cửa & Hành Lang
CCNCAT0000,CCNPLT0009,Cây Cảnh Để Bàn
CCNCAT0005,CCNPLT0009,Cây Cần Ít Ánh Sáng
CCNCAT0001,CCNPLT0009,Cây Cảnh Văn Phòng
CCNCAT0006,CCNPLT0009,Cây Dễ Trồng Trong Nhà
CCNCAT0002,CCNPLT0009,Cây Lọc Không Khí
CCNCAT0003,CCNPLT0009,Cây Phong Thủy
CCNCAT0008,CCNPLT0009,Cây Trong Bếp & Nhà Tắm
CCNCAT0004,CCNPLT0009,Cây Trong Nhà
CCNCAT0007,CCNPLT0009,Cây Trong Phòng Khách
CCNCAT0000,CCNPLT0010,Cây Cảnh Để Bàn
CCNCAT0005,CCNPLT0010,Cây Cần Ít Ánh Sáng
CCNCAT0001,CCNPLT0010,Cây Cảnh Văn Phòng
CCNCAT0011,CCNPLT0010,Cây Cao & Lớn Trong Nhà
CCNCAT0006,CCNPLT0010,Cây Dễ Trồng Trong Nhà
CCNCAT0002,CCNPLT0010,Cây Lọc Không Khí
CCNCAT0003,CCNPLT0010,Cây Phong Thủy
CCNCAT0004,CCNPLT0010,Cây Trong Nhà
CCNCAT0007,CCNPLT0010,Cây Trong Phòng Khách
CCNCAT0010,CCNPLT0010,Cây Trước Cửa & Hành Lang
CCNCAT0000,CCNPLT0011,Cây Cảnh Để Bàn
CCNCAT0005,CCNPLT0011,Cây Cần Ít Ánh Sáng
CCNCAT0001,CCNPLT0011,Cây Cảnh Văn Phòng
CCNCAT0006,CCNPLT0011,Cây Dễ Trồng Trong Nhà
CCNCAT0002,CCNPLT0011,Cây Lọc Không Khí
CCNCAT0003,CCNPLT0011,Cây Phong Thủy
CCNCAT0004,CCNPLT0011,Cây Trong Nhà
CCNCAT0000,CCNPLT0012,Cây Cảnh Để Bàn
CCNCAT0005,CCNPLT0012,Cây Cần Ít Ánh Sáng
CCNCAT0001,CCNPLT0012,Cây Cảnh Văn Phòng
CCNCAT0006,CCNPLT0012,Cây Dễ Trồng Trong Nhà
CCNCAT0002,CCNPLT0012,Cây Lọc Không Khí
CCNCAT0003,CCNPLT0012,Cây Phong Thủy
CCNCAT0009,CCNPLT0012,Cây Trang Trí Nhà Cửa
CCNCAT0004,CCNPLT0012,Cây Trong Nhà
CCNCAT0007,CCNPLT0012,Cây Trong Phòng Khách
CCNCAT0001,CCNPLT0013,Cây Cảnh Văn Phòng
CCNCAT0005,CCNPLT0013,Cây Cần Ít Ánh Sáng
CCNCAT0006,CCNPLT0013,Cây Dễ Trồng Trong Nhà
CCNCAT0002,CCNPLT0013,Cây Lọc Không Khí
CCNCAT0003,CCNPLT0013,Cây Phong Thủy
CCNCAT0004,CCNPLT0013,Cây Trong Nhà
CCNCAT0007,CCNPLT0013,Cây Trong Phòng Khách
CCNCAT0001,CCNPLT0014,Cây Cảnh Văn Phòng
CCNCAT0005,CCNPLT0014,Cây Cần Ít Ánh Sáng
CCNCAT0006,CCNPLT0014,Cây Dễ Trồng Trong Nhà
CCNCAT0002,CCNPLT0014,Cây Lọc Không Khí
CCNCAT0003,CCNPLT0014,Cây Phong Thủy
CCNCAT0004,CCNPLT0014,Cây Trong Nhà
CCNCAT0007,CCNPLT0014,Cây Trong Phòng Khách
CCNCAT0000,CCNPLT0015,Cây Cảnh Để Bàn
CCNCAT0005,CCNPLT0015,Cây Cần Ít Ánh Sáng
CCNCAT0001,CCNPLT0015,Cây Cảnh Văn Phòng
CCNCAT0006,CCNPLT0015,Cây Dễ Trồng Trong Nhà
CCNCAT0002,CCNPLT0015,Cây Lọc Không Khí
CCNCAT0003,CCNPLT0015,Cây Phong Thủy
CCNCAT0004,CCNPLT0015,Cây Trong Nhà
CCNCAT0000,CCNPLT0016,Cây Cảnh Để Bàn
CCNCAT0005,CCNPLT0016,Cây Cần Ít Ánh Sáng
CCNCAT0001,CCNPLT0016,Cây Cảnh Văn Phòng
CCNCAT0006,CCNPLT0016,Cây Dễ Trồng Trong Nhà
CCNCAT0002,CCNPLT0016,Cây Lọc Không Khí
CCNCAT0003,CCNPLT0016,Cây Phong Thủy
CCNCAT0004,CCNPLT0016,Cây Trong Nhà
CCNCAT0000,CCNPLT0017,Cây Cảnh Để Bàn
CCNCAT0005,CCNPLT0017,Cây Cần Ít Ánh Sáng
CCNCAT0001,CCNPLT0017,Cây Cảnh Văn Phòng
CCNCAT0006,CCNPLT0017,Cây Dễ Trồng Trong Nhà
CCNCAT0002,CCNPLT0017,Cây Lọc Không Khí
CCNCAT0003,CCNPLT0017,Cây Phong Thủy
CCNCAT0008,CCNPLT0017,Cây Trong Bếp & Nhà Tắm
CCNCAT0004,CCNPLT0017,Cây Trong Nhà
CCNCAT0007,CCNPLT0017,Cây Trong Phòng Khách
CCNCAT0000,CCNPLT0018,Cây Cảnh Để Bàn
CCNCAT0005,CCNPLT0018,Cây Cần Ít Ánh Sáng
CCNCAT0006,CCNPLT0018,Cây Dễ Trồng Trong Nhà
CCNCAT0012,CCNPLT0018,Cây Kiểng lá
CCNCAT0013,CCNPLT0018,Cây Nhiệt Đới
CCNCAT0004,CCNPLT0018,Cây Trong Nhà
CCNCAT0000,CCNPLT0019,Cây Cảnh Để Bàn
CCNCAT0005,CCNPLT0019,Cây Cần Ít Ánh Sáng
CCNCAT0001,CCNPLT0019,Cây Cảnh Văn Phòng
CCNCAT0006,CCNPLT0019,Cây Dễ Trồng Trong Nhà
CCNCAT0002,CCNPLT0019,Cây Lọc Không Khí
CCNCAT0003,CCNPLT0019,Cây Phong Thủy
CCNCAT0008,CCNPLT0019,Cây Trong Bếp & Nhà Tắm
CCNCAT0004,CCNPLT0019,Cây Trong Nhà
CCNCAT0000,CCNPLT0020,Cây Cảnh Để Bàn
CCNCAT0005,CCNPLT0020,Cây Cần Ít Ánh Sáng
CCNCAT0001,CCNPLT0020,Cây Cảnh Văn Phòng
CCNCAT0006,CCNPLT0020,Cây Dễ Trồng Trong Nhà
CCNCAT0004,CCNPLT0020,Cây Trong Nhà
CCNCAT0000,CCNPLT0021,Cây Cảnh Để Bàn
CCNCAT0005,CCNPLT0021,Cây Cần Ít Ánh Sáng
CCNCAT0001,CCNPLT0021,Cây Cảnh Văn Phòng
CCNCAT0006,CCNPLT0021,Cây Dễ Trồng Trong Nhà
CCNCAT0002,CCNPLT0021,Cây Lọc Không Khí
CCNCAT0003,CCNPLT0021,Cây Phong Thủy
CCNCAT0004,CCNPLT0021,Cây Trong Nhà
CCNCAT0004,CCNPLT0022,Cây Trong Nhà
CCNCAT0014,CCNPLT0022,Cây Trồng Ban Công
CCNCAT0007,CCNPLT0022,Cây Trong Phòng Khách
CCNCAT0010,CCNPLT0022,Cây Trước Cửa & Hành Lang
CCNCAT0004,CCNPLT0023,Cây Trong Nhà
CCNCAT0005,CCNPLT0023,Cây Cần Ít Ánh Sáng
CCNCAT0001,CCNPLT0023,Cây Cảnh Văn Phòng
CCNCAT0000,CCNPLT0023,Cây Cảnh Để Bàn
CCNCAT0003,CCNPLT0023,Cây Phong Thủy
CCNCAT0007,CCNPLT0023,Cây Trong Phòng Khách
CCNCAT0001,CCNPLT0024,Cây Cảnh Văn Phòng
CCNCAT0011,CCNPLT0024,Cây Cao & Lớn Trong Nhà
CCNCAT0006,CCNPLT0024,Cây Dễ Trồng Trong Nhà
CCNCAT0003,CCNPLT0024,Cây Phong Thủy
CCNCAT0009,CCNPLT0024,Cây Trang Trí Nhà Cửa
CCNCAT0004,CCNPLT0024,Cây Trong Nhà
CCNCAT0007,CCNPLT0024,Cây Trong Phòng Khách
CCNCAT0010,CCNPLT0024,Cây Trước Cửa & Hành Lang
CCNCAT0004,CCNPLT0025,Cây Trong Nhà
CCNCAT0005,CCNPLT0025,Cây Cần Ít Ánh Sáng
CCNCAT0001,CCNPLT0025,Cây Cảnh Văn Phòng
CCNCAT0000,CCNPLT0025,Cây Cảnh Để Bàn
CCNCAT0003,CCNPLT0025,Cây Phong Thủy
CCNCAT0007,CCNPLT0025,Cây Trong Phòng Khách
CCNCAT0004,CCNPLT0026,Cây Trong Nhà
CCNCAT0001,CCNPLT0026,Cây Cảnh Văn Phòng
CCNCAT0006,CCNPLT0026,Cây Dễ Trồng Trong Nhà
CCNCAT0003,CCNPLT0026,Cây Phong Thủy
CCNCAT0000,CCNPLT0027,Cây Cảnh Để Bàn
CCNCAT0005,CCNPLT0027,Cây Cần Ít Ánh Sáng
CCNCAT0001,CCNPLT0027,Cây Cảnh Văn Phòng
CCNCAT0006,CCNPLT0027,Cây Dễ Trồng Trong Nhà
CCNCAT0002,CCNPLT0027,Cây Lọc Không Khí
CCNCAT0003,CCNPLT0027,Cây Phong Thủy
CCNCAT0004,CCNPLT0027,Cây Trong Nhà
CCNCAT0007,CCNPLT0027,Cây Trong Phòng Khách
CCNCAT0000,CCNPLT0028,Cây Cảnh Để Bàn
CCNCAT0005,CCNPLT0028,Cây Cần Ít Ánh Sáng
CCNCAT0001,CCNPLT0028,Cây Cảnh Văn Phòng
CCNCAT0006,CCNPLT0028,Cây Dễ Trồng Trong Nhà
CCNCAT0002,CCNPLT0028,Cây Lọc Không Khí
CCNCAT0003,CCNPLT0028,Cây Phong Thủy
CCNCAT0004,CCNPLT0028,Cây Trong Nhà
CCNCAT0000,CCNPLT0029,Cây Cảnh Để Bàn
CCNCAT0005,CCNPLT0029,Cây Cần Ít Ánh Sáng
CCNCAT0001,CCNPLT0029,Cây Cảnh Văn Phòng
CCNCAT0006,CCNPLT0029,Cây Dễ Trồng Trong Nhà
CCNCAT0012,CCNPLT0029,Cây Kiểng lá
CCNCAT0013,CCNPLT0029,Cây Nhiệt Đới
CCNCAT0003,CCNPLT0029,Cây Phong Thủy
CCNCAT0004,CCNPLT0029,Cây Trong Nhà
CCNCAT0000,CCNPLT0030,Cây Cảnh Để Bàn
CCNCAT0005,CCNPLT0030,Cây Cần Ít Ánh Sáng
CCNCAT0001,CCNPLT0030,Cây Cảnh Văn Phòng
CCNCAT0006,CCNPLT0030,Cây Dễ Trồng Trong Nhà
CCNCAT0002,CCNPLT0030,Cây Lọc Không Khí
CCNCAT0003,CCNPLT0030,Cây Phong Thủy
CCNCAT0004,CCNPLT0030,Cây Trong Nhà
CCNCAT0007,CCNPLT0030,Cây Trong Phòng Khách
CCNCAT0000,CCNPLT0031,Cây Cảnh Để Bàn
CCNCAT0005,CCNPLT0031,Cây Cần Ít Ánh Sáng
CCNCAT0001,CCNPLT0031,Cây Cảnh Văn Phòng
CCNCAT0006,CCNPLT0031,Cây Dễ Trồng Trong Nhà
CCNCAT0002,CCNPLT0031,Cây Lọc Không Khí
CCNCAT0003,CCNPLT0031,Cây Phong Thủy
CCNCAT0004,CCNPLT0031,Cây Trong Nhà
CCNCAT0000,CCNPLT0032,Cây Cảnh Để Bàn
CCNCAT0005,CCNPLT0032,Cây Cần Ít Ánh Sáng
CCNCAT0001,CCNPLT0032,Cây Cảnh Văn Phòng
CCNCAT0006,CCNPLT0032,Cây Dễ Trồng Trong Nhà
CCNCAT0002,CCNPLT0032,Cây Lọc Không Khí
CCNCAT0003,CCNPLT0032,Cây Phong Thủy
CCNCAT0004,CCNPLT0032,Cây Trong Nhà
CCNCAT0007,CCNPLT0032,Cây Trong Phòng Khách
CCNCAT0001,CCNPLT0033,Cây Cảnh Văn Phòng
CCNCAT0005,CCNPLT0033,Cây Cần Ít Ánh Sáng
CCNCAT0006,CCNPLT0033,Cây Dễ Trồng Trong Nhà
CCNCAT0012,CCNPLT0033,Cây Kiểng lá
CCNCAT0002,CCNPLT0033,Cây Lọc Không Khí
CCNCAT0003,CCNPLT0033,Cây Phong Thủy
CCNCAT0004,CCNPLT0033,Cây Trong Nhà
CCNCAT0007,CCNPLT0033,Cây Trong Phòng Khách
CCNCAT0000,CCNPLT0034,Cây Cảnh Để Bàn
CCNCAT0005,CCNPLT0034,Cây Cần Ít Ánh Sáng
CCNCAT0001,CCNPLT0034,Cây Cảnh Văn Phòng
CCNCAT0011,CCNPLT0034,Cây Cao & Lớn Trong Nhà
CCNCAT0006,CCNPLT0034,Cây Dễ Trồng Trong Nhà
CCNCAT0002,CCNPLT0034,Cây Lọc Không Khí
CCNCAT0003,CCNPLT0034,Cây Phong Thủy
CCNCAT0004,CCNPLT0034,Cây Trong Nhà
CCNCAT0007,CCNPLT0034,Cây Trong Phòng Khách
CCNCAT0010,CCNPLT0034,Cây Trước Cửa & Hành Lang
CCNCAT0001,CCNPLT0035,Cây Cảnh Văn Phòng
CCNCAT0006,CCNPLT0035,Cây Dễ Trồng Trong Nhà
CCNCAT0002,CCNPLT0035,Cây Lọc Không Khí
CCNCAT0003,CCNPLT0035,Cây Phong Thủy
CCNCAT0004,CCNPLT0035,Cây Trong Nhà
CCNCAT0007,CCNPLT0035,Cây Trong Phòng Khách
CCNCAT0010,CCNPLT0035,Cây Trước Cửa & Hành Lang
CCNCAT0000,CCNPLT0036,Cây Cảnh Để Bàn
CCNCAT0001,CCNPLT0036,Cây Cảnh Văn Phòng
CCNCAT0002,CCNPLT0036,Cây Lọc Không Khí
CCNCAT0003,CCNPLT0036,Cây Phong Thủy
CCNCAT0004,CCNPLT0036,Cây Trong Nhà
CCNCAT0001,CCNPLT0037,Cây Cảnh Văn Phòng
CCNCAT0005,CCNPLT0037,Cây Cần Ít Ánh Sáng
CCNCAT0006,CCNPLT0037,Cây Dễ Trồng Trong Nhà
CCNCAT0002,CCNPLT0037,Cây Lọc Không Khí
CCNCAT0003,CCNPLT0037,Cây Phong Thủy
CCNCAT0009,CCNPLT0037,Cây Trang Trí Nhà Cửa
CCNCAT0004,CCNPLT0037,Cây Trong Nhà
CCNCAT0007,CCNPLT0037,Cây Trong Phòng Khách
CCNCAT0000,CCNPLT0038,Cây Cảnh Để Bàn
CCNCAT0005,CCNPLT0038,Cây Cần Ít Ánh Sáng
CCNCAT0001,CCNPLT0038,Cây Cảnh Văn Phòng
CCNCAT0006,CCNPLT0038,Cây Dễ Trồng Trong Nhà
CCNCAT0002,CCNPLT0038,Cây Lọc Không Khí
CCNCAT0003,CCNPLT0038,Cây Phong Thủy
CCNCAT0004,CCNPLT0038,Cây Trong Nhà
CCNCAT0000,CCNPLT0039,Cây Cảnh Để Bàn
CCNCAT0005,CCNPLT0039,Cây Cần Ít Ánh Sáng
CCNCAT0001,CCNPLT0039,Cây Cảnh Văn Phòng
CCNCAT0006,CCNPLT0039,Cây Dễ Trồng Trong Nhà
CCNCAT0002,CCNPLT0039,Cây Lọc Không Khí
CCNCAT0015,CCNPLT0039,Cây Treo Trong Nhà
CCNCAT0004,CCNPLT0039,Cây Trong Nhà
CCNCAT0012,CCNPLT0040,Cây Kiểng lá
CCNCAT0006,CCNPLT0040,Cây Dễ Trồng Trong Nhà
CCNCAT0013,CCNPLT0040,Cây Nhiệt Đới
CCNCAT0004,CCNPLT0040,Cây Trong Nhà
CCNCAT0007,CCNPLT0040,Cây Trong Phòng Khách
CCNCAT0001,CCNPLT0041,Cây Cảnh Văn Phòng
CCNCAT0011,CCNPLT0041,Cây Cao & Lớn Trong Nhà
CCNCAT0006,CCNPLT0041,Cây Dễ Trồng Trong Nhà
CCNCAT0003,CCNPLT0041,Cây Phong Thủy
CCNCAT0009,CCNPLT0041,Cây Trang Trí Nhà Cửa
CCNCAT0004,CCNPLT0041,Cây Trong Nhà
CCNCAT0007,CCNPLT0041,Cây Trong Phòng Khách
CCNCAT0010,CCNPLT0041,Cây Trước Cửa & Hành Lang
CCNCAT0001,CCNPLT0042,Cây Cảnh Văn Phòng
CCNCAT0011,CCNPLT0042,Cây Cao & Lớn Trong Nhà
CCNCAT0006,CCNPLT0042,Cây Dễ Trồng Trong Nhà
CCNCAT0003,CCNPLT0042,Cây Phong Thủy
CCNCAT0009,CCNPLT0042,Cây Trang Trí Nhà Cửa
CCNCAT0004,CCNPLT0042,Cây Trong Nhà
CCNCAT0007,CCNPLT0042,Cây Trong Phòng Khách
CCNCAT0010,CCNPLT0042,Cây Trước Cửa & Hành Lang
CCNCAT0001,CCNPLT0043,Cây Cảnh Văn Phòng
CCNCAT0006,CCNPLT0043,Cây Dễ Trồng Trong Nhà
CCNCAT0002,CCNPLT0043,Cây Lọc Không Khí
CCNCAT0003,CCNPLT0043,Cây Phong Thủy
CCNCAT0004,CCNPLT0043,Cây Trong Nhà
CCNCAT0007,CCNPLT0043,Cây Trong Phòng Khách
CCNCAT0000,CCNPLT0044,Cây Cảnh Để Bàn
CCNCAT0005,CCNPLT0044,Cây Cần Ít Ánh Sáng
CCNCAT0001,CCNPLT0044,Cây Cảnh Văn Phòng
CCNCAT0011,CCNPLT0044,Cây Cao & Lớn Trong Nhà
CCNCAT0006,CCNPLT0044,Cây Dễ Trồng Trong Nhà
CCNCAT0002,CCNPLT0044,Cây Lọc Không Khí
CCNCAT0003,CCNPLT0044,Cây Phong Thủy
CCNCAT0004,CCNPLT0044,Cây Trong Nhà
CCNCAT0007,CCNPLT0044,Cây Trong Phòng Khách
CCNCAT0010,CCNPLT0044,Cây Trước Cửa & Hành Lang
CCNCAT0000,CCNPLT0045,Cây Cảnh Để Bàn
CCNCAT0005,CCNPLT0045,Cây Cần Ít Ánh Sáng
CCNCAT0001,CCNPLT0045,Cây Cảnh Văn Phòng
CCNCAT0006,CCNPLT0045,Cây Dễ Trồng Trong Nhà
CCNCAT0012,CCNPLT0045,Cây Kiểng lá
CCNCAT0003,CCNPLT0045,Cây Phong Thủy
CCNCAT0008,CCNPLT0045,Cây Trong Bếp & Nhà Tắm
CCNCAT0004,CCNPLT0045,Cây Trong Nhà
CCNCAT0000,CCNPLT0046,Cây Cảnh Để Bàn
CCNCAT0005,CCNPLT0046,Cây Cần Ít Ánh Sáng
CCNCAT0012,CCNPLT0046,Cây Kiểng lá
CCNCAT0013,CCNPLT0046,Cây Nhiệt Đới
CCNCAT0004,CCNPLT0046,Cây Trong Nhà
CCNCAT0000,CCNPLT0047,Cây Cảnh Để Bàn
CCNCAT0005,CCNPLT0047,Cây Cần Ít Ánh Sáng
CCNCAT0001,CCNPLT0047,Cây Cảnh Văn Phòng
CCNCAT0006,CCNPLT0047,Cây Dễ Trồng Trong Nhà
CCNCAT0002,CCNPLT0047,Cây Lọc Không Khí
CCNCAT0003,CCNPLT0047,Cây Phong Thủy
CCNCAT0004,CCNPLT0047,Cây Trong Nhà
CCNCAT0000,CCNPLT0048,Cây Cảnh Để Bàn
CCNCAT0005,CCNPLT0048,Cây Cần Ít Ánh Sáng
CCNCAT0001,CCNPLT0048,Cây Cảnh Văn Phòng
CCNCAT0006,CCNPLT0048,Cây Dễ Trồng Trong Nhà
CCNCAT0002,CCNPLT0048,Cây Lọc Không Khí
CCNCAT0003,CCNPLT0048,Cây Phong Thủy
CCNCAT0004,CCNPLT0048,Cây Trong Nhà
CCNCAT0004,CCNPLT0049,Cây Trong Nhà
CCNCAT0005,CCNPLT0049,Cây Cần Ít Ánh Sáng
CCNCAT0001,CCNPLT0049,Cây Cảnh Văn Phòng
CCNCAT0000,CCNPLT0049,Cây Cảnh Để Bàn
CCNCAT0003,CCNPLT0049,Cây Phong Thủy
CCNCAT0007,CCNPLT0049,Cây Trong Phòng Khách
CCNCAT0000,CCNPLT0050,Cây Cảnh Để Bàn
CCNCAT0005,CCNPLT0050,Cây Cần Ít Ánh Sáng
CCNCAT0001,CCNPLT0050,Cây Cảnh Văn Phòng
CCNCAT0006,CCNPLT0050,Cây Dễ Trồng Trong Nhà
CCNCAT0003,CCNPLT0050,Cây Phong Thủy
CCNCAT0004,CCNPLT0050,Cây Trong Nhà
CCNCAT0001,CCNPLT0051,Cây Cảnh Văn Phòng
CCNCAT0006,CCNPLT0051,Cây Dễ Trồng Trong Nhà
CCNCAT0002,CCNPLT0051,Cây Lọc Không Khí
CCNCAT0003,CCNPLT0051,Cây Phong Thủy
CCNCAT0004,CCNPLT0051,Cây Trong Nhà
CCNCAT0000,CCNPLT0052,Cây Cảnh Để Bàn
CCNCAT0005,CCNPLT0052,Cây Cần Ít Ánh Sáng
CCNCAT0001,CCNPLT0052,Cây Cảnh Văn Phòng
CCNCAT0006,CCNPLT0052,Cây Dễ Trồng Trong Nhà
CCNCAT0002,CCNPLT0052,Cây Lọc Không Khí
CCNCAT0003,CCNPLT0052,Cây Phong Thủy
CCNCAT0004,CCNPLT0052,Cây Trong Nhà
CCNCAT0004,CCNPLT0053,Cây Trong Nhà
CCNCAT0005,CCNPLT0053,Cây Cần Ít Ánh Sáng
CCNCAT0001,CCNPLT0053,Cây Cảnh Văn Phòng
CCNCAT0000,CCNPLT0053,Cây Cảnh Để Bàn
CCNCAT0003,CCNPLT0053,Cây Phong Thủy
CCNCAT0007,CCNPLT0053,Cây Trong Phòng Khách
CCNCAT0000,CCNPLT0054,Cây Cảnh Để Bàn
CCNCAT0005,CCNPLT0054,Cây Cần Ít Ánh Sáng
CCNCAT0001,CCNPLT0054,Cây Cảnh Văn Phòng
CCNCAT0006,CCNPLT0054,Cây Dễ Trồng Trong Nhà
CCNCAT0002,CCNPLT0054,Cây Lọc Không Khí
CCNCAT0003,CCNPLT0054,Cây Phong Thủy
CCNCAT0004,CCNPLT0054,Cây Trong Nhà
CCNCAT0000,CCNPLT0055,Cây Cảnh Để Bàn
CCNCAT0005,CCNPLT0055,Cây Cần Ít Ánh Sáng
CCNCAT0001,CCNPLT0055,Cây Cảnh Văn Phòng
CCNCAT0006,CCNPLT0055,Cây Dễ Trồng Trong Nhà
CCNCAT0002,CCNPLT0055,Cây Lọc Không Khí
CCNCAT0003,CCNPLT0055,Cây Phong Thủy
CCNCAT0004,CCNPLT0055,Cây Trong Nhà
CCNCAT0000,CCNPLT0056,Cây Cảnh Để Bàn
CCNCAT0005,CCNPLT0056,Cây Cần Ít Ánh Sáng
CCNCAT0001,CCNPLT0056,Cây Cảnh Văn Phòng
CCNCAT0006,CCNPLT0056,Cây Dễ Trồng Trong Nhà
CCNCAT0002,CCNPLT0056,Cây Lọc Không Khí
CCNCAT0003,CCNPLT0056,Cây Phong Thủy
CCNCAT0008,CCNPLT0056,Cây Trong Bếp & Nhà Tắm
CCNCAT0004,CCNPLT0056,Cây Trong Nhà
CCNCAT0000,CCNPLT0057,Cây Cảnh Để Bàn
CCNCAT0005,CCNPLT0057,Cây Cần Ít Ánh Sáng
CCNCAT0001,CCNPLT0057,Cây Cảnh Văn Phòng
CCNCAT0006,CCNPLT0057,Cây Dễ Trồng Trong Nhà
CCNCAT0012,CCNPLT0057,Cây Kiểng lá
CCNCAT0002,CCNPLT0057,Cây Lọc Không Khí
CCNCAT0013,CCNPLT0057,Cây Nhiệt Đới
CCNCAT0003,CCNPLT0057,Cây Phong Thủy
CCNCAT0004,CCNPLT0057,Cây Trong Nhà
CCNCAT0016,CCNPLT0058,Cây Thủy Sinh
CCNCAT0005,CCNPLT0058,Cây Cần Ít Ánh Sáng
CCNCAT0001,CCNPLT0058,Cây Cảnh Văn Phòng
CCNCAT0000,CCNPLT0058,Cây Cảnh Để Bàn
CCNCAT0006,CCNPLT0058,Cây Dễ Trồng Trong Nhà
CCNCAT0002,CCNPLT0058,Cây Lọc Không Khí
CCNCAT0003,CCNPLT0058,Cây Phong Thủy
CCNCAT0004,CCNPLT0058,Cây Trong Nhà
CCNCAT0000,CCNPLT0059,Cây Cảnh Để Bàn
CCNCAT0005,CCNPLT0059,Cây Cần Ít Ánh Sáng
CCNCAT0001,CCNPLT0059,Cây Cảnh Văn Phòng
CCNCAT0006,CCNPLT0059,Cây Dễ Trồng Trong Nhà
CCNCAT0002,CCNPLT0059,Cây Lọc Không Khí
CCNCAT0003,CCNPLT0059,Cây Phong Thủy
CCNCAT0004,CCNPLT0059,Cây Trong Nhà
CCNCAT0000,CCNPLT0060,Cây Cảnh Để Bàn
CCNCAT0005,CCNPLT0060,Cây Cần Ít Ánh Sáng
CCNCAT0001,CCNPLT0060,Cây Cảnh Văn Phòng
CCNCAT0006,CCNPLT0060,Cây Dễ Trồng Trong Nhà
CCNCAT0002,CCNPLT0060,Cây Lọc Không Khí
CCNCAT0003,CCNPLT0060,Cây Phong Thủy
CCNCAT0009,CCNPLT0060,Cây Trang Trí Nhà Cửa
CCNCAT0004,CCNPLT0060,Cây Trong Nhà
CCNCAT0007,CCNPLT0060,Cây Trong Phòng Khách
CCNCAT0000,CCNPLT0061,Cây Cảnh Để Bàn
CCNCAT0005,CCNPLT0061,Cây Cần Ít Ánh Sáng
CCNCAT0017,CCNPLT0061,Cây Cảnh Mini
CCNCAT0004,CCNPLT0061,Cây Trong Nhà
CCNCAT0000,CCNPLT0062,Cây Cảnh Để Bàn
CCNCAT0005,CCNPLT0062,Cây Cần Ít Ánh Sáng
CCNCAT0004,CCNPLT0062,Cây Trong Nhà
CCNCAT0000,CCNPLT0063,Cây Cảnh Để Bàn
CCNCAT0005,CCNPLT0063,Cây Cần Ít Ánh Sáng
CCNCAT0017,CCNPLT0063,Cây Cảnh Mini
CCNCAT0001,CCNPLT0063,Cây Cảnh Văn Phòng
CCNCAT0006,CCNPLT0063,Cây Dễ Trồng Trong Nhà
CCNCAT0002,CCNPLT0063,Cây Lọc Không Khí
CCNCAT0003,CCNPLT0063,Cây Phong Thủy
CCNCAT0004,CCNPLT0063,Cây Trong Nhà
CCNCAT0000,CCNPLT0064,Cây Cảnh Để Bàn
CCNCAT0005,CCNPLT0064,Cây Cần Ít Ánh Sáng
CCNCAT0001,CCNPLT0064,Cây Cảnh Văn Phòng
CCNCAT0006,CCNPLT0064,Cây Dễ Trồng Trong Nhà
CCNCAT0002,CCNPLT0064,Cây Lọc Không Khí
CCNCAT0003,CCNPLT0064,Cây Phong Thủy
CCNCAT0004,CCNPLT0064,Cây Trong Nhà
CCNCAT0000,CCNPLT0065,Cây Cảnh Để Bàn
CCNCAT0005,CCNPLT0065,Cây Cần Ít Ánh Sáng
CCNCAT0001,CCNPLT0065,Cây Cảnh Văn Phòng
CCNCAT0006,CCNPLT0065,Cây Dễ Trồng Trong Nhà
CCNCAT0012,CCNPLT0065,Cây Kiểng lá
CCNCAT0002,CCNPLT0065,Cây Lọc Không Khí
CCNCAT0013,CCNPLT0065,Cây Nhiệt Đới
CCNCAT0004,CCNPLT0065,Cây Trong Nhà
CCNCAT0000,CCNPLT0066,Cây Cảnh Để Bàn
CCNCAT0005,CCNPLT0066,Cây Cần Ít Ánh Sáng
CCNCAT0001,CCNPLT0066,Cây Cảnh Văn Phòng
CCNCAT0006,CCNPLT0066,Cây Dễ Trồng Trong Nhà
CCNCAT0002,CCNPLT0066,Cây Lọc Không Khí
CCNCAT0003,CCNPLT0066,Cây Phong Thủy
CCNCAT0004,CCNPLT0066,Cây Trong Nhà
CCNCAT0000,CCNPLT0067,Cây Cảnh Để Bàn
CCNCAT0005,CCNPLT0067,Cây Cần Ít Ánh Sáng
CCNCAT0001,CCNPLT0067,Cây Cảnh Văn Phòng
CCNCAT0006,CCNPLT0067,Cây Dễ Trồng Trong Nhà
CCNCAT0002,CCNPLT0067,Cây Lọc Không Khí
CCNCAT0003,CCNPLT0067,Cây Phong Thủy
CCNCAT0008,CCNPLT0067,Cây Trong Bếp & Nhà Tắm
CCNCAT0004,CCNPLT0067,Cây Trong Nhà
CCNCAT0007,CCNPLT0067,Cây Trong Phòng Khách
CCNCAT0000,CCNPLT0068,Cây Cảnh Để Bàn
CCNCAT0005,CCNPLT0068,Cây Cần Ít Ánh Sáng
CCNCAT0001,CCNPLT0068,Cây Cảnh Văn Phòng
CCNCAT0006,CCNPLT0068,Cây Dễ Trồng Trong Nhà
CCNCAT0002,CCNPLT0068,Cây Lọc Không Khí
CCNCAT0003,CCNPLT0068,Cây Phong Thủy
CCNCAT0004,CCNPLT0068,Cây Trong Nhà
CCNCAT0000,CCNPLT0069,Cây Cảnh Để Bàn
CCNCAT0001,CCNPLT0069,Cây Cảnh Văn Phòng
CCNCAT0006,CCNPLT0069,Cây Dễ Trồng Trong Nhà
CCNCAT0002,CCNPLT0069,Cây Lọc Không Khí
CCNCAT0003,CCNPLT0069,Cây Phong Thủy
CCNCAT0004,CCNPLT0069,Cây Trong Nhà
CCNCAT0007,CCNPLT0069,Cây Trong Phòng Khách
CCNCAT0000,CCNPLT0070,Cây Cảnh Để Bàn
CCNCAT0005,CCNPLT0070,Cây Cần Ít Ánh Sáng
CCNCAT0001,CCNPLT0070,Cây Cảnh Văn Phòng
CCNCAT0006,CCNPLT0070,Cây Dễ Trồng Trong Nhà
CCNCAT0002,CCNPLT0070,Cây Lọc Không Khí
CCNCAT0003,CCNPLT0070,Cây Phong Thủy
CCNCAT0004,CCNPLT0070,Cây Trong Nhà
CCNCAT0000,CCNPLT0071,Cây Cảnh Để Bàn
CCNCAT0001,CCNPLT0071,Cây Cảnh Văn Phòng
CCNCAT0006,CCNPLT0071,Cây Dễ Trồng Trong Nhà
CCNCAT0012,CCNPLT0071,Cây Kiểng lá
CCNCAT0002,CCNPLT0071,Cây Lọc Không Khí
CCNCAT0013,CCNPLT0071,Cây Nhiệt Đới
CCNCAT0003,CCNPLT0071,Cây Phong Thủy
CCNCAT0004,CCNPLT0071,Cây Trong Nhà
CCNCAT0000,CCNPLT0072,Cây Cảnh Để Bàn
CCNCAT0005,CCNPLT0072,Cây Cần Ít Ánh Sáng
CCNCAT0001,CCNPLT0072,Cây Cảnh Văn Phòng
CCNCAT0006,CCNPLT0072,Cây Dễ Trồng Trong Nhà
CCNCAT0002,CCNPLT0072,Cây Lọc Không Khí
CCNCAT0003,CCNPLT0072,Cây Phong Thủy
CCNCAT0004,CCNPLT0072,Cây Trong Nhà
CCNCAT0000,CCNPLT0073,Cây Cảnh Để Bàn
CCNCAT0005,CCNPLT0073,Cây Cần Ít Ánh Sáng
CCNCAT0001,CCNPLT0073,Cây Cảnh Văn Phòng
CCNCAT0006,CCNPLT0073,Cây Dễ Trồng Trong Nhà
CCNCAT0002,CCNPLT0073,Cây Lọc Không Khí
CCNCAT0003,CCNPLT0073,Cây Phong Thủy
CCNCAT0004,CCNPLT0073,Cây Trong Nhà
CCNCAT0000,CCNPLT0074,Cây Cảnh Để Bàn
CCNCAT0006,CCNPLT0074,Cây Dễ Trồng Trong Nhà
CCNCAT0002,CCNPLT0074,Cây Lọc Không Khí
CCNCAT0003,CCNPLT0074,Cây Phong Thủy
CCNCAT0004,CCNPLT0074,Cây Trong Nhà
CCNCAT0000,CCNPLT0075,Cây Cảnh Để Bàn
CCNCAT0005,CCNPLT0075,Cây Cần Ít Ánh Sáng
CCNCAT0001,CCNPLT0075,Cây Cảnh Văn Phòng
CCNCAT0006,CCNPLT0075,Cây Dễ Trồng Trong Nhà
CCNCAT0002,CCNPLT0075,Cây Lọc Không Khí
CCNCAT0003,CCNPLT0075,Cây Phong Thủy
CCNCAT0004,CCNPLT0075,Cây Trong Nhà
CCNCAT0007,CCNPLT0075,Cây Trong Phòng Khách
CCNCAT0001,CCNPLT0076,Cây Cảnh Văn Phòng
CCNCAT0005,CCNPLT0076,Cây Cần Ít Ánh Sáng
CCNCAT0006,CCNPLT0076,Cây Dễ Trồng Trong Nhà
CCNCAT0002,CCNPLT0076,Cây Lọc Không Khí
CCNCAT0003,CCNPLT0076,Cây Phong Thủy
CCNCAT0004,CCNPLT0076,Cây Trong Nhà
CCNCAT0007,CCNPLT0076,Cây Trong Phòng Khách
CCNCAT0004,CCNPLT0077,Cây Trong Nhà
CCNCAT0001,CCNPLT0077,Cây Cảnh Văn Phòng
CCNCAT0006,CCNPLT0077,Cây Dễ Trồng Trong Nhà
CCNCAT0002,CCNPLT0077,Cây Lọc Không Khí
CCNCAT0003,CCNPLT0077,Cây Phong Thủy
CCNCAT0007,CCNPLT0077,Cây Trong Phòng Khách
CCNCAT0010,CCNPLT0077,Cây Trước Cửa & Hành Lang
CCNCAT0001,CCNPLT0078,Cây Cảnh Văn Phòng
CCNCAT0005,CCNPLT0078,Cây Cần Ít Ánh Sáng
CCNCAT0006,CCNPLT0078,Cây Dễ Trồng Trong Nhà
CCNCAT0002,CCNPLT0078,Cây Lọc Không Khí
CCNCAT0003,CCNPLT0078,Cây Phong Thủy
CCNCAT0004,CCNPLT0078,Cây Trong Nhà
CCNCAT0007,CCNPLT0078,Cây Trong Phòng Khách
CCNCAT0010,CCNPLT0078,Cây Trước Cửa & Hành Lang
CCNCAT0001,CCNPLT0079,Cây Cảnh Văn Phòng
CCNCAT0005,CCNPLT0079,Cây Cần Ít Ánh Sáng
CCNCAT0006,CCNPLT0079,Cây Dễ Trồng Trong Nhà
CCNCAT0002,CCNPLT0079,Cây Lọc Không Khí
CCNCAT0003,CCNPLT0079,Cây Phong Thủy
CCNCAT0004,CCNPLT0079,Cây Trong Nhà
CCNCAT0000,CCNPLT0080,Cây Cảnh Để Bàn
CCNCAT0005,CCNPLT0080,Cây Cần Ít Ánh Sáng
CCNCAT0001,CCNPLT0080,Cây Cảnh Văn Phòng
CCNCAT0006,CCNPLT0080,Cây Dễ Trồng Trong Nhà
CCNCAT0012,CCNPLT0080,Cây Kiểng lá
CCNCAT0002,CCNPLT0080,Cây Lọc Không Khí
CCNCAT0013,CCNPLT0080,Cây Nhiệt Đới
CCNCAT0003,CCNPLT0080,Cây Phong Thủy
CCNCAT0004,CCNPLT0080,Cây Trong Nhà
CCNCAT0000,CCNPLT0081,Cây Cảnh Để Bàn
CCNCAT0001,CCNPLT0081,Cây Cảnh Văn Phòng
CCNCAT0006,CCNPLT0081,Cây Dễ Trồng Trong Nhà
CCNCAT0002,CCNPLT0081,Cây Lọc Không Khí
CCNCAT0003,CCNPLT0081,Cây Phong Thủy
CCNCAT0014,CCNPLT0081,Cây Trồng Ban Công
CCNCAT0004,CCNPLT0081,Cây Trong Nhà
CCNCAT0007,CCNPLT0081,Cây Trong Phòng Khách
CCNCAT0000,CCNPLT0082,Cây Cảnh Để Bàn
CCNCAT0005,CCNPLT0082,Cây Cần Ít Ánh Sáng
CCNCAT0001,CCNPLT0082,Cây Cảnh Văn Phòng
CCNCAT0006,CCNPLT0082,Cây Dễ Trồng Trong Nhà
CCNCAT0002,CCNPLT0082,Cây Lọc Không Khí
CCNCAT0003,CCNPLT0082,Cây Phong Thủy
CCNCAT0004,CCNPLT0082,Cây Trong Nhà
CCNCAT0001,CCNPLT0083,Cây Cảnh Văn Phòng
CCNCAT0005,CCNPLT0083,Cây Cần Ít Ánh Sáng
CCNCAT0006,CCNPLT0083,Cây Dễ Trồng Trong Nhà
CCNCAT0012,CCNPLT0083,Cây Kiểng lá
CCNCAT0002,CCNPLT0083,Cây Lọc Không Khí
CCNCAT0003,CCNPLT0083,Cây Phong Thủy
CCNCAT0004,CCNPLT0083,Cây Trong Nhà
CCNCAT0007,CCNPLT0083,Cây Trong Phòng Khách
CCNCAT0004,CCNPLT0084,Cây Trong Nhà
CCNCAT0005,CCNPLT0084,Cây Cần Ít Ánh Sáng
CCNCAT0001,CCNPLT0084,Cây Cảnh Văn Phòng
CCNCAT0006,CCNPLT0084,Cây Dễ Trồng Trong Nhà
CCNCAT0003,CCNPLT0084,Cây Phong Thủy
CCNCAT0007,CCNPLT0084,Cây Trong Phòng Khách
CCNCAT0010,CCNPLT0084,Cây Trước Cửa & Hành Lang
CCNCAT0004,CCNPLT0085,Cây Trong Nhà
CCNCAT0001,CCNPLT0085,Cây Cảnh Văn Phòng
CCNCAT0006,CCNPLT0085,Cây Dễ Trồng Trong Nhà
CCNCAT0003,CCNPLT0085,Cây Phong Thủy
CCNCAT0009,CCNPLT0085,Cây Trang Trí Nhà Cửa
CCNCAT0007,CCNPLT0085,Cây Trong Phòng Khách
CCNCAT0010,CCNPLT0085,Cây Trước Cửa & Hành Lang
CCNCAT0004,CCNPLT0086,Cây Trong Nhà
CCNCAT0005,CCNPLT0086,Cây Cần Ít Ánh Sáng
CCNCAT0001,CCNPLT0086,Cây Cảnh Văn Phòng
CCNCAT0000,CCNPLT0086,Cây Cảnh Để Bàn
CCNCAT0003,CCNPLT0086,Cây Phong Thủy
CCNCAT0007,CCNPLT0086,Cây Trong Phòng Khách
CCNCAT0004,CCNPLT0087,Cây Trong Nhà
CCNCAT0001,CCNPLT0087,Cây Cảnh Văn Phòng
CCNCAT0006,CCNPLT0087,Cây Dễ Trồng Trong Nhà
CCNCAT0003,CCNPLT0087,Cây Phong Thủy
CCNCAT0009,CCNPLT0087,Cây Trang Trí Nhà Cửa
CCNCAT0010,CCNPLT0087,Cây Trước Cửa & Hành Lang
CCNCAT0001,CCNPLT0088,Cây Cảnh Văn Phòng
CCNCAT0005,CCNPLT0088,Cây Cần Ít Ánh Sáng
CCNCAT0006,CCNPLT0088,Cây Dễ Trồng Trong Nhà
CCNCAT0003,CCNPLT0088,Cây Phong Thủy
CCNCAT0004,CCNPLT0088,Cây Trong Nhà
CCNCAT0007,CCNPLT0088,Cây Trong Phòng Khách
CCNCAT0010,CCNPLT0088,Cây Trước Cửa & Hành Lang
CCNCAT0000,CCNPLT0089,Cây Cảnh Để Bàn
CCNCAT0005,CCNPLT0089,Cây Cần Ít Ánh Sáng
CCNCAT0001,CCNPLT0089,Cây Cảnh Văn Phòng
CCNCAT0006,CCNPLT0089,Cây Dễ Trồng Trong Nhà
CCNCAT0002,CCNPLT0089,Cây Lọc Không Khí
CCNCAT0003,CCNPLT0089,Cây Phong Thủy
CCNCAT0004,CCNPLT0089,Cây Trong Nhà
CCNCAT0007,CCNPLT0089,Cây Trong Phòng Khách
CCNCAT0004,CCNPLT0090,Cây Trong Nhà
CCNCAT0001,CCNPLT0090,Cây Cảnh Văn Phòng
CCNCAT0006,CCNPLT0090,Cây Dễ Trồng Trong Nhà
CCNCAT0003,CCNPLT0090,Cây Phong Thủy
CCNCAT0009,CCNPLT0090,Cây Trang Trí Nhà Cửa
CCNCAT0007,CCNPLT0090,Cây Trong Phòng Khách
CCNCAT0010,CCNPLT0090,Cây Trước Cửa & Hành Lang
CCNCAT0000,CCNPLT0091,Cây Cảnh Để Bàn
CCNCAT0005,CCNPLT0091,Cây Cần Ít Ánh Sáng
CCNCAT0001,CCNPLT0091,Cây Cảnh Văn Phòng
CCNCAT0006,CCNPLT0091,Cây Dễ Trồng Trong Nhà
CCNCAT0002,CCNPLT0091,Cây Lọc Không Khí
CCNCAT0003,CCNPLT0091,Cây Phong Thủy
CCNCAT0004,CCNPLT0091,Cây Trong Nhà
CCNCAT0007,CCNPLT0091,Cây Trong Phòng Khách
CCNCAT0001,CCNPLT0092,Cây Cảnh Văn Phòng
CCNCAT0005,CCNPLT0092,Cây Cần Ít Ánh Sáng
CCNCAT0006,CCNPLT0092,Cây Dễ Trồng Trong Nhà
CCNCAT0002,CCNPLT0092,Cây Lọc Không Khí
CCNCAT0003,CCNPLT0092,Cây Phong Thủy
CCNCAT0004,CCNPLT0092,Cây Trong Nhà
CCNCAT0010,CCNPLT0092,Cây Trước Cửa & Hành Lang
CCNCAT0001,CCNPLT0093,Cây Cảnh Văn Phòng
CCNCAT0005,CCNPLT0093,Cây Cần Ít Ánh Sáng
CCNCAT0006,CCNPLT0093,Cây Dễ Trồng Trong Nhà
CCNCAT0002,CCNPLT0093,Cây Lọc Không Khí
CCNCAT0003,CCNPLT0093,Cây Phong Thủy
CCNCAT0004,CCNPLT0093,Cây Trong Nhà
CCNCAT0007,CCNPLT0093,Cây Trong Phòng Khách
CCNCAT0010,CCNPLT0093,Cây Trước Cửa & Hành Lang
CCNCAT0001,CCNPLT0094,Cây Cảnh Văn Phòng
CCNCAT0006,CCNPLT0094,Cây Dễ Trồng Trong Nhà
CCNCAT0002,CCNPLT0094,Cây Lọc Không Khí
CCNCAT0003,CCNPLT0094,Cây Phong Thủy
CCNCAT0004,CCNPLT0094,Cây Trong Nhà
CCNCAT0004,CCNPLT0095,Cây Trong Nhà
CCNCAT0005,CCNPLT0095,Cây Cần Ít Ánh Sáng
CCNCAT0003,CCNPLT0095,Cây Phong Thủy
CCNCAT0009,CCNPLT0095,Cây Trang Trí Nhà Cửa
CCNCAT0007,CCNPLT0095,Cây Trong Phòng Khách
CCNCAT0004,CCNPLT0096,Cây Trong Nhà
CCNCAT0005,CCNPLT0096,Cây Cần Ít Ánh Sáng
CCNCAT0003,CCNPLT0096,Cây Phong Thủy
CCNCAT0009,CCNPLT0096,Cây Trang Trí Nhà Cửa
CCNCAT0007,CCNPLT0096,Cây Trong Phòng Khách
CCNCAT0000,CCNPLT0097,Cây Cảnh Để Bàn
CCNCAT0001,CCNPLT0097,Cây Cảnh Văn Phòng
CCNCAT0006,CCNPLT0097,Cây Dễ Trồng Trong Nhà
CCNCAT0002,CCNPLT0097,Cây Lọc Không Khí
CCNCAT0003,CCNPLT0097,Cây Phong Thủy
CCNCAT0004,CCNPLT0097,Cây Trong Nhà
CCNCAT0007,CCNPLT0097,Cây Trong Phòng Khách
CCNCAT0004,CCNPLT0098,Cây Trong Nhà
CCNCAT0005,CCNPLT0098,Cây Cần Ít Ánh Sáng
CCNCAT0001,CCNPLT0098,Cây Cảnh Văn Phòng
CCNCAT0002,CCNPLT0098,Cây Lọc Không Khí
CCNCAT0003,CCNPLT0098,Cây Phong Thủy
CCNCAT0007,CCNPLT0098,Cây Trong Phòng Khách
CCNCAT0004,CCNPLT0099,Cây Trong Nhà
CCNCAT0005,CCNPLT0099,Cây Cần Ít Ánh Sáng
CCNCAT0001,CCNPLT0099,Cây Cảnh Văn Phòng
CCNCAT0003,CCNPLT0099,Cây Phong Thủy
CCNCAT0007,CCNPLT0099,Cây Trong Phòng Khách
CCNCAT0004,CCNPLT0100,Cây Trong Nhà
CCNCAT0005,CCNPLT0100,Cây Cần Ít Ánh Sáng
CCNCAT0001,CCNPLT0100,Cây Cảnh Văn Phòng
CCNCAT0003,CCNPLT0100,Cây Phong Thủy
CCNCAT0007,CCNPLT0100,Cây Trong Phòng Khách
CCNCAT0000,CCNPLT0101,Cây Cảnh Để Bàn
CCNCAT0005,CCNPLT0101,Cây Cần Ít Ánh Sáng
CCNCAT0001,CCNPLT0101,Cây Cảnh Văn Phòng
CCNCAT0006,CCNPLT0101,Cây Dễ Trồng Trong Nhà
CCNCAT0002,CCNPLT0101,Cây Lọc Không Khí
CCNCAT0003,CCNPLT0101,Cây Phong Thủy
CCNCAT0004,CCNPLT0101,Cây Trong Nhà
CCNCAT0001,CCNPLT0102,Cây Cảnh Văn Phòng
CCNCAT0005,CCNPLT0102,Cây Cần Ít Ánh Sáng
CCNCAT0011,CCNPLT0102,Cây Cao & Lớn Trong Nhà
CCNCAT0006,CCNPLT0102,Cây Dễ Trồng Trong Nhà
CCNCAT0002,CCNPLT0102,Cây Lọc Không Khí
CCNCAT0004,CCNPLT0102,Cây Trong Nhà
CCNCAT0007,CCNPLT0102,Cây Trong Phòng Khách
CCNCAT0010,CCNPLT0102,Cây Trước Cửa & Hành Lang
CCNCAT0001,CCNPLT0103,Cây Cảnh Văn Phòng
CCNCAT0005,CCNPLT0103,Cây Cần Ít Ánh Sáng
CCNCAT0011,CCNPLT0103,Cây Cao & Lớn Trong Nhà
CCNCAT0006,CCNPLT0103,Cây Dễ Trồng Trong Nhà
CCNCAT0002,CCNPLT0103,Cây Lọc Không Khí
CCNCAT0003,CCNPLT0103,Cây Phong Thủy
CCNCAT0004,CCNPLT0103,Cây Trong Nhà
CCNCAT0007,CCNPLT0103,Cây Trong Phòng Khách
CCNCAT0010,CCNPLT0103,Cây Trước Cửa & Hành Lang
CCNCAT0001,CCNPLT0104,Cây Cảnh Văn Phòng
CCNCAT0005,CCNPLT0104,Cây Cần Ít Ánh Sáng
CCNCAT0011,CCNPLT0104,Cây Cao & Lớn Trong Nhà
CCNCAT0006,CCNPLT0104,Cây Dễ Trồng Trong Nhà
CCNCAT0002,CCNPLT0104,Cây Lọc Không Khí
CCNCAT0003,CCNPLT0104,Cây Phong Thủy
CCNCAT0009,CCNPLT0104,Cây Trang Trí Nhà Cửa
CCNCAT0014,CCNPLT0104,Cây Trồng Ban Công
CCNCAT0004,CCNPLT0104,Cây Trong Nhà
CCNCAT0010,CCNPLT0104,Cây Trước Cửa & Hành Lang
CCNCAT0001,CCNPLT0105,Cây Cảnh Văn Phòng
CCNCAT0005,CCNPLT0105,Cây Cần Ít Ánh Sáng
CCNCAT0011,CCNPLT0105,Cây Cao & Lớn Trong Nhà
CCNCAT0006,CCNPLT0105,Cây Dễ Trồng Trong Nhà
CCNCAT0002,CCNPLT0105,Cây Lọc Không Khí
CCNCAT0003,CCNPLT0105,Cây Phong Thủy
CCNCAT0004,CCNPLT0105,Cây Trong Nhà
CCNCAT0007,CCNPLT0105,Cây Trong Phòng Khách
CCNCAT0010,CCNPLT0105,Cây Trước Cửa & Hành Lang
CCNCAT0012,CCNPLT0106,Cây Kiểng lá
CCNCAT0005,CCNPLT0106,Cây Cần Ít Ánh Sáng
CCNCAT0001,CCNPLT0106,Cây Cảnh Văn Phòng
CCNCAT0011,CCNPLT0106,Cây Cao & Lớn Trong Nhà
CCNCAT0006,CCNPLT0106,Cây Dễ Trồng Trong Nhà
CCNCAT0002,CCNPLT0106,Cây Lọc Không Khí
CCNCAT0013,CCNPLT0106,Cây Nhiệt Đới
CCNCAT0003,CCNPLT0106,Cây Phong Thủy
CCNCAT0004,CCNPLT0106,Cây Trong Nhà
CCNCAT0007,CCNPLT0106,Cây Trong Phòng Khách
CCNCAT0001,CCNPLT0107,Cây Cảnh Văn Phòng
CCNCAT0006,CCNPLT0107,Cây Dễ Trồng Trong Nhà
CCNCAT0002,CCNPLT0107,Cây Lọc Không Khí
CCNCAT0003,CCNPLT0107,Cây Phong Thủy
CCNCAT0014,CCNPLT0107,Cây Trồng Ban Công
CCNCAT0004,CCNPLT0107,Cây Trong Nhà
CCNCAT0007,CCNPLT0107,Cây Trong Phòng Khách
CCNCAT0000,CCNPLT0108,Cây Cảnh Để Bàn
CCNCAT0005,CCNPLT0108,Cây Cần Ít Ánh Sáng
CCNCAT0001,CCNPLT0108,Cây Cảnh Văn Phòng
CCNCAT0006,CCNPLT0108,Cây Dễ Trồng Trong Nhà
CCNCAT0012,CCNPLT0108,Cây Kiểng lá
CCNCAT0002,CCNPLT0108,Cây Lọc Không Khí
CCNCAT0013,CCNPLT0108,Cây Nhiệt Đới
CCNCAT0003,CCNPLT0108,Cây Phong Thủy
CCNCAT0004,CCNPLT0108,Cây Trong Nhà
CCNCAT0001,CCNPLT0109,Cây Cảnh Văn Phòng
CCNCAT0005,CCNPLT0109,Cây Cần Ít Ánh Sáng
CCNCAT0006,CCNPLT0109,Cây Dễ Trồng Trong Nhà
CCNCAT0002,CCNPLT0109,Cây Lọc Không Khí
CCNCAT0003,CCNPLT0109,Cây Phong Thủy
CCNCAT0009,CCNPLT0109,Cây Trang Trí Nhà Cửa
CCNCAT0004,CCNPLT0109,Cây Trong Nhà
CCNCAT0007,CCNPLT0109,Cây Trong Phòng Khách
CCNCAT0010,CCNPLT0109,Cây Trước Cửa & Hành Lang
CCNCAT0004,CCNPLT0110,Cây Trong Nhà
CCNCAT0005,CCNPLT0110,Cây Cần Ít Ánh Sáng
CCNCAT0001,CCNPLT0110,Cây Cảnh Văn Phòng
CCNCAT0000,CCNPLT0110,Cây Cảnh Để Bàn
CCNCAT0006,CCNPLT0110,Cây Dễ Trồng Trong Nhà
CCNCAT0012,CCNPLT0110,Cây Kiểng lá
CCNCAT0013,CCNPLT0110,Cây Nhiệt Đới
CCNCAT0009,CCNPLT0110,Cây Trang Trí Nhà Cửa
CCNCAT0007,CCNPLT0110,Cây Trong Phòng Khách
CCNCAT0000,CCNPLT0111,Cây Cảnh Để Bàn
CCNCAT0005,CCNPLT0111,Cây Cần Ít Ánh Sáng
CCNCAT0006,CCNPLT0111,Cây Dễ Trồng Trong Nhà
CCNCAT0003,CCNPLT0111,Cây Phong Thủy
CCNCAT0004,CCNPLT0111,Cây Trong Nhà
CCNCAT0004,CCNPLT0112,Cây Trong Nhà
CCNCAT0006,CCNPLT0112,Cây Dễ Trồng Trong Nhà
CCNCAT0007,CCNPLT0112,Cây Trong Phòng Khách
CCNCAT0010,CCNPLT0112,Cây Trước Cửa & Hành Lang
CCNCAT0000,CCNPLT0113,Cây Cảnh Để Bàn
CCNCAT0005,CCNPLT0113,Cây Cần Ít Ánh Sáng
CCNCAT0012,CCNPLT0113,Cây Kiểng lá
CCNCAT0013,CCNPLT0113,Cây Nhiệt Đới
CCNCAT0004,CCNPLT0113,Cây Trong Nhà
CCNCAT0000,CCNPLT0114,Cây Cảnh Để Bàn
CCNCAT0005,CCNPLT0114,Cây Cần Ít Ánh Sáng
CCNCAT0001,CCNPLT0114,Cây Cảnh Văn Phòng
CCNCAT0006,CCNPLT0114,Cây Dễ Trồng Trong Nhà
CCNCAT0002,CCNPLT0114,Cây Lọc Không Khí
CCNCAT0003,CCNPLT0114,Cây Phong Thủy
CCNCAT0004,CCNPLT0114,Cây Trong Nhà
CCNCAT0001,CCNPLT0115,Cây Cảnh Văn Phòng
CCNCAT0005,CCNPLT0115,Cây Cần Ít Ánh Sáng
CCNCAT0006,CCNPLT0115,Cây Dễ Trồng Trong Nhà
CCNCAT0002,CCNPLT0115,Cây Lọc Không Khí
CCNCAT0003,CCNPLT0115,Cây Phong Thủy
CCNCAT0009,CCNPLT0115,Cây Trang Trí Nhà Cửa
CCNCAT0004,CCNPLT0115,Cây Trong Nhà
CCNCAT0007,CCNPLT0115,Cây Trong Phòng Khách
CCNCAT0004,CCNPLT0116,Cây Trong Nhà
CCNCAT0014,CCNPLT0116,Cây Trồng Ban Công
CCNCAT0007,CCNPLT0116,Cây Trong Phòng Khách
CCNCAT0010,CCNPLT0116,Cây Trước Cửa & Hành Lang
CCNCAT0000,CCNPLT0117,Cây Cảnh Để Bàn
CCNCAT0005,CCNPLT0117,Cây Cần Ít Ánh Sáng
CCNCAT0001,CCNPLT0117,Cây Cảnh Văn Phòng
CCNCAT0006,CCNPLT0117,Cây Dễ Trồng Trong Nhà
CCNCAT0012,CCNPLT0117,Cây Kiểng lá
CCNCAT0002,CCNPLT0117,Cây Lọc Không Khí
CCNCAT0013,CCNPLT0117,Cây Nhiệt Đới
CCNCAT0003,CCNPLT0117,Cây Phong Thủy
CCNCAT0004,CCNPLT0117,Cây Trong Nhà
CCNCAT0018,CCNPLT0118,Cây Có Hoa
CCNCAT0019,CCNPLT0118,Cây Ngoài Trời
CCNCAT0020,CCNPLT0118,Cây Trang Trí Ngoài Trời
CCNCAT0004,CCNPLT0118,Cây Trong Nhà
CCNCAT0001,CCNPLT0119,Cây Cảnh Văn Phòng
CCNCAT0006,CCNPLT0119,Cây Dễ Trồng Trong Nhà
CCNCAT0002,CCNPLT0119,Cây Lọc Không Khí
CCNCAT0003,CCNPLT0119,Cây Phong Thủy
CCNCAT0021,CCNPLT0119,Uncategorized
CCNCAT0000,CCNPLT0120,Cây Cảnh Để Bàn
CCNCAT0001,CCNPLT0120,Cây Cảnh Văn Phòng
CCNCAT0006,CCNPLT0120,Cây Dễ Trồng Trong Nhà
CCNCAT0002,CCNPLT0120,Cây Lọc Không Khí
CCNCAT0003,CCNPLT0120,Cây Phong Thủy
CCNCAT0004,CCNPLT0120,Cây Trong Nhà
CCNCAT0000,CCNPLT0121,Cây Cảnh Để Bàn
CCNCAT0005,CCNPLT0121,Cây Cần Ít Ánh Sáng
CCNCAT0001,CCNPLT0121,Cây Cảnh Văn Phòng
CCNCAT0006,CCNPLT0121,Cây Dễ Trồng Trong Nhà
CCNCAT0002,CCNPLT0121,Cây Lọc Không Khí
CCNCAT0003,CCNPLT0121,Cây Phong Thủy
CCNCAT0004,CCNPLT0121,Cây Trong Nhà
CCNCAT0007,CCNPLT0121,Cây Trong Phòng Khách
CCNCAT0000,CCNPLT0122,Cây Cảnh Để Bàn
CCNCAT0001,CCNPLT0122,Cây Cảnh Văn Phòng
CCNCAT0002,CCNPLT0122,Cây Lọc Không Khí
CCNCAT0003,CCNPLT0122,Cây Phong Thủy
CCNCAT0004,CCNPLT0122,Cây Trong Nhà
CCNCAT0004,CCNPLT0123,Cây Trong Nhà
CCNCAT0001,CCNPLT0123,Cây Cảnh Văn Phòng
CCNCAT0000,CCNPLT0123,Cây Cảnh Để Bàn
CCNCAT0002,CCNPLT0123,Cây Lọc Không Khí
CCNCAT0004,CCNPLT0124,Cây Trong Nhà
CCNCAT0001,CCNPLT0124,Cây Cảnh Văn Phòng
CCNCAT0006,CCNPLT0124,Cây Dễ Trồng Trong Nhà
CCNCAT0009,CCNPLT0124,Cây Trang Trí Nhà Cửa
CCNCAT0004,CCNPLT0125,Cây Trong Nhà
CCNCAT0005,CCNPLT0125,Cây Cần Ít Ánh Sáng
CCNCAT0001,CCNPLT0125,Cây Cảnh Văn Phòng
CCNCAT0000,CCNPLT0125,Cây Cảnh Để Bàn
CCNCAT0006,CCNPLT0125,Cây Dễ Trồng Trong Nhà
CCNCAT0003,CCNPLT0125,Cây Phong Thủy
CCNCAT0001,CCNPLT0126,Cây Cảnh Văn Phòng
CCNCAT0005,CCNPLT0126,Cây Cần Ít Ánh Sáng
CCNCAT0006,CCNPLT0126,Cây Dễ Trồng Trong Nhà
CCNCAT0002,CCNPLT0126,Cây Lọc Không Khí
CCNCAT0003,CCNPLT0126,Cây Phong Thủy
CCNCAT0014,CCNPLT0126,Cây Trồng Ban Công
CCNCAT0004,CCNPLT0126,Cây Trong Nhà
CCNCAT0007,CCNPLT0126,Cây Trong Phòng Khách
CCNCAT0004,CCNPLT0127,Cây Trong Nhà
CCNCAT0005,CCNPLT0127,Cây Cần Ít Ánh Sáng
CCNCAT0001,CCNPLT0127,Cây Cảnh Văn Phòng
CCNCAT0006,CCNPLT0127,Cây Dễ Trồng Trong Nhà
CCNCAT0002,CCNPLT0127,Cây Lọc Không Khí
CCNCAT0003,CCNPLT0127,Cây Phong Thủy
CCNCAT0000,CCNPLT0128,Cây Cảnh Để Bàn
CCNCAT0005,CCNPLT0128,Cây Cần Ít Ánh Sáng
CCNCAT0001,CCNPLT0128,Cây Cảnh Văn Phòng
CCNCAT0006,CCNPLT0128,Cây Dễ Trồng Trong Nhà
CCNCAT0002,CCNPLT0128,Cây Lọc Không Khí
CCNCAT0003,CCNPLT0128,Cây Phong Thủy
CCNCAT0004,CCNPLT0128,Cây Trong Nhà
CCNCAT0007,CCNPLT0128,Cây Trong Phòng Khách
CCNCAT0004,CCNPLT0129,Cây Trong Nhà
CCNCAT0005,CCNPLT0129,Cây Cần Ít Ánh Sáng
CCNCAT0001,CCNPLT0129,Cây Cảnh Văn Phòng
CCNCAT0000,CCNPLT0129,Cây Cảnh Để Bàn
CCNCAT0006,CCNPLT0129,Cây Dễ Trồng Trong Nhà
CCNCAT0004,CCNPLT0130,Cây Trong Nhà
CCNCAT0005,CCNPLT0130,Cây Cần Ít Ánh Sáng
CCNCAT0017,CCNPLT0130,Cây Cảnh Mini
CCNCAT0001,CCNPLT0130,Cây Cảnh Văn Phòng
CCNCAT0000,CCNPLT0130,Cây Cảnh Để Bàn
CCNCAT0006,CCNPLT0130,Cây Dễ Trồng Trong Nhà
CCNCAT0002,CCNPLT0130,Cây Lọc Không Khí
CCNCAT0003,CCNPLT0130,Cây Phong Thủy
CCNCAT0000,CCNPLT0131,Cây Cảnh Để Bàn
CCNCAT0005,CCNPLT0131,Cây Cần Ít Ánh Sáng
CCNCAT0001,CCNPLT0131,Cây Cảnh Văn Phòng
CCNCAT0006,CCNPLT0131,Cây Dễ Trồng Trong Nhà
CCNCAT0002,CCNPLT0131,Cây Lọc Không Khí
CCNCAT0003,CCNPLT0131,Cây Phong Thủy
CCNCAT0004,CCNPLT0131,Cây Trong Nhà
CCNCAT0007,CCNPLT0131,Cây Trong Phòng Khách
CCNCAT0000,CCNPLT0132,Cây Cảnh Để Bàn
CCNCAT0005,CCNPLT0132,Cây Cần Ít Ánh Sáng
CCNCAT0001,CCNPLT0132,Cây Cảnh Văn Phòng
CCNCAT0006,CCNPLT0132,Cây Dễ Trồng Trong Nhà
CCNCAT0002,CCNPLT0132,Cây Lọc Không Khí
CCNCAT0003,CCNPLT0132,Cây Phong Thủy
CCNCAT0008,CCNPLT0132,Cây Trong Bếp & Nhà Tắm
CCNCAT0004,CCNPLT0132,Cây Trong Nhà
CCNCAT0007,CCNPLT0132,Cây Trong Phòng Khách
CCNCAT0018,CCNPLT0133,Cây Có Hoa
CCNCAT0019,CCNPLT0133,Cây Ngoài Trời
CCNCAT0020,CCNPLT0133,Cây Trang Trí Ngoài Trời
CCNCAT0004,CCNPLT0133,Cây Trong Nhà
CCNCAT0001,CCNPLT0134,Cây Cảnh Văn Phòng
CCNCAT0005,CCNPLT0134,Cây Cần Ít Ánh Sáng
CCNCAT0011,CCNPLT0134,Cây Cao & Lớn Trong Nhà
CCNCAT0006,CCNPLT0134,Cây Dễ Trồng Trong Nhà
CCNCAT0002,CCNPLT0134,Cây Lọc Không Khí
CCNCAT0003,CCNPLT0134,Cây Phong Thủy
CCNCAT0004,CCNPLT0134,Cây Trong Nhà
CCNCAT0007,CCNPLT0134,Cây Trong Phòng Khách
CCNCAT0010,CCNPLT0134,Cây Trước Cửa & Hành Lang
CCNCAT0001,CCNPLT0135,Cây Cảnh Văn Phòng
CCNCAT0005,CCNPLT0135,Cây Cần Ít Ánh Sáng
CCNCAT0011,CCNPLT0135,Cây Cao & Lớn Trong Nhà
CCNCAT0006,CCNPLT0135,Cây Dễ Trồng Trong Nhà
CCNCAT0002,CCNPLT0135,Cây Lọc Không Khí
CCNCAT0003,CCNPLT0135,Cây Phong Thủy
CCNCAT0004,CCNPLT0135,Cây Trong Nhà
CCNCAT0007,CCNPLT0135,Cây Trong Phòng Khách
CCNCAT0010,CCNPLT0135,Cây Trước Cửa & Hành Lang
CCNCAT0000,CCNPLT0136,Cây Cảnh Để Bàn
CCNCAT0005,CCNPLT0136,Cây Cần Ít Ánh Sáng
CCNCAT0001,CCNPLT0136,Cây Cảnh Văn Phòng
CCNCAT0006,CCNPLT0136,Cây Dễ Trồng Trong Nhà
CCNCAT0002,CCNPLT0136,Cây Lọc Không Khí
CCNCAT0003,CCNPLT0136,Cây Phong Thủy
CCNCAT0008,CCNPLT0136,Cây Trong Bếp & Nhà Tắm
CCNCAT0004,CCNPLT0136,Cây Trong Nhà
CCNCAT0007,CCNPLT0136,Cây Trong Phòng Khách
CCNCAT0000,CCNPLT0137,Cây Cảnh Để Bàn
CCNCAT0005,CCNPLT0137,Cây Cần Ít Ánh Sáng
CCNCAT0001,CCNPLT0137,Cây Cảnh Văn Phòng
CCNCAT0011,CCNPLT0137,Cây Cao & Lớn Trong Nhà
CCNCAT0006,CCNPLT0137,Cây Dễ Trồng Trong Nhà
CCNCAT0002,CCNPLT0137,Cây Lọc Không Khí
CCNCAT0003,CCNPLT0137,Cây Phong Thủy
CCNCAT0004,CCNPLT0137,Cây Trong Nhà
CCNCAT0007,CCNPLT0137,Cây Trong Phòng Khách
CCNCAT0010,CCNPLT0137,Cây Trước Cửa & Hành Lang
CCNCAT0000,CCNPLT0138,Cây Cảnh Để Bàn
CCNCAT0005,CCNPLT0138,Cây Cần Ít Ánh Sáng
CCNCAT0001,CCNPLT0138,Cây Cảnh Văn Phòng
CCNCAT0006,CCNPLT0138,Cây Dễ Trồng Trong Nhà
CCNCAT0002,CCNPLT0138,Cây Lọc Không Khí
CCNCAT0013,CCNPLT0138,Cây Nhiệt Đới
CCNCAT0015,CCNPLT0138,Cây Treo Trong Nhà
CCNCAT0004,CCNPLT0138,Cây Trong Nhà
CCNCAT0001,CCNPLT0139,Cây Cảnh Văn Phòng
CCNCAT0005,CCNPLT0139,Cây Cần Ít Ánh Sáng
CCNCAT0006,CCNPLT0139,Cây Dễ Trồng Trong Nhà
CCNCAT0002,CCNPLT0139,Cây Lọc Không Khí
CCNCAT0013,CCNPLT0139,Cây Nhiệt Đới
CCNCAT0003,CCNPLT0139,Cây Phong Thủy
CCNCAT0008,CCNPLT0139,Cây Trong Bếp & Nhà Tắm
CCNCAT0004,CCNPLT0139,Cây Trong Nhà
CCNCAT0007,CCNPLT0139,Cây Trong Phòng Khách
CCNCAT0001,CCNPLT0140,Cây Cảnh Văn Phòng
CCNCAT0005,CCNPLT0140,Cây Cần Ít Ánh Sáng
CCNCAT0006,CCNPLT0140,Cây Dễ Trồng Trong Nhà
CCNCAT0002,CCNPLT0140,Cây Lọc Không Khí
CCNCAT0003,CCNPLT0140,Cây Phong Thủy
CCNCAT0009,CCNPLT0140,Cây Trang Trí Nhà Cửa
CCNCAT0004,CCNPLT0140,Cây Trong Nhà
CCNCAT0007,CCNPLT0140,Cây Trong Phòng Khách
CCNCAT0010,CCNPLT0140,Cây Trước Cửa & Hành Lang
CCNCAT0001,CCNPLT0141,Cây Cảnh Văn Phòng
CCNCAT0005,CCNPLT0141,Cây Cần Ít Ánh Sáng
CCNCAT0006,CCNPLT0141,Cây Dễ Trồng Trong Nhà
CCNCAT0002,CCNPLT0141,Cây Lọc Không Khí
CCNCAT0003,CCNPLT0141,Cây Phong Thủy
CCNCAT0004,CCNPLT0141,Cây Trong Nhà
CCNCAT0007,CCNPLT0141,Cây Trong Phòng Khách
CCNCAT0001,CCNPLT0142,Cây Cảnh Văn Phòng
CCNCAT0011,CCNPLT0142,Cây Cao & Lớn Trong Nhà
CCNCAT0006,CCNPLT0142,Cây Dễ Trồng Trong Nhà
CCNCAT0002,CCNPLT0142,Cây Lọc Không Khí
CCNCAT0003,CCNPLT0142,Cây Phong Thủy
CCNCAT0009,CCNPLT0142,Cây Trang Trí Nhà Cửa
CCNCAT0004,CCNPLT0142,Cây Trong Nhà
CCNCAT0007,CCNPLT0142,Cây Trong Phòng Khách
CCNCAT0010,CCNPLT0142,Cây Trước Cửa & Hành Lang
CCNCAT0001,CCNPLT0143,Cây Cảnh Văn Phòng
CCNCAT0005,CCNPLT0143,Cây Cần Ít Ánh Sáng
CCNCAT0011,CCNPLT0143,Cây Cao & Lớn Trong Nhà
CCNCAT0006,CCNPLT0143,Cây Dễ Trồng Trong Nhà
CCNCAT0002,CCNPLT0143,Cây Lọc Không Khí
CCNCAT0003,CCNPLT0143,Cây Phong Thủy
CCNCAT0004,CCNPLT0143,Cây Trong Nhà
CCNCAT0007,CCNPLT0143,Cây Trong Phòng Khách
CCNCAT0010,CCNPLT0143,Cây Trước Cửa & Hành Lang
CCNCAT0001,CCNPLT0144,Cây Cảnh Văn Phòng
CCNCAT0005,CCNPLT0144,Cây Cần Ít Ánh Sáng
CCNCAT0006,CCNPLT0144,Cây Dễ Trồng Trong Nhà
CCNCAT0012,CCNPLT0144,Cây Kiểng lá
CCNCAT0002,CCNPLT0144,Cây Lọc Không Khí
CCNCAT0003,CCNPLT0144,Cây Phong Thủy
CCNCAT0004,CCNPLT0144,Cây Trong Nhà
CCNCAT0007,CCNPLT0144,Cây Trong Phòng Khách
CCNCAT0000,CCNPLT0145,Cây Cảnh Để Bàn
CCNCAT0005,CCNPLT0145,Cây Cần Ít Ánh Sáng
CCNCAT0001,CCNPLT0145,Cây Cảnh Văn Phòng
CCNCAT0006,CCNPLT0145,Cây Dễ Trồng Trong Nhà
CCNCAT0002,CCNPLT0145,Cây Lọc Không Khí
CCNCAT0003,CCNPLT0145,Cây Phong Thủy
CCNCAT0004,CCNPLT0145,Cây Trong Nhà
CCNCAT0007,CCNPLT0145,Cây Trong Phòng Khách
CCNCAT0001,CCNPLT0146,Cây Cảnh Văn Phòng
CCNCAT0005,CCNPLT0146,Cây Cần Ít Ánh Sáng
CCNCAT0006,CCNPLT0146,Cây Dễ Trồng Trong Nhà
CCNCAT0002,CCNPLT0146,Cây Lọc Không Khí
CCNCAT0003,CCNPLT0146,Cây Phong Thủy
CCNCAT0009,CCNPLT0146,Cây Trang Trí Nhà Cửa
CCNCAT0004,CCNPLT0146,Cây Trong Nhà
CCNCAT0007,CCNPLT0146,Cây Trong Phòng Khách
CCNCAT0010,CCNPLT0146,Cây Trước Cửa & Hành Lang
CCNCAT0001,CCNPLT0147,Cây Cảnh Văn Phòng
CCNCAT0005,CCNPLT0147,Cây Cần Ít Ánh Sáng
CCNCAT0006,CCNPLT0147,Cây Dễ Trồng Trong Nhà
CCNCAT0002,CCNPLT0147,Cây Lọc Không Khí
CCNCAT0003,CCNPLT0147,Cây Phong Thủy
CCNCAT0004,CCNPLT0147,Cây Trong Nhà
CCNCAT0007,CCNPLT0147,Cây Trong Phòng Khách
CCNCAT0001,CCNPLT0148,Cây Cảnh Văn Phòng
CCNCAT0005,CCNPLT0148,Cây Cần Ít Ánh Sáng
CCNCAT0006,CCNPLT0148,Cây Dễ Trồng Trong Nhà
CCNCAT0002,CCNPLT0148,Cây Lọc Không Khí
CCNCAT0003,CCNPLT0148,Cây Phong Thủy
CCNCAT0004,CCNPLT0148,Cây Trong Nhà
CCNCAT0007,CCNPLT0148,Cây Trong Phòng Khách
CCNCAT0001,CCNPLT0149,Cây Cảnh Văn Phòng
CCNCAT0005,CCNPLT0149,Cây Cần Ít Ánh Sáng
CCNCAT0006,CCNPLT0149,Cây Dễ Trồng Trong Nhà
CCNCAT0012,CCNPLT0149,Cây Kiểng lá
CCNCAT0002,CCNPLT0149,Cây Lọc Không Khí
CCNCAT0003,CCNPLT0149,Cây Phong Thủy
CCNCAT0004,CCNPLT0149,Cây Trong Nhà
CCNCAT0007,CCNPLT0149,Cây Trong Phòng Khách
CCNCAT0000,CCNPLT0150,Cây Cảnh Để Bàn
CCNCAT0005,CCNPLT0150,Cây Cần Ít Ánh Sáng
CCNCAT0001,CCNPLT0150,Cây Cảnh Văn Phòng
CCNCAT0011,CCNPLT0150,Cây Cao & Lớn Trong Nhà
CCNCAT0006,CCNPLT0150,Cây Dễ Trồng Trong Nhà
CCNCAT0002,CCNPLT0150,Cây Lọc Không Khí
CCNCAT0003,CCNPLT0150,Cây Phong Thủy
CCNCAT0004,CCNPLT0150,Cây Trong Nhà
CCNCAT0007,CCNPLT0150,Cây Trong Phòng Khách
CCNCAT0010,CCNPLT0150,Cây Trước Cửa & Hành Lang
CCNCAT0001,CCNPLT0151,Cây Cảnh Văn Phòng
CCNCAT0005,CCNPLT0151,Cây Cần Ít Ánh Sáng
CCNCAT0006,CCNPLT0151,Cây Dễ Trồng Trong Nhà
CCNCAT0002,CCNPLT0151,Cây Lọc Không Khí
CCNCAT0003,CCNPLT0151,Cây Phong Thủy
CCNCAT0004,CCNPLT0151,Cây Trong Nhà
CCNCAT0007,CCNPLT0151,Cây Trong Phòng Khách
CCNCAT0000,CCNPLT0152,Cây Cảnh Để Bàn
CCNCAT0005,CCNPLT0152,Cây Cần Ít Ánh Sáng
CCNCAT0001,CCNPLT0152,Cây Cảnh Văn Phòng
CCNCAT0006,CCNPLT0152,Cây Dễ Trồng Trong Nhà
CCNCAT0002,CCNPLT0152,Cây Lọc Không Khí
CCNCAT0003,CCNPLT0152,Cây Phong Thủy
CCNCAT0009,CCNPLT0152,Cây Trang Trí Nhà Cửa
CCNCAT0004,CCNPLT0152,Cây Trong Nhà
CCNCAT0007,CCNPLT0152,Cây Trong Phòng Khách
CCNCAT0010,CCNPLT0152,Cây Trước Cửa & Hành Lang
CCNCAT0001,CCNPLT0153,Cây Cảnh Văn Phòng
CCNCAT0005,CCNPLT0153,Cây Cần Ít Ánh Sáng
CCNCAT0006,CCNPLT0153,Cây Dễ Trồng Trong Nhà
CCNCAT0002,CCNPLT0153,Cây Lọc Không Khí
CCNCAT0003,CCNPLT0153,Cây Phong Thủy
CCNCAT0009,CCNPLT0153,Cây Trang Trí Nhà Cửa
CCNCAT0004,CCNPLT0153,Cây Trong Nhà
CCNCAT0007,CCNPLT0153,Cây Trong Phòng Khách
CCNCAT0010,CCNPLT0153,Cây Trước Cửa & Hành Lang
CCNCAT0000,CCNPLT0154,Cây Cảnh Để Bàn
CCNCAT0005,CCNPLT0154,Cây Cần Ít Ánh Sáng
CCNCAT0001,CCNPLT0154,Cây Cảnh Văn Phòng
CCNCAT0006,CCNPLT0154,Cây Dễ Trồng Trong Nhà
CCNCAT0002,CCNPLT0154,Cây Lọc Không Khí
CCNCAT0003,CCNPLT0154,Cây Phong Thủy
CCNCAT0009,CCNPLT0154,Cây Trang Trí Nhà Cửa
CCNCAT0004,CCNPLT0154,Cây Trong Nhà
CCNCAT0007,CCNPLT0154,Cây Trong Phòng Khách
CCNCAT0001,CCNPLT0155,Cây Cảnh Văn Phòng
CCNCAT0005,CCNPLT0155,Cây Cần Ít Ánh Sáng
CCNCAT0006,CCNPLT0155,Cây Dễ Trồng Trong Nhà
CCNCAT0012,CCNPLT0155,Cây Kiểng lá
CCNCAT0002,CCNPLT0155,Cây Lọc Không Khí
CCNCAT0013,CCNPLT0155,Cây Nhiệt Đới
CCNCAT0004,CCNPLT0155,Cây Trong Nhà
CCNCAT0007,CCNPLT0155,Cây Trong Phòng Khách
CCNCAT0000,CCNPLT0156,Cây Cảnh Để Bàn
CCNCAT0005,CCNPLT0156,Cây Cần Ít Ánh Sáng
CCNCAT0001,CCNPLT0156,Cây Cảnh Văn Phòng
CCNCAT0006,CCNPLT0156,Cây Dễ Trồng Trong Nhà
CCNCAT0002,CCNPLT0156,Cây Lọc Không Khí
CCNCAT0003,CCNPLT0156,Cây Phong Thủy
CCNCAT0004,CCNPLT0156,Cây Trong Nhà
CCNCAT0000,CCNPLT0157,Cây Cảnh Để Bàn
CCNCAT0005,CCNPLT0157,Cây Cần Ít Ánh Sáng
CCNCAT0001,CCNPLT0157,Cây Cảnh Văn Phòng
CCNCAT0006,CCNPLT0157,Cây Dễ Trồng Trong Nhà
CCNCAT0002,CCNPLT0157,Cây Lọc Không Khí
CCNCAT0003,CCNPLT0157,Cây Phong Thủy
CCNCAT0008,CCNPLT0157,Cây Trong Bếp & Nhà Tắm
CCNCAT0004,CCNPLT0157,Cây Trong Nhà
CCNCAT0007,CCNPLT0157,Cây Trong Phòng Khách
CCNCAT0001,CCNPLT0158,Cây Cảnh Văn Phòng
CCNCAT0005,CCNPLT0158,Cây Cần Ít Ánh Sáng
CCNCAT0006,CCNPLT0158,Cây Dễ Trồng Trong Nhà
CCNCAT0002,CCNPLT0158,Cây Lọc Không Khí
CCNCAT0003,CCNPLT0158,Cây Phong Thủy
CCNCAT0009,CCNPLT0158,Cây Trang Trí Nhà Cửa
CCNCAT0004,CCNPLT0158,Cây Trong Nhà
CCNCAT0007,CCNPLT0158,Cây Trong Phòng Khách
CCNCAT0010,CCNPLT0158,Cây Trước Cửa & Hành Lang
CCNCAT0001,CCNPLT0159,Cây Cảnh Văn Phòng
CCNCAT0005,CCNPLT0159,Cây Cần Ít Ánh Sáng
CCNCAT0006,CCNPLT0159,Cây Dễ Trồng Trong Nhà
CCNCAT0002,CCNPLT0159,Cây Lọc Không Khí
CCNCAT0003,CCNPLT0159,Cây Phong Thủy
CCNCAT0004,CCNPLT0159,Cây Trong Nhà
CCNCAT0007,CCNPLT0159,Cây Trong Phòng Khách
CCNCAT0000,CCNPLT0160,Cây Cảnh Để Bàn
CCNCAT0005,CCNPLT0160,Cây Cần Ít Ánh Sáng
CCNCAT0001,CCNPLT0160,Cây Cảnh Văn Phòng
CCNCAT0006,CCNPLT0160,Cây Dễ Trồng Trong Nhà
CCNCAT0002,CCNPLT0160,Cây Lọc Không Khí
CCNCAT0003,CCNPLT0160,Cây Phong Thủy
CCNCAT0004,CCNPLT0160,Cây Trong Nhà
CCNCAT0007,CCNPLT0160,Cây Trong Phòng Khách
CCNCAT0001,CCNPLT0161,Cây Cảnh Văn Phòng
CCNCAT0005,CCNPLT0161,Cây Cần Ít Ánh Sáng
CCNCAT0006,CCNPLT0161,Cây Dễ Trồng Trong Nhà
CCNCAT0002,CCNPLT0161,Cây Lọc Không Khí
CCNCAT0003,CCNPLT0161,Cây Phong Thủy
CCNCAT0009,CCNPLT0161,Cây Trang Trí Nhà Cửa
CCNCAT0004,CCNPLT0161,Cây Trong Nhà
CCNCAT0007,CCNPLT0161,Cây Trong Phòng Khách
CCNCAT0010,CCNPLT0161,Cây Trước Cửa & Hành Lang
CCNCAT0001,CCNPLT0162,Cây Cảnh Văn Phòng
CCNCAT0005,CCNPLT0162,Cây Cần Ít Ánh Sáng
CCNCAT0006,CCNPLT0162,Cây Dễ Trồng Trong Nhà
CCNCAT0002,CCNPLT0162,Cây Lọc Không Khí
CCNCAT0003,CCNPLT0162,Cây Phong Thủy
CCNCAT0009,CCNPLT0162,Cây Trang Trí Nhà Cửa
CCNCAT0004,CCNPLT0162,Cây Trong Nhà
CCNCAT0007,CCNPLT0162,Cây Trong Phòng Khách
CCNCAT0010,CCNPLT0162,Cây Trước Cửa & Hành Lang
CCNCAT0001,CCNPLT0163,Cây Cảnh Văn Phòng
CCNCAT0005,CCNPLT0163,Cây Cần Ít Ánh Sáng
CCNCAT0006,CCNPLT0163,Cây Dễ Trồng Trong Nhà
CCNCAT0002,CCNPLT0163,Cây Lọc Không Khí
CCNCAT0019,CCNPLT0163,Cây Ngoài Trời
CCNCAT0013,CCNPLT0163,Cây Nhiệt Đới
CCNCAT0014,CCNPLT0163,Cây Trồng Ban Công
CCNCAT0004,CCNPLT0163,Cây Trong Nhà
CCNCAT0014,CCNPLT0164,Cây Trồng Ban Công
CCNCAT0001,CCNPLT0164,Cây Cảnh Văn Phòng
CCNCAT0018,CCNPLT0164,Cây Có Hoa
CCNCAT0006,CCNPLT0164,Cây Dễ Trồng Trong Nhà
CCNCAT0022,CCNPLT0164,Cây Hàng Rào
CCNCAT0019,CCNPLT0164,Cây Ngoài Trời
CCNCAT0013,CCNPLT0164,Cây Nhiệt Đới
CCNCAT0023,CCNPLT0164,Cây Tầm Thấp
CCNCAT0004,CCNPLT0164,Cây Trong Nhà
CCNCAT0001,CCNPLT0165,Cây Cảnh Văn Phòng
CCNCAT0005,CCNPLT0165,Cây Cần Ít Ánh Sáng
CCNCAT0006,CCNPLT0165,Cây Dễ Trồng Trong Nhà
CCNCAT0002,CCNPLT0165,Cây Lọc Không Khí
CCNCAT0003,CCNPLT0165,Cây Phong Thủy
CCNCAT0014,CCNPLT0165,Cây Trồng Ban Công
CCNCAT0004,CCNPLT0165,Cây Trong Nhà
CCNCAT0007,CCNPLT0165,Cây Trong Phòng Khách
CCNCAT0000,CCNPLT0166,Cây Cảnh Để Bàn
CCNCAT0005,CCNPLT0166,Cây Cần Ít Ánh Sáng
CCNCAT0001,CCNPLT0166,Cây Cảnh Văn Phòng
CCNCAT0006,CCNPLT0166,Cây Dễ Trồng Trong Nhà
CCNCAT0002,CCNPLT0166,Cây Lọc Không Khí
CCNCAT0003,CCNPLT0166,Cây Phong Thủy
CCNCAT0004,CCNPLT0166,Cây Trong Nhà
CCNCAT0007,CCNPLT0166,Cây Trong Phòng Khách
CCNCAT0000,CCNPLT0167,Cây Cảnh Để Bàn
CCNCAT0005,CCNPLT0167,Cây Cần Ít Ánh Sáng
CCNCAT0001,CCNPLT0167,Cây Cảnh Văn Phòng
CCNCAT0006,CCNPLT0167,Cây Dễ Trồng Trong Nhà
CCNCAT0002,CCNPLT0167,Cây Lọc Không Khí
CCNCAT0003,CCNPLT0167,Cây Phong Thủy
CCNCAT0008,CCNPLT0167,Cây Trong Bếp & Nhà Tắm
CCNCAT0004,CCNPLT0167,Cây Trong Nhà
CCNCAT0007,CCNPLT0167,Cây Trong Phòng Khách
CCNCAT0001,CCNPLT0168,Cây Cảnh Văn Phòng
CCNCAT0005,CCNPLT0168,Cây Cần Ít Ánh Sáng
CCNCAT0006,CCNPLT0168,Cây Dễ Trồng Trong Nhà
CCNCAT0002,CCNPLT0168,Cây Lọc Không Khí
CCNCAT0003,CCNPLT0168,Cây Phong Thủy
CCNCAT0008,CCNPLT0168,Cây Trong Bếp & Nhà Tắm
CCNCAT0004,CCNPLT0168,Cây Trong Nhà
CCNCAT0007,CCNPLT0168,Cây Trong Phòng Khách
CCNCAT0010,CCNPLT0168,Cây Trước Cửa & Hành Lang
CCNCAT0014,CCNPLT0169,Cây Trồng Ban Công
CCNCAT0001,CCNPLT0169,Cây Cảnh Văn Phòng
CCNCAT0006,CCNPLT0169,Cây Dễ Trồng Trong Nhà
CCNCAT0019,CCNPLT0169,Cây Ngoài Trời
CCNCAT0004,CCNPLT0169,Cây Trong Nhà
CCNCAT0007,CCNPLT0169,Cây Trong Phòng Khách
CCNCAT0001,CCNPLT0170,Cây Cảnh Văn Phòng
CCNCAT0005,CCNPLT0170,Cây Cần Ít Ánh Sáng
CCNCAT0011,CCNPLT0170,Cây Cao & Lớn Trong Nhà
CCNCAT0006,CCNPLT0170,Cây Dễ Trồng Trong Nhà
CCNCAT0002,CCNPLT0170,Cây Lọc Không Khí
CCNCAT0013,CCNPLT0170,Cây Nhiệt Đới
CCNCAT0003,CCNPLT0170,Cây Phong Thủy
CCNCAT0004,CCNPLT0170,Cây Trong Nhà
CCNCAT0007,CCNPLT0170,Cây Trong Phòng Khách
CCNCAT0010,CCNPLT0170,Cây Trước Cửa & Hành Lang
CCNCAT0001,CCNPLT0171,Cây Cảnh Văn Phòng
CCNCAT0005,CCNPLT0171,Cây Cần Ít Ánh Sáng
CCNCAT0011,CCNPLT0171,Cây Cao & Lớn Trong Nhà
CCNCAT0006,CCNPLT0171,Cây Dễ Trồng Trong Nhà
CCNCAT0002,CCNPLT0171,Cây Lọc Không Khí
CCNCAT0003,CCNPLT0171,Cây Phong Thủy
CCNCAT0004,CCNPLT0171,Cây Trong Nhà
CCNCAT0007,CCNPLT0171,Cây Trong Phòng Khách
CCNCAT0010,CCNPLT0171,Cây Trước Cửa & Hành Lang
CCNCAT0001,CCNPLT0172,Cây Cảnh Văn Phòng
CCNCAT0005,CCNPLT0172,Cây Cần Ít Ánh Sáng
CCNCAT0006,CCNPLT0172,Cây Dễ Trồng Trong Nhà
CCNCAT0002,CCNPLT0172,Cây Lọc Không Khí
CCNCAT0003,CCNPLT0172,Cây Phong Thủy
CCNCAT0004,CCNPLT0172,Cây Trong Nhà
CCNCAT0007,CCNPLT0172,Cây Trong Phòng Khách
CCNCAT0001,CCNPLT0173,Cây Cảnh Văn Phòng
CCNCAT0005,CCNPLT0173,Cây Cần Ít Ánh Sáng
CCNCAT0006,CCNPLT0173,Cây Dễ Trồng Trong Nhà
CCNCAT0002,CCNPLT0173,Cây Lọc Không Khí
CCNCAT0003,CCNPLT0173,Cây Phong Thủy
CCNCAT0004,CCNPLT0173,Cây Trong Nhà
CCNCAT0007,CCNPLT0173,Cây Trong Phòng Khách
CCNCAT0001,CCNPLT0174,Cây Cảnh Văn Phòng
CCNCAT0005,CCNPLT0174,Cây Cần Ít Ánh Sáng
CCNCAT0011,CCNPLT0174,Cây Cao & Lớn Trong Nhà
CCNCAT0006,CCNPLT0174,Cây Dễ Trồng Trong Nhà
CCNCAT0002,CCNPLT0174,Cây Lọc Không Khí
CCNCAT0003,CCNPLT0174,Cây Phong Thủy
CCNCAT0009,CCNPLT0174,Cây Trang Trí Nhà Cửa
CCNCAT0008,CCNPLT0174,Cây Trong Bếp & Nhà Tắm
CCNCAT0004,CCNPLT0174,Cây Trong Nhà
CCNCAT0007,CCNPLT0174,Cây Trong Phòng Khách
CCNCAT0010,CCNPLT0174,Cây Trước Cửa & Hành Lang
CCNCAT0001,CCNPLT0175,Cây Cảnh Văn Phòng
CCNCAT0005,CCNPLT0175,Cây Cần Ít Ánh Sáng
CCNCAT0006,CCNPLT0175,Cây Dễ Trồng Trong Nhà
CCNCAT0002,CCNPLT0175,Cây Lọc Không Khí
CCNCAT0003,CCNPLT0175,Cây Phong Thủy
CCNCAT0009,CCNPLT0175,Cây Trang Trí Nhà Cửa
CCNCAT0004,CCNPLT0175,Cây Trong Nhà
CCNCAT0007,CCNPLT0175,Cây Trong Phòng Khách
CCNCAT0001,CCNPLT0176,Cây Cảnh Văn Phòng
CCNCAT0005,CCNPLT0176,Cây Cần Ít Ánh Sáng
CCNCAT0006,CCNPLT0176,Cây Dễ Trồng Trong Nhà
CCNCAT0002,CCNPLT0176,Cây Lọc Không Khí
CCNCAT0003,CCNPLT0176,Cây Phong Thủy
CCNCAT0004,CCNPLT0176,Cây Trong Nhà
CCNCAT0007,CCNPLT0176,Cây Trong Phòng Khách
CCNCAT0001,CCNPLT0177,Cây Cảnh Văn Phòng
CCNCAT0005,CCNPLT0177,Cây Cần Ít Ánh Sáng
CCNCAT0006,CCNPLT0177,Cây Dễ Trồng Trong Nhà
CCNCAT0002,CCNPLT0177,Cây Lọc Không Khí
CCNCAT0003,CCNPLT0177,Cây Phong Thủy
CCNCAT0004,CCNPLT0177,Cây Trong Nhà
CCNCAT0007,CCNPLT0177,Cây Trong Phòng Khách
CCNCAT0001,CCNPLT0178,Cây Cảnh Văn Phòng
CCNCAT0005,CCNPLT0178,Cây Cần Ít Ánh Sáng
CCNCAT0006,CCNPLT0178,Cây Dễ Trồng Trong Nhà
CCNCAT0002,CCNPLT0178,Cây Lọc Không Khí
CCNCAT0003,CCNPLT0178,Cây Phong Thủy
CCNCAT0009,CCNPLT0178,Cây Trang Trí Nhà Cửa
CCNCAT0004,CCNPLT0178,Cây Trong Nhà
CCNCAT0007,CCNPLT0178,Cây Trong Phòng Khách
CCNCAT0010,CCNPLT0178,Cây Trước Cửa & Hành Lang
CCNCAT0001,CCNPLT0179,Cây Cảnh Văn Phòng
CCNCAT0005,CCNPLT0179,Cây Cần Ít Ánh Sáng
CCNCAT0006,CCNPLT0179,Cây Dễ Trồng Trong Nhà
CCNCAT0002,CCNPLT0179,Cây Lọc Không Khí
CCNCAT0003,CCNPLT0179,Cây Phong Thủy
CCNCAT0004,CCNPLT0179,Cây Trong Nhà
CCNCAT0007,CCNPLT0179,Cây Trong Phòng Khách
CCNCAT0000,CCNPLT0180,Cây Cảnh Để Bàn
CCNCAT0005,CCNPLT0180,Cây Cần Ít Ánh Sáng
CCNCAT0001,CCNPLT0180,Cây Cảnh Văn Phòng
CCNCAT0006,CCNPLT0180,Cây Dễ Trồng Trong Nhà
CCNCAT0012,CCNPLT0180,Cây Kiểng lá
CCNCAT0002,CCNPLT0180,Cây Lọc Không Khí
CCNCAT0013,CCNPLT0180,Cây Nhiệt Đới
CCNCAT0004,CCNPLT0180,Cây Trong Nhà
CCNCAT0007,CCNPLT0180,Cây Trong Phòng Khách
CCNCAT0001,CCNPLT0181,Cây Cảnh Văn Phòng
CCNCAT0005,CCNPLT0181,Cây Cần Ít Ánh Sáng
CCNCAT0006,CCNPLT0181,Cây Dễ Trồng Trong Nhà
CCNCAT0002,CCNPLT0181,Cây Lọc Không Khí
CCNCAT0003,CCNPLT0181,Cây Phong Thủy
CCNCAT0004,CCNPLT0181,Cây Trong Nhà
CCNCAT0007,CCNPLT0181,Cây Trong Phòng Khách
CCNCAT0012,CCNPLT0182,Cây Kiểng lá
CCNCAT0005,CCNPLT0182,Cây Cần Ít Ánh Sáng
CCNCAT0000,CCNPLT0182,Cây Cảnh Để Bàn
CCNCAT0006,CCNPLT0182,Cây Dễ Trồng Trong Nhà
CCNCAT0002,CCNPLT0182,Cây Lọc Không Khí
CCNCAT0013,CCNPLT0182,Cây Nhiệt Đới
CCNCAT0004,CCNPLT0182,Cây Trong Nhà
CCNCAT0007,CCNPLT0182,Cây Trong Phòng Khách
CCNCAT0012,CCNPLT0183,Cây Kiểng lá
CCNCAT0005,CCNPLT0183,Cây Cần Ít Ánh Sáng
CCNCAT0000,CCNPLT0183,Cây Cảnh Để Bàn
CCNCAT0006,CCNPLT0183,Cây Dễ Trồng Trong Nhà
CCNCAT0002,CCNPLT0183,Cây Lọc Không Khí
CCNCAT0013,CCNPLT0183,Cây Nhiệt Đới
CCNCAT0004,CCNPLT0183,Cây Trong Nhà
CCNCAT0007,CCNPLT0183,Cây Trong Phòng Khách
CCNCAT0012,CCNPLT0184,Cây Kiểng lá
CCNCAT0005,CCNPLT0184,Cây Cần Ít Ánh Sáng
CCNCAT0000,CCNPLT0184,Cây Cảnh Để Bàn
CCNCAT0006,CCNPLT0184,Cây Dễ Trồng Trong Nhà
CCNCAT0002,CCNPLT0184,Cây Lọc Không Khí
CCNCAT0013,CCNPLT0184,Cây Nhiệt Đới
CCNCAT0004,CCNPLT0184,Cây Trong Nhà
CCNCAT0007,CCNPLT0184,Cây Trong Phòng Khách
CCNCAT0000,CCNPLT0185,Cây Cảnh Để Bàn
CCNCAT0005,CCNPLT0185,Cây Cần Ít Ánh Sáng
CCNCAT0001,CCNPLT0185,Cây Cảnh Văn Phòng
CCNCAT0006,CCNPLT0185,Cây Dễ Trồng Trong Nhà
CCNCAT0002,CCNPLT0185,Cây Lọc Không Khí
CCNCAT0003,CCNPLT0185,Cây Phong Thủy
CCNCAT0004,CCNPLT0185,Cây Trong Nhà
CCNCAT0001,CCNPLT0186,Cây Cảnh Văn Phòng
CCNCAT0005,CCNPLT0186,Cây Cần Ít Ánh Sáng
CCNCAT0006,CCNPLT0186,Cây Dễ Trồng Trong Nhà
CCNCAT0002,CCNPLT0186,Cây Lọc Không Khí
CCNCAT0013,CCNPLT0186,Cây Nhiệt Đới
CCNCAT0003,CCNPLT0186,Cây Phong Thủy
CCNCAT0009,CCNPLT0186,Cây Trang Trí Nhà Cửa
CCNCAT0004,CCNPLT0186,Cây Trong Nhà
CCNCAT0007,CCNPLT0186,Cây Trong Phòng Khách
CCNCAT0010,CCNPLT0186,Cây Trước Cửa & Hành Lang
CCNCAT0000,CCNPLT0187,Cây Cảnh Để Bàn
CCNCAT0017,CCNPLT0187,Cây Cảnh Mini
CCNCAT0013,CCNPLT0187,Cây Nhiệt Đới
CCNCAT0009,CCNPLT0187,Cây Trang Trí Nhà Cửa
CCNCAT0001,CCNPLT0188,Cây Cảnh Văn Phòng
CCNCAT0005,CCNPLT0188,Cây Cần Ít Ánh Sáng
CCNCAT0006,CCNPLT0188,Cây Dễ Trồng Trong Nhà
CCNCAT0002,CCNPLT0188,Cây Lọc Không Khí
CCNCAT0013,CCNPLT0188,Cây Nhiệt Đới
CCNCAT0003,CCNPLT0188,Cây Phong Thủy
CCNCAT0008,CCNPLT0188,Cây Trong Bếp & Nhà Tắm
CCNCAT0004,CCNPLT0188,Cây Trong Nhà
CCNCAT0007,CCNPLT0188,Cây Trong Phòng Khách
CCNCAT0001,CCNPLT0189,Cây Cảnh Văn Phòng
CCNCAT0005,CCNPLT0189,Cây Cần Ít Ánh Sáng
CCNCAT0000,CCNPLT0189,Cây Cảnh Để Bàn
CCNCAT0006,CCNPLT0189,Cây Dễ Trồng Trong Nhà
CCNCAT0002,CCNPLT0189,Cây Lọc Không Khí
CCNCAT0003,CCNPLT0189,Cây Phong Thủy
CCNCAT0004,CCNPLT0189,Cây Trong Nhà
CCNCAT0007,CCNPLT0189,Cây Trong Phòng Khách
CCNCAT0001,CCNPLT0190,Cây Cảnh Văn Phòng
CCNCAT0005,CCNPLT0190,Cây Cần Ít Ánh Sáng
CCNCAT0006,CCNPLT0190,Cây Dễ Trồng Trong Nhà
CCNCAT0002,CCNPLT0190,Cây Lọc Không Khí
CCNCAT0013,CCNPLT0190,Cây Nhiệt Đới
CCNCAT0003,CCNPLT0190,Cây Phong Thủy
CCNCAT0009,CCNPLT0190,Cây Trang Trí Nhà Cửa
CCNCAT0004,CCNPLT0190,Cây Trong Nhà
CCNCAT0007,CCNPLT0190,Cây Trong Phòng Khách
CCNCAT0010,CCNPLT0190,Cây Trước Cửa & Hành Lang
CCNCAT0001,CCNPLT0191,Cây Cảnh Văn Phòng
CCNCAT0005,CCNPLT0191,Cây Cần Ít Ánh Sáng
CCNCAT0011,CCNPLT0191,Cây Cao & Lớn Trong Nhà
CCNCAT0006,CCNPLT0191,Cây Dễ Trồng Trong Nhà
CCNCAT0002,CCNPLT0191,Cây Lọc Không Khí
CCNCAT0003,CCNPLT0191,Cây Phong Thủy
CCNCAT0009,CCNPLT0191,Cây Trang Trí Nhà Cửa
CCNCAT0004,CCNPLT0191,Cây Trong Nhà
CCNCAT0007,CCNPLT0191,Cây Trong Phòng Khách
CCNCAT0010,CCNPLT0191,Cây Trước Cửa & Hành Lang
CCNCAT0004,CCNPLT0192,Cây Trong Nhà
CCNCAT0005,CCNPLT0192,Cây Cần Ít Ánh Sáng
CCNCAT0001,CCNPLT0192,Cây Cảnh Văn Phòng
CCNCAT0011,CCNPLT0192,Cây Cao & Lớn Trong Nhà
CCNCAT0006,CCNPLT0192,Cây Dễ Trồng Trong Nhà
CCNCAT0002,CCNPLT0192,Cây Lọc Không Khí
CCNCAT0003,CCNPLT0192,Cây Phong Thủy
CCNCAT0007,CCNPLT0192,Cây Trong Phòng Khách
CCNCAT0010,CCNPLT0192,Cây Trước Cửa & Hành Lang
CCNCAT0001,CCNPLT0193,Cây Cảnh Văn Phòng
CCNCAT0005,CCNPLT0193,Cây Cần Ít Ánh Sáng
CCNCAT0006,CCNPLT0193,Cây Dễ Trồng Trong Nhà
CCNCAT0002,CCNPLT0193,Cây Lọc Không Khí
CCNCAT0013,CCNPLT0193,Cây Nhiệt Đới
CCNCAT0003,CCNPLT0193,Cây Phong Thủy
CCNCAT0009,CCNPLT0193,Cây Trang Trí Nhà Cửa
CCNCAT0004,CCNPLT0193,Cây Trong Nhà
CCNCAT0007,CCNPLT0193,Cây Trong Phòng Khách
CCNCAT0010,CCNPLT0193,Cây Trước Cửa & Hành Lang
CCNCAT0001,CCNPLT0194,Cây Cảnh Văn Phòng
CCNCAT0005,CCNPLT0194,Cây Cần Ít Ánh Sáng
CCNCAT0006,CCNPLT0194,Cây Dễ Trồng Trong Nhà
CCNCAT0002,CCNPLT0194,Cây Lọc Không Khí
CCNCAT0013,CCNPLT0194,Cây Nhiệt Đới
CCNCAT0003,CCNPLT0194,Cây Phong Thủy
CCNCAT0004,CCNPLT0194,Cây Trong Nhà
CCNCAT0007,CCNPLT0194,Cây Trong Phòng Khách
CCNCAT0001,CCNPLT0195,Cây Cảnh Văn Phòng
CCNCAT0005,CCNPLT0195,Cây Cần Ít Ánh Sáng
CCNCAT0000,CCNPLT0195,Cây Cảnh Để Bàn
CCNCAT0006,CCNPLT0195,Cây Dễ Trồng Trong Nhà
CCNCAT0002,CCNPLT0195,Cây Lọc Không Khí
CCNCAT0013,CCNPLT0195,Cây Nhiệt Đới
CCNCAT0003,CCNPLT0195,Cây Phong Thủy
CCNCAT0004,CCNPLT0195,Cây Trong Nhà
CCNCAT0007,CCNPLT0195,Cây Trong Phòng Khách
CCNCAT0000,CCNPLT0196,Cây Cảnh Để Bàn
CCNCAT0005,CCNPLT0196,Cây Cần Ít Ánh Sáng
CCNCAT0001,CCNPLT0196,Cây Cảnh Văn Phòng
CCNCAT0006,CCNPLT0196,Cây Dễ Trồng Trong Nhà
CCNCAT0002,CCNPLT0196,Cây Lọc Không Khí
CCNCAT0003,CCNPLT0196,Cây Phong Thủy
CCNCAT0004,CCNPLT0196,Cây Trong Nhà
CCNCAT0007,CCNPLT0196,Cây Trong Phòng Khách
CCNCAT0000,CCNPLT0197,Cây Cảnh Để Bàn
CCNCAT0005,CCNPLT0197,Cây Cần Ít Ánh Sáng
CCNCAT0001,CCNPLT0197,Cây Cảnh Văn Phòng
CCNCAT0006,CCNPLT0197,Cây Dễ Trồng Trong Nhà
CCNCAT0002,CCNPLT0197,Cây Lọc Không Khí
CCNCAT0003,CCNPLT0197,Cây Phong Thủy
CCNCAT0004,CCNPLT0197,Cây Trong Nhà
CCNCAT0007,CCNPLT0197,Cây Trong Phòng Khách
CCNCAT0000,CCNPLT0198,Cây Cảnh Để Bàn
CCNCAT0005,CCNPLT0198,Cây Cần Ít Ánh Sáng
CCNCAT0001,CCNPLT0198,Cây Cảnh Văn Phòng
CCNCAT0006,CCNPLT0198,Cây Dễ Trồng Trong Nhà
CCNCAT0002,CCNPLT0198,Cây Lọc Không Khí
CCNCAT0003,CCNPLT0198,Cây Phong Thủy
CCNCAT0004,CCNPLT0198,Cây Trong Nhà
CCNCAT0007,CCNPLT0198,Cây Trong Phòng Khách
CCNCAT0000,CCNPLT0199,Cây Cảnh Để Bàn
CCNCAT0005,CCNPLT0199,Cây Cần Ít Ánh Sáng
CCNCAT0001,CCNPLT0199,Cây Cảnh Văn Phòng
CCNCAT0006,CCNPLT0199,Cây Dễ Trồng Trong Nhà
CCNCAT0002,CCNPLT0199,Cây Lọc Không Khí
CCNCAT0003,CCNPLT0199,Cây Phong Thủy
CCNCAT0004,CCNPLT0199,Cây Trong Nhà
CCNCAT0007,CCNPLT0199,Cây Trong Phòng Khách
CCNCAT0000,CCNPLT0200,Cây Cảnh Để Bàn
CCNCAT0005,CCNPLT0200,Cây Cần Ít Ánh Sáng
CCNCAT0001,CCNPLT0200,Cây Cảnh Văn Phòng
CCNCAT0006,CCNPLT0200,Cây Dễ Trồng Trong Nhà
CCNCAT0002,CCNPLT0200,Cây Lọc Không Khí
CCNCAT0003,CCNPLT0200,Cây Phong Thủy
CCNCAT0008,CCNPLT0200,Cây Trong Bếp & Nhà Tắm
CCNCAT0004,CCNPLT0200,Cây Trong Nhà
CCNCAT0007,CCNPLT0200,Cây Trong Phòng Khách
CCNCAT0001,CCNPLT0201,Cây Cảnh Văn Phòng
CCNCAT0005,CCNPLT0201,Cây Cần Ít Ánh Sáng
CCNCAT0006,CCNPLT0201,Cây Dễ Trồng Trong Nhà
CCNCAT0002,CCNPLT0201,Cây Lọc Không Khí
CCNCAT0003,CCNPLT0201,Cây Phong Thủy
CCNCAT0004,CCNPLT0201,Cây Trong Nhà
CCNCAT0007,CCNPLT0201,Cây Trong Phòng Khách
CCNCAT0010,CCNPLT0201,Cây Trước Cửa & Hành Lang
CCNCAT0001,CCNPLT0202,Cây Cảnh Văn Phòng
CCNCAT0011,CCNPLT0202,Cây Cao & Lớn Trong Nhà
CCNCAT0006,CCNPLT0202,Cây Dễ Trồng Trong Nhà
CCNCAT0002,CCNPLT0202,Cây Lọc Không Khí
CCNCAT0009,CCNPLT0202,Cây Trang Trí Nhà Cửa
CCNCAT0008,CCNPLT0202,Cây Trong Bếp & Nhà Tắm
CCNCAT0004,CCNPLT0202,Cây Trong Nhà
CCNCAT0007,CCNPLT0202,Cây Trong Phòng Khách
CCNCAT0010,CCNPLT0202,Cây Trước Cửa & Hành Lang
CCNCAT0004,CCNPLT0203,Cây Trong Nhà
CCNCAT0001,CCNPLT0203,Cây Cảnh Văn Phòng
CCNCAT0006,CCNPLT0203,Cây Dễ Trồng Trong Nhà
CCNCAT0019,CCNPLT0203,Cây Ngoài Trời
CCNCAT0014,CCNPLT0203,Cây Trồng Ban Công
CCNCAT0007,CCNPLT0203,Cây Trong Phòng Khách
CCNCAT0012,CCNPLT0204,Cây Kiểng lá
CCNCAT0006,CCNPLT0204,Cây Dễ Trồng Trong Nhà
CCNCAT0013,CCNPLT0204,Cây Nhiệt Đới
CCNCAT0004,CCNPLT0204,Cây Trong Nhà
CCNCAT0007,CCNPLT0204,Cây Trong Phòng Khách
CCNCAT0016,CCNPLT0205,Cây Thủy Sinh
CCNCAT0005,CCNPLT0205,Cây Cần Ít Ánh Sáng
CCNCAT0001,CCNPLT0205,Cây Cảnh Văn Phòng
CCNCAT0000,CCNPLT0205,Cây Cảnh Để Bàn
CCNCAT0006,CCNPLT0205,Cây Dễ Trồng Trong Nhà
CCNCAT0002,CCNPLT0205,Cây Lọc Không Khí
CCNCAT0003,CCNPLT0205,Cây Phong Thủy
CCNCAT0004,CCNPLT0205,Cây Trong Nhà
CCNCAT0000,CCNPLT0206,Cây Cảnh Để Bàn
CCNCAT0005,CCNPLT0206,Cây Cần Ít Ánh Sáng
CCNCAT0001,CCNPLT0206,Cây Cảnh Văn Phòng
CCNCAT0006,CCNPLT0206,Cây Dễ Trồng Trong Nhà
CCNCAT0002,CCNPLT0206,Cây Lọc Không Khí
CCNCAT0003,CCNPLT0206,Cây Phong Thủy
CCNCAT0004,CCNPLT0206,Cây Trong Nhà
CCNCAT0004,CCNPLT0207,Cây Trong Nhà
CCNCAT0024,CCNPLT0207,Cây Dạng Bụi
CCNCAT0025,CCNPLT0207,Cây Lá Kim
CCNCAT0019,CCNPLT0207,Cây Ngoài Trời
CCNCAT0014,CCNPLT0207,Cây Trồng Ban Công
CCNCAT0000,CCNPLT0208,Cây Cảnh Để Bàn
CCNCAT0006,CCNPLT0208,Cây Dễ Trồng Trong Nhà
CCNCAT0002,CCNPLT0208,Cây Lọc Không Khí
CCNCAT0003,CCNPLT0208,Cây Phong Thủy
CCNCAT0004,CCNPLT0208,Cây Trong Nhà
CCNCAT0017,CCNPLT0209,Cây Cảnh Mini
CCNCAT0005,CCNPLT0209,Cây Cần Ít Ánh Sáng
CCNCAT0001,CCNPLT0209,Cây Cảnh Văn Phòng
CCNCAT0000,CCNPLT0209,Cây Cảnh Để Bàn
CCNCAT0006,CCNPLT0209,Cây Dễ Trồng Trong Nhà
CCNCAT0003,CCNPLT0209,Cây Phong Thủy
CCNCAT0004,CCNPLT0209,Cây Trong Nhà
CCNCAT0012,CCNPLT0210,Cây Kiểng lá
CCNCAT0013,CCNPLT0210,Cây Nhiệt Đới
CCNCAT0004,CCNPLT0210,Cây Trong Nhà
CCNCAT0000,CCNPLT0211,Cây Cảnh Để Bàn
CCNCAT0005,CCNPLT0211,Cây Cần Ít Ánh Sáng
CCNCAT0001,CCNPLT0211,Cây Cảnh Văn Phòng
CCNCAT0006,CCNPLT0211,Cây Dễ Trồng Trong Nhà
CCNCAT0002,CCNPLT0211,Cây Lọc Không Khí
CCNCAT0003,CCNPLT0211,Cây Phong Thủy
CCNCAT0004,CCNPLT0211,Cây Trong Nhà
CCNCAT0001,CCNPLT0212,Cây Cảnh Văn Phòng
CCNCAT0005,CCNPLT0212,Cây Cần Ít Ánh Sáng
CCNCAT0006,CCNPLT0212,Cây Dễ Trồng Trong Nhà
CCNCAT0002,CCNPLT0212,Cây Lọc Không Khí
CCNCAT0003,CCNPLT0212,Cây Phong Thủy
CCNCAT0004,CCNPLT0212,Cây Trong Nhà
CCNCAT0007,CCNPLT0212,Cây Trong Phòng Khách
CCNCAT0001,CCNPLT0213,Cây Cảnh Văn Phòng
CCNCAT0005,CCNPLT0213,Cây Cần Ít Ánh Sáng
CCNCAT0006,CCNPLT0213,Cây Dễ Trồng Trong Nhà
CCNCAT0002,CCNPLT0213,Cây Lọc Không Khí
CCNCAT0003,CCNPLT0213,Cây Phong Thủy
CCNCAT0004,CCNPLT0213,Cây Trong Nhà
CCNCAT0007,CCNPLT0213,Cây Trong Phòng Khách
CCNCAT0000,CCNPLT0214,Cây Cảnh Để Bàn
CCNCAT0005,CCNPLT0214,Cây Cần Ít Ánh Sáng
CCNCAT0001,CCNPLT0214,Cây Cảnh Văn Phòng
CCNCAT0006,CCNPLT0214,Cây Dễ Trồng Trong Nhà
CCNCAT0002,CCNPLT0214,Cây Lọc Không Khí
CCNCAT0003,CCNPLT0214,Cây Phong Thủy
CCNCAT0008,CCNPLT0214,Cây Trong Bếp & Nhà Tắm
CCNCAT0004,CCNPLT0214,Cây Trong Nhà
CCNCAT0007,CCNPLT0214,Cây Trong Phòng Khách
CCNCAT0001,CCNPLT0215,Cây Cảnh Văn Phòng
CCNCAT0006,CCNPLT0215,Cây Dễ Trồng Trong Nhà
CCNCAT0025,CCNPLT0215,Cây Lá Kim
CCNCAT0002,CCNPLT0215,Cây Lọc Không Khí
CCNCAT0019,CCNPLT0215,Cây Ngoài Trời
CCNCAT0003,CCNPLT0215,Cây Phong Thủy
CCNCAT0023,CCNPLT0215,Cây Tầm Thấp
CCNCAT0004,CCNPLT0215,Cây Trong Nhà
CCNCAT0007,CCNPLT0215,Cây Trong Phòng Khách
CCNCAT0026,CCNPLT0215,Cây Trồng Viền
CCNCAT0010,CCNPLT0215,Cây Trước Cửa & Hành Lang
CCNCAT0000,CCNPLT0216,Cây Cảnh Để Bàn
CCNCAT0005,CCNPLT0216,Cây Cần Ít Ánh Sáng
CCNCAT0001,CCNPLT0216,Cây Cảnh Văn Phòng
CCNCAT0006,CCNPLT0216,Cây Dễ Trồng Trong Nhà
CCNCAT0002,CCNPLT0216,Cây Lọc Không Khí
CCNCAT0003,CCNPLT0216,Cây Phong Thủy
CCNCAT0004,CCNPLT0216,Cây Trong Nhà
CCNCAT0017,CCNPLT0217,Cây Cảnh Mini
CCNCAT0005,CCNPLT0217,Cây Cần Ít Ánh Sáng
CCNCAT0000,CCNPLT0217,Cây Cảnh Để Bàn
CCNCAT0006,CCNPLT0217,Cây Dễ Trồng Trong Nhà
CCNCAT0002,CCNPLT0217,Cây Lọc Không Khí
CCNCAT0004,CCNPLT0217,Cây Trong Nhà
CCNCAT0017,CCNPLT0218,Cây Cảnh Mini
CCNCAT0005,CCNPLT0218,Cây Cần Ít Ánh Sáng
CCNCAT0000,CCNPLT0218,Cây Cảnh Để Bàn
CCNCAT0006,CCNPLT0218,Cây Dễ Trồng Trong Nhà
CCNCAT0002,CCNPLT0218,Cây Lọc Không Khí
CCNCAT0003,CCNPLT0218,Cây Phong Thủy
CCNCAT0004,CCNPLT0218,Cây Trong Nhà
CCNCAT0000,CCNPLT0219,Cây Cảnh Để Bàn
CCNCAT0005,CCNPLT0219,Cây Cần Ít Ánh Sáng
CCNCAT0001,CCNPLT0219,Cây Cảnh Văn Phòng
CCNCAT0006,CCNPLT0219,Cây Dễ Trồng Trong Nhà
CCNCAT0002,CCNPLT0219,Cây Lọc Không Khí
CCNCAT0003,CCNPLT0219,Cây Phong Thủy
CCNCAT0004,CCNPLT0219,Cây Trong Nhà
CCNCAT0007,CCNPLT0219,Cây Trong Phòng Khách
CCNCAT0000,CCNPLT0220,Cây Cảnh Để Bàn
CCNCAT0005,CCNPLT0220,Cây Cần Ít Ánh Sáng
CCNCAT0001,CCNPLT0220,Cây Cảnh Văn Phòng
CCNCAT0006,CCNPLT0220,Cây Dễ Trồng Trong Nhà
CCNCAT0002,CCNPLT0220,Cây Lọc Không Khí
CCNCAT0003,CCNPLT0220,Cây Phong Thủy
CCNCAT0004,CCNPLT0220,Cây Trong Nhà
CCNCAT0007,CCNPLT0220,Cây Trong Phòng Khách
CCNCAT0000,CCNPLT0221,Cây Cảnh Để Bàn
CCNCAT0005,CCNPLT0221,Cây Cần Ít Ánh Sáng
CCNCAT0001,CCNPLT0221,Cây Cảnh Văn Phòng
CCNCAT0006,CCNPLT0221,Cây Dễ Trồng Trong Nhà
CCNCAT0002,CCNPLT0221,Cây Lọc Không Khí
CCNCAT0003,CCNPLT0221,Cây Phong Thủy
CCNCAT0004,CCNPLT0221,Cây Trong Nhà
CCNCAT0007,CCNPLT0221,Cây Trong Phòng Khách
CCNCAT0016,CCNPLT0222,Cây Thủy Sinh
CCNCAT0005,CCNPLT0222,Cây Cần Ít Ánh Sáng
CCNCAT0001,CCNPLT0222,Cây Cảnh Văn Phòng
CCNCAT0000,CCNPLT0222,Cây Cảnh Để Bàn
CCNCAT0006,CCNPLT0222,Cây Dễ Trồng Trong Nhà
CCNCAT0002,CCNPLT0222,Cây Lọc Không Khí
CCNCAT0003,CCNPLT0222,Cây Phong Thủy
CCNCAT0004,CCNPLT0222,Cây Trong Nhà
CCNCAT0007,CCNPLT0222,Cây Trong Phòng Khách
CCNCAT0000,CCNPLT0223,Cây Cảnh Để Bàn
CCNCAT0005,CCNPLT0223,Cây Cần Ít Ánh Sáng
CCNCAT0001,CCNPLT0223,Cây Cảnh Văn Phòng
CCNCAT0006,CCNPLT0223,Cây Dễ Trồng Trong Nhà
CCNCAT0002,CCNPLT0223,Cây Lọc Không Khí
CCNCAT0003,CCNPLT0223,Cây Phong Thủy
CCNCAT0004,CCNPLT0223,Cây Trong Nhà
CCNCAT0007,CCNPLT0223,Cây Trong Phòng Khách
CCNCAT0000,CCNPLT0224,Cây Cảnh Để Bàn
CCNCAT0005,CCNPLT0224,Cây Cần Ít Ánh Sáng
CCNCAT0001,CCNPLT0224,Cây Cảnh Văn Phòng
CCNCAT0006,CCNPLT0224,Cây Dễ Trồng Trong Nhà
CCNCAT0002,CCNPLT0224,Cây Lọc Không Khí
CCNCAT0003,CCNPLT0224,Cây Phong Thủy
CCNCAT0004,CCNPLT0224,Cây Trong Nhà
CCNCAT0007,CCNPLT0224,Cây Trong Phòng Khách
CCNCAT0000,CCNPLT0225,Cây Cảnh Để Bàn
CCNCAT0005,CCNPLT0225,Cây Cần Ít Ánh Sáng
CCNCAT0001,CCNPLT0225,Cây Cảnh Văn Phòng
CCNCAT0006,CCNPLT0225,Cây Dễ Trồng Trong Nhà
CCNCAT0002,CCNPLT0225,Cây Lọc Không Khí
CCNCAT0003,CCNPLT0225,Cây Phong Thủy
CCNCAT0004,CCNPLT0225,Cây Trong Nhà
CCNCAT0007,CCNPLT0225,Cây Trong Phòng Khách
CCNCAT0000,CCNPLT0226,Cây Cảnh Để Bàn
CCNCAT0005,CCNPLT0226,Cây Cần Ít Ánh Sáng
CCNCAT0001,CCNPLT0226,Cây Cảnh Văn Phòng
CCNCAT0006,CCNPLT0226,Cây Dễ Trồng Trong Nhà
CCNCAT0002,CCNPLT0226,Cây Lọc Không Khí
CCNCAT0003,CCNPLT0226,Cây Phong Thủy
CCNCAT0004,CCNPLT0226,Cây Trong Nhà
CCNCAT0007,CCNPLT0226,Cây Trong Phòng Khách
CCNCAT0001,CCNPLT0227,Cây Cảnh Văn Phòng
CCNCAT0005,CCNPLT0227,Cây Cần Ít Ánh Sáng
CCNCAT0006,CCNPLT0227,Cây Dễ Trồng Trong Nhà
CCNCAT0002,CCNPLT0227,Cây Lọc Không Khí
CCNCAT0003,CCNPLT0227,Cây Phong Thủy
CCNCAT0004,CCNPLT0227,Cây Trong Nhà
CCNCAT0007,CCNPLT0227,Cây Trong Phòng Khách
CCNCAT0001,CCNPLT0228,Cây Cảnh Văn Phòng
CCNCAT0005,CCNPLT0228,Cây Cần Ít Ánh Sáng
CCNCAT0006,CCNPLT0228,Cây Dễ Trồng Trong Nhà
CCNCAT0002,CCNPLT0228,Cây Lọc Không Khí
CCNCAT0003,CCNPLT0228,Cây Phong Thủy
CCNCAT0004,CCNPLT0228,Cây Trong Nhà
CCNCAT0007,CCNPLT0228,Cây Trong Phòng Khách
CCNCAT0000,CCNPLT0229,Cây Cảnh Để Bàn
CCNCAT0005,CCNPLT0229,Cây Cần Ít Ánh Sáng
CCNCAT0001,CCNPLT0229,Cây Cảnh Văn Phòng
CCNCAT0006,CCNPLT0229,Cây Dễ Trồng Trong Nhà
CCNCAT0002,CCNPLT0229,Cây Lọc Không Khí
CCNCAT0003,CCNPLT0229,Cây Phong Thủy
CCNCAT0004,CCNPLT0229,Cây Trong Nhà
CCNCAT0000,CCNPLT0230,Cây Cảnh Để Bàn
CCNCAT0001,CCNPLT0230,Cây Cảnh Văn Phòng
CCNCAT0006,CCNPLT0230,Cây Dễ Trồng Trong Nhà
CCNCAT0002,CCNPLT0230,Cây Lọc Không Khí
CCNCAT0003,CCNPLT0230,Cây Phong Thủy
CCNCAT0004,CCNPLT0230,Cây Trong Nhà
CCNCAT0027,CCNPLT0231,Cây Lá Màu
CCNCAT0001,CCNPLT0231,Cây Cảnh Văn Phòng
CCNCAT0006,CCNPLT0231,Cây Dễ Trồng Trong Nhà
CCNCAT0019,CCNPLT0231,Cây Ngoài Trời
CCNCAT0023,CCNPLT0231,Cây Tầm Thấp
CCNCAT0004,CCNPLT0231,Cây Trong Nhà
CCNCAT0026,CCNPLT0231,Cây Trồng Viền
CCNCAT0027,CCNPLT0232,Cây Lá Màu
CCNCAT0001,CCNPLT0232,Cây Cảnh Văn Phòng
CCNCAT0006,CCNPLT0232,Cây Dễ Trồng Trong Nhà
CCNCAT0019,CCNPLT0232,Cây Ngoài Trời
CCNCAT0023,CCNPLT0232,Cây Tầm Thấp
CCNCAT0004,CCNPLT0232,Cây Trong Nhà
CCNCAT0026,CCNPLT0232,Cây Trồng Viền
CCNCAT0000,CCNPLT0233,Cây Cảnh Để Bàn
CCNCAT0005,CCNPLT0233,Cây Cần Ít Ánh Sáng
CCNCAT0001,CCNPLT0233,Cây Cảnh Văn Phòng
CCNCAT0006,CCNPLT0233,Cây Dễ Trồng Trong Nhà
CCNCAT0002,CCNPLT0233,Cây Lọc Không Khí
CCNCAT0013,CCNPLT0233,Cây Nhiệt Đới
CCNCAT0003,CCNPLT0233,Cây Phong Thủy
CCNCAT0008,CCNPLT0233,Cây Trong Bếp & Nhà Tắm
CCNCAT0004,CCNPLT0233,Cây Trong Nhà
CCNCAT0007,CCNPLT0233,Cây Trong Phòng Khách
CCNCAT0001,CCNPLT0234,Cây Cảnh Văn Phòng
CCNCAT0005,CCNPLT0234,Cây Cần Ít Ánh Sáng
CCNCAT0000,CCNPLT0234,Cây Cảnh Để Bàn
CCNCAT0006,CCNPLT0234,Cây Dễ Trồng Trong Nhà
CCNCAT0002,CCNPLT0234,Cây Lọc Không Khí
CCNCAT0003,CCNPLT0234,Cây Phong Thủy
CCNCAT0004,CCNPLT0234,Cây Trong Nhà
CCNCAT0007,CCNPLT0234,Cây Trong Phòng Khách
CCNCAT0000,CCNPLT0235,Cây Cảnh Để Bàn
CCNCAT0005,CCNPLT0235,Cây Cần Ít Ánh Sáng
CCNCAT0001,CCNPLT0235,Cây Cảnh Văn Phòng
CCNCAT0006,CCNPLT0235,Cây Dễ Trồng Trong Nhà
CCNCAT0002,CCNPLT0235,Cây Lọc Không Khí
CCNCAT0003,CCNPLT0235,Cây Phong Thủy
CCNCAT0009,CCNPLT0235,Cây Trang Trí Nhà Cửa
CCNCAT0014,CCNPLT0235,Cây Trồng Ban Công
CCNCAT0004,CCNPLT0235,Cây Trong Nhà
CCNCAT0001,CCNPLT0236,Cây Cảnh Văn Phòng
CCNCAT0005,CCNPLT0236,Cây Cần Ít Ánh Sáng
CCNCAT0006,CCNPLT0236,Cây Dễ Trồng Trong Nhà
CCNCAT0002,CCNPLT0236,Cây Lọc Không Khí
CCNCAT0003,CCNPLT0236,Cây Phong Thủy
CCNCAT0004,CCNPLT0236,Cây Trong Nhà
CCNCAT0007,CCNPLT0236,Cây Trong Phòng Khách
CCNCAT0001,CCNPLT0237,Cây Cảnh Văn Phòng
CCNCAT0005,CCNPLT0237,Cây Cần Ít Ánh Sáng
CCNCAT0006,CCNPLT0237,Cây Dễ Trồng Trong Nhà
CCNCAT0002,CCNPLT0237,Cây Lọc Không Khí
CCNCAT0013,CCNPLT0237,Cây Nhiệt Đới
CCNCAT0003,CCNPLT0237,Cây Phong Thủy
CCNCAT0008,CCNPLT0237,Cây Trong Bếp & Nhà Tắm
CCNCAT0004,CCNPLT0237,Cây Trong Nhà
CCNCAT0007,CCNPLT0237,Cây Trong Phòng Khách
CCNCAT0001,CCNPLT0238,Cây Cảnh Văn Phòng
CCNCAT0005,CCNPLT0238,Cây Cần Ít Ánh Sáng
CCNCAT0006,CCNPLT0238,Cây Dễ Trồng Trong Nhà
CCNCAT0002,CCNPLT0238,Cây Lọc Không Khí
CCNCAT0013,CCNPLT0238,Cây Nhiệt Đới
CCNCAT0003,CCNPLT0238,Cây Phong Thủy
CCNCAT0008,CCNPLT0238,Cây Trong Bếp & Nhà Tắm
CCNCAT0004,CCNPLT0238,Cây Trong Nhà
CCNCAT0007,CCNPLT0238,Cây Trong Phòng Khách
CCNCAT0001,CCNPLT0239,Cây Cảnh Văn Phòng
CCNCAT0005,CCNPLT0239,Cây Cần Ít Ánh Sáng
CCNCAT0000,CCNPLT0239,Cây Cảnh Để Bàn
CCNCAT0006,CCNPLT0239,Cây Dễ Trồng Trong Nhà
CCNCAT0002,CCNPLT0239,Cây Lọc Không Khí
CCNCAT0013,CCNPLT0239,Cây Nhiệt Đới
CCNCAT0003,CCNPLT0239,Cây Phong Thủy
CCNCAT0004,CCNPLT0239,Cây Trong Nhà
CCNCAT0007,CCNPLT0239,Cây Trong Phòng Khách
CCNCAT0001,CCNPLT0240,Cây Cảnh Văn Phòng
CCNCAT0005,CCNPLT0240,Cây Cần Ít Ánh Sáng
CCNCAT0000,CCNPLT0240,Cây Cảnh Để Bàn
CCNCAT0006,CCNPLT0240,Cây Dễ Trồng Trong Nhà
CCNCAT0002,CCNPLT0240,Cây Lọc Không Khí
CCNCAT0013,CCNPLT0240,Cây Nhiệt Đới
CCNCAT0003,CCNPLT0240,Cây Phong Thủy
CCNCAT0004,CCNPLT0240,Cây Trong Nhà
CCNCAT0007,CCNPLT0240,Cây Trong Phòng Khách
CCNCAT0001,CCNPLT0241,Cây Cảnh Văn Phòng
CCNCAT0005,CCNPLT0241,Cây Cần Ít Ánh Sáng
CCNCAT0000,CCNPLT0241,Cây Cảnh Để Bàn
CCNCAT0006,CCNPLT0241,Cây Dễ Trồng Trong Nhà
CCNCAT0002,CCNPLT0241,Cây Lọc Không Khí
CCNCAT0013,CCNPLT0241,Cây Nhiệt Đới
CCNCAT0003,CCNPLT0241,Cây Phong Thủy
CCNCAT0004,CCNPLT0241,Cây Trong Nhà
CCNCAT0007,CCNPLT0241,Cây Trong Phòng Khách
CCNCAT0000,CCNPLT0242,Cây Cảnh Để Bàn
CCNCAT0005,CCNPLT0242,Cây Cần Ít Ánh Sáng
CCNCAT0001,CCNPLT0242,Cây Cảnh Văn Phòng
CCNCAT0006,CCNPLT0242,Cây Dễ Trồng Trong Nhà
CCNCAT0012,CCNPLT0242,Cây Kiểng lá
CCNCAT0002,CCNPLT0242,Cây Lọc Không Khí
CCNCAT0013,CCNPLT0242,Cây Nhiệt Đới
CCNCAT0003,CCNPLT0242,Cây Phong Thủy
CCNCAT0004,CCNPLT0242,Cây Trong Nhà
CCNCAT0000,CCNPLT0243,Cây Cảnh Để Bàn
CCNCAT0005,CCNPLT0243,Cây Cần Ít Ánh Sáng
CCNCAT0001,CCNPLT0243,Cây Cảnh Văn Phòng
CCNCAT0006,CCNPLT0243,Cây Dễ Trồng Trong Nhà
CCNCAT0012,CCNPLT0243,Cây Kiểng lá
CCNCAT0002,CCNPLT0243,Cây Lọc Không Khí
CCNCAT0013,CCNPLT0243,Cây Nhiệt Đới
CCNCAT0003,CCNPLT0243,Cây Phong Thủy
CCNCAT0004,CCNPLT0243,Cây Trong Nhà
CCNCAT0000,CCNPLT0244,Cây Cảnh Để Bàn
CCNCAT0005,CCNPLT0244,Cây Cần Ít Ánh Sáng
CCNCAT0001,CCNPLT0244,Cây Cảnh Văn Phòng
CCNCAT0006,CCNPLT0244,Cây Dễ Trồng Trong Nhà
CCNCAT0012,CCNPLT0244,Cây Kiểng lá
CCNCAT0002,CCNPLT0244,Cây Lọc Không Khí
CCNCAT0013,CCNPLT0244,Cây Nhiệt Đới
CCNCAT0003,CCNPLT0244,Cây Phong Thủy
CCNCAT0004,CCNPLT0244,Cây Trong Nhà
CCNCAT0001,CCNPLT0245,Cây Cảnh Văn Phòng
CCNCAT0005,CCNPLT0245,Cây Cần Ít Ánh Sáng
CCNCAT0006,CCNPLT0245,Cây Dễ Trồng Trong Nhà
CCNCAT0012,CCNPLT0245,Cây Kiểng lá
CCNCAT0002,CCNPLT0245,Cây Lọc Không Khí
CCNCAT0013,CCNPLT0245,Cây Nhiệt Đới
CCNCAT0003,CCNPLT0245,Cây Phong Thủy
CCNCAT0004,CCNPLT0245,Cây Trong Nhà
CCNCAT0000,CCNPLT0246,Cây Cảnh Để Bàn
CCNCAT0005,CCNPLT0246,Cây Cần Ít Ánh Sáng
CCNCAT0001,CCNPLT0246,Cây Cảnh Văn Phòng
CCNCAT0011,CCNPLT0246,Cây Cao & Lớn Trong Nhà
CCNCAT0006,CCNPLT0246,Cây Dễ Trồng Trong Nhà
CCNCAT0002,CCNPLT0246,Cây Lọc Không Khí
CCNCAT0013,CCNPLT0246,Cây Nhiệt Đới
CCNCAT0003,CCNPLT0246,Cây Phong Thủy
CCNCAT0004,CCNPLT0246,Cây Trong Nhà
CCNCAT0007,CCNPLT0246,Cây Trong Phòng Khách
CCNCAT0000,CCNPLT0247,Cây Cảnh Để Bàn
CCNCAT0005,CCNPLT0247,Cây Cần Ít Ánh Sáng
CCNCAT0001,CCNPLT0247,Cây Cảnh Văn Phòng
CCNCAT0006,CCNPLT0247,Cây Dễ Trồng Trong Nhà
CCNCAT0012,CCNPLT0247,Cây Kiểng lá
CCNCAT0002,CCNPLT0247,Cây Lọc Không Khí
CCNCAT0013,CCNPLT0247,Cây Nhiệt Đới
CCNCAT0004,CCNPLT0247,Cây Trong Nhà
CCNCAT0000,CCNPLT0248,Cây Cảnh Để Bàn
CCNCAT0005,CCNPLT0248,Cây Cần Ít Ánh Sáng
CCNCAT0001,CCNPLT0248,Cây Cảnh Văn Phòng
CCNCAT0006,CCNPLT0248,Cây Dễ Trồng Trong Nhà
CCNCAT0012,CCNPLT0248,Cây Kiểng lá
CCNCAT0002,CCNPLT0248,Cây Lọc Không Khí
CCNCAT0013,CCNPLT0248,Cây Nhiệt Đới
CCNCAT0003,CCNPLT0248,Cây Phong Thủy
CCNCAT0004,CCNPLT0248,Cây Trong Nhà
CCNCAT0016,CCNPLT0249,Cây Thủy Sinh
CCNCAT0005,CCNPLT0249,Cây Cần Ít Ánh Sáng
CCNCAT0001,CCNPLT0249,Cây Cảnh Văn Phòng
CCNCAT0000,CCNPLT0249,Cây Cảnh Để Bàn
CCNCAT0012,CCNPLT0249,Cây Kiểng lá
CCNCAT0002,CCNPLT0249,Cây Lọc Không Khí
CCNCAT0013,CCNPLT0249,Cây Nhiệt Đới
CCNCAT0003,CCNPLT0249,Cây Phong Thủy
CCNCAT0004,CCNPLT0249,Cây Trong Nhà
CCNCAT0007,CCNPLT0249,Cây Trong Phòng Khách
CCNCAT0001,CCNPLT0250,Cây Cảnh Văn Phòng
CCNCAT0005,CCNPLT0250,Cây Cần Ít Ánh Sáng
CCNCAT0000,CCNPLT0250,Cây Cảnh Để Bàn
CCNCAT0006,CCNPLT0250,Cây Dễ Trồng Trong Nhà
CCNCAT0002,CCNPLT0250,Cây Lọc Không Khí
CCNCAT0003,CCNPLT0250,Cây Phong Thủy
CCNCAT0004,CCNPLT0250,Cây Trong Nhà
CCNCAT0007,CCNPLT0250,Cây Trong Phòng Khách
CCNCAT0000,CCNPLT0251,Cây Cảnh Để Bàn
CCNCAT0005,CCNPLT0251,Cây Cần Ít Ánh Sáng
CCNCAT0017,CCNPLT0251,Cây Cảnh Mini
CCNCAT0001,CCNPLT0251,Cây Cảnh Văn Phòng
CCNCAT0006,CCNPLT0251,Cây Dễ Trồng Trong Nhà
CCNCAT0002,CCNPLT0251,Cây Lọc Không Khí
CCNCAT0003,CCNPLT0251,Cây Phong Thủy
CCNCAT0004,CCNPLT0251,Cây Trong Nhà
CCNCAT0007,CCNPLT0251,Cây Trong Phòng Khách
CCNCAT0001,CCNPLT0252,Cây Cảnh Văn Phòng
CCNCAT0005,CCNPLT0252,Cây Cần Ít Ánh Sáng
CCNCAT0006,CCNPLT0252,Cây Dễ Trồng Trong Nhà
CCNCAT0002,CCNPLT0252,Cây Lọc Không Khí
CCNCAT0003,CCNPLT0252,Cây Phong Thủy
CCNCAT0004,CCNPLT0252,Cây Trong Nhà
CCNCAT0007,CCNPLT0252,Cây Trong Phòng Khách
CCNCAT0000,CCNPLT0253,Cây Cảnh Để Bàn
CCNCAT0005,CCNPLT0253,Cây Cần Ít Ánh Sáng
CCNCAT0001,CCNPLT0253,Cây Cảnh Văn Phòng
CCNCAT0006,CCNPLT0253,Cây Dễ Trồng Trong Nhà
CCNCAT0002,CCNPLT0253,Cây Lọc Không Khí
CCNCAT0003,CCNPLT0253,Cây Phong Thủy
CCNCAT0004,CCNPLT0253,Cây Trong Nhà
CCNCAT0007,CCNPLT0253,Cây Trong Phòng Khách
CCNCAT0010,CCNPLT0253,Cây Trước Cửa & Hành Lang
CCNCAT0000,CCNPLT0254,Cây Cảnh Để Bàn
CCNCAT0006,CCNPLT0254,Cây Dễ Trồng Trong Nhà
CCNCAT0002,CCNPLT0254,Cây Lọc Không Khí
CCNCAT0003,CCNPLT0254,Cây Phong Thủy
CCNCAT0004,CCNPLT0254,Cây Trong Nhà
CCNCAT0001,CCNPLT0255,Cây Cảnh Văn Phòng
CCNCAT0005,CCNPLT0255,Cây Cần Ít Ánh Sáng
CCNCAT0006,CCNPLT0255,Cây Dễ Trồng Trong Nhà
CCNCAT0002,CCNPLT0255,Cây Lọc Không Khí
CCNCAT0003,CCNPLT0255,Cây Phong Thủy
CCNCAT0004,CCNPLT0255,Cây Trong Nhà
CCNCAT0007,CCNPLT0255,Cây Trong Phòng Khách
CCNCAT0001,CCNPLT0256,Cây Cảnh Văn Phòng
CCNCAT0005,CCNPLT0256,Cây Cần Ít Ánh Sáng
CCNCAT0006,CCNPLT0256,Cây Dễ Trồng Trong Nhà
CCNCAT0012,CCNPLT0256,Cây Kiểng lá
CCNCAT0002,CCNPLT0256,Cây Lọc Không Khí
CCNCAT0003,CCNPLT0256,Cây Phong Thủy
CCNCAT0004,CCNPLT0256,Cây Trong Nhà
CCNCAT0007,CCNPLT0256,Cây Trong Phòng Khách
CCNCAT0001,CCNPLT0257,Cây Cảnh Văn Phòng
CCNCAT0005,CCNPLT0257,Cây Cần Ít Ánh Sáng
CCNCAT0011,CCNPLT0257,Cây Cao & Lớn Trong Nhà
CCNCAT0006,CCNPLT0257,Cây Dễ Trồng Trong Nhà
CCNCAT0002,CCNPLT0257,Cây Lọc Không Khí
CCNCAT0003,CCNPLT0257,Cây Phong Thủy
CCNCAT0004,CCNPLT0257,Cây Trong Nhà
CCNCAT0007,CCNPLT0257,Cây Trong Phòng Khách
CCNCAT0010,CCNPLT0257,Cây Trước Cửa & Hành Lang
CCNCAT0001,CCNPLT0258,Cây Cảnh Văn Phòng
CCNCAT0005,CCNPLT0258,Cây Cần Ít Ánh Sáng
CCNCAT0006,CCNPLT0258,Cây Dễ Trồng Trong Nhà
CCNCAT0002,CCNPLT0258,Cây Lọc Không Khí
CCNCAT0003,CCNPLT0258,Cây Phong Thủy
CCNCAT0004,CCNPLT0258,Cây Trong Nhà
CCNCAT0007,CCNPLT0258,Cây Trong Phòng Khách
CCNCAT0001,CCNPLT0259,Cây Cảnh Văn Phòng
CCNCAT0005,CCNPLT0259,Cây Cần Ít Ánh Sáng
CCNCAT0006,CCNPLT0259,Cây Dễ Trồng Trong Nhà
CCNCAT0002,CCNPLT0259,Cây Lọc Không Khí
CCNCAT0003,CCNPLT0259,Cây Phong Thủy
CCNCAT0004,CCNPLT0259,Cây Trong Nhà
CCNCAT0007,CCNPLT0259,Cây Trong Phòng Khách
CCNCAT0000,CCNPLT0260,Cây Cảnh Để Bàn
CCNCAT0005,CCNPLT0260,Cây Cần Ít Ánh Sáng
CCNCAT0001,CCNPLT0260,Cây Cảnh Văn Phòng
CCNCAT0006,CCNPLT0260,Cây Dễ Trồng Trong Nhà
CCNCAT0002,CCNPLT0260,Cây Lọc Không Khí
CCNCAT0003,CCNPLT0260,Cây Phong Thủy
CCNCAT0004,CCNPLT0260,Cây Trong Nhà
CCNCAT0007,CCNPLT0260,Cây Trong Phòng Khách
CCNCAT0000,CCNPLT0261,Cây Cảnh Để Bàn
CCNCAT0005,CCNPLT0261,Cây Cần Ít Ánh Sáng
CCNCAT0001,CCNPLT0261,Cây Cảnh Văn Phòng
CCNCAT0006,CCNPLT0261,Cây Dễ Trồng Trong Nhà
CCNCAT0002,CCNPLT0261,Cây Lọc Không Khí
CCNCAT0003,CCNPLT0261,Cây Phong Thủy
CCNCAT0004,CCNPLT0261,Cây Trong Nhà
CCNCAT0007,CCNPLT0261,Cây Trong Phòng Khách
CCNCAT0001,CCNPLT0262,Cây Cảnh Văn Phòng
CCNCAT0005,CCNPLT0262,Cây Cần Ít Ánh Sáng
CCNCAT0011,CCNPLT0262,Cây Cao & Lớn Trong Nhà
CCNCAT0006,CCNPLT0262,Cây Dễ Trồng Trong Nhà
CCNCAT0012,CCNPLT0262,Cây Kiểng lá
CCNCAT0002,CCNPLT0262,Cây Lọc Không Khí
CCNCAT0013,CCNPLT0262,Cây Nhiệt Đới
CCNCAT0003,CCNPLT0262,Cây Phong Thủy
CCNCAT0004,CCNPLT0262,Cây Trong Nhà
CCNCAT0007,CCNPLT0262,Cây Trong Phòng Khách
CCNCAT0001,CCNPLT0263,Cây Cảnh Văn Phòng
CCNCAT0005,CCNPLT0263,Cây Cần Ít Ánh Sáng
CCNCAT0006,CCNPLT0263,Cây Dễ Trồng Trong Nhà
CCNCAT0012,CCNPLT0263,Cây Kiểng lá
CCNCAT0002,CCNPLT0263,Cây Lọc Không Khí
CCNCAT0013,CCNPLT0263,Cây Nhiệt Đới
CCNCAT0003,CCNPLT0263,Cây Phong Thủy
CCNCAT0008,CCNPLT0263,Cây Trong Bếp & Nhà Tắm
CCNCAT0004,CCNPLT0263,Cây Trong Nhà
CCNCAT0007,CCNPLT0263,Cây Trong Phòng Khách
CCNCAT0000,CCNPLT0264,Cây Cảnh Để Bàn
CCNCAT0005,CCNPLT0264,Cây Cần Ít Ánh Sáng
CCNCAT0001,CCNPLT0264,Cây Cảnh Văn Phòng
CCNCAT0012,CCNPLT0264,Cây Kiểng lá
CCNCAT0002,CCNPLT0264,Cây Lọc Không Khí
CCNCAT0013,CCNPLT0264,Cây Nhiệt Đới
CCNCAT0003,CCNPLT0264,Cây Phong Thủy
CCNCAT0004,CCNPLT0264,Cây Trong Nhà
CCNCAT0007,CCNPLT0264,Cây Trong Phòng Khách
CCNCAT0000,CCNPLT0265,Cây Cảnh Để Bàn
CCNCAT0005,CCNPLT0265,Cây Cần Ít Ánh Sáng
CCNCAT0001,CCNPLT0265,Cây Cảnh Văn Phòng
CCNCAT0006,CCNPLT0265,Cây Dễ Trồng Trong Nhà
CCNCAT0002,CCNPLT0265,Cây Lọc Không Khí
CCNCAT0003,CCNPLT0265,Cây Phong Thủy
CCNCAT0004,CCNPLT0265,Cây Trong Nhà
CCNCAT0007,CCNPLT0265,Cây Trong Phòng Khách
CCNCAT0010,CCNPLT0265,Cây Trước Cửa & Hành Lang
CCNCAT0012,CCNPLT0266,Cây Kiểng lá
CCNCAT0005,CCNPLT0266,Cây Cần Ít Ánh Sáng
CCNCAT0000,CCNPLT0266,Cây Cảnh Để Bàn
CCNCAT0006,CCNPLT0266,Cây Dễ Trồng Trong Nhà
CCNCAT0002,CCNPLT0266,Cây Lọc Không Khí
CCNCAT0013,CCNPLT0266,Cây Nhiệt Đới
CCNCAT0004,CCNPLT0266,Cây Trong Nhà
CCNCAT0007,CCNPLT0266,Cây Trong Phòng Khách
CCNCAT0012,CCNPLT0267,Cây Kiểng lá
CCNCAT0005,CCNPLT0267,Cây Cần Ít Ánh Sáng
CCNCAT0001,CCNPLT0267,Cây Cảnh Văn Phòng
CCNCAT0000,CCNPLT0267,Cây Cảnh Để Bàn
CCNCAT0002,CCNPLT0267,Cây Lọc Không Khí
CCNCAT0013,CCNPLT0267,Cây Nhiệt Đới
CCNCAT0003,CCNPLT0267,Cây Phong Thủy
CCNCAT0004,CCNPLT0267,Cây Trong Nhà
CCNCAT0007,CCNPLT0267,Cây Trong Phòng Khách
CCNCAT0000,CCNPLT0268,Cây Cảnh Để Bàn
CCNCAT0005,CCNPLT0268,Cây Cần Ít Ánh Sáng
CCNCAT0001,CCNPLT0268,Cây Cảnh Văn Phòng
CCNCAT0012,CCNPLT0268,Cây Kiểng lá
CCNCAT0002,CCNPLT0268,Cây Lọc Không Khí
CCNCAT0013,CCNPLT0268,Cây Nhiệt Đới
CCNCAT0003,CCNPLT0268,Cây Phong Thủy
CCNCAT0004,CCNPLT0268,Cây Trong Nhà
CCNCAT0007,CCNPLT0268,Cây Trong Phòng Khách
CCNCAT0000,CCNPLT0269,Cây Cảnh Để Bàn
CCNCAT0005,CCNPLT0269,Cây Cần Ít Ánh Sáng
CCNCAT0001,CCNPLT0269,Cây Cảnh Văn Phòng
CCNCAT0012,CCNPLT0269,Cây Kiểng lá
CCNCAT0002,CCNPLT0269,Cây Lọc Không Khí
CCNCAT0013,CCNPLT0269,Cây Nhiệt Đới
CCNCAT0003,CCNPLT0269,Cây Phong Thủy
CCNCAT0004,CCNPLT0269,Cây Trong Nhà
CCNCAT0007,CCNPLT0269,Cây Trong Phòng Khách
CCNCAT0000,CCNPLT0270,Cây Cảnh Để Bàn
CCNCAT0005,CCNPLT0270,Cây Cần Ít Ánh Sáng
CCNCAT0001,CCNPLT0270,Cây Cảnh Văn Phòng
CCNCAT0006,CCNPLT0270,Cây Dễ Trồng Trong Nhà
CCNCAT0012,CCNPLT0270,Cây Kiểng lá
CCNCAT0002,CCNPLT0270,Cây Lọc Không Khí
CCNCAT0013,CCNPLT0270,Cây Nhiệt Đới
CCNCAT0003,CCNPLT0270,Cây Phong Thủy
CCNCAT0004,CCNPLT0270,Cây Trong Nhà
CCNCAT0007,CCNPLT0270,Cây Trong Phòng Khách
CCNCAT0000,CCNPLT0271,Cây Cảnh Để Bàn
CCNCAT0005,CCNPLT0271,Cây Cần Ít Ánh Sáng
CCNCAT0001,CCNPLT0271,Cây Cảnh Văn Phòng
CCNCAT0006,CCNPLT0271,Cây Dễ Trồng Trong Nhà
CCNCAT0012,CCNPLT0271,Cây Kiểng lá
CCNCAT0002,CCNPLT0271,Cây Lọc Không Khí
CCNCAT0013,CCNPLT0271,Cây Nhiệt Đới
CCNCAT0003,CCNPLT0271,Cây Phong Thủy
CCNCAT0004,CCNPLT0271,Cây Trong Nhà
CCNCAT0007,CCNPLT0271,Cây Trong Phòng Khách
CCNCAT0001,CCNPLT0272,Cây Cảnh Văn Phòng
CCNCAT0005,CCNPLT0272,Cây Cần Ít Ánh Sáng
CCNCAT0006,CCNPLT0272,Cây Dễ Trồng Trong Nhà
CCNCAT0002,CCNPLT0272,Cây Lọc Không Khí
CCNCAT0003,CCNPLT0272,Cây Phong Thủy
CCNCAT0004,CCNPLT0272,Cây Trong Nhà
CCNCAT0007,CCNPLT0272,Cây Trong Phòng Khách
CCNCAT0012,CCNPLT0273,Cây Kiểng lá
CCNCAT0005,CCNPLT0273,Cây Cần Ít Ánh Sáng
CCNCAT0017,CCNPLT0273,Cây Cảnh Mini
CCNCAT0000,CCNPLT0273,Cây Cảnh Để Bàn
CCNCAT0006,CCNPLT0273,Cây Dễ Trồng Trong Nhà
CCNCAT0004,CCNPLT0273,Cây Trong Nhà
CCNCAT0012,CCNPLT0274,Cây Kiểng lá
CCNCAT0005,CCNPLT0274,Cây Cần Ít Ánh Sáng
CCNCAT0017,CCNPLT0274,Cây Cảnh Mini
CCNCAT0000,CCNPLT0274,Cây Cảnh Để Bàn
CCNCAT0006,CCNPLT0274,Cây Dễ Trồng Trong Nhà
CCNCAT0004,CCNPLT0274,Cây Trong Nhà
CCNCAT0000,CCNPLT0275,Cây Cảnh Để Bàn
CCNCAT0005,CCNPLT0275,Cây Cần Ít Ánh Sáng
CCNCAT0017,CCNPLT0275,Cây Cảnh Mini
CCNCAT0001,CCNPLT0275,Cây Cảnh Văn Phòng
CCNCAT0006,CCNPLT0275,Cây Dễ Trồng Trong Nhà
CCNCAT0002,CCNPLT0275,Cây Lọc Không Khí
CCNCAT0003,CCNPLT0275,Cây Phong Thủy
CCNCAT0008,CCNPLT0275,Cây Trong Bếp & Nhà Tắm
CCNCAT0004,CCNPLT0275,Cây Trong Nhà
CCNCAT0007,CCNPLT0275,Cây Trong Phòng Khách
CCNCAT0001,CCNPLT0276,Cây Cảnh Văn Phòng
CCNCAT0005,CCNPLT0276,Cây Cần Ít Ánh Sáng
CCNCAT0000,CCNPLT0276,Cây Cảnh Để Bàn
CCNCAT0006,CCNPLT0276,Cây Dễ Trồng Trong Nhà
CCNCAT0002,CCNPLT0276,Cây Lọc Không Khí
CCNCAT0004,CCNPLT0276,Cây Trong Nhà
CCNCAT0001,CCNPLT0277,Cây Cảnh Văn Phòng
CCNCAT0005,CCNPLT0277,Cây Cần Ít Ánh Sáng
CCNCAT0000,CCNPLT0277,Cây Cảnh Để Bàn
CCNCAT0006,CCNPLT0277,Cây Dễ Trồng Trong Nhà
CCNCAT0002,CCNPLT0277,Cây Lọc Không Khí
CCNCAT0004,CCNPLT0277,Cây Trong Nhà
CCNCAT0001,CCNPLT0278,Cây Cảnh Văn Phòng
CCNCAT0005,CCNPLT0278,Cây Cần Ít Ánh Sáng
CCNCAT0011,CCNPLT0278,Cây Cao & Lớn Trong Nhà
CCNCAT0006,CCNPLT0278,Cây Dễ Trồng Trong Nhà
CCNCAT0002,CCNPLT0278,Cây Lọc Không Khí
CCNCAT0003,CCNPLT0278,Cây Phong Thủy
CCNCAT0014,CCNPLT0278,Cây Trồng Ban Công
CCNCAT0004,CCNPLT0278,Cây Trong Nhà
CCNCAT0007,CCNPLT0278,Cây Trong Phòng Khách
CCNCAT0010,CCNPLT0278,Cây Trước Cửa & Hành Lang
CCNCAT0001,CCNPLT0279,Cây Cảnh Văn Phòng
CCNCAT0005,CCNPLT0279,Cây Cần Ít Ánh Sáng
CCNCAT0011,CCNPLT0279,Cây Cao & Lớn Trong Nhà
CCNCAT0006,CCNPLT0279,Cây Dễ Trồng Trong Nhà
CCNCAT0002,CCNPLT0279,Cây Lọc Không Khí
CCNCAT0003,CCNPLT0279,Cây Phong Thủy
CCNCAT0014,CCNPLT0279,Cây Trồng Ban Công
CCNCAT0004,CCNPLT0279,Cây Trong Nhà
CCNCAT0007,CCNPLT0279,Cây Trong Phòng Khách
CCNCAT0010,CCNPLT0279,Cây Trước Cửa & Hành Lang
CCNCAT0001,CCNPLT0280,Cây Cảnh Văn Phòng
CCNCAT0005,CCNPLT0280,Cây Cần Ít Ánh Sáng
CCNCAT0006,CCNPLT0280,Cây Dễ Trồng Trong Nhà
CCNCAT0002,CCNPLT0280,Cây Lọc Không Khí
CCNCAT0003,CCNPLT0280,Cây Phong Thủy
CCNCAT0004,CCNPLT0280,Cây Trong Nhà
CCNCAT0007,CCNPLT0280,Cây Trong Phòng Khách
CCNCAT0010,CCNPLT0280,Cây Trước Cửa & Hành Lang
CCNCAT0000,CCNPLT0281,Cây Cảnh Để Bàn
CCNCAT0005,CCNPLT0281,Cây Cần Ít Ánh Sáng
CCNCAT0017,CCNPLT0281,Cây Cảnh Mini
CCNCAT0006,CCNPLT0281,Cây Dễ Trồng Trong Nhà
CCNCAT0003,CCNPLT0281,Cây Phong Thủy
CCNCAT0004,CCNPLT0281,Cây Trong Nhà
CCNCAT0007,CCNPLT0281,Cây Trong Phòng Khách
CCNCAT0012,CCNPLT0282,Cây Kiểng lá
CCNCAT0005,CCNPLT0282,Cây Cần Ít Ánh Sáng
CCNCAT0017,CCNPLT0282,Cây Cảnh Mini
CCNCAT0000,CCNPLT0282,Cây Cảnh Để Bàn
CCNCAT0006,CCNPLT0282,Cây Dễ Trồng Trong Nhà
CCNCAT0004,CCNPLT0282,Cây Trong Nhà
CCNCAT0000,CCNPLT0283,Cây Cảnh Để Bàn
CCNCAT0005,CCNPLT0283,Cây Cần Ít Ánh Sáng
CCNCAT0017,CCNPLT0283,Cây Cảnh Mini
CCNCAT0001,CCNPLT0283,Cây Cảnh Văn Phòng
CCNCAT0006,CCNPLT0283,Cây Dễ Trồng Trong Nhà
CCNCAT0002,CCNPLT0283,Cây Lọc Không Khí
CCNCAT0003,CCNPLT0283,Cây Phong Thủy
CCNCAT0004,CCNPLT0283,Cây Trong Nhà
CCNCAT0001,CCNPLT0284,Cây Cảnh Văn Phòng
CCNCAT0005,CCNPLT0284,Cây Cần Ít Ánh Sáng
CCNCAT0006,CCNPLT0284,Cây Dễ Trồng Trong Nhà
CCNCAT0002,CCNPLT0284,Cây Lọc Không Khí
CCNCAT0003,CCNPLT0284,Cây Phong Thủy
CCNCAT0004,CCNPLT0284,Cây Trong Nhà
CCNCAT0007,CCNPLT0284,Cây Trong Phòng Khách
CCNCAT0001,CCNPLT0285,Cây Cảnh Văn Phòng
CCNCAT0005,CCNPLT0285,Cây Cần Ít Ánh Sáng
CCNCAT0006,CCNPLT0285,Cây Dễ Trồng Trong Nhà
CCNCAT0002,CCNPLT0285,Cây Lọc Không Khí
CCNCAT0003,CCNPLT0285,Cây Phong Thủy
CCNCAT0004,CCNPLT0285,Cây Trong Nhà
CCNCAT0007,CCNPLT0285,Cây Trong Phòng Khách
CCNCAT0000,CCNPLT0286,Cây Cảnh Để Bàn
CCNCAT0005,CCNPLT0286,Cây Cần Ít Ánh Sáng
CCNCAT0017,CCNPLT0286,Cây Cảnh Mini
CCNCAT0001,CCNPLT0286,Cây Cảnh Văn Phòng
CCNCAT0006,CCNPLT0286,Cây Dễ Trồng Trong Nhà
CCNCAT0002,CCNPLT0286,Cây Lọc Không Khí
CCNCAT0003,CCNPLT0286,Cây Phong Thủy
CCNCAT0004,CCNPLT0286,Cây Trong Nhà
CCNCAT0000,CCNPLT0287,Cây Cảnh Để Bàn
CCNCAT0005,CCNPLT0287,Cây Cần Ít Ánh Sáng
CCNCAT0017,CCNPLT0287,Cây Cảnh Mini
CCNCAT0001,CCNPLT0287,Cây Cảnh Văn Phòng
CCNCAT0006,CCNPLT0287,Cây Dễ Trồng Trong Nhà
CCNCAT0002,CCNPLT0287,Cây Lọc Không Khí
CCNCAT0003,CCNPLT0287,Cây Phong Thủy
CCNCAT0004,CCNPLT0287,Cây Trong Nhà
CCNCAT0001,CCNPLT0288,Cây Cảnh Văn Phòng
CCNCAT0005,CCNPLT0288,Cây Cần Ít Ánh Sáng
CCNCAT0011,CCNPLT0288,Cây Cao & Lớn Trong Nhà
CCNCAT0006,CCNPLT0288,Cây Dễ Trồng Trong Nhà
CCNCAT0002,CCNPLT0288,Cây Lọc Không Khí
CCNCAT0003,CCNPLT0288,Cây Phong Thủy
CCNCAT0014,CCNPLT0288,Cây Trồng Ban Công
CCNCAT0004,CCNPLT0288,Cây Trong Nhà
CCNCAT0007,CCNPLT0288,Cây Trong Phòng Khách
CCNCAT0010,CCNPLT0288,Cây Trước Cửa & Hành Lang
CCNCAT0001,CCNPLT0289,Cây Cảnh Văn Phòng
CCNCAT0005,CCNPLT0289,Cây Cần Ít Ánh Sáng
CCNCAT0011,CCNPLT0289,Cây Cao & Lớn Trong Nhà
CCNCAT0006,CCNPLT0289,Cây Dễ Trồng Trong Nhà
CCNCAT0002,CCNPLT0289,Cây Lọc Không Khí
CCNCAT0003,CCNPLT0289,Cây Phong Thủy
CCNCAT0014,CCNPLT0289,Cây Trồng Ban Công
CCNCAT0004,CCNPLT0289,Cây Trong Nhà
CCNCAT0007,CCNPLT0289,Cây Trong Phòng Khách
CCNCAT0010,CCNPLT0289,Cây Trước Cửa & Hành Lang
CCNCAT0000,CCNPLT0290,Cây Cảnh Để Bàn
CCNCAT0005,CCNPLT0290,Cây Cần Ít Ánh Sáng
CCNCAT0001,CCNPLT0290,Cây Cảnh Văn Phòng
CCNCAT0006,CCNPLT0290,Cây Dễ Trồng Trong Nhà
CCNCAT0002,CCNPLT0290,Cây Lọc Không Khí
CCNCAT0003,CCNPLT0290,Cây Phong Thủy
CCNCAT0004,CCNPLT0290,Cây Trong Nhà
CCNCAT0007,CCNPLT0290,Cây Trong Phòng Khách
CCNCAT0001,CCNPLT0291,Cây Cảnh Văn Phòng
CCNCAT0005,CCNPLT0291,Cây Cần Ít Ánh Sáng
CCNCAT0000,CCNPLT0291,Cây Cảnh Để Bàn
CCNCAT0006,CCNPLT0291,Cây Dễ Trồng Trong Nhà
CCNCAT0002,CCNPLT0291,Cây Lọc Không Khí
CCNCAT0003,CCNPLT0291,Cây Phong Thủy
CCNCAT0004,CCNPLT0291,Cây Trong Nhà
CCNCAT0007,CCNPLT0291,Cây Trong Phòng Khách
CCNCAT0001,CCNPLT0292,Cây Cảnh Văn Phòng
CCNCAT0005,CCNPLT0292,Cây Cần Ít Ánh Sáng
CCNCAT0011,CCNPLT0292,Cây Cao & Lớn Trong Nhà
CCNCAT0006,CCNPLT0292,Cây Dễ Trồng Trong Nhà
CCNCAT0002,CCNPLT0292,Cây Lọc Không Khí
CCNCAT0003,CCNPLT0292,Cây Phong Thủy
CCNCAT0014,CCNPLT0292,Cây Trồng Ban Công
CCNCAT0004,CCNPLT0292,Cây Trong Nhà
CCNCAT0007,CCNPLT0292,Cây Trong Phòng Khách
CCNCAT0010,CCNPLT0292,Cây Trước Cửa & Hành Lang
CCNCAT0001,CCNPLT0293,Cây Cảnh Văn Phòng
CCNCAT0005,CCNPLT0293,Cây Cần Ít Ánh Sáng
CCNCAT0011,CCNPLT0293,Cây Cao & Lớn Trong Nhà
CCNCAT0006,CCNPLT0293,Cây Dễ Trồng Trong Nhà
CCNCAT0002,CCNPLT0293,Cây Lọc Không Khí
CCNCAT0003,CCNPLT0293,Cây Phong Thủy
CCNCAT0004,CCNPLT0293,Cây Trong Nhà
CCNCAT0007,CCNPLT0293,Cây Trong Phòng Khách
CCNCAT0010,CCNPLT0293,Cây Trước Cửa & Hành Lang
CCNCAT0000,CCNPLT0294,Cây Cảnh Để Bàn
CCNCAT0005,CCNPLT0294,Cây Cần Ít Ánh Sáng
CCNCAT0017,CCNPLT0294,Cây Cảnh Mini
CCNCAT0001,CCNPLT0294,Cây Cảnh Văn Phòng
CCNCAT0006,CCNPLT0294,Cây Dễ Trồng Trong Nhà
CCNCAT0002,CCNPLT0294,Cây Lọc Không Khí
CCNCAT0003,CCNPLT0294,Cây Phong Thủy
CCNCAT0004,CCNPLT0294,Cây Trong Nhà
CCNCAT0000,CCNPLT0295,Cây Cảnh Để Bàn
CCNCAT0005,CCNPLT0295,Cây Cần Ít Ánh Sáng
CCNCAT0017,CCNPLT0295,Cây Cảnh Mini
CCNCAT0001,CCNPLT0295,Cây Cảnh Văn Phòng
CCNCAT0006,CCNPLT0295,Cây Dễ Trồng Trong Nhà
CCNCAT0002,CCNPLT0295,Cây Lọc Không Khí
CCNCAT0003,CCNPLT0295,Cây Phong Thủy
CCNCAT0004,CCNPLT0295,Cây Trong Nhà
CCNCAT0016,CCNPLT0296,Cây Thủy Sinh
CCNCAT0005,CCNPLT0296,Cây Cần Ít Ánh Sáng
CCNCAT0017,CCNPLT0296,Cây Cảnh Mini
CCNCAT0001,CCNPLT0296,Cây Cảnh Văn Phòng
CCNCAT0000,CCNPLT0296,Cây Cảnh Để Bàn
CCNCAT0006,CCNPLT0296,Cây Dễ Trồng Trong Nhà
CCNCAT0002,CCNPLT0296,Cây Lọc Không Khí
CCNCAT0003,CCNPLT0296,Cây Phong Thủy
CCNCAT0004,CCNPLT0296,Cây Trong Nhà
CCNCAT0007,CCNPLT0296,Cây Trong Phòng Khách
CCNCAT0001,CCNPLT0297,Cây Cảnh Văn Phòng
CCNCAT0005,CCNPLT0297,Cây Cần Ít Ánh Sáng
CCNCAT0011,CCNPLT0297,Cây Cao & Lớn Trong Nhà
CCNCAT0006,CCNPLT0297,Cây Dễ Trồng Trong Nhà
CCNCAT0002,CCNPLT0297,Cây Lọc Không Khí
CCNCAT0003,CCNPLT0297,Cây Phong Thủy
CCNCAT0014,CCNPLT0297,Cây Trồng Ban Công
CCNCAT0004,CCNPLT0297,Cây Trong Nhà
CCNCAT0007,CCNPLT0297,Cây Trong Phòng Khách
CCNCAT0010,CCNPLT0297,Cây Trước Cửa & Hành Lang
CCNCAT0001,CCNPLT0298,Cây Cảnh Văn Phòng
CCNCAT0005,CCNPLT0298,Cây Cần Ít Ánh Sáng
CCNCAT0011,CCNPLT0298,Cây Cao & Lớn Trong Nhà
CCNCAT0006,CCNPLT0298,Cây Dễ Trồng Trong Nhà
CCNCAT0002,CCNPLT0298,Cây Lọc Không Khí
CCNCAT0003,CCNPLT0298,Cây Phong Thủy
CCNCAT0014,CCNPLT0298,Cây Trồng Ban Công
CCNCAT0004,CCNPLT0298,Cây Trong Nhà
CCNCAT0007,CCNPLT0298,Cây Trong Phòng Khách
CCNCAT0010,CCNPLT0298,Cây Trước Cửa & Hành Lang
CCNCAT0001,CCNPLT0299,Cây Cảnh Văn Phòng
CCNCAT0005,CCNPLT0299,Cây Cần Ít Ánh Sáng
CCNCAT0011,CCNPLT0299,Cây Cao & Lớn Trong Nhà
CCNCAT0006,CCNPLT0299,Cây Dễ Trồng Trong Nhà
CCNCAT0002,CCNPLT0299,Cây Lọc Không Khí
CCNCAT0003,CCNPLT0299,Cây Phong Thủy
CCNCAT0014,CCNPLT0299,Cây Trồng Ban Công
CCNCAT0004,CCNPLT0299,Cây Trong Nhà
CCNCAT0007,CCNPLT0299,Cây Trong Phòng Khách
CCNCAT0010,CCNPLT0299,Cây Trước Cửa & Hành Lang
CCNCAT0001,CCNPLT0300,Cây Cảnh Văn Phòng
CCNCAT0005,CCNPLT0300,Cây Cần Ít Ánh Sáng
CCNCAT0006,CCNPLT0300,Cây Dễ Trồng Trong Nhà
CCNCAT0002,CCNPLT0300,Cây Lọc Không Khí
CCNCAT0003,CCNPLT0300,Cây Phong Thủy
CCNCAT0004,CCNPLT0300,Cây Trong Nhà
CCNCAT0007,CCNPLT0300,Cây Trong Phòng Khách
CCNCAT0010,CCNPLT0300,Cây Trước Cửa & Hành Lang
CCNCAT0001,CCNPLT0301,Cây Cảnh Văn Phòng
CCNCAT0005,CCNPLT0301,Cây Cần Ít Ánh Sáng
CCNCAT0011,CCNPLT0301,Cây Cao & Lớn Trong Nhà
CCNCAT0006,CCNPLT0301,Cây Dễ Trồng Trong Nhà
CCNCAT0002,CCNPLT0301,Cây Lọc Không Khí
CCNCAT0003,CCNPLT0301,Cây Phong Thủy
CCNCAT0014,CCNPLT0301,Cây Trồng Ban Công
CCNCAT0004,CCNPLT0301,Cây Trong Nhà
CCNCAT0007,CCNPLT0301,Cây Trong Phòng Khách
CCNCAT0010,CCNPLT0301,Cây Trước Cửa & Hành Lang
CCNCAT0001,CCNPLT0302,Cây Cảnh Văn Phòng
CCNCAT0005,CCNPLT0302,Cây Cần Ít Ánh Sáng
CCNCAT0011,CCNPLT0302,Cây Cao & Lớn Trong Nhà
CCNCAT0006,CCNPLT0302,Cây Dễ Trồng Trong Nhà
CCNCAT0002,CCNPLT0302,Cây Lọc Không Khí
CCNCAT0003,CCNPLT0302,Cây Phong Thủy
CCNCAT0014,CCNPLT0302,Cây Trồng Ban Công
CCNCAT0004,CCNPLT0302,Cây Trong Nhà
CCNCAT0007,CCNPLT0302,Cây Trong Phòng Khách
CCNCAT0010,CCNPLT0302,Cây Trước Cửa & Hành Lang
CCNCAT0001,CCNPLT0303,Cây Cảnh Văn Phòng
CCNCAT0005,CCNPLT0303,Cây Cần Ít Ánh Sáng
CCNCAT0011,CCNPLT0303,Cây Cao & Lớn Trong Nhà
CCNCAT0006,CCNPLT0303,Cây Dễ Trồng Trong Nhà
CCNCAT0002,CCNPLT0303,Cây Lọc Không Khí
CCNCAT0013,CCNPLT0303,Cây Nhiệt Đới
CCNCAT0003,CCNPLT0303,Cây Phong Thủy
CCNCAT0014,CCNPLT0303,Cây Trồng Ban Công
CCNCAT0004,CCNPLT0303,Cây Trong Nhà
CCNCAT0007,CCNPLT0303,Cây Trong Phòng Khách
CCNCAT0010,CCNPLT0303,Cây Trước Cửa & Hành Lang
CCNCAT0001,CCNPLT0304,Cây Cảnh Văn Phòng
CCNCAT0005,CCNPLT0304,Cây Cần Ít Ánh Sáng
CCNCAT0006,CCNPLT0304,Cây Dễ Trồng Trong Nhà
CCNCAT0002,CCNPLT0304,Cây Lọc Không Khí
CCNCAT0003,CCNPLT0304,Cây Phong Thủy
CCNCAT0004,CCNPLT0304,Cây Trong Nhà
CCNCAT0007,CCNPLT0304,Cây Trong Phòng Khách
CCNCAT0001,CCNPLT0305,Cây Cảnh Văn Phòng
CCNCAT0005,CCNPLT0305,Cây Cần Ít Ánh Sáng
CCNCAT0006,CCNPLT0305,Cây Dễ Trồng Trong Nhà
CCNCAT0002,CCNPLT0305,Cây Lọc Không Khí
CCNCAT0003,CCNPLT0305,Cây Phong Thủy
CCNCAT0004,CCNPLT0305,Cây Trong Nhà
CCNCAT0007,CCNPLT0305,Cây Trong Phòng Khách
CCNCAT0000,CCNPLT0306,Cây Cảnh Để Bàn
CCNCAT0005,CCNPLT0306,Cây Cần Ít Ánh Sáng
CCNCAT0017,CCNPLT0306,Cây Cảnh Mini
CCNCAT0001,CCNPLT0306,Cây Cảnh Văn Phòng
CCNCAT0006,CCNPLT0306,Cây Dễ Trồng Trong Nhà
CCNCAT0002,CCNPLT0306,Cây Lọc Không Khí
CCNCAT0003,CCNPLT0306,Cây Phong Thủy
CCNCAT0004,CCNPLT0306,Cây Trong Nhà
CCNCAT0007,CCNPLT0306,Cây Trong Phòng Khách
CCNCAT0000,CCNPLT0307,Cây Cảnh Để Bàn
CCNCAT0005,CCNPLT0307,Cây Cần Ít Ánh Sáng
CCNCAT0017,CCNPLT0307,Cây Cảnh Mini
CCNCAT0001,CCNPLT0307,Cây Cảnh Văn Phòng
CCNCAT0006,CCNPLT0307,Cây Dễ Trồng Trong Nhà
CCNCAT0002,CCNPLT0307,Cây Lọc Không Khí
CCNCAT0003,CCNPLT0307,Cây Phong Thủy
CCNCAT0004,CCNPLT0307,Cây Trong Nhà
CCNCAT0000,CCNPLT0308,Cây Cảnh Để Bàn
CCNCAT0005,CCNPLT0308,Cây Cần Ít Ánh Sáng
CCNCAT0017,CCNPLT0308,Cây Cảnh Mini
CCNCAT0001,CCNPLT0308,Cây Cảnh Văn Phòng
CCNCAT0006,CCNPLT0308,Cây Dễ Trồng Trong Nhà
CCNCAT0002,CCNPLT0308,Cây Lọc Không Khí
CCNCAT0003,CCNPLT0308,Cây Phong Thủy
CCNCAT0004,CCNPLT0308,Cây Trong Nhà
CCNCAT0000,CCNPLT0309,Cây Cảnh Để Bàn
CCNCAT0005,CCNPLT0309,Cây Cần Ít Ánh Sáng
CCNCAT0017,CCNPLT0309,Cây Cảnh Mini
CCNCAT0001,CCNPLT0309,Cây Cảnh Văn Phòng
CCNCAT0006,CCNPLT0309,Cây Dễ Trồng Trong Nhà
CCNCAT0002,CCNPLT0309,Cây Lọc Không Khí
CCNCAT0003,CCNPLT0309,Cây Phong Thủy
CCNCAT0004,CCNPLT0309,Cây Trong Nhà
CCNCAT0001,CCNPLT0310,Cây Cảnh Văn Phòng
CCNCAT0005,CCNPLT0310,Cây Cần Ít Ánh Sáng
CCNCAT0006,CCNPLT0310,Cây Dễ Trồng Trong Nhà
CCNCAT0002,CCNPLT0310,Cây Lọc Không Khí
CCNCAT0003,CCNPLT0310,Cây Phong Thủy
CCNCAT0009,CCNPLT0310,Cây Trang Trí Nhà Cửa
CCNCAT0014,CCNPLT0310,Cây Trồng Ban Công
CCNCAT0004,CCNPLT0310,Cây Trong Nhà
CCNCAT0007,CCNPLT0310,Cây Trong Phòng Khách
CCNCAT0010,CCNPLT0310,Cây Trước Cửa & Hành Lang
CCNCAT0001,CCNPLT0311,Cây Cảnh Văn Phòng
CCNCAT0005,CCNPLT0311,Cây Cần Ít Ánh Sáng
CCNCAT0000,CCNPLT0311,Cây Cảnh Để Bàn
CCNCAT0002,CCNPLT0311,Cây Lọc Không Khí
CCNCAT0003,CCNPLT0311,Cây Phong Thủy
CCNCAT0009,CCNPLT0311,Cây Trang Trí Nhà Cửa
CCNCAT0004,CCNPLT0311,Cây Trong Nhà
CCNCAT0007,CCNPLT0311,Cây Trong Phòng Khách
CCNCAT0000,CCNPLT0312,Cây Cảnh Để Bàn
CCNCAT0005,CCNPLT0312,Cây Cần Ít Ánh Sáng
CCNCAT0001,CCNPLT0312,Cây Cảnh Văn Phòng
CCNCAT0002,CCNPLT0312,Cây Lọc Không Khí
CCNCAT0003,CCNPLT0312,Cây Phong Thủy
CCNCAT0009,CCNPLT0312,Cây Trang Trí Nhà Cửa
CCNCAT0004,CCNPLT0312,Cây Trong Nhà
CCNCAT0007,CCNPLT0312,Cây Trong Phòng Khách
CCNCAT0000,CCNPLT0313,Cây Cảnh Để Bàn
CCNCAT0005,CCNPLT0313,Cây Cần Ít Ánh Sáng
CCNCAT0001,CCNPLT0313,Cây Cảnh Văn Phòng
CCNCAT0002,CCNPLT0313,Cây Lọc Không Khí
CCNCAT0003,CCNPLT0313,Cây Phong Thủy
CCNCAT0009,CCNPLT0313,Cây Trang Trí Nhà Cửa
CCNCAT0004,CCNPLT0313,Cây Trong Nhà
CCNCAT0007,CCNPLT0313,Cây Trong Phòng Khách
CCNCAT0000,CCNPLT0314,Cây Cảnh Để Bàn
CCNCAT0005,CCNPLT0314,Cây Cần Ít Ánh Sáng
CCNCAT0017,CCNPLT0314,Cây Cảnh Mini
CCNCAT0001,CCNPLT0314,Cây Cảnh Văn Phòng
CCNCAT0006,CCNPLT0314,Cây Dễ Trồng Trong Nhà
CCNCAT0002,CCNPLT0314,Cây Lọc Không Khí
CCNCAT0003,CCNPLT0314,Cây Phong Thủy
CCNCAT0004,CCNPLT0314,Cây Trong Nhà
CCNCAT0000,CCNPLT0315,Cây Cảnh Để Bàn
CCNCAT0005,CCNPLT0315,Cây Cần Ít Ánh Sáng
CCNCAT0017,CCNPLT0315,Cây Cảnh Mini
CCNCAT0001,CCNPLT0315,Cây Cảnh Văn Phòng
CCNCAT0006,CCNPLT0315,Cây Dễ Trồng Trong Nhà
CCNCAT0002,CCNPLT0315,Cây Lọc Không Khí
CCNCAT0003,CCNPLT0315,Cây Phong Thủy
CCNCAT0004,CCNPLT0315,Cây Trong Nhà
CCNCAT0000,CCNPLT0316,Cây Cảnh Để Bàn
CCNCAT0005,CCNPLT0316,Cây Cần Ít Ánh Sáng
CCNCAT0001,CCNPLT0316,Cây Cảnh Văn Phòng
CCNCAT0006,CCNPLT0316,Cây Dễ Trồng Trong Nhà
CCNCAT0002,CCNPLT0316,Cây Lọc Không Khí
CCNCAT0003,CCNPLT0316,Cây Phong Thủy
CCNCAT0004,CCNPLT0316,Cây Trong Nhà
CCNCAT0007,CCNPLT0316,Cây Trong Phòng Khách
CCNCAT0010,CCNPLT0316,Cây Trước Cửa & Hành Lang
CCNCAT0000,CCNPLT0317,Cây Cảnh Để Bàn
CCNCAT0005,CCNPLT0317,Cây Cần Ít Ánh Sáng
CCNCAT0017,CCNPLT0317,Cây Cảnh Mini
CCNCAT0001,CCNPLT0317,Cây Cảnh Văn Phòng
CCNCAT0006,CCNPLT0317,Cây Dễ Trồng Trong Nhà
CCNCAT0002,CCNPLT0317,Cây Lọc Không Khí
CCNCAT0003,CCNPLT0317,Cây Phong Thủy
CCNCAT0004,CCNPLT0317,Cây Trong Nhà
CCNCAT0000,CCNPLT0318,Cây Cảnh Để Bàn
CCNCAT0005,CCNPLT0318,Cây Cần Ít Ánh Sáng
CCNCAT0017,CCNPLT0318,Cây Cảnh Mini
CCNCAT0001,CCNPLT0318,Cây Cảnh Văn Phòng
CCNCAT0006,CCNPLT0318,Cây Dễ Trồng Trong Nhà
CCNCAT0002,CCNPLT0318,Cây Lọc Không Khí
CCNCAT0003,CCNPLT0318,Cây Phong Thủy
CCNCAT0004,CCNPLT0318,Cây Trong Nhà
CCNCAT0007,CCNPLT0318,Cây Trong Phòng Khách
CCNCAT0000,CCNPLT0319,Cây Cảnh Để Bàn
CCNCAT0005,CCNPLT0319,Cây Cần Ít Ánh Sáng
CCNCAT0017,CCNPLT0319,Cây Cảnh Mini
CCNCAT0001,CCNPLT0319,Cây Cảnh Văn Phòng
CCNCAT0006,CCNPLT0319,Cây Dễ Trồng Trong Nhà
CCNCAT0002,CCNPLT0319,Cây Lọc Không Khí
CCNCAT0003,CCNPLT0319,Cây Phong Thủy
CCNCAT0004,CCNPLT0319,Cây Trong Nhà
CCNCAT0007,CCNPLT0319,Cây Trong Phòng Khách
CCNCAT0000,CCNPLT0320,Cây Cảnh Để Bàn
CCNCAT0005,CCNPLT0320,Cây Cần Ít Ánh Sáng
CCNCAT0017,CCNPLT0320,Cây Cảnh Mini
CCNCAT0001,CCNPLT0320,Cây Cảnh Văn Phòng
CCNCAT0006,CCNPLT0320,Cây Dễ Trồng Trong Nhà
CCNCAT0002,CCNPLT0320,Cây Lọc Không Khí
CCNCAT0003,CCNPLT0320,Cây Phong Thủy
CCNCAT0004,CCNPLT0320,Cây Trong Nhà
CCNCAT0000,CCNPLT0321,Cây Cảnh Để Bàn
CCNCAT0005,CCNPLT0321,Cây Cần Ít Ánh Sáng
CCNCAT0017,CCNPLT0321,Cây Cảnh Mini
CCNCAT0001,CCNPLT0321,Cây Cảnh Văn Phòng
CCNCAT0006,CCNPLT0321,Cây Dễ Trồng Trong Nhà
CCNCAT0002,CCNPLT0321,Cây Lọc Không Khí
CCNCAT0003,CCNPLT0321,Cây Phong Thủy
CCNCAT0009,CCNPLT0321,Cây Trang Trí Nhà Cửa
CCNCAT0008,CCNPLT0321,Cây Trong Bếp & Nhà Tắm
CCNCAT0004,CCNPLT0321,Cây Trong Nhà
CCNCAT0007,CCNPLT0321,Cây Trong Phòng Khách
CCNCAT0000,CCNPLT0322,Cây Cảnh Để Bàn
CCNCAT0005,CCNPLT0322,Cây Cần Ít Ánh Sáng
CCNCAT0001,CCNPLT0322,Cây Cảnh Văn Phòng
CCNCAT0006,CCNPLT0322,Cây Dễ Trồng Trong Nhà
CCNCAT0002,CCNPLT0322,Cây Lọc Không Khí
CCNCAT0013,CCNPLT0322,Cây Nhiệt Đới
CCNCAT0004,CCNPLT0322,Cây Trong Nhà
CCNCAT0007,CCNPLT0322,Cây Trong Phòng Khách
CCNCAT0000,CCNPLT0323,Cây Cảnh Để Bàn
CCNCAT0005,CCNPLT0323,Cây Cần Ít Ánh Sáng
CCNCAT0001,CCNPLT0323,Cây Cảnh Văn Phòng
CCNCAT0006,CCNPLT0323,Cây Dễ Trồng Trong Nhà
CCNCAT0002,CCNPLT0323,Cây Lọc Không Khí
CCNCAT0013,CCNPLT0323,Cây Nhiệt Đới
CCNCAT0004,CCNPLT0323,Cây Trong Nhà
CCNCAT0007,CCNPLT0323,Cây Trong Phòng Khách
CCNCAT0016,CCNPLT0324,Cây Thủy Sinh
CCNCAT0005,CCNPLT0324,Cây Cần Ít Ánh Sáng
CCNCAT0001,CCNPLT0324,Cây Cảnh Văn Phòng
CCNCAT0000,CCNPLT0324,Cây Cảnh Để Bàn
CCNCAT0006,CCNPLT0324,Cây Dễ Trồng Trong Nhà
CCNCAT0002,CCNPLT0324,Cây Lọc Không Khí
CCNCAT0003,CCNPLT0324,Cây Phong Thủy
CCNCAT0004,CCNPLT0324,Cây Trong Nhà
CCNCAT0007,CCNPLT0324,Cây Trong Phòng Khách
CCNCAT0016,CCNPLT0325,Cây Thủy Sinh
CCNCAT0005,CCNPLT0325,Cây Cần Ít Ánh Sáng
CCNCAT0001,CCNPLT0325,Cây Cảnh Văn Phòng
CCNCAT0000,CCNPLT0325,Cây Cảnh Để Bàn
CCNCAT0006,CCNPLT0325,Cây Dễ Trồng Trong Nhà
CCNCAT0002,CCNPLT0325,Cây Lọc Không Khí
CCNCAT0003,CCNPLT0325,Cây Phong Thủy
CCNCAT0004,CCNPLT0325,Cây Trong Nhà
CCNCAT0007,CCNPLT0325,Cây Trong Phòng Khách
CCNCAT0016,CCNPLT0326,Cây Thủy Sinh
CCNCAT0005,CCNPLT0326,Cây Cần Ít Ánh Sáng
CCNCAT0001,CCNPLT0326,Cây Cảnh Văn Phòng
CCNCAT0000,CCNPLT0326,Cây Cảnh Để Bàn
CCNCAT0006,CCNPLT0326,Cây Dễ Trồng Trong Nhà
CCNCAT0002,CCNPLT0326,Cây Lọc Không Khí
CCNCAT0003,CCNPLT0326,Cây Phong Thủy
CCNCAT0004,CCNPLT0326,Cây Trong Nhà
CCNCAT0007,CCNPLT0326,Cây Trong Phòng Khách
CCNCAT0016,CCNPLT0327,Cây Thủy Sinh
CCNCAT0005,CCNPLT0327,Cây Cần Ít Ánh Sáng
CCNCAT0001,CCNPLT0327,Cây Cảnh Văn Phòng
CCNCAT0000,CCNPLT0327,Cây Cảnh Để Bàn
CCNCAT0006,CCNPLT0327,Cây Dễ Trồng Trong Nhà
CCNCAT0012,CCNPLT0327,Cây Kiểng lá
CCNCAT0002,CCNPLT0327,Cây Lọc Không Khí
CCNCAT0013,CCNPLT0327,Cây Nhiệt Đới
CCNCAT0003,CCNPLT0327,Cây Phong Thủy
CCNCAT0004,CCNPLT0327,Cây Trong Nhà
CCNCAT0007,CCNPLT0327,Cây Trong Phòng Khách
CCNCAT0016,CCNPLT0328,Cây Thủy Sinh
CCNCAT0005,CCNPLT0328,Cây Cần Ít Ánh Sáng
CCNCAT0001,CCNPLT0328,Cây Cảnh Văn Phòng
CCNCAT0000,CCNPLT0328,Cây Cảnh Để Bàn
CCNCAT0006,CCNPLT0328,Cây Dễ Trồng Trong Nhà
CCNCAT0002,CCNPLT0328,Cây Lọc Không Khí
CCNCAT0003,CCNPLT0328,Cây Phong Thủy
CCNCAT0004,CCNPLT0328,Cây Trong Nhà
CCNCAT0007,CCNPLT0328,Cây Trong Phòng Khách
CCNCAT0016,CCNPLT0329,Cây Thủy Sinh
CCNCAT0005,CCNPLT0329,Cây Cần Ít Ánh Sáng
CCNCAT0001,CCNPLT0329,Cây Cảnh Văn Phòng
CCNCAT0000,CCNPLT0329,Cây Cảnh Để Bàn
CCNCAT0006,CCNPLT0329,Cây Dễ Trồng Trong Nhà
CCNCAT0002,CCNPLT0329,Cây Lọc Không Khí
CCNCAT0003,CCNPLT0329,Cây Phong Thủy
CCNCAT0004,CCNPLT0329,Cây Trong Nhà
CCNCAT0007,CCNPLT0329,Cây Trong Phòng Khách
CCNCAT0004,CCNPLT0330,Cây Trong Nhà
CCNCAT0005,CCNPLT0330,Cây Cần Ít Ánh Sáng
CCNCAT0001,CCNPLT0330,Cây Cảnh Văn Phòng
CCNCAT0006,CCNPLT0330,Cây Dễ Trồng Trong Nhà
CCNCAT0013,CCNPLT0330,Cây Nhiệt Đới
CCNCAT0003,CCNPLT0330,Cây Phong Thủy
CCNCAT0009,CCNPLT0330,Cây Trang Trí Nhà Cửa
CCNCAT0014,CCNPLT0330,Cây Trồng Ban Công
CCNCAT0007,CCNPLT0330,Cây Trong Phòng Khách
CCNCAT0004,CCNPLT0331,Cây Trong Nhà
CCNCAT0005,CCNPLT0331,Cây Cần Ít Ánh Sáng
CCNCAT0001,CCNPLT0331,Cây Cảnh Văn Phòng
CCNCAT0000,CCNPLT0331,Cây Cảnh Để Bàn
CCNCAT0012,CCNPLT0331,Cây Kiểng lá
CCNCAT0000,CCNPLT0332,Cây Cảnh Để Bàn
CCNCAT0005,CCNPLT0332,Cây Cần Ít Ánh Sáng
CCNCAT0001,CCNPLT0332,Cây Cảnh Văn Phòng
CCNCAT0006,CCNPLT0332,Cây Dễ Trồng Trong Nhà
CCNCAT0002,CCNPLT0332,Cây Lọc Không Khí
CCNCAT0003,CCNPLT0332,Cây Phong Thủy
CCNCAT0004,CCNPLT0332,Cây Trong Nhà
CCNCAT0004,CCNPLT0333,Cây Trong Nhà
CCNCAT0001,CCNPLT0333,Cây Cảnh Văn Phòng
CCNCAT0012,CCNPLT0333,Cây Kiểng lá
CCNCAT0004,CCNPLT0334,Cây Trong Nhà
CCNCAT0005,CCNPLT0334,Cây Cần Ít Ánh Sáng
CCNCAT0001,CCNPLT0334,Cây Cảnh Văn Phòng
CCNCAT0000,CCNPLT0334,Cây Cảnh Để Bàn
CCNCAT0012,CCNPLT0334,Cây Kiểng lá
CCNCAT0001,CCNPLT0335,Cây Cảnh Văn Phòng
CCNCAT0005,CCNPLT0335,Cây Cần Ít Ánh Sáng
CCNCAT0011,CCNPLT0335,Cây Cao & Lớn Trong Nhà
CCNCAT0006,CCNPLT0335,Cây Dễ Trồng Trong Nhà
CCNCAT0002,CCNPLT0335,Cây Lọc Không Khí
CCNCAT0003,CCNPLT0335,Cây Phong Thủy
CCNCAT0009,CCNPLT0335,Cây Trang Trí Nhà Cửa
CCNCAT0004,CCNPLT0335,Cây Trong Nhà
CCNCAT0007,CCNPLT0335,Cây Trong Phòng Khách
CCNCAT0010,CCNPLT0335,Cây Trước Cửa & Hành Lang
CCNCAT0004,CCNPLT0336,Cây Trong Nhà
CCNCAT0005,CCNPLT0336,Cây Cần Ít Ánh Sáng
CCNCAT0001,CCNPLT0336,Cây Cảnh Văn Phòng
CCNCAT0000,CCNPLT0336,Cây Cảnh Để Bàn
CCNCAT0006,CCNPLT0336,Cây Dễ Trồng Trong Nhà
CCNCAT0001,CCNPLT0337,Cây Cảnh Văn Phòng
CCNCAT0005,CCNPLT0337,Cây Cần Ít Ánh Sáng
CCNCAT0000,CCNPLT0337,Cây Cảnh Để Bàn
CCNCAT0006,CCNPLT0337,Cây Dễ Trồng Trong Nhà
CCNCAT0002,CCNPLT0337,Cây Lọc Không Khí
CCNCAT0003,CCNPLT0337,Cây Phong Thủy
CCNCAT0004,CCNPLT0337,Cây Trong Nhà
CCNCAT0001,CCNPLT0338,Cây Cảnh Văn Phòng
CCNCAT0005,CCNPLT0338,Cây Cần Ít Ánh Sáng
CCNCAT0000,CCNPLT0338,Cây Cảnh Để Bàn
CCNCAT0006,CCNPLT0338,Cây Dễ Trồng Trong Nhà
CCNCAT0002,CCNPLT0338,Cây Lọc Không Khí
CCNCAT0003,CCNPLT0338,Cây Phong Thủy
CCNCAT0004,CCNPLT0338,Cây Trong Nhà
CCNCAT0004,CCNPLT0339,Cây Trong Nhà
CCNCAT0005,CCNPLT0339,Cây Cần Ít Ánh Sáng
CCNCAT0001,CCNPLT0339,Cây Cảnh Văn Phòng
CCNCAT0000,CCNPLT0339,Cây Cảnh Để Bàn
CCNCAT0012,CCNPLT0339,Cây Kiểng lá
CCNCAT0000,CCNPLT0340,Cây Cảnh Để Bàn
CCNCAT0005,CCNPLT0340,Cây Cần Ít Ánh Sáng
CCNCAT0001,CCNPLT0340,Cây Cảnh Văn Phòng
CCNCAT0006,CCNPLT0340,Cây Dễ Trồng Trong Nhà
CCNCAT0002,CCNPLT0340,Cây Lọc Không Khí
CCNCAT0013,CCNPLT0340,Cây Nhiệt Đới
CCNCAT0008,CCNPLT0340,Cây Trong Bếp & Nhà Tắm
CCNCAT0004,CCNPLT0340,Cây Trong Nhà
CCNCAT0004,CCNPLT0341,Cây Trong Nhà
CCNCAT0005,CCNPLT0341,Cây Cần Ít Ánh Sáng
CCNCAT0001,CCNPLT0341,Cây Cảnh Văn Phòng
CCNCAT0000,CCNPLT0341,Cây Cảnh Để Bàn
CCNCAT0012,CCNPLT0341,Cây Kiểng lá
CCNCAT0000,CCNPLT0342,Cây Cảnh Để Bàn
CCNCAT0005,CCNPLT0342,Cây Cần Ít Ánh Sáng
CCNCAT0006,CCNPLT0342,Cây Dễ Trồng Trong Nhà
CCNCAT0012,CCNPLT0342,Cây Kiểng lá
CCNCAT0002,CCNPLT0342,Cây Lọc Không Khí
CCNCAT0013,CCNPLT0342,Cây Nhiệt Đới
CCNCAT0009,CCNPLT0342,Cây Trang Trí Nhà Cửa
CCNCAT0008,CCNPLT0342,Cây Trong Bếp & Nhà Tắm
CCNCAT0004,CCNPLT0342,Cây Trong Nhà
CCNCAT0007,CCNPLT0342,Cây Trong Phòng Khách
CCNCAT0012,CCNPLT0343,Cây Kiểng lá
CCNCAT0005,CCNPLT0343,Cây Cần Ít Ánh Sáng
CCNCAT0006,CCNPLT0343,Cây Dễ Trồng Trong Nhà
CCNCAT0002,CCNPLT0343,Cây Lọc Không Khí
CCNCAT0013,CCNPLT0343,Cây Nhiệt Đới
CCNCAT0009,CCNPLT0343,Cây Trang Trí Nhà Cửa
CCNCAT0008,CCNPLT0343,Cây Trong Bếp & Nhà Tắm
CCNCAT0004,CCNPLT0343,Cây Trong Nhà
CCNCAT0007,CCNPLT0343,Cây Trong Phòng Khách
CCNCAT0012,CCNPLT0344,Cây Kiểng lá
CCNCAT0005,CCNPLT0344,Cây Cần Ít Ánh Sáng
CCNCAT0006,CCNPLT0344,Cây Dễ Trồng Trong Nhà
CCNCAT0013,CCNPLT0344,Cây Nhiệt Đới
CCNCAT0009,CCNPLT0344,Cây Trang Trí Nhà Cửa
CCNCAT0004,CCNPLT0344,Cây Trong Nhà
CCNCAT0007,CCNPLT0344,Cây Trong Phòng Khách
CCNCAT0001,CCNPLT0345,Cây Cảnh Văn Phòng
CCNCAT0005,CCNPLT0345,Cây Cần Ít Ánh Sáng
CCNCAT0000,CCNPLT0345,Cây Cảnh Để Bàn
CCNCAT0006,CCNPLT0345,Cây Dễ Trồng Trong Nhà
CCNCAT0002,CCNPLT0345,Cây Lọc Không Khí
CCNCAT0003,CCNPLT0345,Cây Phong Thủy
CCNCAT0004,CCNPLT0345,Cây Trong Nhà
CCNCAT0000,CCNPLT0346,Cây Cảnh Để Bàn
CCNCAT0005,CCNPLT0346,Cây Cần Ít Ánh Sáng
CCNCAT0017,CCNPLT0346,Cây Cảnh Mini
CCNCAT0001,CCNPLT0346,Cây Cảnh Văn Phòng
CCNCAT0006,CCNPLT0346,Cây Dễ Trồng Trong Nhà
CCNCAT0002,CCNPLT0346,Cây Lọc Không Khí
CCNCAT0003,CCNPLT0346,Cây Phong Thủy
CCNCAT0004,CCNPLT0346,Cây Trong Nhà
CCNCAT0000,CCNPLT0347,Cây Cảnh Để Bàn
CCNCAT0005,CCNPLT0347,Cây Cần Ít Ánh Sáng
CCNCAT0001,CCNPLT0347,Cây Cảnh Văn Phòng
CCNCAT0006,CCNPLT0347,Cây Dễ Trồng Trong Nhà
CCNCAT0012,CCNPLT0347,Cây Kiểng lá
CCNCAT0002,CCNPLT0347,Cây Lọc Không Khí
CCNCAT0009,CCNPLT0347,Cây Trang Trí Nhà Cửa
CCNCAT0004,CCNPLT0347,Cây Trong Nhà
CCNCAT0000,CCNPLT0348,Cây Cảnh Để Bàn
CCNCAT0005,CCNPLT0348,Cây Cần Ít Ánh Sáng
CCNCAT0017,CCNPLT0348,Cây Cảnh Mini
CCNCAT0001,CCNPLT0348,Cây Cảnh Văn Phòng
CCNCAT0002,CCNPLT0348,Cây Lọc Không Khí
CCNCAT0003,CCNPLT0348,Cây Phong Thủy
CCNCAT0004,CCNPLT0348,Cây Trong Nhà
CCNCAT0004,CCNPLT0349,Cây Trong Nhà
CCNCAT0005,CCNPLT0349,Cây Cần Ít Ánh Sáng
CCNCAT0001,CCNPLT0349,Cây Cảnh Văn Phòng
CCNCAT0006,CCNPLT0349,Cây Dễ Trồng Trong Nhà
CCNCAT0003,CCNPLT0349,Cây Phong Thủy
CCNCAT0004,CCNPLT0350,Cây Trong Nhà
CCNCAT0005,CCNPLT0350,Cây Cần Ít Ánh Sáng
CCNCAT0017,CCNPLT0350,Cây Cảnh Mini
CCNCAT0001,CCNPLT0350,Cây Cảnh Văn Phòng
CCNCAT0000,CCNPLT0350,Cây Cảnh Để Bàn
CCNCAT0003,CCNPLT0350,Cây Phong Thủy
CCNCAT0000,CCNPLT0351,Cây Cảnh Để Bàn
CCNCAT0005,CCNPLT0351,Cây Cần Ít Ánh Sáng
CCNCAT0001,CCNPLT0351,Cây Cảnh Văn Phòng
CCNCAT0006,CCNPLT0351,Cây Dễ Trồng Trong Nhà
CCNCAT0004,CCNPLT0351,Cây Trong Nhà
CCNCAT0000,CCNPLT0352,Cây Cảnh Để Bàn
CCNCAT0005,CCNPLT0352,Cây Cần Ít Ánh Sáng
CCNCAT0001,CCNPLT0352,Cây Cảnh Văn Phòng
CCNCAT0006,CCNPLT0352,Cây Dễ Trồng Trong Nhà
CCNCAT0012,CCNPLT0352,Cây Kiểng lá
CCNCAT0003,CCNPLT0352,Cây Phong Thủy
CCNCAT0004,CCNPLT0352,Cây Trong Nhà
CCNCAT0000,CCNPLT0353,Cây Cảnh Để Bàn
CCNCAT0005,CCNPLT0353,Cây Cần Ít Ánh Sáng
CCNCAT0001,CCNPLT0353,Cây Cảnh Văn Phòng
CCNCAT0006,CCNPLT0353,Cây Dễ Trồng Trong Nhà
CCNCAT0002,CCNPLT0353,Cây Lọc Không Khí
CCNCAT0003,CCNPLT0353,Cây Phong Thủy
CCNCAT0004,CCNPLT0353,Cây Trong Nhà
CCNCAT0007,CCNPLT0353,Cây Trong Phòng Khách
CCNCAT0000,CCNPLT0354,Cây Cảnh Để Bàn
CCNCAT0005,CCNPLT0354,Cây Cần Ít Ánh Sáng
CCNCAT0001,CCNPLT0354,Cây Cảnh Văn Phòng
CCNCAT0006,CCNPLT0354,Cây Dễ Trồng Trong Nhà
CCNCAT0012,CCNPLT0354,Cây Kiểng lá
CCNCAT0003,CCNPLT0354,Cây Phong Thủy
CCNCAT0004,CCNPLT0354,Cây Trong Nhà
CCNCAT0000,CCNPLT0355,Cây Cảnh Để Bàn
CCNCAT0005,CCNPLT0355,Cây Cần Ít Ánh Sáng
CCNCAT0001,CCNPLT0355,Cây Cảnh Văn Phòng
CCNCAT0004,CCNPLT0355,Cây Trong Nhà
CCNCAT0000,CCNPLT0356,Cây Cảnh Để Bàn
CCNCAT0005,CCNPLT0356,Cây Cần Ít Ánh Sáng
CCNCAT0001,CCNPLT0356,Cây Cảnh Văn Phòng
CCNCAT0004,CCNPLT0356,Cây Trong Nhà
CCNCAT0000,CCNPLT0357,Cây Cảnh Để Bàn
CCNCAT0005,CCNPLT0357,Cây Cần Ít Ánh Sáng
CCNCAT0001,CCNPLT0357,Cây Cảnh Văn Phòng
CCNCAT0004,CCNPLT0357,Cây Trong Nhà
CCNCAT0000,CCNPLT0358,Cây Cảnh Để Bàn
CCNCAT0005,CCNPLT0358,Cây Cần Ít Ánh Sáng
CCNCAT0001,CCNPLT0358,Cây Cảnh Văn Phòng
CCNCAT0012,CCNPLT0358,Cây Kiểng lá
CCNCAT0004,CCNPLT0358,Cây Trong Nhà
CCNCAT0004,CCNPLT0359,Cây Trong Nhà
CCNCAT0005,CCNPLT0359,Cây Cần Ít Ánh Sáng
CCNCAT0001,CCNPLT0359,Cây Cảnh Văn Phòng
CCNCAT0000,CCNPLT0359,Cây Cảnh Để Bàn
CCNCAT0000,CCNPLT0360,Cây Cảnh Để Bàn
CCNCAT0005,CCNPLT0360,Cây Cần Ít Ánh Sáng
CCNCAT0001,CCNPLT0360,Cây Cảnh Văn Phòng
CCNCAT0012,CCNPLT0360,Cây Kiểng lá
CCNCAT0003,CCNPLT0360,Cây Phong Thủy
CCNCAT0008,CCNPLT0360,Cây Trong Bếp & Nhà Tắm
CCNCAT0004,CCNPLT0360,Cây Trong Nhà
CCNCAT0007,CCNPLT0360,Cây Trong Phòng Khách
CCNCAT0004,CCNPLT0361,Cây Trong Nhà
CCNCAT0005,CCNPLT0361,Cây Cần Ít Ánh Sáng
CCNCAT0006,CCNPLT0361,Cây Dễ Trồng Trong Nhà
CCNCAT0012,CCNPLT0361,Cây Kiểng lá
CCNCAT0001,CCNPLT0362,Cây Cảnh Văn Phòng
CCNCAT0005,CCNPLT0362,Cây Cần Ít Ánh Sáng
CCNCAT0011,CCNPLT0362,Cây Cao & Lớn Trong Nhà
CCNCAT0006,CCNPLT0362,Cây Dễ Trồng Trong Nhà
CCNCAT0002,CCNPLT0362,Cây Lọc Không Khí
CCNCAT0003,CCNPLT0362,Cây Phong Thủy
CCNCAT0004,CCNPLT0362,Cây Trong Nhà
CCNCAT0007,CCNPLT0362,Cây Trong Phòng Khách
CCNCAT0010,CCNPLT0362,Cây Trước Cửa & Hành Lang
CCNCAT0004,CCNPLT0363,Cây Trong Nhà
CCNCAT0005,CCNPLT0363,Cây Cần Ít Ánh Sáng
CCNCAT0001,CCNPLT0363,Cây Cảnh Văn Phòng
CCNCAT0012,CCNPLT0363,Cây Kiểng lá
CCNCAT0007,CCNPLT0363,Cây Trong Phòng Khách
CCNCAT0010,CCNPLT0363,Cây Trước Cửa & Hành Lang
CCNCAT0000,CCNPLT0364,Cây Cảnh Để Bàn
CCNCAT0005,CCNPLT0364,Cây Cần Ít Ánh Sáng
CCNCAT0001,CCNPLT0364,Cây Cảnh Văn Phòng
CCNCAT0006,CCNPLT0364,Cây Dễ Trồng Trong Nhà
CCNCAT0012,CCNPLT0364,Cây Kiểng lá
CCNCAT0002,CCNPLT0364,Cây Lọc Không Khí
CCNCAT0013,CCNPLT0364,Cây Nhiệt Đới
CCNCAT0003,CCNPLT0364,Cây Phong Thủy
CCNCAT0004,CCNPLT0364,Cây Trong Nhà
CCNCAT0000,CCNPLT0365,Cây Cảnh Để Bàn
CCNCAT0005,CCNPLT0365,Cây Cần Ít Ánh Sáng
CCNCAT0001,CCNPLT0365,Cây Cảnh Văn Phòng
CCNCAT0002,CCNPLT0365,Cây Lọc Không Khí
CCNCAT0003,CCNPLT0365,Cây Phong Thủy
CCNCAT0008,CCNPLT0365,Cây Trong Bếp & Nhà Tắm
CCNCAT0004,CCNPLT0365,Cây Trong Nhà
CCNCAT0004,CCNPLT0366,Cây Trong Nhà
CCNCAT0005,CCNPLT0366,Cây Cần Ít Ánh Sáng
CCNCAT0001,CCNPLT0366,Cây Cảnh Văn Phòng
CCNCAT0000,CCNPLT0366,Cây Cảnh Để Bàn
CCNCAT0003,CCNPLT0366,Cây Phong Thủy
CCNCAT0004,CCNPLT0367,Cây Trong Nhà
CCNCAT0005,CCNPLT0367,Cây Cần Ít Ánh Sáng
CCNCAT0001,CCNPLT0367,Cây Cảnh Văn Phòng
CCNCAT0000,CCNPLT0367,Cây Cảnh Để Bàn
CCNCAT0006,CCNPLT0367,Cây Dễ Trồng Trong Nhà
CCNCAT0012,CCNPLT0367,Cây Kiểng lá
CCNCAT0004,CCNPLT0368,Cây Trong Nhà
CCNCAT0001,CCNPLT0368,Cây Cảnh Văn Phòng
CCNCAT0003,CCNPLT0368,Cây Phong Thủy
CCNCAT0009,CCNPLT0368,Cây Trang Trí Nhà Cửa
CCNCAT0008,CCNPLT0368,Cây Trong Bếp & Nhà Tắm
CCNCAT0010,CCNPLT0368,Cây Trước Cửa & Hành Lang
CCNCAT0004,CCNPLT0369,Cây Trong Nhà
CCNCAT0005,CCNPLT0369,Cây Cần Ít Ánh Sáng
CCNCAT0001,CCNPLT0369,Cây Cảnh Văn Phòng
CCNCAT0007,CCNPLT0369,Cây Trong Phòng Khách
CCNCAT0010,CCNPLT0369,Cây Trước Cửa & Hành Lang
CCNCAT0014,CCNPLT0370,Cây Trồng Ban Công
CCNCAT0005,CCNPLT0370,Cây Cần Ít Ánh Sáng
CCNCAT0001,CCNPLT0370,Cây Cảnh Văn Phòng
CCNCAT0006,CCNPLT0370,Cây Dễ Trồng Trong Nhà
CCNCAT0003,CCNPLT0370,Cây Phong Thủy
CCNCAT0004,CCNPLT0370,Cây Trong Nhà
CCNCAT0007,CCNPLT0370,Cây Trong Phòng Khách
CCNCAT0004,CCNPLT0371,Cây Trong Nhà
CCNCAT0011,CCNPLT0371,Cây Cao & Lớn Trong Nhà
CCNCAT0003,CCNPLT0371,Cây Phong Thủy
CCNCAT0014,CCNPLT0371,Cây Trồng Ban Công
CCNCAT0010,CCNPLT0371,Cây Trước Cửa & Hành Lang
CCNCAT0004,CCNPLT0372,Cây Trong Nhà
CCNCAT0001,CCNPLT0372,Cây Cảnh Văn Phòng
CCNCAT0011,CCNPLT0372,Cây Cao & Lớn Trong Nhà
CCNCAT0002,CCNPLT0372,Cây Lọc Không Khí
CCNCAT0003,CCNPLT0372,Cây Phong Thủy
CCNCAT0007,CCNPLT0372,Cây Trong Phòng Khách
CCNCAT0010,CCNPLT0372,Cây Trước Cửa & Hành Lang
CCNCAT0004,CCNPLT0373,Cây Trong Nhà
CCNCAT0001,CCNPLT0373,Cây Cảnh Văn Phòng
CCNCAT0011,CCNPLT0373,Cây Cao & Lớn Trong Nhà
CCNCAT0002,CCNPLT0373,Cây Lọc Không Khí
CCNCAT0003,CCNPLT0373,Cây Phong Thủy
CCNCAT0007,CCNPLT0373,Cây Trong Phòng Khách
CCNCAT0010,CCNPLT0373,Cây Trước Cửa & Hành Lang
CCNCAT0004,CCNPLT0374,Cây Trong Nhà
CCNCAT0005,CCNPLT0374,Cây Cần Ít Ánh Sáng
CCNCAT0001,CCNPLT0374,Cây Cảnh Văn Phòng
CCNCAT0000,CCNPLT0374,Cây Cảnh Để Bàn
CCNCAT0012,CCNPLT0374,Cây Kiểng lá
CCNCAT0007,CCNPLT0374,Cây Trong Phòng Khách
CCNCAT0001,CCNPLT0375,Cây Cảnh Văn Phòng
CCNCAT0005,CCNPLT0375,Cây Cần Ít Ánh Sáng
CCNCAT0006,CCNPLT0375,Cây Dễ Trồng Trong Nhà
CCNCAT0002,CCNPLT0375,Cây Lọc Không Khí
CCNCAT0003,CCNPLT0375,Cây Phong Thủy
CCNCAT0009,CCNPLT0375,Cây Trang Trí Nhà Cửa
CCNCAT0008,CCNPLT0375,Cây Trong Bếp & Nhà Tắm
CCNCAT0004,CCNPLT0375,Cây Trong Nhà
CCNCAT0007,CCNPLT0375,Cây Trong Phòng Khách
CCNCAT0000,CCNPLT0376,Cây Cảnh Để Bàn
CCNCAT0005,CCNPLT0376,Cây Cần Ít Ánh Sáng
CCNCAT0001,CCNPLT0376,Cây Cảnh Văn Phòng
CCNCAT0006,CCNPLT0376,Cây Dễ Trồng Trong Nhà
CCNCAT0002,CCNPLT0376,Cây Lọc Không Khí
CCNCAT0003,CCNPLT0376,Cây Phong Thủy
CCNCAT0009,CCNPLT0376,Cây Trang Trí Nhà Cửa
CCNCAT0004,CCNPLT0376,Cây Trong Nhà
CCNCAT0007,CCNPLT0376,Cây Trong Phòng Khách
CCNCAT0001,CCNPLT0377,Cây Cảnh Văn Phòng
CCNCAT0003,CCNPLT0377,Cây Phong Thủy
CCNCAT0009,CCNPLT0377,Cây Trang Trí Nhà Cửa
CCNCAT0004,CCNPLT0377,Cây Trong Nhà
CCNCAT0007,CCNPLT0377,Cây Trong Phòng Khách
CCNCAT0001,CCNPLT0378,Cây Cảnh Văn Phòng
CCNCAT0005,CCNPLT0378,Cây Cần Ít Ánh Sáng
CCNCAT0006,CCNPLT0378,Cây Dễ Trồng Trong Nhà
CCNCAT0012,CCNPLT0378,Cây Kiểng lá
CCNCAT0002,CCNPLT0378,Cây Lọc Không Khí
CCNCAT0003,CCNPLT0378,Cây Phong Thủy
CCNCAT0004,CCNPLT0378,Cây Trong Nhà
CCNCAT0007,CCNPLT0378,Cây Trong Phòng Khách
CCNCAT0012,CCNPLT0379,Cây Kiểng lá
CCNCAT0013,CCNPLT0379,Cây Nhiệt Đới
CCNCAT0003,CCNPLT0379,Cây Phong Thủy
CCNCAT0009,CCNPLT0379,Cây Trang Trí Nhà Cửa
CCNCAT0004,CCNPLT0379,Cây Trong Nhà
CCNCAT0007,CCNPLT0379,Cây Trong Phòng Khách
CCNCAT0004,CCNPLT0380,Cây Trong Nhà
CCNCAT0001,CCNPLT0380,Cây Cảnh Văn Phòng
CCNCAT0006,CCNPLT0380,Cây Dễ Trồng Trong Nhà
CCNCAT0002,CCNPLT0380,Cây Lọc Không Khí
CCNCAT0003,CCNPLT0380,Cây Phong Thủy
CCNCAT0008,CCNPLT0380,Cây Trong Bếp & Nhà Tắm
CCNCAT0007,CCNPLT0380,Cây Trong Phòng Khách
CCNCAT0010,CCNPLT0380,Cây Trước Cửa & Hành Lang
CCNCAT0001,CCNPLT0381,Cây Cảnh Văn Phòng
CCNCAT0006,CCNPLT0381,Cây Dễ Trồng Trong Nhà
CCNCAT0002,CCNPLT0381,Cây Lọc Không Khí
CCNCAT0003,CCNPLT0381,Cây Phong Thủy
CCNCAT0014,CCNPLT0381,Cây Trồng Ban Công
CCNCAT0004,CCNPLT0381,Cây Trong Nhà
CCNCAT0007,CCNPLT0381,Cây Trong Phòng Khách
CCNCAT0001,CCNPLT0382,Cây Cảnh Văn Phòng
CCNCAT0005,CCNPLT0382,Cây Cần Ít Ánh Sáng
CCNCAT0006,CCNPLT0382,Cây Dễ Trồng Trong Nhà
CCNCAT0002,CCNPLT0382,Cây Lọc Không Khí
CCNCAT0003,CCNPLT0382,Cây Phong Thủy
CCNCAT0009,CCNPLT0382,Cây Trang Trí Nhà Cửa
CCNCAT0008,CCNPLT0382,Cây Trong Bếp & Nhà Tắm
CCNCAT0004,CCNPLT0382,Cây Trong Nhà
CCNCAT0007,CCNPLT0382,Cây Trong Phòng Khách
CCNCAT0010,CCNPLT0382,Cây Trước Cửa & Hành Lang
CCNCAT0004,CCNPLT0383,Cây Trong Nhà
CCNCAT0017,CCNPLT0383,Cây Cảnh Mini
CCNCAT0001,CCNPLT0383,Cây Cảnh Văn Phòng
CCNCAT0000,CCNPLT0383,Cây Cảnh Để Bàn
CCNCAT0004,CCNPLT0384,Cây Trong Nhà
CCNCAT0005,CCNPLT0384,Cây Cần Ít Ánh Sáng
CCNCAT0001,CCNPLT0384,Cây Cảnh Văn Phòng
CCNCAT0006,CCNPLT0384,Cây Dễ Trồng Trong Nhà
CCNCAT0002,CCNPLT0384,Cây Lọc Không Khí
CCNCAT0003,CCNPLT0384,Cây Phong Thủy
CCNCAT0014,CCNPLT0384,Cây Trồng Ban Công
CCNCAT0007,CCNPLT0384,Cây Trong Phòng Khách
CCNCAT0012,CCNPLT0385,Cây Kiểng lá
CCNCAT0000,CCNPLT0385,Cây Cảnh Để Bàn
CCNCAT0013,CCNPLT0385,Cây Nhiệt Đới
CCNCAT0009,CCNPLT0385,Cây Trang Trí Nhà Cửa
CCNCAT0004,CCNPLT0385,Cây Trong Nhà
CCNCAT0004,CCNPLT0386,Cây Trong Nhà
CCNCAT0005,CCNPLT0386,Cây Cần Ít Ánh Sáng
CCNCAT0001,CCNPLT0386,Cây Cảnh Văn Phòng
CCNCAT0006,CCNPLT0386,Cây Dễ Trồng Trong Nhà
CCNCAT0012,CCNPLT0386,Cây Kiểng lá
CCNCAT0002,CCNPLT0386,Cây Lọc Không Khí
CCNCAT0014,CCNPLT0386,Cây Trồng Ban Công
CCNCAT0008,CCNPLT0386,Cây Trong Bếp & Nhà Tắm
CCNCAT0007,CCNPLT0386,Cây Trong Phòng Khách
CCNCAT0010,CCNPLT0386,Cây Trước Cửa & Hành Lang
CCNCAT0000,CCNPLT0387,Cây Cảnh Để Bàn
CCNCAT0005,CCNPLT0387,Cây Cần Ít Ánh Sáng
CCNCAT0001,CCNPLT0387,Cây Cảnh Văn Phòng
CCNCAT0006,CCNPLT0387,Cây Dễ Trồng Trong Nhà
CCNCAT0013,CCNPLT0387,Cây Nhiệt Đới
CCNCAT0003,CCNPLT0387,Cây Phong Thủy
CCNCAT0004,CCNPLT0387,Cây Trong Nhà
CCNCAT0007,CCNPLT0387,Cây Trong Phòng Khách
CCNCAT0004,CCNPLT0388,Cây Trong Nhà
CCNCAT0005,CCNPLT0388,Cây Cần Ít Ánh Sáng
CCNCAT0001,CCNPLT0388,Cây Cảnh Văn Phòng
CCNCAT0006,CCNPLT0388,Cây Dễ Trồng Trong Nhà
CCNCAT0012,CCNPLT0388,Cây Kiểng lá
CCNCAT0002,CCNPLT0388,Cây Lọc Không Khí
CCNCAT0014,CCNPLT0388,Cây Trồng Ban Công
CCNCAT0008,CCNPLT0388,Cây Trong Bếp & Nhà Tắm
CCNCAT0007,CCNPLT0388,Cây Trong Phòng Khách
CCNCAT0010,CCNPLT0388,Cây Trước Cửa & Hành Lang
CCNCAT0001,CCNPLT0389,Cây Cảnh Văn Phòng
CCNCAT0005,CCNPLT0389,Cây Cần Ít Ánh Sáng
CCNCAT0006,CCNPLT0389,Cây Dễ Trồng Trong Nhà
CCNCAT0002,CCNPLT0389,Cây Lọc Không Khí
CCNCAT0003,CCNPLT0389,Cây Phong Thủy
CCNCAT0009,CCNPLT0389,Cây Trang Trí Nhà Cửa
CCNCAT0014,CCNPLT0389,Cây Trồng Ban Công
CCNCAT0004,CCNPLT0389,Cây Trong Nhà
CCNCAT0007,CCNPLT0389,Cây Trong Phòng Khách
CCNCAT0010,CCNPLT0389,Cây Trước Cửa & Hành Lang
CCNCAT0012,CCNPLT0390,Cây Kiểng lá
CCNCAT0013,CCNPLT0390,Cây Nhiệt Đới
CCNCAT0009,CCNPLT0390,Cây Trang Trí Nhà Cửa
CCNCAT0004,CCNPLT0390,Cây Trong Nhà
CCNCAT0007,CCNPLT0390,Cây Trong Phòng Khách
CCNCAT0004,CCNPLT0391,Cây Trong Nhà
CCNCAT0005,CCNPLT0391,Cây Cần Ít Ánh Sáng
CCNCAT0001,CCNPLT0391,Cây Cảnh Văn Phòng
CCNCAT0006,CCNPLT0391,Cây Dễ Trồng Trong Nhà
CCNCAT0012,CCNPLT0391,Cây Kiểng lá
CCNCAT0002,CCNPLT0391,Cây Lọc Không Khí
CCNCAT0014,CCNPLT0391,Cây Trồng Ban Công
CCNCAT0008,CCNPLT0391,Cây Trong Bếp & Nhà Tắm
CCNCAT0007,CCNPLT0391,Cây Trong Phòng Khách
CCNCAT0010,CCNPLT0391,Cây Trước Cửa & Hành Lang
CCNCAT0001,CCNPLT0392,Cây Cảnh Văn Phòng
CCNCAT0005,CCNPLT0392,Cây Cần Ít Ánh Sáng
CCNCAT0006,CCNPLT0392,Cây Dễ Trồng Trong Nhà
CCNCAT0003,CCNPLT0392,Cây Phong Thủy
CCNCAT0009,CCNPLT0392,Cây Trang Trí Nhà Cửa
CCNCAT0004,CCNPLT0392,Cây Trong Nhà
CCNCAT0007,CCNPLT0392,Cây Trong Phòng Khách
CCNCAT0010,CCNPLT0392,Cây Trước Cửa & Hành Lang
CCNCAT0001,CCNPLT0393,Cây Cảnh Văn Phòng
CCNCAT0005,CCNPLT0393,Cây Cần Ít Ánh Sáng
CCNCAT0011,CCNPLT0393,Cây Cao & Lớn Trong Nhà
CCNCAT0006,CCNPLT0393,Cây Dễ Trồng Trong Nhà
CCNCAT0002,CCNPLT0393,Cây Lọc Không Khí
CCNCAT0003,CCNPLT0393,Cây Phong Thủy
CCNCAT0009,CCNPLT0393,Cây Trang Trí Nhà Cửa
CCNCAT0014,CCNPLT0393,Cây Trồng Ban Công
CCNCAT0004,CCNPLT0393,Cây Trong Nhà
CCNCAT0007,CCNPLT0393,Cây Trong Phòng Khách
CCNCAT0010,CCNPLT0393,Cây Trước Cửa & Hành Lang
CCNCAT0000,CCNPLT0394,Cây Cảnh Để Bàn
CCNCAT0005,CCNPLT0394,Cây Cần Ít Ánh Sáng
CCNCAT0001,CCNPLT0394,Cây Cảnh Văn Phòng
CCNCAT0006,CCNPLT0394,Cây Dễ Trồng Trong Nhà
CCNCAT0002,CCNPLT0394,Cây Lọc Không Khí
CCNCAT0003,CCNPLT0394,Cây Phong Thủy
CCNCAT0004,CCNPLT0394,Cây Trong Nhà
CCNCAT0007,CCNPLT0394,Cây Trong Phòng Khách
CCNCAT0010,CCNPLT0394,Cây Trước Cửa & Hành Lang
CCNCAT0004,CCNPLT0395,Cây Trong Nhà
CCNCAT0001,CCNPLT0395,Cây Cảnh Văn Phòng
CCNCAT0006,CCNPLT0395,Cây Dễ Trồng Trong Nhà
CCNCAT0002,CCNPLT0395,Cây Lọc Không Khí
CCNCAT0003,CCNPLT0395,Cây Phong Thủy
CCNCAT0004,CCNPLT0396,Cây Trong Nhà
CCNCAT0001,CCNPLT0396,Cây Cảnh Văn Phòng
CCNCAT0006,CCNPLT0396,Cây Dễ Trồng Trong Nhà
CCNCAT0002,CCNPLT0396,Cây Lọc Không Khí
CCNCAT0003,CCNPLT0396,Cây Phong Thủy
CCNCAT0001,CCNPLT0397,Cây Cảnh Văn Phòng
CCNCAT0005,CCNPLT0397,Cây Cần Ít Ánh Sáng
CCNCAT0006,CCNPLT0397,Cây Dễ Trồng Trong Nhà
CCNCAT0002,CCNPLT0397,Cây Lọc Không Khí
CCNCAT0003,CCNPLT0397,Cây Phong Thủy
CCNCAT0009,CCNPLT0397,Cây Trang Trí Nhà Cửa
CCNCAT0004,CCNPLT0397,Cây Trong Nhà
CCNCAT0007,CCNPLT0397,Cây Trong Phòng Khách
CCNCAT0001,CCNPLT0398,Cây Cảnh Văn Phòng
CCNCAT0005,CCNPLT0398,Cây Cần Ít Ánh Sáng
CCNCAT0002,CCNPLT0398,Cây Lọc Không Khí
CCNCAT0003,CCNPLT0398,Cây Phong Thủy
CCNCAT0009,CCNPLT0398,Cây Trang Trí Nhà Cửa
CCNCAT0004,CCNPLT0398,Cây Trong Nhà
CCNCAT0007,CCNPLT0398,Cây Trong Phòng Khách
CCNCAT0004,CCNPLT0399,Cây Trong Nhà
CCNCAT0005,CCNPLT0399,Cây Cần Ít Ánh Sáng
CCNCAT0001,CCNPLT0399,Cây Cảnh Văn Phòng
CCNCAT0006,CCNPLT0399,Cây Dễ Trồng Trong Nhà
CCNCAT0013,CCNPLT0399,Cây Nhiệt Đới
CCNCAT0003,CCNPLT0399,Cây Phong Thủy
CCNCAT0009,CCNPLT0399,Cây Trang Trí Nhà Cửa
CCNCAT0014,CCNPLT0399,Cây Trồng Ban Công
CCNCAT0007,CCNPLT0399,Cây Trong Phòng Khách
CCNCAT0001,CCNPLT0400,Cây Cảnh Văn Phòng
CCNCAT0005,CCNPLT0400,Cây Cần Ít Ánh Sáng
CCNCAT0006,CCNPLT0400,Cây Dễ Trồng Trong Nhà
CCNCAT0002,CCNPLT0400,Cây Lọc Không Khí
CCNCAT0003,CCNPLT0400,Cây Phong Thủy
CCNCAT0009,CCNPLT0400,Cây Trang Trí Nhà Cửa
CCNCAT0008,CCNPLT0400,Cây Trong Bếp & Nhà Tắm
CCNCAT0004,CCNPLT0400,Cây Trong Nhà
CCNCAT0007,CCNPLT0400,Cây Trong Phòng Khách
CCNCAT0010,CCNPLT0400,Cây Trước Cửa & Hành Lang
CCNCAT0012,CCNPLT0401,Cây Kiểng lá
CCNCAT0013,CCNPLT0401,Cây Nhiệt Đới
CCNCAT0009,CCNPLT0401,Cây Trang Trí Nhà Cửa
CCNCAT0004,CCNPLT0401,Cây Trong Nhà
CCNCAT0007,CCNPLT0401,Cây Trong Phòng Khách
CCNCAT0001,CCNPLT0402,Cây Cảnh Văn Phòng
CCNCAT0005,CCNPLT0402,Cây Cần Ít Ánh Sáng
CCNCAT0006,CCNPLT0402,Cây Dễ Trồng Trong Nhà
CCNCAT0002,CCNPLT0402,Cây Lọc Không Khí
CCNCAT0003,CCNPLT0402,Cây Phong Thủy
CCNCAT0009,CCNPLT0402,Cây Trang Trí Nhà Cửa
CCNCAT0008,CCNPLT0402,Cây Trong Bếp & Nhà Tắm
CCNCAT0004,CCNPLT0402,Cây Trong Nhà
CCNCAT0007,CCNPLT0402,Cây Trong Phòng Khách
CCNCAT0001,CCNPLT0403,Cây Cảnh Văn Phòng
CCNCAT0005,CCNPLT0403,Cây Cần Ít Ánh Sáng
CCNCAT0011,CCNPLT0403,Cây Cao & Lớn Trong Nhà
CCNCAT0006,CCNPLT0403,Cây Dễ Trồng Trong Nhà
CCNCAT0002,CCNPLT0403,Cây Lọc Không Khí
CCNCAT0003,CCNPLT0403,Cây Phong Thủy
CCNCAT0009,CCNPLT0403,Cây Trang Trí Nhà Cửa
CCNCAT0014,CCNPLT0403,Cây Trồng Ban Công
CCNCAT0004,CCNPLT0403,Cây Trong Nhà
CCNCAT0007,CCNPLT0403,Cây Trong Phòng Khách
CCNCAT0010,CCNPLT0403,Cây Trước Cửa & Hành Lang
CCNCAT0001,CCNPLT0404,Cây Cảnh Văn Phòng
CCNCAT0005,CCNPLT0404,Cây Cần Ít Ánh Sáng
CCNCAT0006,CCNPLT0404,Cây Dễ Trồng Trong Nhà
CCNCAT0002,CCNPLT0404,Cây Lọc Không Khí
CCNCAT0003,CCNPLT0404,Cây Phong Thủy
CCNCAT0009,CCNPLT0404,Cây Trang Trí Nhà Cửa
CCNCAT0008,CCNPLT0404,Cây Trong Bếp & Nhà Tắm
CCNCAT0004,CCNPLT0404,Cây Trong Nhà
CCNCAT0007,CCNPLT0404,Cây Trong Phòng Khách
CCNCAT0001,CCNPLT0405,Cây Cảnh Văn Phòng
CCNCAT0005,CCNPLT0405,Cây Cần Ít Ánh Sáng
CCNCAT0011,CCNPLT0405,Cây Cao & Lớn Trong Nhà
CCNCAT0006,CCNPLT0405,Cây Dễ Trồng Trong Nhà
CCNCAT0002,CCNPLT0405,Cây Lọc Không Khí
CCNCAT0003,CCNPLT0405,Cây Phong Thủy
CCNCAT0014,CCNPLT0405,Cây Trồng Ban Công
CCNCAT0004,CCNPLT0405,Cây Trong Nhà
CCNCAT0007,CCNPLT0405,Cây Trong Phòng Khách
CCNCAT0010,CCNPLT0405,Cây Trước Cửa & Hành Lang
CCNCAT0001,CCNPLT0406,Cây Cảnh Văn Phòng
CCNCAT0005,CCNPLT0406,Cây Cần Ít Ánh Sáng
CCNCAT0012,CCNPLT0406,Cây Kiểng lá
CCNCAT0004,CCNPLT0406,Cây Trong Nhà
CCNCAT0004,CCNPLT0407,Cây Trong Nhà
CCNCAT0005,CCNPLT0407,Cây Cần Ít Ánh Sáng
CCNCAT0017,CCNPLT0407,Cây Cảnh Mini
CCNCAT0001,CCNPLT0407,Cây Cảnh Văn Phòng
CCNCAT0000,CCNPLT0407,Cây Cảnh Để Bàn
CCNCAT0012,CCNPLT0407,Cây Kiểng lá
CCNCAT0004,CCNPLT0408,Cây Trong Nhà
CCNCAT0005,CCNPLT0408,Cây Cần Ít Ánh Sáng
CCNCAT0001,CCNPLT0408,Cây Cảnh Văn Phòng
CCNCAT0000,CCNPLT0408,Cây Cảnh Để Bàn
CCNCAT0006,CCNPLT0408,Cây Dễ Trồng Trong Nhà
CCNCAT0013,CCNPLT0408,Cây Nhiệt Đới
CCNCAT0009,CCNPLT0408,Cây Trang Trí Nhà Cửa
CCNCAT0015,CCNPLT0408,Cây Treo Trong Nhà
CCNCAT0008,CCNPLT0408,Cây Trong Bếp & Nhà Tắm
CCNCAT0007,CCNPLT0408,Cây Trong Phòng Khách
CCNCAT0004,CCNPLT0409,Cây Trong Nhà
CCNCAT0005,CCNPLT0409,Cây Cần Ít Ánh Sáng
CCNCAT0000,CCNPLT0409,Cây Cảnh Để Bàn
CCNCAT0012,CCNPLT0409,Cây Kiểng lá
CCNCAT0001,CCNPLT0410,Cây Cảnh Văn Phòng
CCNCAT0005,CCNPLT0410,Cây Cần Ít Ánh Sáng
CCNCAT0000,CCNPLT0410,Cây Cảnh Để Bàn
CCNCAT0006,CCNPLT0410,Cây Dễ Trồng Trong Nhà
CCNCAT0012,CCNPLT0410,Cây Kiểng lá
CCNCAT0013,CCNPLT0410,Cây Nhiệt Đới
CCNCAT0003,CCNPLT0410,Cây Phong Thủy
CCNCAT0009,CCNPLT0410,Cây Trang Trí Nhà Cửa
CCNCAT0004,CCNPLT0410,Cây Trong Nhà
CCNCAT0007,CCNPLT0410,Cây Trong Phòng Khách
CCNCAT0001,CCNPLT0411,Cây Cảnh Văn Phòng
CCNCAT0005,CCNPLT0411,Cây Cần Ít Ánh Sáng
CCNCAT0011,CCNPLT0411,Cây Cao & Lớn Trong Nhà
CCNCAT0006,CCNPLT0411,Cây Dễ Trồng Trong Nhà
CCNCAT0002,CCNPLT0411,Cây Lọc Không Khí
CCNCAT0003,CCNPLT0411,Cây Phong Thủy
CCNCAT0009,CCNPLT0411,Cây Trang Trí Nhà Cửa
CCNCAT0014,CCNPLT0411,Cây Trồng Ban Công
CCNCAT0004,CCNPLT0411,Cây Trong Nhà
CCNCAT0007,CCNPLT0411,Cây Trong Phòng Khách
CCNCAT0010,CCNPLT0411,Cây Trước Cửa & Hành Lang
CCNCAT0001,CCNPLT0412,Cây Cảnh Văn Phòng
CCNCAT0005,CCNPLT0412,Cây Cần Ít Ánh Sáng
CCNCAT0006,CCNPLT0412,Cây Dễ Trồng Trong Nhà
CCNCAT0002,CCNPLT0412,Cây Lọc Không Khí
CCNCAT0003,CCNPLT0412,Cây Phong Thủy
CCNCAT0008,CCNPLT0412,Cây Trong Bếp & Nhà Tắm
CCNCAT0004,CCNPLT0412,Cây Trong Nhà
CCNCAT0007,CCNPLT0412,Cây Trong Phòng Khách
CCNCAT0010,CCNPLT0412,Cây Trước Cửa & Hành Lang
CCNCAT0001,CCNPLT0413,Cây Cảnh Văn Phòng
CCNCAT0004,CCNPLT0413,Cây Trong Nhà
CCNCAT0021,CCNPLT0413,Uncategorized
CCNCAT0000,CCNPLT0414,Cây Cảnh Để Bàn
CCNCAT0005,CCNPLT0414,Cây Cần Ít Ánh Sáng
CCNCAT0001,CCNPLT0414,Cây Cảnh Văn Phòng
CCNCAT0006,CCNPLT0414,Cây Dễ Trồng Trong Nhà
CCNCAT0012,CCNPLT0414,Cây Kiểng lá
CCNCAT0002,CCNPLT0414,Cây Lọc Không Khí
CCNCAT0009,CCNPLT0414,Cây Trang Trí Nhà Cửa
CCNCAT0004,CCNPLT0414,Cây Trong Nhà
CCNCAT0000,CCNPLT0415,Cây Cảnh Để Bàn
CCNCAT0005,CCNPLT0415,Cây Cần Ít Ánh Sáng
CCNCAT0001,CCNPLT0415,Cây Cảnh Văn Phòng
CCNCAT0006,CCNPLT0415,Cây Dễ Trồng Trong Nhà
CCNCAT0002,CCNPLT0415,Cây Lọc Không Khí
CCNCAT0003,CCNPLT0415,Cây Phong Thủy
CCNCAT0008,CCNPLT0415,Cây Trong Bếp & Nhà Tắm
CCNCAT0004,CCNPLT0415,Cây Trong Nhà
CCNCAT0004,CCNPLT0416,Cây Trong Nhà
CCNCAT0005,CCNPLT0416,Cây Cần Ít Ánh Sáng
CCNCAT0017,CCNPLT0416,Cây Cảnh Mini
CCNCAT0001,CCNPLT0416,Cây Cảnh Văn Phòng
CCNCAT0000,CCNPLT0416,Cây Cảnh Để Bàn
CCNCAT0006,CCNPLT0416,Cây Dễ Trồng Trong Nhà
CCNCAT0012,CCNPLT0416,Cây Kiểng lá
CCNCAT0004,CCNPLT0417,Cây Trong Nhà
CCNCAT0005,CCNPLT0417,Cây Cần Ít Ánh Sáng
CCNCAT0017,CCNPLT0417,Cây Cảnh Mini
CCNCAT0001,CCNPLT0417,Cây Cảnh Văn Phòng
CCNCAT0000,CCNPLT0417,Cây Cảnh Để Bàn
CCNCAT0012,CCNPLT0417,Cây Kiểng lá
CCNCAT0003,CCNPLT0417,Cây Phong Thủy
CCNCAT0000,CCNPLT0418,Cây Cảnh Để Bàn
CCNCAT0005,CCNPLT0418,Cây Cần Ít Ánh Sáng
CCNCAT0001,CCNPLT0418,Cây Cảnh Văn Phòng
CCNCAT0006,CCNPLT0418,Cây Dễ Trồng Trong Nhà
CCNCAT0002,CCNPLT0418,Cây Lọc Không Khí
CCNCAT0003,CCNPLT0418,Cây Phong Thủy
CCNCAT0004,CCNPLT0418,Cây Trong Nhà
CCNCAT0004,CCNPLT0419,Cây Trong Nhà
CCNCAT0005,CCNPLT0419,Cây Cần Ít Ánh Sáng
CCNCAT0017,CCNPLT0419,Cây Cảnh Mini
CCNCAT0001,CCNPLT0419,Cây Cảnh Văn Phòng
CCNCAT0000,CCNPLT0419,Cây Cảnh Để Bàn
CCNCAT0006,CCNPLT0419,Cây Dễ Trồng Trong Nhà
CCNCAT0003,CCNPLT0419,Cây Phong Thủy
CCNCAT0004,CCNPLT0420,Cây Trong Nhà
CCNCAT0005,CCNPLT0420,Cây Cần Ít Ánh Sáng
CCNCAT0001,CCNPLT0420,Cây Cảnh Văn Phòng
CCNCAT0006,CCNPLT0420,Cây Dễ Trồng Trong Nhà
CCNCAT0012,CCNPLT0420,Cây Kiểng lá
CCNCAT0002,CCNPLT0420,Cây Lọc Không Khí
CCNCAT0014,CCNPLT0420,Cây Trồng Ban Công
CCNCAT0008,CCNPLT0420,Cây Trong Bếp & Nhà Tắm
CCNCAT0007,CCNPLT0420,Cây Trong Phòng Khách
CCNCAT0010,CCNPLT0420,Cây Trước Cửa & Hành Lang
CCNCAT0004,CCNPLT0421,Cây Trong Nhà
CCNCAT0005,CCNPLT0421,Cây Cần Ít Ánh Sáng
CCNCAT0001,CCNPLT0421,Cây Cảnh Văn Phòng
CCNCAT0000,CCNPLT0421,Cây Cảnh Để Bàn
CCNCAT0006,CCNPLT0421,Cây Dễ Trồng Trong Nhà
CCNCAT0012,CCNPLT0421,Cây Kiểng lá
CCNCAT0004,CCNPLT0422,Cây Trong Nhà
CCNCAT0005,CCNPLT0422,Cây Cần Ít Ánh Sáng
CCNCAT0001,CCNPLT0422,Cây Cảnh Văn Phòng
CCNCAT0000,CCNPLT0422,Cây Cảnh Để Bàn
CCNCAT0012,CCNPLT0422,Cây Kiểng lá
CCNCAT0007,CCNPLT0422,Cây Trong Phòng Khách
CCNCAT0004,CCNPLT0423,Cây Trong Nhà
CCNCAT0005,CCNPLT0423,Cây Cần Ít Ánh Sáng
CCNCAT0001,CCNPLT0423,Cây Cảnh Văn Phòng
CCNCAT0006,CCNPLT0423,Cây Dễ Trồng Trong Nhà
CCNCAT0002,CCNPLT0423,Cây Lọc Không Khí
CCNCAT0003,CCNPLT0423,Cây Phong Thủy
CCNCAT0007,CCNPLT0423,Cây Trong Phòng Khách
CCNCAT0004,CCNPLT0424,Cây Trong Nhà
CCNCAT0005,CCNPLT0424,Cây Cần Ít Ánh Sáng
CCNCAT0001,CCNPLT0424,Cây Cảnh Văn Phòng
CCNCAT0006,CCNPLT0424,Cây Dễ Trồng Trong Nhà
CCNCAT0003,CCNPLT0424,Cây Phong Thủy
CCNCAT0008,CCNPLT0424,Cây Trong Bếp & Nhà Tắm
CCNCAT0007,CCNPLT0424,Cây Trong Phòng Khách
CCNCAT0010,CCNPLT0424,Cây Trước Cửa & Hành Lang
CCNCAT0004,CCNPLT0425,Cây Trong Nhà
CCNCAT0005,CCNPLT0425,Cây Cần Ít Ánh Sáng
CCNCAT0017,CCNPLT0425,Cây Cảnh Mini
CCNCAT0001,CCNPLT0425,Cây Cảnh Văn Phòng
CCNCAT0000,CCNPLT0425,Cây Cảnh Để Bàn
CCNCAT0006,CCNPLT0425,Cây Dễ Trồng Trong Nhà
CCNCAT0012,CCNPLT0425,Cây Kiểng lá
CCNCAT0004,CCNPLT0426,Cây Trong Nhà
CCNCAT0005,CCNPLT0426,Cây Cần Ít Ánh Sáng
CCNCAT0001,CCNPLT0426,Cây Cảnh Văn Phòng
CCNCAT0000,CCNPLT0426,Cây Cảnh Để Bàn
CCNCAT0006,CCNPLT0426,Cây Dễ Trồng Trong Nhà
CCNCAT0002,CCNPLT0426,Cây Lọc Không Khí
CCNCAT0013,CCNPLT0426,Cây Nhiệt Đới
CCNCAT0003,CCNPLT0426,Cây Phong Thủy
CCNCAT0009,CCNPLT0426,Cây Trang Trí Nhà Cửa
CCNCAT0007,CCNPLT0426,Cây Trong Phòng Khách
CCNCAT0001,CCNPLT0427,Cây Cảnh Văn Phòng
CCNCAT0005,CCNPLT0427,Cây Cần Ít Ánh Sáng
CCNCAT0006,CCNPLT0427,Cây Dễ Trồng Trong Nhà
CCNCAT0002,CCNPLT0427,Cây Lọc Không Khí
CCNCAT0003,CCNPLT0427,Cây Phong Thủy
CCNCAT0004,CCNPLT0427,Cây Trong Nhà
CCNCAT0007,CCNPLT0427,Cây Trong Phòng Khách
CCNCAT0000,CCNPLT0428,Cây Cảnh Để Bàn
CCNCAT0001,CCNPLT0428,Cây Cảnh Văn Phòng
CCNCAT0027,CCNPLT0428,Cây Lá Màu
CCNCAT0002,CCNPLT0428,Cây Lọc Không Khí
CCNCAT0019,CCNPLT0428,Cây Ngoài Trời
CCNCAT0003,CCNPLT0428,Cây Phong Thủy
CCNCAT0004,CCNPLT0428,Cây Trong Nhà
CCNCAT0004,CCNPLT0429,Cây Trong Nhà
CCNCAT0005,CCNPLT0429,Cây Cần Ít Ánh Sáng
CCNCAT0001,CCNPLT0429,Cây Cảnh Văn Phòng
CCNCAT0000,CCNPLT0429,Cây Cảnh Để Bàn
CCNCAT0006,CCNPLT0429,Cây Dễ Trồng Trong Nhà
CCNCAT0009,CCNPLT0429,Cây Trang Trí Nhà Cửa
CCNCAT0004,CCNPLT0430,Cây Trong Nhà
CCNCAT0005,CCNPLT0430,Cây Cần Ít Ánh Sáng
CCNCAT0017,CCNPLT0430,Cây Cảnh Mini
CCNCAT0001,CCNPLT0430,Cây Cảnh Văn Phòng
CCNCAT0000,CCNPLT0430,Cây Cảnh Để Bàn
CCNCAT0006,CCNPLT0430,Cây Dễ Trồng Trong Nhà
CCNCAT0012,CCNPLT0430,Cây Kiểng lá
CCNCAT0004,CCNPLT0431,Cây Trong Nhà
CCNCAT0005,CCNPLT0431,Cây Cần Ít Ánh Sáng
CCNCAT0001,CCNPLT0431,Cây Cảnh Văn Phòng
CCNCAT0003,CCNPLT0431,Cây Phong Thủy
CCNCAT0009,CCNPLT0431,Cây Trang Trí Nhà Cửa
CCNCAT0008,CCNPLT0431,Cây Trong Bếp & Nhà Tắm
CCNCAT0007,CCNPLT0431,Cây Trong Phòng Khách
CCNCAT0004,CCNPLT0432,Cây Trong Nhà
CCNCAT0005,CCNPLT0432,Cây Cần Ít Ánh Sáng
CCNCAT0001,CCNPLT0432,Cây Cảnh Văn Phòng
CCNCAT0000,CCNPLT0432,Cây Cảnh Để Bàn
CCNCAT0006,CCNPLT0432,Cây Dễ Trồng Trong Nhà
CCNCAT0012,CCNPLT0432,Cây Kiểng lá
CCNCAT0004,CCNPLT0433,Cây Trong Nhà
CCNCAT0005,CCNPLT0433,Cây Cần Ít Ánh Sáng
CCNCAT0000,CCNPLT0433,Cây Cảnh Để Bàn
CCNCAT0012,CCNPLT0433,Cây Kiểng lá
CCNCAT0004,CCNPLT0434,Cây Trong Nhà
CCNCAT0001,CCNPLT0434,Cây Cảnh Văn Phòng
CCNCAT0003,CCNPLT0434,Cây Phong Thủy
CCNCAT0009,CCNPLT0434,Cây Trang Trí Nhà Cửa
CCNCAT0007,CCNPLT0434,Cây Trong Phòng Khách
CCNCAT0004,CCNPLT0435,Cây Trong Nhà
CCNCAT0005,CCNPLT0435,Cây Cần Ít Ánh Sáng
CCNCAT0001,CCNPLT0435,Cây Cảnh Văn Phòng
CCNCAT0011,CCNPLT0435,Cây Cao & Lớn Trong Nhà
CCNCAT0006,CCNPLT0435,Cây Dễ Trồng Trong Nhà
CCNCAT0014,CCNPLT0435,Cây Trồng Ban Công
CCNCAT0008,CCNPLT0435,Cây Trong Bếp & Nhà Tắm
CCNCAT0010,CCNPLT0435,Cây Trước Cửa & Hành Lang
CCNCAT0004,CCNPLT0436,Cây Trong Nhà
CCNCAT0005,CCNPLT0436,Cây Cần Ít Ánh Sáng
CCNCAT0006,CCNPLT0436,Cây Dễ Trồng Trong Nhà
CCNCAT0012,CCNPLT0436,Cây Kiểng lá
CCNCAT0002,CCNPLT0436,Cây Lọc Không Khí
CCNCAT0013,CCNPLT0436,Cây Nhiệt Đới
CCNCAT0003,CCNPLT0436,Cây Phong Thủy
CCNCAT0009,CCNPLT0436,Cây Trang Trí Nhà Cửa
CCNCAT0015,CCNPLT0436,Cây Treo Trong Nhà
CCNCAT0010,CCNPLT0436,Cây Trước Cửa & Hành Lang
CCNCAT0000,CCNPLT0437,Cây Cảnh Để Bàn
CCNCAT0005,CCNPLT0437,Cây Cần Ít Ánh Sáng
CCNCAT0001,CCNPLT0437,Cây Cảnh Văn Phòng
CCNCAT0006,CCNPLT0437,Cây Dễ Trồng Trong Nhà
CCNCAT0002,CCNPLT0437,Cây Lọc Không Khí
CCNCAT0003,CCNPLT0437,Cây Phong Thủy
CCNCAT0004,CCNPLT0437,Cây Trong Nhà
CCNCAT0007,CCNPLT0437,Cây Trong Phòng Khách
CCNCAT0017,CCNPLT0438,Cây Cảnh Mini
CCNCAT0009,CCNPLT0438,Cây Trang Trí Nhà Cửa
CCNCAT0015,CCNPLT0438,Cây Treo Trong Nhà
CCNCAT0004,CCNPLT0438,Cây Trong Nhà
CCNCAT0001,CCNPLT0439,Cây Cảnh Văn Phòng
CCNCAT0005,CCNPLT0439,Cây Cần Ít Ánh Sáng
CCNCAT0006,CCNPLT0439,Cây Dễ Trồng Trong Nhà
CCNCAT0002,CCNPLT0439,Cây Lọc Không Khí
CCNCAT0003,CCNPLT0439,Cây Phong Thủy
CCNCAT0004,CCNPLT0439,Cây Trong Nhà
CCNCAT0007,CCNPLT0439,Cây Trong Phòng Khách
CCNCAT0004,CCNPLT0440,Cây Trong Nhà
CCNCAT0005,CCNPLT0440,Cây Cần Ít Ánh Sáng
CCNCAT0017,CCNPLT0440,Cây Cảnh Mini
CCNCAT0001,CCNPLT0440,Cây Cảnh Văn Phòng
CCNCAT0000,CCNPLT0440,Cây Cảnh Để Bàn
CCNCAT0006,CCNPLT0440,Cây Dễ Trồng Trong Nhà
CCNCAT0012,CCNPLT0440,Cây Kiểng lá
CCNCAT0002,CCNPLT0440,Cây Lọc Không Khí
CCNCAT0013,CCNPLT0440,Cây Nhiệt Đới
CCNCAT0003,CCNPLT0440,Cây Phong Thủy
CCNCAT0009,CCNPLT0440,Cây Trang Trí Nhà Cửa
CCNCAT0014,CCNPLT0440,Cây Trồng Ban Công
CCNCAT0008,CCNPLT0440,Cây Trong Bếp & Nhà Tắm
CCNCAT0007,CCNPLT0440,Cây Trong Phòng Khách
CCNCAT0000,CCNPLT0441,Cây Cảnh Để Bàn
CCNCAT0005,CCNPLT0441,Cây Cần Ít Ánh Sáng
CCNCAT0001,CCNPLT0441,Cây Cảnh Văn Phòng
CCNCAT0006,CCNPLT0441,Cây Dễ Trồng Trong Nhà
CCNCAT0002,CCNPLT0441,Cây Lọc Không Khí
CCNCAT0003,CCNPLT0441,Cây Phong Thủy
CCNCAT0014,CCNPLT0441,Cây Trồng Ban Công
CCNCAT0004,CCNPLT0441,Cây Trong Nhà
CCNCAT0007,CCNPLT0441,Cây Trong Phòng Khách
CCNCAT0000,CCNPLT0442,Cây Cảnh Để Bàn
CCNCAT0005,CCNPLT0442,Cây Cần Ít Ánh Sáng
CCNCAT0001,CCNPLT0442,Cây Cảnh Văn Phòng
CCNCAT0006,CCNPLT0442,Cây Dễ Trồng Trong Nhà
CCNCAT0002,CCNPLT0442,Cây Lọc Không Khí
CCNCAT0003,CCNPLT0442,Cây Phong Thủy
CCNCAT0004,CCNPLT0442,Cây Trong Nhà
CCNCAT0007,CCNPLT0442,Cây Trong Phòng Khách
CCNCAT0001,CCNPLT0443,Cây Cảnh Văn Phòng
CCNCAT0005,CCNPLT0443,Cây Cần Ít Ánh Sáng
CCNCAT0000,CCNPLT0443,Cây Cảnh Để Bàn
CCNCAT0006,CCNPLT0443,Cây Dễ Trồng Trong Nhà
CCNCAT0012,CCNPLT0443,Cây Kiểng lá
CCNCAT0013,CCNPLT0443,Cây Nhiệt Đới
CCNCAT0003,CCNPLT0443,Cây Phong Thủy
CCNCAT0014,CCNPLT0443,Cây Trồng Ban Công
CCNCAT0004,CCNPLT0443,Cây Trong Nhà
CCNCAT0007,CCNPLT0443,Cây Trong Phòng Khách
CCNCAT0000,CCNPLT0444,Cây Cảnh Để Bàn
CCNCAT0005,CCNPLT0444,Cây Cần Ít Ánh Sáng
CCNCAT0001,CCNPLT0444,Cây Cảnh Văn Phòng
CCNCAT0006,CCNPLT0444,Cây Dễ Trồng Trong Nhà
CCNCAT0002,CCNPLT0444,Cây Lọc Không Khí
CCNCAT0003,CCNPLT0444,Cây Phong Thủy
CCNCAT0009,CCNPLT0444,Cây Trang Trí Nhà Cửa
CCNCAT0004,CCNPLT0444,Cây Trong Nhà
CCNCAT0007,CCNPLT0444,Cây Trong Phòng Khách
CCNCAT0004,CCNPLT0445,Cây Trong Nhà
CCNCAT0001,CCNPLT0445,Cây Cảnh Văn Phòng
CCNCAT0006,CCNPLT0445,Cây Dễ Trồng Trong Nhà
CCNCAT0002,CCNPLT0445,Cây Lọc Không Khí
CCNCAT0003,CCNPLT0445,Cây Phong Thủy
CCNCAT0009,CCNPLT0445,Cây Trang Trí Nhà Cửa
CCNCAT0014,CCNPLT0445,Cây Trồng Ban Công
CCNCAT0008,CCNPLT0445,Cây Trong Bếp & Nhà Tắm
CCNCAT0007,CCNPLT0445,Cây Trong Phòng Khách
CCNCAT0010,CCNPLT0445,Cây Trước Cửa & Hành Lang
CCNCAT0001,CCNPLT0446,Cây Cảnh Văn Phòng
CCNCAT0005,CCNPLT0446,Cây Cần Ít Ánh Sáng
CCNCAT0006,CCNPLT0446,Cây Dễ Trồng Trong Nhà
CCNCAT0002,CCNPLT0446,Cây Lọc Không Khí
CCNCAT0003,CCNPLT0446,Cây Phong Thủy
CCNCAT0004,CCNPLT0446,Cây Trong Nhà
CCNCAT0007,CCNPLT0446,Cây Trong Phòng Khách
CCNCAT0010,CCNPLT0446,Cây Trước Cửa & Hành Lang
CCNCAT0004,CCNPLT0447,Cây Trong Nhà
CCNCAT0005,CCNPLT0447,Cây Cần Ít Ánh Sáng
CCNCAT0001,CCNPLT0447,Cây Cảnh Văn Phòng
CCNCAT0006,CCNPLT0447,Cây Dễ Trồng Trong Nhà
CCNCAT0003,CCNPLT0447,Cây Phong Thủy
CCNCAT0009,CCNPLT0447,Cây Trang Trí Nhà Cửa
CCNCAT0014,CCNPLT0447,Cây Trồng Ban Công
CCNCAT0001,CCNPLT0448,Cây Cảnh Văn Phòng
CCNCAT0005,CCNPLT0448,Cây Cần Ít Ánh Sáng
CCNCAT0006,CCNPLT0448,Cây Dễ Trồng Trong Nhà
CCNCAT0012,CCNPLT0448,Cây Kiểng lá
CCNCAT0002,CCNPLT0448,Cây Lọc Không Khí
CCNCAT0013,CCNPLT0448,Cây Nhiệt Đới
CCNCAT0003,CCNPLT0448,Cây Phong Thủy
CCNCAT0008,CCNPLT0448,Cây Trong Bếp & Nhà Tắm
CCNCAT0004,CCNPLT0448,Cây Trong Nhà
CCNCAT0007,CCNPLT0448,Cây Trong Phòng Khách
CCNCAT0004,CCNPLT0449,Cây Trong Nhà
CCNCAT0005,CCNPLT0449,Cây Cần Ít Ánh Sáng
CCNCAT0017,CCNPLT0449,Cây Cảnh Mini
CCNCAT0001,CCNPLT0449,Cây Cảnh Văn Phòng
CCNCAT0000,CCNPLT0449,Cây Cảnh Để Bàn
CCNCAT0003,CCNPLT0449,Cây Phong Thủy
CCNCAT0004,CCNPLT0450,Cây Trong Nhà
CCNCAT0005,CCNPLT0450,Cây Cần Ít Ánh Sáng
CCNCAT0017,CCNPLT0450,Cây Cảnh Mini
CCNCAT0001,CCNPLT0450,Cây Cảnh Văn Phòng
CCNCAT0000,CCNPLT0450,Cây Cảnh Để Bàn
CCNCAT0003,CCNPLT0450,Cây Phong Thủy
CCNCAT0009,CCNPLT0450,Cây Trang Trí Nhà Cửa
CCNCAT0000,CCNPLT0451,Cây Cảnh Để Bàn
CCNCAT0005,CCNPLT0451,Cây Cần Ít Ánh Sáng
CCNCAT0001,CCNPLT0451,Cây Cảnh Văn Phòng
CCNCAT0012,CCNPLT0451,Cây Kiểng lá
CCNCAT0002,CCNPLT0451,Cây Lọc Không Khí
CCNCAT0013,CCNPLT0451,Cây Nhiệt Đới
CCNCAT0009,CCNPLT0451,Cây Trang Trí Nhà Cửa
CCNCAT0008,CCNPLT0451,Cây Trong Bếp & Nhà Tắm
CCNCAT0004,CCNPLT0451,Cây Trong Nhà
CCNCAT0004,CCNPLT0452,Cây Trong Nhà
CCNCAT0005,CCNPLT0452,Cây Cần Ít Ánh Sáng
CCNCAT0001,CCNPLT0452,Cây Cảnh Văn Phòng
CCNCAT0000,CCNPLT0452,Cây Cảnh Để Bàn
CCNCAT0009,CCNPLT0452,Cây Trang Trí Nhà Cửa
CCNCAT0004,CCNPLT0453,Cây Trong Nhà
CCNCAT0005,CCNPLT0453,Cây Cần Ít Ánh Sáng
CCNCAT0001,CCNPLT0453,Cây Cảnh Văn Phòng
CCNCAT0000,CCNPLT0453,Cây Cảnh Để Bàn
CCNCAT0006,CCNPLT0453,Cây Dễ Trồng Trong Nhà
CCNCAT0013,CCNPLT0453,Cây Nhiệt Đới
CCNCAT0003,CCNPLT0453,Cây Phong Thủy
CCNCAT0009,CCNPLT0453,Cây Trang Trí Nhà Cửa
CCNCAT0004,CCNPLT0454,Cây Trong Nhà
CCNCAT0005,CCNPLT0454,Cây Cần Ít Ánh Sáng
CCNCAT0001,CCNPLT0454,Cây Cảnh Văn Phòng
CCNCAT0000,CCNPLT0454,Cây Cảnh Để Bàn
CCNCAT0006,CCNPLT0454,Cây Dễ Trồng Trong Nhà
CCNCAT0012,CCNPLT0454,Cây Kiểng lá
CCNCAT0009,CCNPLT0454,Cây Trang Trí Nhà Cửa
CCNCAT0007,CCNPLT0454,Cây Trong Phòng Khách
CCNCAT0001,CCNPLT0455,Cây Cảnh Văn Phòng
CCNCAT0005,CCNPLT0455,Cây Cần Ít Ánh Sáng
CCNCAT0006,CCNPLT0455,Cây Dễ Trồng Trong Nhà
CCNCAT0002,CCNPLT0455,Cây Lọc Không Khí
CCNCAT0003,CCNPLT0455,Cây Phong Thủy
CCNCAT0009,CCNPLT0455,Cây Trang Trí Nhà Cửa
CCNCAT0008,CCNPLT0455,Cây Trong Bếp & Nhà Tắm
CCNCAT0004,CCNPLT0455,Cây Trong Nhà
CCNCAT0007,CCNPLT0455,Cây Trong Phòng Khách
CCNCAT0010,CCNPLT0455,Cây Trước Cửa & Hành Lang
CCNCAT0004,CCNPLT0456,Cây Trong Nhà
CCNCAT0005,CCNPLT0456,Cây Cần Ít Ánh Sáng
CCNCAT0001,CCNPLT0456,Cây Cảnh Văn Phòng
CCNCAT0000,CCNPLT0456,Cây Cảnh Để Bàn
CCNCAT0006,CCNPLT0456,Cây Dễ Trồng Trong Nhà
CCNCAT0012,CCNPLT0456,Cây Kiểng lá
CCNCAT0009,CCNPLT0456,Cây Trang Trí Nhà Cửa
CCNCAT0008,CCNPLT0456,Cây Trong Bếp & Nhà Tắm
CCNCAT0007,CCNPLT0456,Cây Trong Phòng Khách
CCNCAT0000,CCNPLT0457,Cây Cảnh Để Bàn
CCNCAT0005,CCNPLT0457,Cây Cần Ít Ánh Sáng
CCNCAT0001,CCNPLT0457,Cây Cảnh Văn Phòng
CCNCAT0006,CCNPLT0457,Cây Dễ Trồng Trong Nhà
CCNCAT0002,CCNPLT0457,Cây Lọc Không Khí
CCNCAT0003,CCNPLT0457,Cây Phong Thủy
CCNCAT0009,CCNPLT0457,Cây Trang Trí Nhà Cửa
CCNCAT0004,CCNPLT0457,Cây Trong Nhà
CCNCAT0001,CCNPLT0458,Cây Cảnh Văn Phòng
CCNCAT0005,CCNPLT0458,Cây Cần Ít Ánh Sáng
CCNCAT0006,CCNPLT0458,Cây Dễ Trồng Trong Nhà
CCNCAT0002,CCNPLT0458,Cây Lọc Không Khí
CCNCAT0003,CCNPLT0458,Cây Phong Thủy
CCNCAT0004,CCNPLT0458,Cây Trong Nhà
CCNCAT0007,CCNPLT0458,Cây Trong Phòng Khách
CCNCAT0001,CCNPLT0459,Cây Cảnh Văn Phòng
CCNCAT0005,CCNPLT0459,Cây Cần Ít Ánh Sáng
CCNCAT0011,CCNPLT0459,Cây Cao & Lớn Trong Nhà
CCNCAT0006,CCNPLT0459,Cây Dễ Trồng Trong Nhà
CCNCAT0002,CCNPLT0459,Cây Lọc Không Khí
CCNCAT0003,CCNPLT0459,Cây Phong Thủy
CCNCAT0004,CCNPLT0459,Cây Trong Nhà
CCNCAT0007,CCNPLT0459,Cây Trong Phòng Khách
CCNCAT0010,CCNPLT0459,Cây Trước Cửa & Hành Lang
CCNCAT0004,CCNPLT0460,Cây Trong Nhà
CCNCAT0005,CCNPLT0460,Cây Cần Ít Ánh Sáng
CCNCAT0001,CCNPLT0460,Cây Cảnh Văn Phòng
CCNCAT0006,CCNPLT0460,Cây Dễ Trồng Trong Nhà
CCNCAT0002,CCNPLT0460,Cây Lọc Không Khí
CCNCAT0003,CCNPLT0460,Cây Phong Thủy
CCNCAT0009,CCNPLT0460,Cây Trang Trí Nhà Cửa
CCNCAT0008,CCNPLT0460,Cây Trong Bếp & Nhà Tắm
CCNCAT0007,CCNPLT0460,Cây Trong Phòng Khách
CCNCAT0004,CCNPLT0461,Cây Trong Nhà
CCNCAT0005,CCNPLT0461,Cây Cần Ít Ánh Sáng
CCNCAT0001,CCNPLT0461,Cây Cảnh Văn Phòng
CCNCAT0000,CCNPLT0461,Cây Cảnh Để Bàn
CCNCAT0006,CCNPLT0461,Cây Dễ Trồng Trong Nhà
CCNCAT0012,CCNPLT0461,Cây Kiểng lá
CCNCAT0003,CCNPLT0461,Cây Phong Thủy
CCNCAT0009,CCNPLT0461,Cây Trang Trí Nhà Cửa
CCNCAT0007,CCNPLT0461,Cây Trong Phòng Khách
CCNCAT0004,CCNPLT0462,Cây Trong Nhà
CCNCAT0001,CCNPLT0462,Cây Cảnh Văn Phòng
CCNCAT0006,CCNPLT0462,Cây Dễ Trồng Trong Nhà
CCNCAT0002,CCNPLT0462,Cây Lọc Không Khí
CCNCAT0009,CCNPLT0462,Cây Trang Trí Nhà Cửa
CCNCAT0014,CCNPLT0462,Cây Trồng Ban Công
CCNCAT0010,CCNPLT0462,Cây Trước Cửa & Hành Lang
CCNCAT0000,CCNPLT0463,Cây Cảnh Để Bàn
CCNCAT0005,CCNPLT0463,Cây Cần Ít Ánh Sáng
CCNCAT0001,CCNPLT0463,Cây Cảnh Văn Phòng
CCNCAT0006,CCNPLT0463,Cây Dễ Trồng Trong Nhà
CCNCAT0002,CCNPLT0463,Cây Lọc Không Khí
CCNCAT0003,CCNPLT0463,Cây Phong Thủy
CCNCAT0014,CCNPLT0463,Cây Trồng Ban Công
CCNCAT0004,CCNPLT0463,Cây Trong Nhà
CCNCAT0007,CCNPLT0463,Cây Trong Phòng Khách
CCNCAT0000,CCNPLT0464,Cây Cảnh Để Bàn
CCNCAT0005,CCNPLT0464,Cây Cần Ít Ánh Sáng
CCNCAT0001,CCNPLT0464,Cây Cảnh Văn Phòng
CCNCAT0006,CCNPLT0464,Cây Dễ Trồng Trong Nhà
CCNCAT0002,CCNPLT0464,Cây Lọc Không Khí
CCNCAT0003,CCNPLT0464,Cây Phong Thủy
CCNCAT0008,CCNPLT0464,Cây Trong Bếp & Nhà Tắm
CCNCAT0004,CCNPLT0464,Cây Trong Nhà
CCNCAT0007,CCNPLT0464,Cây Trong Phòng Khách
CCNCAT0004,CCNPLT0465,Cây Trong Nhà
CCNCAT0001,CCNPLT0465,Cây Cảnh Văn Phòng
CCNCAT0011,CCNPLT0465,Cây Cao & Lớn Trong Nhà
CCNCAT0006,CCNPLT0465,Cây Dễ Trồng Trong Nhà
CCNCAT0002,CCNPLT0465,Cây Lọc Không Khí
CCNCAT0009,CCNPLT0465,Cây Trang Trí Nhà Cửa
CCNCAT0008,CCNPLT0465,Cây Trong Bếp & Nhà Tắm
CCNCAT0007,CCNPLT0465,Cây Trong Phòng Khách
CCNCAT0010,CCNPLT0465,Cây Trước Cửa & Hành Lang
CCNCAT0000,CCNPLT0466,Cây Cảnh Để Bàn
CCNCAT0005,CCNPLT0466,Cây Cần Ít Ánh Sáng
CCNCAT0001,CCNPLT0466,Cây Cảnh Văn Phòng
CCNCAT0006,CCNPLT0466,Cây Dễ Trồng Trong Nhà
CCNCAT0002,CCNPLT0466,Cây Lọc Không Khí
CCNCAT0003,CCNPLT0466,Cây Phong Thủy
CCNCAT0004,CCNPLT0466,Cây Trong Nhà
CCNCAT0007,CCNPLT0466,Cây Trong Phòng Khách
CCNCAT0004,CCNPLT0467,Cây Trong Nhà
CCNCAT0001,CCNPLT0467,Cây Cảnh Văn Phòng
CCNCAT0012,CCNPLT0467,Cây Kiểng lá
CCNCAT0009,CCNPLT0467,Cây Trang Trí Nhà Cửa
CCNCAT0007,CCNPLT0467,Cây Trong Phòng Khách
CCNCAT0000,CCNPLT0468,Cây Cảnh Để Bàn
CCNCAT0005,CCNPLT0468,Cây Cần Ít Ánh Sáng
CCNCAT0017,CCNPLT0468,Cây Cảnh Mini
CCNCAT0001,CCNPLT0468,Cây Cảnh Văn Phòng
CCNCAT0006,CCNPLT0468,Cây Dễ Trồng Trong Nhà
CCNCAT0002,CCNPLT0468,Cây Lọc Không Khí
CCNCAT0003,CCNPLT0468,Cây Phong Thủy
CCNCAT0004,CCNPLT0468,Cây Trong Nhà
CCNCAT0004,CCNPLT0469,Cây Trong Nhà
CCNCAT0005,CCNPLT0469,Cây Cần Ít Ánh Sáng
CCNCAT0001,CCNPLT0469,Cây Cảnh Văn Phòng
CCNCAT0000,CCNPLT0469,Cây Cảnh Để Bàn
CCNCAT0006,CCNPLT0469,Cây Dễ Trồng Trong Nhà
CCNCAT0002,CCNPLT0469,Cây Lọc Không Khí
CCNCAT0003,CCNPLT0469,Cây Phong Thủy
CCNCAT0009,CCNPLT0469,Cây Trang Trí Nhà Cửa
CCNCAT0004,CCNPLT0470,Cây Trong Nhà
CCNCAT0005,CCNPLT0470,Cây Cần Ít Ánh Sáng
CCNCAT0001,CCNPLT0470,Cây Cảnh Văn Phòng
CCNCAT0006,CCNPLT0470,Cây Dễ Trồng Trong Nhà
CCNCAT0012,CCNPLT0470,Cây Kiểng lá
CCNCAT0002,CCNPLT0470,Cây Lọc Không Khí
CCNCAT0003,CCNPLT0470,Cây Phong Thủy
CCNCAT0009,CCNPLT0470,Cây Trang Trí Nhà Cửa
CCNCAT0014,CCNPLT0470,Cây Trồng Ban Công
CCNCAT0008,CCNPLT0470,Cây Trong Bếp & Nhà Tắm
CCNCAT0007,CCNPLT0470,Cây Trong Phòng Khách
CCNCAT0010,CCNPLT0470,Cây Trước Cửa & Hành Lang
CCNCAT0004,CCNPLT0471,Cây Trong Nhà
CCNCAT0001,CCNPLT0471,Cây Cảnh Văn Phòng
CCNCAT0011,CCNPLT0471,Cây Cao & Lớn Trong Nhà
CCNCAT0006,CCNPLT0471,Cây Dễ Trồng Trong Nhà
CCNCAT0013,CCNPLT0471,Cây Nhiệt Đới
CCNCAT0009,CCNPLT0471,Cây Trang Trí Nhà Cửa
CCNCAT0007,CCNPLT0471,Cây Trong Phòng Khách
CCNCAT0010,CCNPLT0471,Cây Trước Cửa & Hành Lang
CCNCAT0004,CCNPLT0472,Cây Trong Nhà
CCNCAT0005,CCNPLT0472,Cây Cần Ít Ánh Sáng
CCNCAT0001,CCNPLT0472,Cây Cảnh Văn Phòng
CCNCAT0006,CCNPLT0472,Cây Dễ Trồng Trong Nhà
CCNCAT0012,CCNPLT0472,Cây Kiểng lá
CCNCAT0002,CCNPLT0472,Cây Lọc Không Khí
CCNCAT0003,CCNPLT0472,Cây Phong Thủy
CCNCAT0009,CCNPLT0472,Cây Trang Trí Nhà Cửa
CCNCAT0014,CCNPLT0472,Cây Trồng Ban Công
CCNCAT0008,CCNPLT0472,Cây Trong Bếp & Nhà Tắm
CCNCAT0007,CCNPLT0472,Cây Trong Phòng Khách
CCNCAT0010,CCNPLT0472,Cây Trước Cửa & Hành Lang
CCNCAT0000,CCNPLT0473,Cây Cảnh Để Bàn
CCNCAT0005,CCNPLT0473,Cây Cần Ít Ánh Sáng
CCNCAT0001,CCNPLT0473,Cây Cảnh Văn Phòng
CCNCAT0006,CCNPLT0473,Cây Dễ Trồng Trong Nhà
CCNCAT0012,CCNPLT0473,Cây Kiểng lá
CCNCAT0002,CCNPLT0473,Cây Lọc Không Khí
CCNCAT0003,CCNPLT0473,Cây Phong Thủy
CCNCAT0008,CCNPLT0473,Cây Trong Bếp & Nhà Tắm
CCNCAT0004,CCNPLT0473,Cây Trong Nhà
CCNCAT0007,CCNPLT0473,Cây Trong Phòng Khách
CCNCAT0004,CCNPLT0474,Cây Trong Nhà
CCNCAT0005,CCNPLT0474,Cây Cần Ít Ánh Sáng
CCNCAT0001,CCNPLT0474,Cây Cảnh Văn Phòng
CCNCAT0000,CCNPLT0474,Cây Cảnh Để Bàn
CCNCAT0012,CCNPLT0474,Cây Kiểng lá
CCNCAT0009,CCNPLT0474,Cây Trang Trí Nhà Cửa
CCNCAT0000,CCNPLT0475,Cây Cảnh Để Bàn
CCNCAT0005,CCNPLT0475,Cây Cần Ít Ánh Sáng
CCNCAT0001,CCNPLT0475,Cây Cảnh Văn Phòng
CCNCAT0006,CCNPLT0475,Cây Dễ Trồng Trong Nhà
CCNCAT0002,CCNPLT0475,Cây Lọc Không Khí
CCNCAT0003,CCNPLT0475,Cây Phong Thủy
CCNCAT0008,CCNPLT0475,Cây Trong Bếp & Nhà Tắm
CCNCAT0004,CCNPLT0475,Cây Trong Nhà
CCNCAT0007,CCNPLT0475,Cây Trong Phòng Khách
CCNCAT0001,CCNPLT0476,Cây Cảnh Văn Phòng
CCNCAT0005,CCNPLT0476,Cây Cần Ít Ánh Sáng
CCNCAT0006,CCNPLT0476,Cây Dễ Trồng Trong Nhà
CCNCAT0012,CCNPLT0476,Cây Kiểng lá
CCNCAT0013,CCNPLT0476,Cây Nhiệt Đới
CCNCAT0003,CCNPLT0476,Cây Phong Thủy
CCNCAT0004,CCNPLT0476,Cây Trong Nhà
CCNCAT0007,CCNPLT0476,Cây Trong Phòng Khách
CCNCAT0004,CCNPLT0477,Cây Trong Nhà
CCNCAT0005,CCNPLT0477,Cây Cần Ít Ánh Sáng
CCNCAT0001,CCNPLT0477,Cây Cảnh Văn Phòng
CCNCAT0000,CCNPLT0477,Cây Cảnh Để Bàn
CCNCAT0006,CCNPLT0477,Cây Dễ Trồng Trong Nhà
CCNCAT0012,CCNPLT0477,Cây Kiểng lá
CCNCAT0009,CCNPLT0477,Cây Trang Trí Nhà Cửa
CCNCAT0001,CCNPLT0478,Cây Cảnh Văn Phòng
CCNCAT0005,CCNPLT0478,Cây Cần Ít Ánh Sáng
CCNCAT0000,CCNPLT0478,Cây Cảnh Để Bàn
CCNCAT0006,CCNPLT0478,Cây Dễ Trồng Trong Nhà
CCNCAT0012,CCNPLT0478,Cây Kiểng lá
CCNCAT0013,CCNPLT0478,Cây Nhiệt Đới
CCNCAT0003,CCNPLT0478,Cây Phong Thủy
CCNCAT0014,CCNPLT0478,Cây Trồng Ban Công
CCNCAT0004,CCNPLT0478,Cây Trong Nhà
CCNCAT0007,CCNPLT0478,Cây Trong Phòng Khách
CCNCAT0004,CCNPLT0479,Cây Trong Nhà
CCNCAT0000,CCNPLT0479,Cây Cảnh Để Bàn
CCNCAT0012,CCNPLT0479,Cây Kiểng lá
CCNCAT0000,CCNPLT0480,Cây Cảnh Để Bàn
CCNCAT0005,CCNPLT0480,Cây Cần Ít Ánh Sáng
CCNCAT0001,CCNPLT0480,Cây Cảnh Văn Phòng
CCNCAT0006,CCNPLT0480,Cây Dễ Trồng Trong Nhà
CCNCAT0002,CCNPLT0480,Cây Lọc Không Khí
CCNCAT0013,CCNPLT0480,Cây Nhiệt Đới
CCNCAT0003,CCNPLT0480,Cây Phong Thủy
CCNCAT0014,CCNPLT0480,Cây Trồng Ban Công
CCNCAT0004,CCNPLT0480,Cây Trong Nhà
CCNCAT0007,CCNPLT0480,Cây Trong Phòng Khách
CCNCAT0004,CCNPLT0481,Cây Trong Nhà
CCNCAT0005,CCNPLT0481,Cây Cần Ít Ánh Sáng
CCNCAT0001,CCNPLT0481,Cây Cảnh Văn Phòng
CCNCAT0000,CCNPLT0481,Cây Cảnh Để Bàn
CCNCAT0006,CCNPLT0481,Cây Dễ Trồng Trong Nhà
CCNCAT0003,CCNPLT0481,Cây Phong Thủy
CCNCAT0009,CCNPLT0481,Cây Trang Trí Nhà Cửa
CCNCAT0004,CCNPLT0482,Cây Trong Nhà
CCNCAT0005,CCNPLT0482,Cây Cần Ít Ánh Sáng
CCNCAT0001,CCNPLT0482,Cây Cảnh Văn Phòng
CCNCAT0000,CCNPLT0482,Cây Cảnh Để Bàn
CCNCAT0006,CCNPLT0482,Cây Dễ Trồng Trong Nhà
CCNCAT0002,CCNPLT0482,Cây Lọc Không Khí
CCNCAT0003,CCNPLT0482,Cây Phong Thủy
CCNCAT0009,CCNPLT0482,Cây Trang Trí Nhà Cửa
CCNCAT0000,CCNPLT0483,Cây Cảnh Để Bàn
CCNCAT0005,CCNPLT0483,Cây Cần Ít Ánh Sáng
CCNCAT0001,CCNPLT0483,Cây Cảnh Văn Phòng
CCNCAT0006,CCNPLT0483,Cây Dễ Trồng Trong Nhà
CCNCAT0002,CCNPLT0483,Cây Lọc Không Khí
CCNCAT0003,CCNPLT0483,Cây Phong Thủy
CCNCAT0004,CCNPLT0483,Cây Trong Nhà
CCNCAT0001,CCNPLT0484,Cây Cảnh Văn Phòng
CCNCAT0005,CCNPLT0484,Cây Cần Ít Ánh Sáng
CCNCAT0006,CCNPLT0484,Cây Dễ Trồng Trong Nhà
CCNCAT0002,CCNPLT0484,Cây Lọc Không Khí
CCNCAT0003,CCNPLT0484,Cây Phong Thủy
CCNCAT0009,CCNPLT0484,Cây Trang Trí Nhà Cửa
CCNCAT0014,CCNPLT0484,Cây Trồng Ban Công
CCNCAT0004,CCNPLT0484,Cây Trong Nhà
CCNCAT0007,CCNPLT0484,Cây Trong Phòng Khách
CCNCAT0010,CCNPLT0484,Cây Trước Cửa & Hành Lang
CCNCAT0004,CCNPLT0485,Cây Trong Nhà
CCNCAT0005,CCNPLT0485,Cây Cần Ít Ánh Sáng
CCNCAT0001,CCNPLT0485,Cây Cảnh Văn Phòng
CCNCAT0000,CCNPLT0485,Cây Cảnh Để Bàn
CCNCAT0003,CCNPLT0485,Cây Phong Thủy
CCNCAT0009,CCNPLT0485,Cây Trang Trí Nhà Cửa
CCNCAT0004,CCNPLT0486,Cây Trong Nhà
CCNCAT0005,CCNPLT0486,Cây Cần Ít Ánh Sáng
CCNCAT0001,CCNPLT0486,Cây Cảnh Văn Phòng
CCNCAT0000,CCNPLT0486,Cây Cảnh Để Bàn
CCNCAT0006,CCNPLT0486,Cây Dễ Trồng Trong Nhà
CCNCAT0003,CCNPLT0486,Cây Phong Thủy
CCNCAT0009,CCNPLT0486,Cây Trang Trí Nhà Cửa
CCNCAT0004,CCNPLT0487,Cây Trong Nhà
CCNCAT0005,CCNPLT0487,Cây Cần Ít Ánh Sáng
CCNCAT0001,CCNPLT0487,Cây Cảnh Văn Phòng
CCNCAT0000,CCNPLT0487,Cây Cảnh Để Bàn
CCNCAT0006,CCNPLT0487,Cây Dễ Trồng Trong Nhà
CCNCAT0012,CCNPLT0487,Cây Kiểng lá
CCNCAT0002,CCNPLT0487,Cây Lọc Không Khí
CCNCAT0003,CCNPLT0487,Cây Phong Thủy
CCNCAT0009,CCNPLT0487,Cây Trang Trí Nhà Cửa
CCNCAT0005,CCNPLT0488,Cây Cần Ít Ánh Sáng
CCNCAT0001,CCNPLT0488,Cây Cảnh Văn Phòng
CCNCAT0006,CCNPLT0488,Cây Dễ Trồng Trong Nhà
CCNCAT0012,CCNPLT0488,Cây Kiểng lá
CCNCAT0003,CCNPLT0488,Cây Phong Thủy
CCNCAT0009,CCNPLT0488,Cây Trang Trí Nhà Cửa
CCNCAT0021,CCNPLT0488,Uncategorized
CCNCAT0004,CCNPLT0489,Cây Trong Nhà
CCNCAT0005,CCNPLT0489,Cây Cần Ít Ánh Sáng
CCNCAT0001,CCNPLT0489,Cây Cảnh Văn Phòng
CCNCAT0006,CCNPLT0489,Cây Dễ Trồng Trong Nhà
CCNCAT0012,CCNPLT0489,Cây Kiểng lá
CCNCAT0003,CCNPLT0489,Cây Phong Thủy
CCNCAT0009,CCNPLT0489,Cây Trang Trí Nhà Cửa
CCNCAT0008,CCNPLT0489,Cây Trong Bếp & Nhà Tắm
CCNCAT0007,CCNPLT0489,Cây Trong Phòng Khách
CCNCAT0010,CCNPLT0489,Cây Trước Cửa & Hành Lang
CCNCAT0001,CCNPLT0490,Cây Cảnh Văn Phòng
CCNCAT0005,CCNPLT0490,Cây Cần Ít Ánh Sáng
CCNCAT0011,CCNPLT0490,Cây Cao & Lớn Trong Nhà
CCNCAT0006,CCNPLT0490,Cây Dễ Trồng Trong Nhà
CCNCAT0002,CCNPLT0490,Cây Lọc Không Khí
CCNCAT0003,CCNPLT0490,Cây Phong Thủy
CCNCAT0014,CCNPLT0490,Cây Trồng Ban Công
CCNCAT0004,CCNPLT0490,Cây Trong Nhà
CCNCAT0007,CCNPLT0490,Cây Trong Phòng Khách
CCNCAT0010,CCNPLT0490,Cây Trước Cửa & Hành Lang
CCNCAT0004,CCNPLT0491,Cây Trong Nhà
CCNCAT0001,CCNPLT0491,Cây Cảnh Văn Phòng
CCNCAT0011,CCNPLT0491,Cây Cao & Lớn Trong Nhà
CCNCAT0003,CCNPLT0491,Cây Phong Thủy
CCNCAT0009,CCNPLT0491,Cây Trang Trí Nhà Cửa
CCNCAT0014,CCNPLT0491,Cây Trồng Ban Công
CCNCAT0010,CCNPLT0491,Cây Trước Cửa & Hành Lang
CCNCAT0004,CCNPLT0492,Cây Trong Nhà
CCNCAT0001,CCNPLT0492,Cây Cảnh Văn Phòng
CCNCAT0011,CCNPLT0492,Cây Cao & Lớn Trong Nhà
CCNCAT0006,CCNPLT0492,Cây Dễ Trồng Trong Nhà
CCNCAT0002,CCNPLT0492,Cây Lọc Không Khí
CCNCAT0003,CCNPLT0492,Cây Phong Thủy
CCNCAT0009,CCNPLT0492,Cây Trang Trí Nhà Cửa
CCNCAT0014,CCNPLT0492,Cây Trồng Ban Công
CCNCAT0007,CCNPLT0492,Cây Trong Phòng Khách
CCNCAT0010,CCNPLT0492,Cây Trước Cửa & Hành Lang
CCNCAT0004,CCNPLT0493,Cây Trong Nhà
CCNCAT0001,CCNPLT0493,Cây Cảnh Văn Phòng
CCNCAT0011,CCNPLT0493,Cây Cao & Lớn Trong Nhà
CCNCAT0002,CCNPLT0493,Cây Lọc Không Khí
CCNCAT0003,CCNPLT0493,Cây Phong Thủy
CCNCAT0009,CCNPLT0493,Cây Trang Trí Nhà Cửa
CCNCAT0014,CCNPLT0493,Cây Trồng Ban Công
CCNCAT0007,CCNPLT0493,Cây Trong Phòng Khách
CCNCAT0010,CCNPLT0493,Cây Trước Cửa & Hành Lang
CCNCAT0004,CCNPLT0494,Cây Trong Nhà
CCNCAT0017,CCNPLT0494,Cây Cảnh Mini
CCNCAT0000,CCNPLT0494,Cây Cảnh Để Bàn
CCNCAT0006,CCNPLT0494,Cây Dễ Trồng Trong Nhà
CCNCAT0002,CCNPLT0494,Cây Lọc Không Khí
CCNCAT0003,CCNPLT0494,Cây Phong Thủy
CCNCAT0009,CCNPLT0494,Cây Trang Trí Nhà Cửa
CCNCAT0000,CCNPLT0495,Cây Cảnh Để Bàn
CCNCAT0005,CCNPLT0495,Cây Cần Ít Ánh Sáng
CCNCAT0001,CCNPLT0495,Cây Cảnh Văn Phòng
CCNCAT0006,CCNPLT0495,Cây Dễ Trồng Trong Nhà
CCNCAT0002,CCNPLT0495,Cây Lọc Không Khí
CCNCAT0003,CCNPLT0495,Cây Phong Thủy
CCNCAT0008,CCNPLT0495,Cây Trong Bếp & Nhà Tắm
CCNCAT0004,CCNPLT0495,Cây Trong Nhà
CCNCAT0007,CCNPLT0495,Cây Trong Phòng Khách
CCNCAT0004,CCNPLT0496,Cây Trong Nhà
CCNCAT0005,CCNPLT0496,Cây Cần Ít Ánh Sáng
CCNCAT0001,CCNPLT0496,Cây Cảnh Văn Phòng
CCNCAT0000,CCNPLT0496,Cây Cảnh Để Bàn
CCNCAT0006,CCNPLT0496,Cây Dễ Trồng Trong Nhà
CCNCAT0002,CCNPLT0496,Cây Lọc Không Khí
CCNCAT0003,CCNPLT0496,Cây Phong Thủy
CCNCAT0001,CCNPLT0497,Cây Cảnh Văn Phòng
CCNCAT0005,CCNPLT0497,Cây Cần Ít Ánh Sáng
CCNCAT0011,CCNPLT0497,Cây Cao & Lớn Trong Nhà
CCNCAT0006,CCNPLT0497,Cây Dễ Trồng Trong Nhà
CCNCAT0002,CCNPLT0497,Cây Lọc Không Khí
CCNCAT0003,CCNPLT0497,Cây Phong Thủy
CCNCAT0009,CCNPLT0497,Cây Trang Trí Nhà Cửa
CCNCAT0014,CCNPLT0497,Cây Trồng Ban Công
CCNCAT0004,CCNPLT0497,Cây Trong Nhà
CCNCAT0007,CCNPLT0497,Cây Trong Phòng Khách
CCNCAT0010,CCNPLT0497,Cây Trước Cửa & Hành Lang
CCNCAT0004,CCNPLT0498,Cây Trong Nhà
CCNCAT0001,CCNPLT0498,Cây Cảnh Văn Phòng
CCNCAT0011,CCNPLT0498,Cây Cao & Lớn Trong Nhà
CCNCAT0006,CCNPLT0498,Cây Dễ Trồng Trong Nhà
CCNCAT0002,CCNPLT0498,Cây Lọc Không Khí
CCNCAT0009,CCNPLT0498,Cây Trang Trí Nhà Cửa
CCNCAT0008,CCNPLT0498,Cây Trong Bếp & Nhà Tắm
CCNCAT0007,CCNPLT0498,Cây Trong Phòng Khách
CCNCAT0010,CCNPLT0498,Cây Trước Cửa & Hành Lang
CCNCAT0004,CCNPLT0499,Cây Trong Nhà
CCNCAT0011,CCNPLT0499,Cây Cao & Lớn Trong Nhà
CCNCAT0003,CCNPLT0499,Cây Phong Thủy
CCNCAT0009,CCNPLT0499,Cây Trang Trí Nhà Cửa
CCNCAT0014,CCNPLT0499,Cây Trồng Ban Công
CCNCAT0010,CCNPLT0499,Cây Trước Cửa & Hành Lang
CCNCAT0001,CCNPLT0500,Cây Cảnh Văn Phòng
CCNCAT0005,CCNPLT0500,Cây Cần Ít Ánh Sáng
CCNCAT0011,CCNPLT0500,Cây Cao & Lớn Trong Nhà
CCNCAT0006,CCNPLT0500,Cây Dễ Trồng Trong Nhà
CCNCAT0002,CCNPLT0500,Cây Lọc Không Khí
CCNCAT0003,CCNPLT0500,Cây Phong Thủy
CCNCAT0009,CCNPLT0500,Cây Trang Trí Nhà Cửa
CCNCAT0014,CCNPLT0500,Cây Trồng Ban Công
CCNCAT0004,CCNPLT0500,Cây Trong Nhà
CCNCAT0007,CCNPLT0500,Cây Trong Phòng Khách
CCNCAT0010,CCNPLT0500,Cây Trước Cửa & Hành Lang
CCNCAT0004,CCNPLT0501,Cây Trong Nhà
CCNCAT0005,CCNPLT0501,Cây Cần Ít Ánh Sáng
CCNCAT0006,CCNPLT0501,Cây Dễ Trồng Trong Nhà
CCNCAT0012,CCNPLT0501,Cây Kiểng lá
CCNCAT0002,CCNPLT0501,Cây Lọc Không Khí
CCNCAT0009,CCNPLT0501,Cây Trang Trí Nhà Cửa
CCNCAT0015,CCNPLT0501,Cây Treo Trong Nhà
CCNCAT0014,CCNPLT0501,Cây Trồng Ban Công
CCNCAT0008,CCNPLT0501,Cây Trong Bếp & Nhà Tắm
CCNCAT0007,CCNPLT0501,Cây Trong Phòng Khách
CCNCAT0004,CCNPLT0502,Cây Trong Nhà
CCNCAT0005,CCNPLT0502,Cây Cần Ít Ánh Sáng
CCNCAT0001,CCNPLT0502,Cây Cảnh Văn Phòng
CCNCAT0000,CCNPLT0502,Cây Cảnh Để Bàn
CCNCAT0009,CCNPLT0502,Cây Trang Trí Nhà Cửa
CCNCAT0007,CCNPLT0502,Cây Trong Phòng Khách
CCNCAT0004,CCNPLT0503,Cây Trong Nhà
CCNCAT0005,CCNPLT0503,Cây Cần Ít Ánh Sáng
CCNCAT0001,CCNPLT0503,Cây Cảnh Văn Phòng
CCNCAT0000,CCNPLT0503,Cây Cảnh Để Bàn
CCNCAT0006,CCNPLT0503,Cây Dễ Trồng Trong Nhà
CCNCAT0012,CCNPLT0503,Cây Kiểng lá
CCNCAT0009,CCNPLT0503,Cây Trang Trí Nhà Cửa
CCNCAT0007,CCNPLT0503,Cây Trong Phòng Khách
CCNCAT0001,CCNPLT0504,Cây Cảnh Văn Phòng
CCNCAT0005,CCNPLT0504,Cây Cần Ít Ánh Sáng
CCNCAT0006,CCNPLT0504,Cây Dễ Trồng Trong Nhà
CCNCAT0002,CCNPLT0504,Cây Lọc Không Khí
CCNCAT0003,CCNPLT0504,Cây Phong Thủy
CCNCAT0009,CCNPLT0504,Cây Trang Trí Nhà Cửa
CCNCAT0014,CCNPLT0504,Cây Trồng Ban Công
CCNCAT0004,CCNPLT0504,Cây Trong Nhà
CCNCAT0007,CCNPLT0504,Cây Trong Phòng Khách
CCNCAT0010,CCNPLT0504,Cây Trước Cửa & Hành Lang
CCNCAT0004,CCNPLT0505,Cây Trong Nhà
CCNCAT0005,CCNPLT0505,Cây Cần Ít Ánh Sáng
CCNCAT0001,CCNPLT0505,Cây Cảnh Văn Phòng
CCNCAT0006,CCNPLT0505,Cây Dễ Trồng Trong Nhà
CCNCAT0012,CCNPLT0505,Cây Kiểng lá
CCNCAT0013,CCNPLT0505,Cây Nhiệt Đới
CCNCAT0003,CCNPLT0505,Cây Phong Thủy
CCNCAT0009,CCNPLT0505,Cây Trang Trí Nhà Cửa
CCNCAT0014,CCNPLT0505,Cây Trồng Ban Công
CCNCAT0007,CCNPLT0505,Cây Trong Phòng Khách
CCNCAT0000,CCNPLT0506,Cây Cảnh Để Bàn
CCNCAT0005,CCNPLT0506,Cây Cần Ít Ánh Sáng
CCNCAT0001,CCNPLT0506,Cây Cảnh Văn Phòng
CCNCAT0006,CCNPLT0506,Cây Dễ Trồng Trong Nhà
CCNCAT0012,CCNPLT0506,Cây Kiểng lá
CCNCAT0013,CCNPLT0506,Cây Nhiệt Đới
CCNCAT0009,CCNPLT0506,Cây Trang Trí Nhà Cửa
CCNCAT0004,CCNPLT0506,Cây Trong Nhà
CCNCAT0007,CCNPLT0506,Cây Trong Phòng Khách
CCNCAT0000,CCNPLT0507,Cây Cảnh Để Bàn
CCNCAT0005,CCNPLT0507,Cây Cần Ít Ánh Sáng
CCNCAT0001,CCNPLT0507,Cây Cảnh Văn Phòng
CCNCAT0006,CCNPLT0507,Cây Dễ Trồng Trong Nhà
CCNCAT0012,CCNPLT0507,Cây Kiểng lá
CCNCAT0002,CCNPLT0507,Cây Lọc Không Khí
CCNCAT0013,CCNPLT0507,Cây Nhiệt Đới
CCNCAT0003,CCNPLT0507,Cây Phong Thủy
CCNCAT0004,CCNPLT0507,Cây Trong Nhà
CCNCAT0004,CCNPLT0508,Cây Trong Nhà
CCNCAT0005,CCNPLT0508,Cây Cần Ít Ánh Sáng
CCNCAT0001,CCNPLT0508,Cây Cảnh Văn Phòng
CCNCAT0006,CCNPLT0508,Cây Dễ Trồng Trong Nhà
CCNCAT0002,CCNPLT0508,Cây Lọc Không Khí
CCNCAT0003,CCNPLT0508,Cây Phong Thủy
CCNCAT0009,CCNPLT0508,Cây Trang Trí Nhà Cửa
CCNCAT0014,CCNPLT0508,Cây Trồng Ban Công
CCNCAT0008,CCNPLT0508,Cây Trong Bếp & Nhà Tắm
CCNCAT0007,CCNPLT0508,Cây Trong Phòng Khách
CCNCAT0010,CCNPLT0508,Cây Trước Cửa & Hành Lang
CCNCAT0004,CCNPLT0509,Cây Trong Nhà
CCNCAT0005,CCNPLT0509,Cây Cần Ít Ánh Sáng
CCNCAT0001,CCNPLT0509,Cây Cảnh Văn Phòng
CCNCAT0006,CCNPLT0509,Cây Dễ Trồng Trong Nhà
CCNCAT0002,CCNPLT0509,Cây Lọc Không Khí
CCNCAT0003,CCNPLT0509,Cây Phong Thủy
CCNCAT0009,CCNPLT0509,Cây Trang Trí Nhà Cửa
CCNCAT0014,CCNPLT0509,Cây Trồng Ban Công
CCNCAT0008,CCNPLT0509,Cây Trong Bếp & Nhà Tắm
CCNCAT0007,CCNPLT0509,Cây Trong Phòng Khách
CCNCAT0010,CCNPLT0509,Cây Trước Cửa & Hành Lang
CCNCAT0001,CCNPLT0510,Cây Cảnh Văn Phòng
CCNCAT0005,CCNPLT0510,Cây Cần Ít Ánh Sáng
CCNCAT0011,CCNPLT0510,Cây Cao & Lớn Trong Nhà
CCNCAT0006,CCNPLT0510,Cây Dễ Trồng Trong Nhà
CCNCAT0002,CCNPLT0510,Cây Lọc Không Khí
CCNCAT0003,CCNPLT0510,Cây Phong Thủy
CCNCAT0009,CCNPLT0510,Cây Trang Trí Nhà Cửa
CCNCAT0008,CCNPLT0510,Cây Trong Bếp & Nhà Tắm
CCNCAT0004,CCNPLT0510,Cây Trong Nhà
CCNCAT0007,CCNPLT0510,Cây Trong Phòng Khách
CCNCAT0010,CCNPLT0510,Cây Trước Cửa & Hành Lang
CCNCAT0000,CCNPLT0511,Cây Cảnh Để Bàn
CCNCAT0005,CCNPLT0511,Cây Cần Ít Ánh Sáng
CCNCAT0001,CCNPLT0511,Cây Cảnh Văn Phòng
CCNCAT0006,CCNPLT0511,Cây Dễ Trồng Trong Nhà
CCNCAT0002,CCNPLT0511,Cây Lọc Không Khí
CCNCAT0003,CCNPLT0511,Cây Phong Thủy
CCNCAT0009,CCNPLT0511,Cây Trang Trí Nhà Cửa
CCNCAT0004,CCNPLT0511,Cây Trong Nhà
CCNCAT0007,CCNPLT0511,Cây Trong Phòng Khách
CCNCAT0001,CCNPLT0512,Cây Cảnh Văn Phòng
CCNCAT0002,CCNPLT0512,Cây Lọc Không Khí
CCNCAT0003,CCNPLT0512,Cây Phong Thủy
CCNCAT0014,CCNPLT0512,Cây Trồng Ban Công
CCNCAT0004,CCNPLT0512,Cây Trong Nhà
CCNCAT0007,CCNPLT0512,Cây Trong Phòng Khách
CCNCAT0004,CCNPLT0513,Cây Trong Nhà
CCNCAT0001,CCNPLT0513,Cây Cảnh Văn Phòng
CCNCAT0011,CCNPLT0513,Cây Cao & Lớn Trong Nhà
CCNCAT0002,CCNPLT0513,Cây Lọc Không Khí
CCNCAT0003,CCNPLT0513,Cây Phong Thủy
CCNCAT0009,CCNPLT0513,Cây Trang Trí Nhà Cửa
CCNCAT0014,CCNPLT0513,Cây Trồng Ban Công
CCNCAT0010,CCNPLT0513,Cây Trước Cửa & Hành Lang
CCNCAT0004,CCNPLT0514,Cây Trong Nhà
CCNCAT0001,CCNPLT0514,Cây Cảnh Văn Phòng
CCNCAT0002,CCNPLT0514,Cây Lọc Không Khí
CCNCAT0003,CCNPLT0514,Cây Phong Thủy
CCNCAT0009,CCNPLT0514,Cây Trang Trí Nhà Cửa
CCNCAT0014,CCNPLT0514,Cây Trồng Ban Công
CCNCAT0007,CCNPLT0514,Cây Trong Phòng Khách
CCNCAT0010,CCNPLT0514,Cây Trước Cửa & Hành Lang
CCNCAT0000,CCNPLT0515,Cây Cảnh Để Bàn
CCNCAT0005,CCNPLT0515,Cây Cần Ít Ánh Sáng
CCNCAT0006,CCNPLT0515,Cây Dễ Trồng Trong Nhà
CCNCAT0012,CCNPLT0515,Cây Kiểng lá
CCNCAT0013,CCNPLT0515,Cây Nhiệt Đới
CCNCAT0004,CCNPLT0515,Cây Trong Nhà
CCNCAT0000,CCNPLT0516,Cây Cảnh Để Bàn
CCNCAT0005,CCNPLT0516,Cây Cần Ít Ánh Sáng
CCNCAT0006,CCNPLT0516,Cây Dễ Trồng Trong Nhà
CCNCAT0012,CCNPLT0516,Cây Kiểng lá
CCNCAT0013,CCNPLT0516,Cây Nhiệt Đới
CCNCAT0004,CCNPLT0516,Cây Trong Nhà
CCNCAT0000,CCNPLT0517,Cây Cảnh Để Bàn
CCNCAT0005,CCNPLT0517,Cây Cần Ít Ánh Sáng
CCNCAT0006,CCNPLT0517,Cây Dễ Trồng Trong Nhà
CCNCAT0012,CCNPLT0517,Cây Kiểng lá
CCNCAT0013,CCNPLT0517,Cây Nhiệt Đới
CCNCAT0004,CCNPLT0517,Cây Trong Nhà
CCNCAT0004,CCNPLT0518,Cây Trong Nhà
CCNCAT0005,CCNPLT0518,Cây Cần Ít Ánh Sáng
CCNCAT0000,CCNPLT0518,Cây Cảnh Để Bàn
CCNCAT0006,CCNPLT0518,Cây Dễ Trồng Trong Nhà
CCNCAT0012,CCNPLT0518,Cây Kiểng lá
CCNCAT0013,CCNPLT0518,Cây Nhiệt Đới
CCNCAT0001,CCNPLT0519,Cây Cảnh Văn Phòng
CCNCAT0005,CCNPLT0519,Cây Cần Ít Ánh Sáng
CCNCAT0011,CCNPLT0519,Cây Cao & Lớn Trong Nhà
CCNCAT0006,CCNPLT0519,Cây Dễ Trồng Trong Nhà
CCNCAT0002,CCNPLT0519,Cây Lọc Không Khí
CCNCAT0003,CCNPLT0519,Cây Phong Thủy
CCNCAT0009,CCNPLT0519,Cây Trang Trí Nhà Cửa
CCNCAT0014,CCNPLT0519,Cây Trồng Ban Công
CCNCAT0004,CCNPLT0519,Cây Trong Nhà
CCNCAT0007,CCNPLT0519,Cây Trong Phòng Khách
CCNCAT0010,CCNPLT0519,Cây Trước Cửa & Hành Lang
CCNCAT0004,CCNPLT0520,Cây Trong Nhà
CCNCAT0001,CCNPLT0520,Cây Cảnh Văn Phòng
CCNCAT0006,CCNPLT0520,Cây Dễ Trồng Trong Nhà
CCNCAT0002,CCNPLT0520,Cây Lọc Không Khí
CCNCAT0009,CCNPLT0520,Cây Trang Trí Nhà Cửa
CCNCAT0014,CCNPLT0520,Cây Trồng Ban Công
CCNCAT0010,CCNPLT0520,Cây Trước Cửa & Hành Lang
CCNCAT0001,CCNPLT0521,Cây Cảnh Văn Phòng
CCNCAT0005,CCNPLT0521,Cây Cần Ít Ánh Sáng
CCNCAT0011,CCNPLT0521,Cây Cao & Lớn Trong Nhà
CCNCAT0006,CCNPLT0521,Cây Dễ Trồng Trong Nhà
CCNCAT0002,CCNPLT0521,Cây Lọc Không Khí
CCNCAT0003,CCNPLT0521,Cây Phong Thủy
CCNCAT0014,CCNPLT0521,Cây Trồng Ban Công
CCNCAT0004,CCNPLT0521,Cây Trong Nhà
CCNCAT0007,CCNPLT0521,Cây Trong Phòng Khách
CCNCAT0010,CCNPLT0521,Cây Trước Cửa & Hành Lang
CCNCAT0004,CCNPLT0522,Cây Trong Nhà
CCNCAT0001,CCNPLT0522,Cây Cảnh Văn Phòng
CCNCAT0011,CCNPLT0522,Cây Cao & Lớn Trong Nhà
CCNCAT0006,CCNPLT0522,Cây Dễ Trồng Trong Nhà
CCNCAT0013,CCNPLT0522,Cây Nhiệt Đới
CCNCAT0009,CCNPLT0522,Cây Trang Trí Nhà Cửa
CCNCAT0007,CCNPLT0522,Cây Trong Phòng Khách
CCNCAT0010,CCNPLT0522,Cây Trước Cửa & Hành Lang
CCNCAT0004,CCNPLT0523,Cây Trong Nhà
CCNCAT0001,CCNPLT0523,Cây Cảnh Văn Phòng
CCNCAT0011,CCNPLT0523,Cây Cao & Lớn Trong Nhà
CCNCAT0006,CCNPLT0523,Cây Dễ Trồng Trong Nhà
CCNCAT0013,CCNPLT0523,Cây Nhiệt Đới
CCNCAT0009,CCNPLT0523,Cây Trang Trí Nhà Cửa
CCNCAT0007,CCNPLT0523,Cây Trong Phòng Khách
CCNCAT0010,CCNPLT0523,Cây Trước Cửa & Hành Lang
CCNCAT0001,CCNPLT0524,Cây Cảnh Văn Phòng
CCNCAT0005,CCNPLT0524,Cây Cần Ít Ánh Sáng
CCNCAT0011,CCNPLT0524,Cây Cao & Lớn Trong Nhà
CCNCAT0006,CCNPLT0524,Cây Dễ Trồng Trong Nhà
CCNCAT0002,CCNPLT0524,Cây Lọc Không Khí
CCNCAT0013,CCNPLT0524,Cây Nhiệt Đới
CCNCAT0004,CCNPLT0524,Cây Trong Nhà
CCNCAT0007,CCNPLT0524,Cây Trong Phòng Khách
CCNCAT0001,CCNPLT0525,Cây Cảnh Văn Phòng
CCNCAT0005,CCNPLT0525,Cây Cần Ít Ánh Sáng
CCNCAT0011,CCNPLT0525,Cây Cao & Lớn Trong Nhà
CCNCAT0006,CCNPLT0525,Cây Dễ Trồng Trong Nhà
CCNCAT0002,CCNPLT0525,Cây Lọc Không Khí
CCNCAT0003,CCNPLT0525,Cây Phong Thủy
CCNCAT0004,CCNPLT0525,Cây Trong Nhà
CCNCAT0007,CCNPLT0525,Cây Trong Phòng Khách
CCNCAT0010,CCNPLT0525,Cây Trước Cửa & Hành Lang
CCNCAT0004,CCNPLT0526,Cây Trong Nhà
CCNCAT0001,CCNPLT0526,Cây Cảnh Văn Phòng
CCNCAT0011,CCNPLT0526,Cây Cao & Lớn Trong Nhà
CCNCAT0006,CCNPLT0526,Cây Dễ Trồng Trong Nhà
CCNCAT0013,CCNPLT0526,Cây Nhiệt Đới
CCNCAT0009,CCNPLT0526,Cây Trang Trí Nhà Cửa
CCNCAT0007,CCNPLT0526,Cây Trong Phòng Khách
CCNCAT0010,CCNPLT0526,Cây Trước Cửa & Hành Lang
CCNCAT0004,CCNPLT0527,Cây Trong Nhà
CCNCAT0001,CCNPLT0527,Cây Cảnh Văn Phòng
CCNCAT0011,CCNPLT0527,Cây Cao & Lớn Trong Nhà
CCNCAT0006,CCNPLT0527,Cây Dễ Trồng Trong Nhà
CCNCAT0013,CCNPLT0527,Cây Nhiệt Đới
CCNCAT0009,CCNPLT0527,Cây Trang Trí Nhà Cửa
CCNCAT0007,CCNPLT0527,Cây Trong Phòng Khách
CCNCAT0010,CCNPLT0527,Cây Trước Cửa & Hành Lang
CCNCAT0001,CCNPLT0528,Cây Cảnh Văn Phòng
CCNCAT0011,CCNPLT0528,Cây Cao & Lớn Trong Nhà
CCNCAT0006,CCNPLT0528,Cây Dễ Trồng Trong Nhà
CCNCAT0002,CCNPLT0528,Cây Lọc Không Khí
CCNCAT0003,CCNPLT0528,Cây Phong Thủy
CCNCAT0004,CCNPLT0528,Cây Trong Nhà
CCNCAT0007,CCNPLT0528,Cây Trong Phòng Khách
CCNCAT0010,CCNPLT0528,Cây Trước Cửa & Hành Lang
CCNCAT0004,CCNPLT0529,Cây Trong Nhà
CCNCAT0012,CCNPLT0529,Cây Kiểng lá
CCNCAT0004,CCNPLT0530,Cây Trong Nhà
CCNCAT0000,CCNPLT0530,Cây Cảnh Để Bàn
CCNCAT0012,CCNPLT0530,Cây Kiểng lá
CCNCAT0004,CCNPLT0531,Cây Trong Nhà
CCNCAT0012,CCNPLT0531,Cây Kiểng lá
CCNCAT0012,CCNPLT0532,Cây Kiểng lá
CCNCAT0004,CCNPLT0532,Cây Trong Nhà
CCNCAT0016,CCNPLT0533,Cây Thủy Sinh
CCNCAT0005,CCNPLT0533,Cây Cần Ít Ánh Sáng
CCNCAT0001,CCNPLT0533,Cây Cảnh Văn Phòng
CCNCAT0000,CCNPLT0533,Cây Cảnh Để Bàn
CCNCAT0006,CCNPLT0533,Cây Dễ Trồng Trong Nhà
CCNCAT0002,CCNPLT0533,Cây Lọc Không Khí
CCNCAT0003,CCNPLT0533,Cây Phong Thủy
CCNCAT0004,CCNPLT0533,Cây Trong Nhà
CCNCAT0007,CCNPLT0533,Cây Trong Phòng Khách
CCNCAT0016,CCNPLT0534,Cây Thủy Sinh
CCNCAT0005,CCNPLT0534,Cây Cần Ít Ánh Sáng
CCNCAT0001,CCNPLT0534,Cây Cảnh Văn Phòng
CCNCAT0000,CCNPLT0534,Cây Cảnh Để Bàn
CCNCAT0006,CCNPLT0534,Cây Dễ Trồng Trong Nhà
CCNCAT0002,CCNPLT0534,Cây Lọc Không Khí
CCNCAT0003,CCNPLT0534,Cây Phong Thủy
CCNCAT0004,CCNPLT0534,Cây Trong Nhà
CCNCAT0016,CCNPLT0535,Cây Thủy Sinh
CCNCAT0005,CCNPLT0535,Cây Cần Ít Ánh Sáng
CCNCAT0001,CCNPLT0535,Cây Cảnh Văn Phòng
CCNCAT0000,CCNPLT0535,Cây Cảnh Để Bàn
CCNCAT0006,CCNPLT0535,Cây Dễ Trồng Trong Nhà
CCNCAT0002,CCNPLT0535,Cây Lọc Không Khí
CCNCAT0003,CCNPLT0535,Cây Phong Thủy
CCNCAT0004,CCNPLT0535,Cây Trong Nhà
CCNCAT0016,CCNPLT0536,Cây Thủy Sinh
CCNCAT0005,CCNPLT0536,Cây Cần Ít Ánh Sáng
CCNCAT0017,CCNPLT0536,Cây Cảnh Mini
CCNCAT0001,CCNPLT0536,Cây Cảnh Văn Phòng
CCNCAT0000,CCNPLT0536,Cây Cảnh Để Bàn
CCNCAT0006,CCNPLT0536,Cây Dễ Trồng Trong Nhà
CCNCAT0002,CCNPLT0536,Cây Lọc Không Khí
CCNCAT0003,CCNPLT0536,Cây Phong Thủy
CCNCAT0004,CCNPLT0536,Cây Trong Nhà
CCNCAT0007,CCNPLT0536,Cây Trong Phòng Khách
CCNCAT0016,CCNPLT0537,Cây Thủy Sinh
CCNCAT0005,CCNPLT0537,Cây Cần Ít Ánh Sáng
CCNCAT0001,CCNPLT0537,Cây Cảnh Văn Phòng
CCNCAT0000,CCNPLT0537,Cây Cảnh Để Bàn
CCNCAT0006,CCNPLT0537,Cây Dễ Trồng Trong Nhà
CCNCAT0012,CCNPLT0537,Cây Kiểng lá
CCNCAT0002,CCNPLT0537,Cây Lọc Không Khí
CCNCAT0003,CCNPLT0537,Cây Phong Thủy
CCNCAT0004,CCNPLT0537,Cây Trong Nhà
CCNCAT0016,CCNPLT0538,Cây Thủy Sinh
CCNCAT0005,CCNPLT0538,Cây Cần Ít Ánh Sáng
CCNCAT0001,CCNPLT0538,Cây Cảnh Văn Phòng
CCNCAT0000,CCNPLT0538,Cây Cảnh Để Bàn
CCNCAT0006,CCNPLT0538,Cây Dễ Trồng Trong Nhà
CCNCAT0002,CCNPLT0538,Cây Lọc Không Khí
CCNCAT0003,CCNPLT0538,Cây Phong Thủy
CCNCAT0004,CCNPLT0538,Cây Trong Nhà
CCNCAT0007,CCNPLT0538,Cây Trong Phòng Khách
CCNCAT0016,CCNPLT0539,Cây Thủy Sinh
CCNCAT0005,CCNPLT0539,Cây Cần Ít Ánh Sáng
CCNCAT0001,CCNPLT0539,Cây Cảnh Văn Phòng
CCNCAT0000,CCNPLT0539,Cây Cảnh Để Bàn
CCNCAT0006,CCNPLT0539,Cây Dễ Trồng Trong Nhà
CCNCAT0012,CCNPLT0539,Cây Kiểng lá
CCNCAT0002,CCNPLT0539,Cây Lọc Không Khí
CCNCAT0003,CCNPLT0539,Cây Phong Thủy
CCNCAT0004,CCNPLT0539,Cây Trong Nhà
CCNCAT0016,CCNPLT0540,Cây Thủy Sinh
CCNCAT0005,CCNPLT0540,Cây Cần Ít Ánh Sáng
CCNCAT0001,CCNPLT0540,Cây Cảnh Văn Phòng
CCNCAT0000,CCNPLT0540,Cây Cảnh Để Bàn
CCNCAT0006,CCNPLT0540,Cây Dễ Trồng Trong Nhà
CCNCAT0002,CCNPLT0540,Cây Lọc Không Khí
CCNCAT0003,CCNPLT0540,Cây Phong Thủy
CCNCAT0004,CCNPLT0540,Cây Trong Nhà
CCNCAT0007,CCNPLT0540,Cây Trong Phòng Khách
CCNCAT0004,CCNPLT0541,Cây Trong Nhà
CCNCAT0017,CCNPLT0541,Cây Cảnh Mini
CCNCAT0012,CCNPLT0541,Cây Kiểng lá
CCNCAT0003,CCNPLT0542,Cây Phong Thủy
CCNCAT0009,CCNPLT0542,Cây Trang Trí Nhà Cửa
CCNCAT0004,CCNPLT0543,Cây Trong Nhà
CCNCAT0012,CCNPLT0543,Cây Kiểng lá
CCNCAT0012,CCNPLT0544,Cây Kiểng lá
CCNCAT0000,CCNPLT0544,Cây Cảnh Để Bàn
CCNCAT0004,CCNPLT0544,Cây Trong Nhà
CCNCAT0004,CCNPLT0545,Cây Trong Nhà
CCNCAT0012,CCNPLT0545,Cây Kiểng lá
CCNCAT0003,CCNPLT0546,Cây Phong Thủy
CCNCAT0005,CCNPLT0546,Cây Cần Ít Ánh Sáng
CCNCAT0001,CCNPLT0546,Cây Cảnh Văn Phòng
CCNCAT0000,CCNPLT0546,Cây Cảnh Để Bàn
CCNCAT0006,CCNPLT0546,Cây Dễ Trồng Trong Nhà
CCNCAT0004,CCNPLT0546,Cây Trong Nhà
CCNCAT0007,CCNPLT0546,Cây Trong Phòng Khách
CCNCAT0010,CCNPLT0546,Cây Trước Cửa & Hành Lang
CCNCAT0004,CCNPLT0547,Cây Trong Nhà
CCNCAT0006,CCNPLT0547,Cây Dễ Trồng Trong Nhà
CCNCAT0012,CCNPLT0547,Cây Kiểng lá
CCNCAT0014,CCNPLT0548,Cây Trồng Ban Công
CCNCAT0019,CCNPLT0548,Cây Ngoài Trời
CCNCAT0004,CCNPLT0548,Cây Trong Nhà
CCNCAT0007,CCNPLT0548,Cây Trong Phòng Khách
CCNCAT0001,CCNPLT0549,Cây Cảnh Văn Phòng
CCNCAT0009,CCNPLT0549,Cây Trang Trí Nhà Cửa
CCNCAT0004,CCNPLT0549,Cây Trong Nhà
CCNCAT0001,CCNPLT0550,Cây Cảnh Văn Phòng
CCNCAT0009,CCNPLT0550,Cây Trang Trí Nhà Cửa
CCNCAT0004,CCNPLT0550,Cây Trong Nhà
CCNCAT0003,CCNPLT0551,Cây Phong Thủy
CCNCAT0005,CCNPLT0551,Cây Cần Ít Ánh Sáng
CCNCAT0001,CCNPLT0551,Cây Cảnh Văn Phòng
CCNCAT0000,CCNPLT0551,Cây Cảnh Để Bàn
CCNCAT0006,CCNPLT0551,Cây Dễ Trồng Trong Nhà
CCNCAT0004,CCNPLT0551,Cây Trong Nhà
CCNCAT0007,CCNPLT0551,Cây Trong Phòng Khách
CCNCAT0010,CCNPLT0551,Cây Trước Cửa & Hành Lang
CCNCAT0004,CCNPLT0552,Cây Trong Nhà
CCNCAT0005,CCNPLT0552,Cây Cần Ít Ánh Sáng
CCNCAT0006,CCNPLT0552,Cây Dễ Trồng Trong Nhà
CCNCAT0012,CCNPLT0552,Cây Kiểng lá
CCNCAT0002,CCNPLT0552,Cây Lọc Không Khí
CCNCAT0013,CCNPLT0552,Cây Nhiệt Đới
CCNCAT0003,CCNPLT0552,Cây Phong Thủy
CCNCAT0009,CCNPLT0552,Cây Trang Trí Nhà Cửa
CCNCAT0015,CCNPLT0552,Cây Treo Trong Nhà
CCNCAT0010,CCNPLT0552,Cây Trước Cửa & Hành Lang
CCNCAT0000,CCNPLT0553,Cây Cảnh Để Bàn
CCNCAT0005,CCNPLT0553,Cây Cần Ít Ánh Sáng
CCNCAT0017,CCNPLT0553,Cây Cảnh Mini
CCNCAT0001,CCNPLT0553,Cây Cảnh Văn Phòng
CCNCAT0006,CCNPLT0553,Cây Dễ Trồng Trong Nhà
CCNCAT0012,CCNPLT0553,Cây Kiểng lá
CCNCAT0002,CCNPLT0553,Cây Lọc Không Khí
CCNCAT0013,CCNPLT0553,Cây Nhiệt Đới
CCNCAT0003,CCNPLT0553,Cây Phong Thủy
CCNCAT0004,CCNPLT0553,Cây Trong Nhà
CCNCAT0003,CCNPLT0554,Cây Phong Thủy
CCNCAT0005,CCNPLT0554,Cây Cần Ít Ánh Sáng
CCNCAT0001,CCNPLT0554,Cây Cảnh Văn Phòng
CCNCAT0000,CCNPLT0554,Cây Cảnh Để Bàn
CCNCAT0006,CCNPLT0554,Cây Dễ Trồng Trong Nhà
CCNCAT0004,CCNPLT0554,Cây Trong Nhà
CCNCAT0007,CCNPLT0554,Cây Trong Phòng Khách
CCNCAT0010,CCNPLT0554,Cây Trước Cửa & Hành Lang
CCNCAT0000,CCNPLT0555,Cây Cảnh Để Bàn
CCNCAT0005,CCNPLT0555,Cây Cần Ít Ánh Sáng
CCNCAT0017,CCNPLT0555,Cây Cảnh Mini
CCNCAT0001,CCNPLT0555,Cây Cảnh Văn Phòng
CCNCAT0006,CCNPLT0555,Cây Dễ Trồng Trong Nhà
CCNCAT0012,CCNPLT0555,Cây Kiểng lá
CCNCAT0013,CCNPLT0555,Cây Nhiệt Đới
CCNCAT0003,CCNPLT0555,Cây Phong Thủy
CCNCAT0009,CCNPLT0555,Cây Trang Trí Nhà Cửa
CCNCAT0014,CCNPLT0555,Cây Trồng Ban Công
CCNCAT0004,CCNPLT0555,Cây Trong Nhà
CCNCAT0007,CCNPLT0555,Cây Trong Phòng Khách
CCNCAT0010,CCNPLT0555,Cây Trước Cửa & Hành Lang
CCNCAT0004,CCNPLT0556,Cây Trong Nhà
CCNCAT0005,CCNPLT0556,Cây Cần Ít Ánh Sáng
CCNCAT0006,CCNPLT0556,Cây Dễ Trồng Trong Nhà
CCNCAT0012,CCNPLT0556,Cây Kiểng lá
CCNCAT0013,CCNPLT0556,Cây Nhiệt Đới
CCNCAT0009,CCNPLT0556,Cây Trang Trí Nhà Cửa
CCNCAT0000,CCNPLT0557,Cây Cảnh Để Bàn
CCNCAT0005,CCNPLT0557,Cây Cần Ít Ánh Sáng
CCNCAT0017,CCNPLT0557,Cây Cảnh Mini
CCNCAT0001,CCNPLT0557,Cây Cảnh Văn Phòng
CCNCAT0006,CCNPLT0557,Cây Dễ Trồng Trong Nhà
CCNCAT0002,CCNPLT0557,Cây Lọc Không Khí
CCNCAT0003,CCNPLT0557,Cây Phong Thủy
CCNCAT0004,CCNPLT0557,Cây Trong Nhà
CCNCAT0004,CCNPLT0558,Cây Trong Nhà
CCNCAT0005,CCNPLT0558,Cây Cần Ít Ánh Sáng
CCNCAT0006,CCNPLT0558,Cây Dễ Trồng Trong Nhà
CCNCAT0012,CCNPLT0558,Cây Kiểng lá
CCNCAT0013,CCNPLT0558,Cây Nhiệt Đới
CCNCAT0009,CCNPLT0558,Cây Trang Trí Nhà Cửa
CCNCAT0004,CCNPLT0559,Cây Trong Nhà
CCNCAT0005,CCNPLT0559,Cây Cần Ít Ánh Sáng
CCNCAT0001,CCNPLT0559,Cây Cảnh Văn Phòng
CCNCAT0011,CCNPLT0559,Cây Cao & Lớn Trong Nhà
CCNCAT0006,CCNPLT0559,Cây Dễ Trồng Trong Nhà
CCNCAT0002,CCNPLT0559,Cây Lọc Không Khí
CCNCAT0003,CCNPLT0559,Cây Phong Thủy
CCNCAT0009,CCNPLT0559,Cây Trang Trí Nhà Cửa
CCNCAT0007,CCNPLT0559,Cây Trong Phòng Khách
CCNCAT0010,CCNPLT0559,Cây Trước Cửa & Hành Lang
CCNCAT0001,CCNPLT0560,Cây Cảnh Văn Phòng
CCNCAT0005,CCNPLT0560,Cây Cần Ít Ánh Sáng
CCNCAT0011,CCNPLT0560,Cây Cao & Lớn Trong Nhà
CCNCAT0006,CCNPLT0560,Cây Dễ Trồng Trong Nhà
CCNCAT0002,CCNPLT0560,Cây Lọc Không Khí
CCNCAT0003,CCNPLT0560,Cây Phong Thủy
CCNCAT0014,CCNPLT0560,Cây Trồng Ban Công
CCNCAT0004,CCNPLT0560,Cây Trong Nhà
CCNCAT0007,CCNPLT0560,Cây Trong Phòng Khách
CCNCAT0010,CCNPLT0560,Cây Trước Cửa & Hành Lang
CCNCAT0004,CCNPLT0561,Cây Trong Nhà
CCNCAT0005,CCNPLT0561,Cây Cần Ít Ánh Sáng
CCNCAT0001,CCNPLT0561,Cây Cảnh Văn Phòng
CCNCAT0006,CCNPLT0561,Cây Dễ Trồng Trong Nhà
CCNCAT0012,CCNPLT0561,Cây Kiểng lá
CCNCAT0003,CCNPLT0561,Cây Phong Thủy
CCNCAT0009,CCNPLT0561,Cây Trang Trí Nhà Cửa
CCNCAT0008,CCNPLT0561,Cây Trong Bếp & Nhà Tắm
CCNCAT0007,CCNPLT0561,Cây Trong Phòng Khách
CCNCAT0006,CCNPLT0562,Cây Dễ Trồng Trong Nhà
CCNCAT0012,CCNPLT0562,Cây Kiểng lá
CCNCAT0013,CCNPLT0562,Cây Nhiệt Đới
CCNCAT0003,CCNPLT0562,Cây Phong Thủy
CCNCAT0009,CCNPLT0562,Cây Trang Trí Nhà Cửa
CCNCAT0004,CCNPLT0562,Cây Trong Nhà
CCNCAT0004,CCNPLT0563,Cây Trong Nhà
CCNCAT0005,CCNPLT0563,Cây Cần Ít Ánh Sáng
CCNCAT0001,CCNPLT0563,Cây Cảnh Văn Phòng
CCNCAT0006,CCNPLT0563,Cây Dễ Trồng Trong Nhà
CCNCAT0012,CCNPLT0563,Cây Kiểng lá
CCNCAT0003,CCNPLT0563,Cây Phong Thủy
CCNCAT0009,CCNPLT0563,Cây Trang Trí Nhà Cửa
CCNCAT0008,CCNPLT0563,Cây Trong Bếp & Nhà Tắm
CCNCAT0007,CCNPLT0563,Cây Trong Phòng Khách
CCNCAT0004,CCNPLT0564,Cây Trong Nhà
CCNCAT0006,CCNPLT0564,Cây Dễ Trồng Trong Nhà
CCNCAT0012,CCNPLT0564,Cây Kiểng lá
CCNCAT0013,CCNPLT0564,Cây Nhiệt Đới
CCNCAT0009,CCNPLT0564,Cây Trang Trí Nhà Cửa
CCNCAT0001,CCNPLT0565,Cây Cảnh Văn Phòng
CCNCAT0005,CCNPLT0565,Cây Cần Ít Ánh Sáng
CCNCAT0006,CCNPLT0565,Cây Dễ Trồng Trong Nhà
CCNCAT0002,CCNPLT0565,Cây Lọc Không Khí
CCNCAT0003,CCNPLT0565,Cây Phong Thủy
CCNCAT0004,CCNPLT0565,Cây Trong Nhà
CCNCAT0007,CCNPLT0565,Cây Trong Phòng Khách
CCNCAT0004,CCNPLT0566,Cây Trong Nhà
CCNCAT0005,CCNPLT0566,Cây Cần Ít Ánh Sáng
CCNCAT0006,CCNPLT0566,Cây Dễ Trồng Trong Nhà
CCNCAT0012,CCNPLT0566,Cây Kiểng lá
CCNCAT0013,CCNPLT0566,Cây Nhiệt Đới
CCNCAT0009,CCNPLT0566,Cây Trang Trí Nhà Cửa
CCNCAT0004,CCNPLT0567,Cây Trong Nhà
CCNCAT0005,CCNPLT0567,Cây Cần Ít Ánh Sáng
CCNCAT0006,CCNPLT0567,Cây Dễ Trồng Trong Nhà
CCNCAT0012,CCNPLT0567,Cây Kiểng lá
CCNCAT0009,CCNPLT0567,Cây Trang Trí Nhà Cửa
CCNCAT0004,CCNPLT0568,Cây Trong Nhà
CCNCAT0005,CCNPLT0568,Cây Cần Ít Ánh Sáng
CCNCAT0006,CCNPLT0568,Cây Dễ Trồng Trong Nhà
CCNCAT0012,CCNPLT0568,Cây Kiểng lá
CCNCAT0002,CCNPLT0568,Cây Lọc Không Khí
CCNCAT0013,CCNPLT0568,Cây Nhiệt Đới
CCNCAT0009,CCNPLT0568,Cây Trang Trí Nhà Cửa
CCNCAT0004,CCNPLT0569,Cây Trong Nhà
CCNCAT0005,CCNPLT0569,Cây Cần Ít Ánh Sáng
CCNCAT0000,CCNPLT0569,Cây Cảnh Để Bàn
CCNCAT0006,CCNPLT0569,Cây Dễ Trồng Trong Nhà
CCNCAT0012,CCNPLT0569,Cây Kiểng lá
CCNCAT0013,CCNPLT0569,Cây Nhiệt Đới
CCNCAT0000,CCNPLT0570,Cây Cảnh Để Bàn
CCNCAT0005,CCNPLT0570,Cây Cần Ít Ánh Sáng
CCNCAT0001,CCNPLT0570,Cây Cảnh Văn Phòng
CCNCAT0006,CCNPLT0570,Cây Dễ Trồng Trong Nhà
CCNCAT0002,CCNPLT0570,Cây Lọc Không Khí
CCNCAT0003,CCNPLT0570,Cây Phong Thủy
CCNCAT0004,CCNPLT0570,Cây Trong Nhà
CCNCAT0004,CCNPLT0571,Cây Trong Nhà
CCNCAT0005,CCNPLT0571,Cây Cần Ít Ánh Sáng
CCNCAT0000,CCNPLT0571,Cây Cảnh Để Bàn
CCNCAT0006,CCNPLT0571,Cây Dễ Trồng Trong Nhà
CCNCAT0012,CCNPLT0571,Cây Kiểng lá
CCNCAT0013,CCNPLT0571,Cây Nhiệt Đới
CCNCAT0009,CCNPLT0571,Cây Trang Trí Nhà Cửa
CCNCAT0000,CCNPLT0572,Cây Cảnh Để Bàn
CCNCAT0005,CCNPLT0572,Cây Cần Ít Ánh Sáng
CCNCAT0017,CCNPLT0572,Cây Cảnh Mini
CCNCAT0001,CCNPLT0572,Cây Cảnh Văn Phòng
CCNCAT0006,CCNPLT0572,Cây Dễ Trồng Trong Nhà
CCNCAT0002,CCNPLT0572,Cây Lọc Không Khí
CCNCAT0003,CCNPLT0572,Cây Phong Thủy
CCNCAT0004,CCNPLT0572,Cây Trong Nhà
CCNCAT0000,CCNPLT0573,Cây Cảnh Để Bàn
CCNCAT0005,CCNPLT0573,Cây Cần Ít Ánh Sáng
CCNCAT0017,CCNPLT0573,Cây Cảnh Mini
CCNCAT0001,CCNPLT0573,Cây Cảnh Văn Phòng
CCNCAT0006,CCNPLT0573,Cây Dễ Trồng Trong Nhà
CCNCAT0002,CCNPLT0573,Cây Lọc Không Khí
CCNCAT0003,CCNPLT0573,Cây Phong Thủy
CCNCAT0004,CCNPLT0573,Cây Trong Nhà
CCNCAT0000,CCNPLT0574,Cây Cảnh Để Bàn
CCNCAT0005,CCNPLT0574,Cây Cần Ít Ánh Sáng
CCNCAT0001,CCNPLT0574,Cây Cảnh Văn Phòng
CCNCAT0006,CCNPLT0574,Cây Dễ Trồng Trong Nhà
CCNCAT0002,CCNPLT0574,Cây Lọc Không Khí
CCNCAT0003,CCNPLT0574,Cây Phong Thủy
CCNCAT0004,CCNPLT0574,Cây Trong Nhà
CCNCAT0004,CCNPLT0575,Cây Trong Nhà
CCNCAT0005,CCNPLT0575,Cây Cần Ít Ánh Sáng
CCNCAT0001,CCNPLT0575,Cây Cảnh Văn Phòng
CCNCAT0006,CCNPLT0575,Cây Dễ Trồng Trong Nhà
CCNCAT0002,CCNPLT0575,Cây Lọc Không Khí
CCNCAT0003,CCNPLT0575,Cây Phong Thủy
CCNCAT0009,CCNPLT0575,Cây Trang Trí Nhà Cửa
CCNCAT0007,CCNPLT0575,Cây Trong Phòng Khách
CCNCAT0000,CCNPLT0576,Cây Cảnh Để Bàn
CCNCAT0012,CCNPLT0576,Cây Kiểng lá
CCNCAT0004,CCNPLT0576,Cây Trong Nhà
CCNCAT0004,CCNPLT0577,Cây Trong Nhà
CCNCAT0005,CCNPLT0577,Cây Cần Ít Ánh Sáng
CCNCAT0001,CCNPLT0577,Cây Cảnh Văn Phòng
CCNCAT0000,CCNPLT0577,Cây Cảnh Để Bàn
CCNCAT0006,CCNPLT0577,Cây Dễ Trồng Trong Nhà
CCNCAT0009,CCNPLT0577,Cây Trang Trí Nhà Cửa
CCNCAT0008,CCNPLT0577,Cây Trong Bếp & Nhà Tắm
CCNCAT0007,CCNPLT0577,Cây Trong Phòng Khách
CCNCAT0004,CCNPLT0578,Cây Trong Nhà
CCNCAT0005,CCNPLT0578,Cây Cần Ít Ánh Sáng
CCNCAT0001,CCNPLT0578,Cây Cảnh Văn Phòng
CCNCAT0000,CCNPLT0578,Cây Cảnh Để Bàn
CCNCAT0006,CCNPLT0578,Cây Dễ Trồng Trong Nhà
CCNCAT0009,CCNPLT0578,Cây Trang Trí Nhà Cửa
CCNCAT0008,CCNPLT0578,Cây Trong Bếp & Nhà Tắm
CCNCAT0007,CCNPLT0578,Cây Trong Phòng Khách
CCNCAT0004,CCNPLT0579,Cây Trong Nhà
CCNCAT0005,CCNPLT0579,Cây Cần Ít Ánh Sáng
CCNCAT0001,CCNPLT0579,Cây Cảnh Văn Phòng
CCNCAT0000,CCNPLT0579,Cây Cảnh Để Bàn
CCNCAT0006,CCNPLT0579,Cây Dễ Trồng Trong Nhà
CCNCAT0013,CCNPLT0579,Cây Nhiệt Đới
CCNCAT0009,CCNPLT0579,Cây Trang Trí Nhà Cửa
CCNCAT0015,CCNPLT0579,Cây Treo Trong Nhà
CCNCAT0008,CCNPLT0579,Cây Trong Bếp & Nhà Tắm
CCNCAT0007,CCNPLT0579,Cây Trong Phòng Khách
CCNCAT0000,CCNPLT0580,Cây Cảnh Để Bàn
CCNCAT0005,CCNPLT0580,Cây Cần Ít Ánh Sáng
CCNCAT0017,CCNPLT0580,Cây Cảnh Mini
CCNCAT0001,CCNPLT0580,Cây Cảnh Văn Phòng
CCNCAT0006,CCNPLT0580,Cây Dễ Trồng Trong Nhà
CCNCAT0002,CCNPLT0580,Cây Lọc Không Khí
CCNCAT0003,CCNPLT0580,Cây Phong Thủy
CCNCAT0004,CCNPLT0580,Cây Trong Nhà
CCNCAT0004,CCNPLT0581,Cây Trong Nhà
CCNCAT0005,CCNPLT0581,Cây Cần Ít Ánh Sáng
CCNCAT0001,CCNPLT0581,Cây Cảnh Văn Phòng
CCNCAT0006,CCNPLT0581,Cây Dễ Trồng Trong Nhà
CCNCAT0002,CCNPLT0581,Cây Lọc Không Khí
CCNCAT0003,CCNPLT0581,Cây Phong Thủy
CCNCAT0009,CCNPLT0581,Cây Trang Trí Nhà Cửa
CCNCAT0007,CCNPLT0581,Cây Trong Phòng Khách
CCNCAT0004,CCNPLT0582,Cây Trong Nhà
CCNCAT0000,CCNPLT0582,Cây Cảnh Để Bàn
CCNCAT0012,CCNPLT0582,Cây Kiểng lá
CCNCAT0004,CCNPLT0583,Cây Trong Nhà
CCNCAT0000,CCNPLT0583,Cây Cảnh Để Bàn
CCNCAT0012,CCNPLT0583,Cây Kiểng lá
CCNCAT0001,CCNPLT0584,Cây Cảnh Văn Phòng
CCNCAT0009,CCNPLT0584,Cây Trang Trí Nhà Cửa
CCNCAT0004,CCNPLT0584,Cây Trong Nhà
CCNCAT0001,CCNPLT0585,Cây Cảnh Văn Phòng
CCNCAT0009,CCNPLT0585,Cây Trang Trí Nhà Cửa
CCNCAT0004,CCNPLT0585,Cây Trong Nhà
CCNCAT0001,CCNPLT0586,Cây Cảnh Văn Phòng
CCNCAT0009,CCNPLT0586,Cây Trang Trí Nhà Cửa
CCNCAT0004,CCNPLT0586,Cây Trong Nhà
CCNCAT0001,CCNPLT0587,Cây Cảnh Văn Phòng
CCNCAT0009,CCNPLT0587,Cây Trang Trí Nhà Cửa
CCNCAT0004,CCNPLT0587,Cây Trong Nhà
CCNCAT0001,CCNPLT0588,Cây Cảnh Văn Phòng
CCNCAT0009,CCNPLT0588,Cây Trang Trí Nhà Cửa
CCNCAT0004,CCNPLT0588,Cây Trong Nhà
CCNCAT0001,CCNPLT0589,Cây Cảnh Văn Phòng
CCNCAT0009,CCNPLT0589,Cây Trang Trí Nhà Cửa
CCNCAT0004,CCNPLT0589,Cây Trong Nhà
CCNCAT0001,CCNPLT0590,Cây Cảnh Văn Phòng
CCNCAT0009,CCNPLT0590,Cây Trang Trí Nhà Cửa
CCNCAT0004,CCNPLT0590,Cây Trong Nhà
CCNCAT0001,CCNPLT0591,Cây Cảnh Văn Phòng
CCNCAT0009,CCNPLT0591,Cây Trang Trí Nhà Cửa
CCNCAT0004,CCNPLT0591,Cây Trong Nhà
CCNCAT0001,CCNPLT0592,Cây Cảnh Văn Phòng
CCNCAT0009,CCNPLT0592,Cây Trang Trí Nhà Cửa
CCNCAT0004,CCNPLT0592,Cây Trong Nhà
CCNCAT0001,CCNPLT0593,Cây Cảnh Văn Phòng
CCNCAT0009,CCNPLT0593,Cây Trang Trí Nhà Cửa
CCNCAT0004,CCNPLT0593,Cây Trong Nhà
CCNCAT0001,CCNPLT0594,Cây Cảnh Văn Phòng
CCNCAT0009,CCNPLT0594,Cây Trang Trí Nhà Cửa
CCNCAT0004,CCNPLT0594,Cây Trong Nhà
CCNCAT0003,CCNPLT0595,Cây Phong Thủy
CCNCAT0005,CCNPLT0595,Cây Cần Ít Ánh Sáng
CCNCAT0001,CCNPLT0595,Cây Cảnh Văn Phòng
CCNCAT0000,CCNPLT0595,Cây Cảnh Để Bàn
CCNCAT0006,CCNPLT0595,Cây Dễ Trồng Trong Nhà
CCNCAT0004,CCNPLT0595,Cây Trong Nhà
CCNCAT0007,CCNPLT0595,Cây Trong Phòng Khách
CCNCAT0010,CCNPLT0595,Cây Trước Cửa & Hành Lang
CCNCAT0003,CCNPLT0596,Cây Phong Thủy
CCNCAT0005,CCNPLT0596,Cây Cần Ít Ánh Sáng
CCNCAT0001,CCNPLT0596,Cây Cảnh Văn Phòng
CCNCAT0000,CCNPLT0596,Cây Cảnh Để Bàn
CCNCAT0006,CCNPLT0596,Cây Dễ Trồng Trong Nhà
CCNCAT0004,CCNPLT0596,Cây Trong Nhà
CCNCAT0007,CCNPLT0596,Cây Trong Phòng Khách
CCNCAT0010,CCNPLT0596,Cây Trước Cửa & Hành Lang
CCNCAT0003,CCNPLT0597,Cây Phong Thủy
CCNCAT0005,CCNPLT0597,Cây Cần Ít Ánh Sáng
CCNCAT0001,CCNPLT0597,Cây Cảnh Văn Phòng
CCNCAT0000,CCNPLT0597,Cây Cảnh Để Bàn
CCNCAT0006,CCNPLT0597,Cây Dễ Trồng Trong Nhà
CCNCAT0004,CCNPLT0597,Cây Trong Nhà
CCNCAT0007,CCNPLT0597,Cây Trong Phòng Khách
CCNCAT0010,CCNPLT0597,Cây Trước Cửa & Hành Lang
CCNCAT0003,CCNPLT0598,Cây Phong Thủy
CCNCAT0005,CCNPLT0598,Cây Cần Ít Ánh Sáng
CCNCAT0001,CCNPLT0598,Cây Cảnh Văn Phòng
CCNCAT0000,CCNPLT0598,Cây Cảnh Để Bàn
CCNCAT0006,CCNPLT0598,Cây Dễ Trồng Trong Nhà
CCNCAT0004,CCNPLT0598,Cây Trong Nhà
CCNCAT0007,CCNPLT0598,Cây Trong Phòng Khách
CCNCAT0010,CCNPLT0598,Cây Trước Cửa & Hành Lang
CCNCAT0000,CCNPLT0599,Cây Cảnh Để Bàn
CCNCAT0004,CCNPLT0599,Cây Trong Nhà
CCNCAT0000,CCNPLT0600,Cây Cảnh Để Bàn
CCNCAT0017,CCNPLT0600,Cây Cảnh Mini
CCNCAT0002,CCNPLT0600,Cây Lọc Không Khí
CCNCAT0004,CCNPLT0600,Cây Trong Nhà
CCNCAT0000,CCNPLT0601,Cây Cảnh Để Bàn
CCNCAT0005,CCNPLT0601,Cây Cần Ít Ánh Sáng
CCNCAT0017,CCNPLT0601,Cây Cảnh Mini
CCNCAT0001,CCNPLT0601,Cây Cảnh Văn Phòng
CCNCAT0006,CCNPLT0601,Cây Dễ Trồng Trong Nhà
CCNCAT0002,CCNPLT0601,Cây Lọc Không Khí
CCNCAT0003,CCNPLT0601,Cây Phong Thủy
CCNCAT0008,CCNPLT0601,Cây Trong Bếp & Nhà Tắm
CCNCAT0004,CCNPLT0601,Cây Trong Nhà
CCNCAT0000,CCNPLT0602,Cây Cảnh Để Bàn
CCNCAT0005,CCNPLT0602,Cây Cần Ít Ánh Sáng
CCNCAT0017,CCNPLT0602,Cây Cảnh Mini
CCNCAT0001,CCNPLT0602,Cây Cảnh Văn Phòng
CCNCAT0006,CCNPLT0602,Cây Dễ Trồng Trong Nhà
CCNCAT0002,CCNPLT0602,Cây Lọc Không Khí
CCNCAT0003,CCNPLT0602,Cây Phong Thủy
CCNCAT0004,CCNPLT0602,Cây Trong Nhà
CCNCAT0007,CCNPLT0602,Cây Trong Phòng Khách
CCNCAT0000,CCNPLT0603,Cây Cảnh Để Bàn
CCNCAT0005,CCNPLT0603,Cây Cần Ít Ánh Sáng
CCNCAT0017,CCNPLT0603,Cây Cảnh Mini
CCNCAT0001,CCNPLT0603,Cây Cảnh Văn Phòng
CCNCAT0006,CCNPLT0603,Cây Dễ Trồng Trong Nhà
CCNCAT0002,CCNPLT0603,Cây Lọc Không Khí
CCNCAT0003,CCNPLT0603,Cây Phong Thủy
CCNCAT0004,CCNPLT0603,Cây Trong Nhà
CCNCAT0000,CCNPLT0604,Cây Cảnh Để Bàn
CCNCAT0005,CCNPLT0604,Cây Cần Ít Ánh Sáng
CCNCAT0017,CCNPLT0604,Cây Cảnh Mini
CCNCAT0001,CCNPLT0604,Cây Cảnh Văn Phòng
CCNCAT0006,CCNPLT0604,Cây Dễ Trồng Trong Nhà
CCNCAT0002,CCNPLT0604,Cây Lọc Không Khí
CCNCAT0003,CCNPLT0604,Cây Phong Thủy
CCNCAT0004,CCNPLT0604,Cây Trong Nhà
CCNCAT0000,CCNPLT0605,Cây Cảnh Để Bàn
CCNCAT0005,CCNPLT0605,Cây Cần Ít Ánh Sáng
CCNCAT0001,CCNPLT0605,Cây Cảnh Văn Phòng
CCNCAT0012,CCNPLT0605,Cây Kiểng lá
CCNCAT0002,CCNPLT0605,Cây Lọc Không Khí
CCNCAT0013,CCNPLT0605,Cây Nhiệt Đới
CCNCAT0003,CCNPLT0605,Cây Phong Thủy
CCNCAT0009,CCNPLT0605,Cây Trang Trí Nhà Cửa
CCNCAT0004,CCNPLT0605,Cây Trong Nhà
CCNCAT0007,CCNPLT0605,Cây Trong Phòng Khách
CCNCAT0000,CCNPLT0606,Cây Cảnh Để Bàn
CCNCAT0005,CCNPLT0606,Cây Cần Ít Ánh Sáng
CCNCAT0001,CCNPLT0606,Cây Cảnh Văn Phòng
CCNCAT0012,CCNPLT0606,Cây Kiểng lá
CCNCAT0002,CCNPLT0606,Cây Lọc Không Khí
CCNCAT0013,CCNPLT0606,Cây Nhiệt Đới
CCNCAT0003,CCNPLT0606,Cây Phong Thủy
CCNCAT0004,CCNPLT0606,Cây Trong Nhà
CCNCAT0007,CCNPLT0606,Cây Trong Phòng Khách
CCNCAT0016,CCNPLT0607,Cây Thủy Sinh
CCNCAT0005,CCNPLT0607,Cây Cần Ít Ánh Sáng
CCNCAT0001,CCNPLT0607,Cây Cảnh Văn Phòng
CCNCAT0000,CCNPLT0607,Cây Cảnh Để Bàn
CCNCAT0006,CCNPLT0607,Cây Dễ Trồng Trong Nhà
CCNCAT0012,CCNPLT0607,Cây Kiểng lá
CCNCAT0002,CCNPLT0607,Cây Lọc Không Khí
CCNCAT0003,CCNPLT0607,Cây Phong Thủy
CCNCAT0004,CCNPLT0607,Cây Trong Nhà
CCNCAT0016,CCNPLT0608,Cây Thủy Sinh
CCNCAT0005,CCNPLT0608,Cây Cần Ít Ánh Sáng
CCNCAT0001,CCNPLT0608,Cây Cảnh Văn Phòng
CCNCAT0000,CCNPLT0608,Cây Cảnh Để Bàn
CCNCAT0006,CCNPLT0608,Cây Dễ Trồng Trong Nhà
CCNCAT0002,CCNPLT0608,Cây Lọc Không Khí
CCNCAT0003,CCNPLT0608,Cây Phong Thủy
CCNCAT0004,CCNPLT0608,Cây Trong Nhà
CCNCAT0016,CCNPLT0609,Cây Thủy Sinh
CCNCAT0005,CCNPLT0609,Cây Cần Ít Ánh Sáng
CCNCAT0001,CCNPLT0609,Cây Cảnh Văn Phòng
CCNCAT0000,CCNPLT0609,Cây Cảnh Để Bàn
CCNCAT0006,CCNPLT0609,Cây Dễ Trồng Trong Nhà
CCNCAT0002,CCNPLT0609,Cây Lọc Không Khí
CCNCAT0003,CCNPLT0609,Cây Phong Thủy
CCNCAT0008,CCNPLT0609,Cây Trong Bếp & Nhà Tắm
CCNCAT0004,CCNPLT0609,Cây Trong Nhà
CCNCAT0016,CCNPLT0610,Cây Thủy Sinh
CCNCAT0005,CCNPLT0610,Cây Cần Ít Ánh Sáng
CCNCAT0001,CCNPLT0610,Cây Cảnh Văn Phòng
CCNCAT0000,CCNPLT0610,Cây Cảnh Để Bàn
CCNCAT0006,CCNPLT0610,Cây Dễ Trồng Trong Nhà
CCNCAT0003,CCNPLT0610,Cây Phong Thủy
CCNCAT0004,CCNPLT0610,Cây Trong Nhà
CCNCAT0007,CCNPLT0610,Cây Trong Phòng Khách
CCNCAT0016,CCNPLT0611,Cây Thủy Sinh
CCNCAT0005,CCNPLT0611,Cây Cần Ít Ánh Sáng
CCNCAT0001,CCNPLT0611,Cây Cảnh Văn Phòng
CCNCAT0000,CCNPLT0611,Cây Cảnh Để Bàn
CCNCAT0006,CCNPLT0611,Cây Dễ Trồng Trong Nhà
CCNCAT0003,CCNPLT0611,Cây Phong Thủy
CCNCAT0008,CCNPLT0611,Cây Trong Bếp & Nhà Tắm
CCNCAT0004,CCNPLT0611,Cây Trong Nhà
CCNCAT0007,CCNPLT0611,Cây Trong Phòng Khách
CCNCAT0016,CCNPLT0612,Cây Thủy Sinh
CCNCAT0005,CCNPLT0612,Cây Cần Ít Ánh Sáng
CCNCAT0001,CCNPLT0612,Cây Cảnh Văn Phòng
CCNCAT0000,CCNPLT0612,Cây Cảnh Để Bàn
CCNCAT0006,CCNPLT0612,Cây Dễ Trồng Trong Nhà
CCNCAT0002,CCNPLT0612,Cây Lọc Không Khí
CCNCAT0003,CCNPLT0612,Cây Phong Thủy
CCNCAT0004,CCNPLT0612,Cây Trong Nhà
CCNCAT0007,CCNPLT0612,Cây Trong Phòng Khách
CCNCAT0016,CCNPLT0613,Cây Thủy Sinh
CCNCAT0005,CCNPLT0613,Cây Cần Ít Ánh Sáng
CCNCAT0001,CCNPLT0613,Cây Cảnh Văn Phòng
CCNCAT0000,CCNPLT0613,Cây Cảnh Để Bàn
CCNCAT0006,CCNPLT0613,Cây Dễ Trồng Trong Nhà
CCNCAT0002,CCNPLT0613,Cây Lọc Không Khí
CCNCAT0004,CCNPLT0613,Cây Trong Nhà
CCNCAT0007,CCNPLT0613,Cây Trong Phòng Khách
CCNCAT0016,CCNPLT0614,Cây Thủy Sinh
CCNCAT0005,CCNPLT0614,Cây Cần Ít Ánh Sáng
CCNCAT0001,CCNPLT0614,Cây Cảnh Văn Phòng
CCNCAT0000,CCNPLT0614,Cây Cảnh Để Bàn
CCNCAT0006,CCNPLT0614,Cây Dễ Trồng Trong Nhà
CCNCAT0002,CCNPLT0614,Cây Lọc Không Khí
CCNCAT0003,CCNPLT0614,Cây Phong Thủy
CCNCAT0004,CCNPLT0614,Cây Trong Nhà
CCNCAT0007,CCNPLT0614,Cây Trong Phòng Khách
CCNCAT0016,CCNPLT0615,Cây Thủy Sinh
CCNCAT0005,CCNPLT0615,Cây Cần Ít Ánh Sáng
CCNCAT0001,CCNPLT0615,Cây Cảnh Văn Phòng
CCNCAT0000,CCNPLT0615,Cây Cảnh Để Bàn
CCNCAT0006,CCNPLT0615,Cây Dễ Trồng Trong Nhà
CCNCAT0002,CCNPLT0615,Cây Lọc Không Khí
CCNCAT0003,CCNPLT0615,Cây Phong Thủy
CCNCAT0008,CCNPLT0615,Cây Trong Bếp & Nhà Tắm
CCNCAT0004,CCNPLT0615,Cây Trong Nhà
CCNCAT0000,CCNPLT0616,Cây Cảnh Để Bàn
CCNCAT0005,CCNPLT0616,Cây Cần Ít Ánh Sáng
CCNCAT0017,CCNPLT0616,Cây Cảnh Mini
CCNCAT0001,CCNPLT0616,Cây Cảnh Văn Phòng
CCNCAT0006,CCNPLT0616,Cây Dễ Trồng Trong Nhà
CCNCAT0002,CCNPLT0616,Cây Lọc Không Khí
CCNCAT0003,CCNPLT0616,Cây Phong Thủy
CCNCAT0004,CCNPLT0616,Cây Trong Nhà
CCNCAT0007,CCNPLT0616,Cây Trong Phòng Khách
CCNCAT0014,CCNPLT0617,Cây Trồng Ban Công
CCNCAT0028,CCNPLT0617,Cây Lá Rộng
CCNCAT0019,CCNPLT0617,Cây Ngoài Trời
CCNCAT0004,CCNPLT0617,Cây Trong Nhà
CCNCAT0010,CCNPLT0617,Cây Trước Cửa & Hành Lang
CCNCAT0004,CCNPLT0618,Cây Trong Nhà
CCNCAT0017,CCNPLT0618,Cây Cảnh Mini
CCNCAT0000,CCNPLT0618,Cây Cảnh Để Bàn
CCNCAT0009,CCNPLT0618,Cây Trang Trí Nhà Cửa
CCNCAT0015,CCNPLT0618,Cây Treo Trong Nhà
CCNCAT0003,CCNPLT0619,Cây Phong Thủy
CCNCAT0005,CCNPLT0619,Cây Cần Ít Ánh Sáng
CCNCAT0001,CCNPLT0619,Cây Cảnh Văn Phòng
CCNCAT0000,CCNPLT0619,Cây Cảnh Để Bàn
CCNCAT0006,CCNPLT0619,Cây Dễ Trồng Trong Nhà
CCNCAT0004,CCNPLT0619,Cây Trong Nhà
CCNCAT0007,CCNPLT0619,Cây Trong Phòng Khách
CCNCAT0010,CCNPLT0619,Cây Trước Cửa & Hành Lang
CCNCAT0004,CCNPLT0620,Cây Trong Nhà
CCNCAT0005,CCNPLT0620,Cây Cần Ít Ánh Sáng
CCNCAT0001,CCNPLT0620,Cây Cảnh Văn Phòng
CCNCAT0011,CCNPLT0620,Cây Cao & Lớn Trong Nhà
CCNCAT0006,CCNPLT0620,Cây Dễ Trồng Trong Nhà
CCNCAT0012,CCNPLT0620,Cây Kiểng lá
CCNCAT0002,CCNPLT0620,Cây Lọc Không Khí
CCNCAT0003,CCNPLT0620,Cây Phong Thủy
CCNCAT0009,CCNPLT0620,Cây Trang Trí Nhà Cửa
CCNCAT0007,CCNPLT0620,Cây Trong Phòng Khách
CCNCAT0010,CCNPLT0620,Cây Trước Cửa & Hành Lang
CCNCAT0004,CCNPLT0621,Cây Trong Nhà
CCNCAT0013,CCNPLT0621,Cây Nhiệt Đới
CCNCAT0009,CCNPLT0621,Cây Trang Trí Nhà Cửa
CCNCAT0000,CCNPLT0622,Cây Cảnh Để Bàn
CCNCAT0005,CCNPLT0622,Cây Cần Ít Ánh Sáng
CCNCAT0001,CCNPLT0622,Cây Cảnh Văn Phòng
CCNCAT0006,CCNPLT0622,Cây Dễ Trồng Trong Nhà
CCNCAT0002,CCNPLT0622,Cây Lọc Không Khí
CCNCAT0003,CCNPLT0622,Cây Phong Thủy
CCNCAT0004,CCNPLT0622,Cây Trong Nhà
CCNCAT0004,CCNPLT0623,Cây Trong Nhà
CCNCAT0002,CCNPLT0623,Cây Lọc Không Khí
CCNCAT0003,CCNPLT0623,Cây Phong Thủy
CCNCAT0009,CCNPLT0623,Cây Trang Trí Nhà Cửa
CCNCAT0007,CCNPLT0623,Cây Trong Phòng Khách
CCNCAT0000,CCNPLT0624,Cây Cảnh Để Bàn
CCNCAT0017,CCNPLT0624,Cây Cảnh Mini
CCNCAT0013,CCNPLT0624,Cây Nhiệt Đới
CCNCAT0009,CCNPLT0624,Cây Trang Trí Nhà Cửa
CCNCAT0004,CCNPLT0624,Cây Trong Nhà
CCNCAT0004,CCNPLT0625,Cây Trong Nhà
CCNCAT0017,CCNPLT0625,Cây Cảnh Mini
CCNCAT0000,CCNPLT0625,Cây Cảnh Để Bàn
CCNCAT0013,CCNPLT0625,Cây Nhiệt Đới
CCNCAT0009,CCNPLT0625,Cây Trang Trí Nhà Cửa
CCNCAT0013,CCNPLT0626,Cây Nhiệt Đới
CCNCAT0009,CCNPLT0626,Cây Trang Trí Nhà Cửa
CCNCAT0004,CCNPLT0626,Cây Trong Nhà
CCNCAT0004,CCNPLT0627,Cây Trong Nhà
CCNCAT0012,CCNPLT0627,Cây Kiểng lá
CCNCAT0013,CCNPLT0628,Cây Nhiệt Đới
CCNCAT0009,CCNPLT0628,Cây Trang Trí Nhà Cửa
CCNCAT0004,CCNPLT0628,Cây Trong Nhà
CCNCAT0013,CCNPLT0629,Cây Nhiệt Đới
CCNCAT0009,CCNPLT0629,Cây Trang Trí Nhà Cửa
CCNCAT0004,CCNPLT0629,Cây Trong Nhà
CCNCAT0000,CCNPLT0630,Cây Cảnh Để Bàn
CCNCAT0005,CCNPLT0630,Cây Cần Ít Ánh Sáng
CCNCAT0001,CCNPLT0630,Cây Cảnh Văn Phòng
CCNCAT0006,CCNPLT0630,Cây Dễ Trồng Trong Nhà
CCNCAT0012,CCNPLT0630,Cây Kiểng lá
CCNCAT0002,CCNPLT0630,Cây Lọc Không Khí
CCNCAT0013,CCNPLT0630,Cây Nhiệt Đới
CCNCAT0003,CCNPLT0630,Cây Phong Thủy
CCNCAT0009,CCNPLT0630,Cây Trang Trí Nhà Cửa
CCNCAT0004,CCNPLT0630,Cây Trong Nhà
CCNCAT0007,CCNPLT0630,Cây Trong Phòng Khách
CCNCAT0000,CCNPLT0631,Cây Cảnh Để Bàn
CCNCAT0017,CCNPLT0631,Cây Cảnh Mini
CCNCAT0004,CCNPLT0631,Cây Trong Nhà
CCNCAT0013,CCNPLT0632,Cây Nhiệt Đới
CCNCAT0000,CCNPLT0632,Cây Cảnh Để Bàn
CCNCAT0004,CCNPLT0632,Cây Trong Nhà
CCNCAT0004,CCNPLT0633,Cây Trong Nhà
CCNCAT0011,CCNPLT0633,Cây Cao & Lớn Trong Nhà
CCNCAT0006,CCNPLT0633,Cây Dễ Trồng Trong Nhà
CCNCAT0012,CCNPLT0633,Cây Kiểng lá
CCNCAT0013,CCNPLT0633,Cây Nhiệt Đới
CCNCAT0009,CCNPLT0633,Cây Trang Trí Nhà Cửa
CCNCAT0014,CCNPLT0633,Cây Trồng Ban Công
CCNCAT0007,CCNPLT0633,Cây Trong Phòng Khách
CCNCAT0000,CCNPLT0634,Cây Cảnh Để Bàn
CCNCAT0005,CCNPLT0634,Cây Cần Ít Ánh Sáng
CCNCAT0001,CCNPLT0634,Cây Cảnh Văn Phòng
CCNCAT0006,CCNPLT0634,Cây Dễ Trồng Trong Nhà
CCNCAT0002,CCNPLT0634,Cây Lọc Không Khí
CCNCAT0013,CCNPLT0634,Cây Nhiệt Đới
CCNCAT0015,CCNPLT0634,Cây Treo Trong Nhà
CCNCAT0004,CCNPLT0634,Cây Trong Nhà
CCNCAT0012,CCNPLT0635,Cây Kiểng lá
CCNCAT0005,CCNPLT0635,Cây Cần Ít Ánh Sáng
CCNCAT0000,CCNPLT0635,Cây Cảnh Để Bàn
CCNCAT0006,CCNPLT0635,Cây Dễ Trồng Trong Nhà
CCNCAT0002,CCNPLT0635,Cây Lọc Không Khí
CCNCAT0013,CCNPLT0635,Cây Nhiệt Đới
CCNCAT0004,CCNPLT0635,Cây Trong Nhà
CCNCAT0007,CCNPLT0635,Cây Trong Phòng Khách
CCNCAT0013,CCNPLT0636,Cây Nhiệt Đới
CCNCAT0009,CCNPLT0636,Cây Trang Trí Nhà Cửa
CCNCAT0004,CCNPLT0636,Cây Trong Nhà
CCNCAT0000,CCNPLT0637,Cây Cảnh Để Bàn
CCNCAT0005,CCNPLT0637,Cây Cần Ít Ánh Sáng
CCNCAT0006,CCNPLT0637,Cây Dễ Trồng Trong Nhà
CCNCAT0012,CCNPLT0637,Cây Kiểng lá
CCNCAT0002,CCNPLT0637,Cây Lọc Không Khí
CCNCAT0013,CCNPLT0637,Cây Nhiệt Đới
CCNCAT0004,CCNPLT0637,Cây Trong Nhà
CCNCAT0007,CCNPLT0637,Cây Trong Phòng Khách
CCNCAT0013,CCNPLT0638,Cây Nhiệt Đới
CCNCAT0009,CCNPLT0638,Cây Trang Trí Nhà Cửa
CCNCAT0004,CCNPLT0638,Cây Trong Nhà
CCNCAT0013,CCNPLT0639,Cây Nhiệt Đới
CCNCAT0009,CCNPLT0639,Cây Trang Trí Nhà Cửa
CCNCAT0004,CCNPLT0639,Cây Trong Nhà
CCNCAT0013,CCNPLT0640,Cây Nhiệt Đới
CCNCAT0009,CCNPLT0640,Cây Trang Trí Nhà Cửa
CCNCAT0004,CCNPLT0640,Cây Trong Nhà
CCNCAT0013,CCNPLT0641,Cây Nhiệt Đới
CCNCAT0009,CCNPLT0641,Cây Trang Trí Nhà Cửa
CCNCAT0004,CCNPLT0641,Cây Trong Nhà
CCNCAT0013,CCNPLT0642,Cây Nhiệt Đới
CCNCAT0009,CCNPLT0642,Cây Trang Trí Nhà Cửa
CCNCAT0004,CCNPLT0642,Cây Trong Nhà
CCNCAT0004,CCNPLT0643,Cây Trong Nhà
CCNCAT0000,CCNPLT0643,Cây Cảnh Để Bàn
CCNCAT0006,CCNPLT0643,Cây Dễ Trồng Trong Nhà
CCNCAT0002,CCNPLT0643,Cây Lọc Không Khí
CCNCAT0003,CCNPLT0643,Cây Phong Thủy
CCNCAT0009,CCNPLT0643,Cây Trang Trí Nhà Cửa
CCNCAT0007,CCNPLT0643,Cây Trong Phòng Khách
CCNCAT0000,CCNPLT0644,Cây Cảnh Để Bàn
CCNCAT0005,CCNPLT0644,Cây Cần Ít Ánh Sáng
CCNCAT0017,CCNPLT0644,Cây Cảnh Mini
CCNCAT0001,CCNPLT0644,Cây Cảnh Văn Phòng
CCNCAT0006,CCNPLT0644,Cây Dễ Trồng Trong Nhà
CCNCAT0002,CCNPLT0644,Cây Lọc Không Khí
CCNCAT0003,CCNPLT0644,Cây Phong Thủy
CCNCAT0004,CCNPLT0644,Cây Trong Nhà
CCNCAT0013,CCNPLT0645,Cây Nhiệt Đới
CCNCAT0017,CCNPLT0645,Cây Cảnh Mini
CCNCAT0000,CCNPLT0645,Cây Cảnh Để Bàn
CCNCAT0009,CCNPLT0645,Cây Trang Trí Nhà Cửa
CCNCAT0004,CCNPLT0645,Cây Trong Nhà
CCNCAT0013,CCNPLT0646,Cây Nhiệt Đới
CCNCAT0009,CCNPLT0646,Cây Trang Trí Nhà Cửa
CCNCAT0004,CCNPLT0646,Cây Trong Nhà
CCNCAT0013,CCNPLT0647,Cây Nhiệt Đới
CCNCAT0009,CCNPLT0647,Cây Trang Trí Nhà Cửa
CCNCAT0015,CCNPLT0647,Cây Treo Trong Nhà
CCNCAT0004,CCNPLT0647,Cây Trong Nhà
CCNCAT0013,CCNPLT0648,Cây Nhiệt Đới
CCNCAT0005,CCNPLT0648,Cây Cần Ít Ánh Sáng
CCNCAT0001,CCNPLT0648,Cây Cảnh Văn Phòng
CCNCAT0000,CCNPLT0648,Cây Cảnh Để Bàn
CCNCAT0006,CCNPLT0648,Cây Dễ Trồng Trong Nhà
CCNCAT0012,CCNPLT0648,Cây Kiểng lá
CCNCAT0002,CCNPLT0648,Cây Lọc Không Khí
CCNCAT0009,CCNPLT0648,Cây Trang Trí Nhà Cửa
CCNCAT0004,CCNPLT0648,Cây Trong Nhà
CCNCAT0000,CCNPLT0649,Cây Cảnh Để Bàn
CCNCAT0005,CCNPLT0649,Cây Cần Ít Ánh Sáng
CCNCAT0001,CCNPLT0649,Cây Cảnh Văn Phòng
CCNCAT0012,CCNPLT0649,Cây Kiểng lá
CCNCAT0002,CCNPLT0649,Cây Lọc Không Khí
CCNCAT0013,CCNPLT0649,Cây Nhiệt Đới
CCNCAT0003,CCNPLT0649,Cây Phong Thủy
CCNCAT0004,CCNPLT0649,Cây Trong Nhà
CCNCAT0007,CCNPLT0649,Cây Trong Phòng Khách
CCNCAT0013,CCNPLT0650,Cây Nhiệt Đới
CCNCAT0005,CCNPLT0650,Cây Cần Ít Ánh Sáng
CCNCAT0000,CCNPLT0650,Cây Cảnh Để Bàn
CCNCAT0012,CCNPLT0650,Cây Kiểng lá
CCNCAT0003,CCNPLT0650,Cây Phong Thủy
CCNCAT0009,CCNPLT0650,Cây Trang Trí Nhà Cửa
CCNCAT0004,CCNPLT0650,Cây Trong Nhà
CCNCAT0007,CCNPLT0650,Cây Trong Phòng Khách
CCNCAT0000,CCNPLT0651,Cây Cảnh Để Bàn
CCNCAT0005,CCNPLT0651,Cây Cần Ít Ánh Sáng
CCNCAT0001,CCNPLT0651,Cây Cảnh Văn Phòng
CCNCAT0006,CCNPLT0651,Cây Dễ Trồng Trong Nhà
CCNCAT0012,CCNPLT0651,Cây Kiểng lá
CCNCAT0002,CCNPLT0651,Cây Lọc Không Khí
CCNCAT0013,CCNPLT0651,Cây Nhiệt Đới
CCNCAT0004,CCNPLT0651,Cây Trong Nhà
CCNCAT0007,CCNPLT0651,Cây Trong Phòng Khách
CCNCAT0000,CCNPLT0652,Cây Cảnh Để Bàn
CCNCAT0005,CCNPLT0652,Cây Cần Ít Ánh Sáng
CCNCAT0001,CCNPLT0652,Cây Cảnh Văn Phòng
CCNCAT0006,CCNPLT0652,Cây Dễ Trồng Trong Nhà
CCNCAT0012,CCNPLT0652,Cây Kiểng lá
CCNCAT0002,CCNPLT0652,Cây Lọc Không Khí
CCNCAT0013,CCNPLT0652,Cây Nhiệt Đới
CCNCAT0009,CCNPLT0652,Cây Trang Trí Nhà Cửa
CCNCAT0004,CCNPLT0652,Cây Trong Nhà
CCNCAT0007,CCNPLT0652,Cây Trong Phòng Khách
CCNCAT0000,CCNPLT0653,Cây Cảnh Để Bàn
CCNCAT0005,CCNPLT0653,Cây Cần Ít Ánh Sáng
CCNCAT0001,CCNPLT0653,Cây Cảnh Văn Phòng
CCNCAT0012,CCNPLT0653,Cây Kiểng lá
CCNCAT0002,CCNPLT0653,Cây Lọc Không Khí
CCNCAT0013,CCNPLT0653,Cây Nhiệt Đới
CCNCAT0003,CCNPLT0653,Cây Phong Thủy
CCNCAT0004,CCNPLT0653,Cây Trong Nhà
CCNCAT0007,CCNPLT0653,Cây Trong Phòng Khách
CCNCAT0000,CCNPLT0654,Cây Cảnh Để Bàn
CCNCAT0005,CCNPLT0654,Cây Cần Ít Ánh Sáng
CCNCAT0001,CCNPLT0654,Cây Cảnh Văn Phòng
CCNCAT0006,CCNPLT0654,Cây Dễ Trồng Trong Nhà
CCNCAT0012,CCNPLT0654,Cây Kiểng lá
CCNCAT0002,CCNPLT0654,Cây Lọc Không Khí
CCNCAT0013,CCNPLT0654,Cây Nhiệt Đới
CCNCAT0003,CCNPLT0654,Cây Phong Thủy
CCNCAT0004,CCNPLT0654,Cây Trong Nhà
CCNCAT0004,CCNPLT0655,Cây Trong Nhà
CCNCAT0005,CCNPLT0655,Cây Cần Ít Ánh Sáng
CCNCAT0001,CCNPLT0655,Cây Cảnh Văn Phòng
CCNCAT0000,CCNPLT0655,Cây Cảnh Để Bàn
CCNCAT0013,CCNPLT0655,Cây Nhiệt Đới
CCNCAT0003,CCNPLT0655,Cây Phong Thủy
CCNCAT0009,CCNPLT0655,Cây Trang Trí Nhà Cửa
CCNCAT0007,CCNPLT0655,Cây Trong Phòng Khách
CCNCAT0000,CCNPLT0656,Cây Cảnh Để Bàn
CCNCAT0005,CCNPLT0656,Cây Cần Ít Ánh Sáng
CCNCAT0001,CCNPLT0656,Cây Cảnh Văn Phòng
CCNCAT0006,CCNPLT0656,Cây Dễ Trồng Trong Nhà
CCNCAT0002,CCNPLT0656,Cây Lọc Không Khí
CCNCAT0013,CCNPLT0656,Cây Nhiệt Đới
CCNCAT0003,CCNPLT0656,Cây Phong Thủy
CCNCAT0009,CCNPLT0656,Cây Trang Trí Nhà Cửa
CCNCAT0004,CCNPLT0656,Cây Trong Nhà
CCNCAT0007,CCNPLT0656,Cây Trong Phòng Khách
CCNCAT0013,CCNPLT0657,Cây Nhiệt Đới
CCNCAT0005,CCNPLT0657,Cây Cần Ít Ánh Sáng
CCNCAT0000,CCNPLT0657,Cây Cảnh Để Bàn
CCNCAT0003,CCNPLT0657,Cây Phong Thủy
CCNCAT0009,CCNPLT0657,Cây Trang Trí Nhà Cửa
CCNCAT0004,CCNPLT0657,Cây Trong Nhà
CCNCAT0007,CCNPLT0657,Cây Trong Phòng Khách
CCNCAT0013,CCNPLT0658,Cây Nhiệt Đới
CCNCAT0005,CCNPLT0658,Cây Cần Ít Ánh Sáng
CCNCAT0001,CCNPLT0658,Cây Cảnh Văn Phòng
CCNCAT0000,CCNPLT0658,Cây Cảnh Để Bàn
CCNCAT0002,CCNPLT0658,Cây Lọc Không Khí
CCNCAT0003,CCNPLT0658,Cây Phong Thủy
CCNCAT0009,CCNPLT0658,Cây Trang Trí Nhà Cửa
CCNCAT0004,CCNPLT0658,Cây Trong Nhà
CCNCAT0013,CCNPLT0659,Cây Nhiệt Đới
CCNCAT0005,CCNPLT0659,Cây Cần Ít Ánh Sáng
CCNCAT0001,CCNPLT0659,Cây Cảnh Văn Phòng
CCNCAT0002,CCNPLT0659,Cây Lọc Không Khí
CCNCAT0003,CCNPLT0659,Cây Phong Thủy
CCNCAT0009,CCNPLT0659,Cây Trang Trí Nhà Cửa
CCNCAT0004,CCNPLT0659,Cây Trong Nhà
CCNCAT0007,CCNPLT0659,Cây Trong Phòng Khách
CCNCAT0013,CCNPLT0660,Cây Nhiệt Đới
CCNCAT0009,CCNPLT0660,Cây Trang Trí Nhà Cửa
CCNCAT0004,CCNPLT0660,Cây Trong Nhà
CCNCAT0007,CCNPLT0660,Cây Trong Phòng Khách
CCNCAT0013,CCNPLT0661,Cây Nhiệt Đới
CCNCAT0009,CCNPLT0661,Cây Trang Trí Nhà Cửa
CCNCAT0004,CCNPLT0661,Cây Trong Nhà
CCNCAT0000,CCNPLT0662,Cây Cảnh Để Bàn
CCNCAT0005,CCNPLT0662,Cây Cần Ít Ánh Sáng
CCNCAT0001,CCNPLT0662,Cây Cảnh Văn Phòng
CCNCAT0006,CCNPLT0662,Cây Dễ Trồng Trong Nhà
CCNCAT0012,CCNPLT0662,Cây Kiểng lá
CCNCAT0002,CCNPLT0662,Cây Lọc Không Khí
CCNCAT0013,CCNPLT0662,Cây Nhiệt Đới
CCNCAT0004,CCNPLT0662,Cây Trong Nhà
CCNCAT0004,CCNPLT0663,Cây Trong Nhà
CCNCAT0000,CCNPLT0663,Cây Cảnh Để Bàn
CCNCAT0012,CCNPLT0663,Cây Kiểng lá
CCNCAT0004,CCNPLT0664,Cây Trong Nhà
CCNCAT0000,CCNPLT0664,Cây Cảnh Để Bàn
CCNCAT0012,CCNPLT0664,Cây Kiểng lá
CCNCAT0004,CCNPLT0665,Cây Trong Nhà
CCNCAT0000,CCNPLT0665,Cây Cảnh Để Bàn
CCNCAT0012,CCNPLT0665,Cây Kiểng lá
CCNCAT0000,CCNPLT0666,Cây Cảnh Để Bàn
CCNCAT0017,CCNPLT0666,Cây Cảnh Mini
CCNCAT0001,CCNPLT0666,Cây Cảnh Văn Phòng
CCNCAT0006,CCNPLT0666,Cây Dễ Trồng Trong Nhà
CCNCAT0003,CCNPLT0666,Cây Phong Thủy
CCNCAT0004,CCNPLT0666,Cây Trong Nhà
CCNCAT0007,CCNPLT0666,Cây Trong Phòng Khách
CCNCAT0004,CCNPLT0667,Cây Trong Nhà
CCNCAT0000,CCNPLT0667,Cây Cảnh Để Bàn
CCNCAT0012,CCNPLT0667,Cây Kiểng lá
CCNCAT0003,CCNPLT0668,Cây Phong Thủy
CCNCAT0004,CCNPLT0669,Cây Trong Nhà
CCNCAT0014,CCNPLT0669,Cây Trồng Ban Công
CCNCAT0010,CCNPLT0669,Cây Trước Cửa & Hành Lang
CCNCAT0004,CCNPLT0670,Cây Trong Nhà
CCNCAT0005,CCNPLT0670,Cây Cần Ít Ánh Sáng
CCNCAT0017,CCNPLT0670,Cây Cảnh Mini
CCNCAT0006,CCNPLT0670,Cây Dễ Trồng Trong Nhà
CCNCAT0009,CCNPLT0670,Cây Trang Trí Nhà Cửa
CCNCAT0015,CCNPLT0670,Cây Treo Trong Nhà
CCNCAT0001,CCNPLT0671,Cây Cảnh Văn Phòng
CCNCAT0005,CCNPLT0671,Cây Cần Ít Ánh Sáng
CCNCAT0006,CCNPLT0671,Cây Dễ Trồng Trong Nhà
CCNCAT0002,CCNPLT0671,Cây Lọc Không Khí
CCNCAT0013,CCNPLT0671,Cây Nhiệt Đới
CCNCAT0003,CCNPLT0671,Cây Phong Thủy
CCNCAT0009,CCNPLT0671,Cây Trang Trí Nhà Cửa
CCNCAT0004,CCNPLT0671,Cây Trong Nhà
CCNCAT0007,CCNPLT0671,Cây Trong Phòng Khách
CCNCAT0010,CCNPLT0671,Cây Trước Cửa & Hành Lang
CCNCAT0001,CCNPLT0672,Cây Cảnh Văn Phòng
CCNCAT0005,CCNPLT0672,Cây Cần Ít Ánh Sáng
CCNCAT0000,CCNPLT0672,Cây Cảnh Để Bàn
CCNCAT0006,CCNPLT0672,Cây Dễ Trồng Trong Nhà
CCNCAT0002,CCNPLT0672,Cây Lọc Không Khí
CCNCAT0003,CCNPLT0672,Cây Phong Thủy
CCNCAT0009,CCNPLT0672,Cây Trang Trí Nhà Cửa
CCNCAT0014,CCNPLT0672,Cây Trồng Ban Công
CCNCAT0004,CCNPLT0672,Cây Trong Nhà
CCNCAT0017,CCNPLT0673,Cây Cảnh Mini
CCNCAT0009,CCNPLT0673,Cây Trang Trí Nhà Cửa
CCNCAT0015,CCNPLT0673,Cây Treo Trong Nhà
CCNCAT0004,CCNPLT0673,Cây Trong Nhà
CCNCAT0000,CCNPLT0674,Cây Cảnh Để Bàn
CCNCAT0005,CCNPLT0674,Cây Cần Ít Ánh Sáng
CCNCAT0001,CCNPLT0674,Cây Cảnh Văn Phòng
CCNCAT0006,CCNPLT0674,Cây Dễ Trồng Trong Nhà
CCNCAT0002,CCNPLT0674,Cây Lọc Không Khí
CCNCAT0013,CCNPLT0674,Cây Nhiệt Đới
CCNCAT0003,CCNPLT0674,Cây Phong Thủy
CCNCAT0004,CCNPLT0674,Cây Trong Nhà
CCNCAT0004,CCNPLT0675,Cây Trong Nhà
CCNCAT0005,CCNPLT0675,Cây Cần Ít Ánh Sáng
CCNCAT0001,CCNPLT0675,Cây Cảnh Văn Phòng
CCNCAT0011,CCNPLT0675,Cây Cao & Lớn Trong Nhà
CCNCAT0006,CCNPLT0675,Cây Dễ Trồng Trong Nhà
CCNCAT0012,CCNPLT0675,Cây Kiểng lá
CCNCAT0002,CCNPLT0675,Cây Lọc Không Khí
CCNCAT0013,CCNPLT0675,Cây Nhiệt Đới
CCNCAT0003,CCNPLT0675,Cây Phong Thủy
CCNCAT0009,CCNPLT0675,Cây Trang Trí Nhà Cửa
CCNCAT0010,CCNPLT0675,Cây Trước Cửa & Hành Lang
CCNCAT0001,CCNPLT0676,Cây Cảnh Văn Phòng
CCNCAT0011,CCNPLT0676,Cây Cao & Lớn Trong Nhà
CCNCAT0002,CCNPLT0676,Cây Lọc Không Khí
CCNCAT0003,CCNPLT0676,Cây Phong Thủy
CCNCAT0004,CCNPLT0676,Cây Trong Nhà
CCNCAT0007,CCNPLT0676,Cây Trong Phòng Khách
CCNCAT0010,CCNPLT0676,Cây Trước Cửa & Hành Lang
CCNCAT0001,CCNPLT0677,Cây Cảnh Văn Phòng
CCNCAT0006,CCNPLT0677,Cây Dễ Trồng Trong Nhà
CCNCAT0003,CCNPLT0677,Cây Phong Thủy
CCNCAT0004,CCNPLT0677,Cây Trong Nhà
CCNCAT0007,CCNPLT0677,Cây Trong Phòng Khách
CCNCAT0010,CCNPLT0677,Cây Trước Cửa & Hành Lang
CCNCAT0007,CCNPLT0678,Cây Trong Phòng Khách
CCNCAT0001,CCNPLT0678,Cây Cảnh Văn Phòng
CCNCAT0006,CCNPLT0678,Cây Dễ Trồng Trong Nhà
CCNCAT0012,CCNPLT0678,Cây Kiểng lá
CCNCAT0002,CCNPLT0678,Cây Lọc Không Khí
CCNCAT0003,CCNPLT0678,Cây Phong Thủy
CCNCAT0004,CCNPLT0678,Cây Trong Nhà
CCNCAT0001,CCNPLT0679,Cây Cảnh Văn Phòng
CCNCAT0005,CCNPLT0679,Cây Cần Ít Ánh Sáng
CCNCAT0011,CCNPLT0679,Cây Cao & Lớn Trong Nhà
CCNCAT0006,CCNPLT0679,Cây Dễ Trồng Trong Nhà
CCNCAT0002,CCNPLT0679,Cây Lọc Không Khí
CCNCAT0003,CCNPLT0679,Cây Phong Thủy
CCNCAT0014,CCNPLT0679,Cây Trồng Ban Công
CCNCAT0004,CCNPLT0679,Cây Trong Nhà
CCNCAT0007,CCNPLT0679,Cây Trong Phòng Khách
CCNCAT0010,CCNPLT0679,Cây Trước Cửa & Hành Lang
CCNCAT0004,CCNPLT0680,Cây Trong Nhà
CCNCAT0001,CCNPLT0680,Cây Cảnh Văn Phòng
CCNCAT0003,CCNPLT0680,Cây Phong Thủy
CCNCAT0009,CCNPLT0680,Cây Trang Trí Nhà Cửa
CCNCAT0007,CCNPLT0680,Cây Trong Phòng Khách
CCNCAT0010,CCNPLT0680,Cây Trước Cửa & Hành Lang
CCNCAT0000,CCNPLT0681,Cây Cảnh Để Bàn
CCNCAT0005,CCNPLT0681,Cây Cần Ít Ánh Sáng
CCNCAT0001,CCNPLT0681,Cây Cảnh Văn Phòng
CCNCAT0006,CCNPLT0681,Cây Dễ Trồng Trong Nhà
CCNCAT0012,CCNPLT0681,Cây Kiểng lá
CCNCAT0002,CCNPLT0681,Cây Lọc Không Khí
CCNCAT0013,CCNPLT0681,Cây Nhiệt Đới
CCNCAT0004,CCNPLT0681,Cây Trong Nhà
CCNCAT0004,CCNPLT0682,Cây Trong Nhà
CCNCAT0001,CCNPLT0682,Cây Cảnh Văn Phòng
CCNCAT0012,CCNPLT0682,Cây Kiểng lá
CCNCAT0009,CCNPLT0682,Cây Trang Trí Nhà Cửa
CCNCAT0007,CCNPLT0682,Cây Trong Phòng Khách
CCNCAT0010,CCNPLT0682,Cây Trước Cửa & Hành Lang
CCNCAT0004,CCNPLT0683,Cây Trong Nhà
CCNCAT0005,CCNPLT0683,Cây Cần Ít Ánh Sáng
CCNCAT0001,CCNPLT0683,Cây Cảnh Văn Phòng
CCNCAT0002,CCNPLT0683,Cây Lọc Không Khí
CCNCAT0009,CCNPLT0683,Cây Trang Trí Nhà Cửa
CCNCAT0007,CCNPLT0683,Cây Trong Phòng Khách
CCNCAT0010,CCNPLT0683,Cây Trước Cửa & Hành Lang
CCNCAT0000,CCNPLT0684,Cây Cảnh Để Bàn
CCNCAT0005,CCNPLT0684,Cây Cần Ít Ánh Sáng
CCNCAT0001,CCNPLT0684,Cây Cảnh Văn Phòng
CCNCAT0006,CCNPLT0684,Cây Dễ Trồng Trong Nhà
CCNCAT0002,CCNPLT0684,Cây Lọc Không Khí
CCNCAT0003,CCNPLT0684,Cây Phong Thủy
CCNCAT0004,CCNPLT0684,Cây Trong Nhà
CCNCAT0007,CCNPLT0684,Cây Trong Phòng Khách
CCNCAT0010,CCNPLT0684,Cây Trước Cửa & Hành Lang
CCNCAT0015,CCNPLT0685,Cây Treo Trong Nhà
CCNCAT0002,CCNPLT0685,Cây Lọc Không Khí
CCNCAT0004,CCNPLT0685,Cây Trong Nhà
CCNCAT0001,CCNPLT0686,Cây Cảnh Văn Phòng
CCNCAT0005,CCNPLT0686,Cây Cần Ít Ánh Sáng
CCNCAT0006,CCNPLT0686,Cây Dễ Trồng Trong Nhà
CCNCAT0002,CCNPLT0686,Cây Lọc Không Khí
CCNCAT0003,CCNPLT0686,Cây Phong Thủy
CCNCAT0004,CCNPLT0686,Cây Trong Nhà
CCNCAT0007,CCNPLT0686,Cây Trong Phòng Khách
CCNCAT0004,CCNPLT0687,Cây Trong Nhà
CCNCAT0005,CCNPLT0687,Cây Cần Ít Ánh Sáng
CCNCAT0017,CCNPLT0687,Cây Cảnh Mini
CCNCAT0001,CCNPLT0687,Cây Cảnh Văn Phòng
CCNCAT0000,CCNPLT0687,Cây Cảnh Để Bàn
CCNCAT0006,CCNPLT0687,Cây Dễ Trồng Trong Nhà
CCNCAT0002,CCNPLT0687,Cây Lọc Không Khí
CCNCAT0009,CCNPLT0687,Cây Trang Trí Nhà Cửa
CCNCAT0007,CCNPLT0687,Cây Trong Phòng Khách
CCNCAT0000,CCNPLT0688,Cây Cảnh Để Bàn
CCNCAT0001,CCNPLT0688,Cây Cảnh Văn Phòng
CCNCAT0002,CCNPLT0688,Cây Lọc Không Khí
CCNCAT0003,CCNPLT0688,Cây Phong Thủy
CCNCAT0004,CCNPLT0688,Cây Trong Nhà
CCNCAT0000,CCNPLT0689,Cây Cảnh Để Bàn
CCNCAT0005,CCNPLT0689,Cây Cần Ít Ánh Sáng
CCNCAT0001,CCNPLT0689,Cây Cảnh Văn Phòng
CCNCAT0006,CCNPLT0689,Cây Dễ Trồng Trong Nhà
CCNCAT0002,CCNPLT0689,Cây Lọc Không Khí
CCNCAT0003,CCNPLT0689,Cây Phong Thủy
CCNCAT0004,CCNPLT0689,Cây Trong Nhà
CCNCAT0007,CCNPLT0689,Cây Trong Phòng Khách
CCNCAT0000,CCNPLT0690,Cây Cảnh Để Bàn
CCNCAT0005,CCNPLT0690,Cây Cần Ít Ánh Sáng
CCNCAT0001,CCNPLT0690,Cây Cảnh Văn Phòng
CCNCAT0002,CCNPLT0690,Cây Lọc Không Khí
CCNCAT0003,CCNPLT0690,Cây Phong Thủy
CCNCAT0009,CCNPLT0690,Cây Trang Trí Nhà Cửa
CCNCAT0004,CCNPLT0690,Cây Trong Nhà
CCNCAT0007,CCNPLT0690,Cây Trong Phòng Khách
CCNCAT0017,CCNPLT0691,Cây Cảnh Mini
CCNCAT0000,CCNPLT0691,Cây Cảnh Để Bàn
CCNCAT0015,CCNPLT0691,Cây Treo Trong Nhà
CCNCAT0000,CCNPLT0692,Cây Cảnh Để Bàn
CCNCAT0005,CCNPLT0692,Cây Cần Ít Ánh Sáng
CCNCAT0001,CCNPLT0692,Cây Cảnh Văn Phòng
CCNCAT0006,CCNPLT0692,Cây Dễ Trồng Trong Nhà
CCNCAT0002,CCNPLT0692,Cây Lọc Không Khí
CCNCAT0003,CCNPLT0692,Cây Phong Thủy
CCNCAT0004,CCNPLT0692,Cây Trong Nhà
CCNCAT0001,CCNPLT0693,Cây Cảnh Văn Phòng
CCNCAT0005,CCNPLT0693,Cây Cần Ít Ánh Sáng
CCNCAT0000,CCNPLT0693,Cây Cảnh Để Bàn
CCNCAT0006,CCNPLT0693,Cây Dễ Trồng Trong Nhà
CCNCAT0002,CCNPLT0693,Cây Lọc Không Khí
CCNCAT0003,CCNPLT0693,Cây Phong Thủy
CCNCAT0004,CCNPLT0693,Cây Trong Nhà
CCNCAT0007,CCNPLT0693,Cây Trong Phòng Khách
CCNCAT0004,CCNPLT0694,Cây Trong Nhà
CCNCAT0017,CCNPLT0694,Cây Cảnh Mini
CCNCAT0000,CCNPLT0694,Cây Cảnh Để Bàn
CCNCAT0015,CCNPLT0694,Cây Treo Trong Nhà
CCNCAT0000,CCNPLT0695,Cây Cảnh Để Bàn
CCNCAT0005,CCNPLT0695,Cây Cần Ít Ánh Sáng
CCNCAT0017,CCNPLT0695,Cây Cảnh Mini
CCNCAT0001,CCNPLT0695,Cây Cảnh Văn Phòng
CCNCAT0006,CCNPLT0695,Cây Dễ Trồng Trong Nhà
CCNCAT0002,CCNPLT0695,Cây Lọc Không Khí
CCNCAT0003,CCNPLT0695,Cây Phong Thủy
CCNCAT0008,CCNPLT0695,Cây Trong Bếp & Nhà Tắm
CCNCAT0004,CCNPLT0695,Cây Trong Nhà
CCNCAT0007,CCNPLT0695,Cây Trong Phòng Khách
CCNCAT0009,CCNPLT0696,Cây Trang Trí Nhà Cửa
CCNCAT0006,CCNPLT0696,Cây Dễ Trồng Trong Nhà
CCNCAT0004,CCNPLT0696,Cây Trong Nhà
CCNCAT0001,CCNPLT0697,Cây Cảnh Văn Phòng
CCNCAT0005,CCNPLT0697,Cây Cần Ít Ánh Sáng
CCNCAT0000,CCNPLT0697,Cây Cảnh Để Bàn
CCNCAT0006,CCNPLT0697,Cây Dễ Trồng Trong Nhà
CCNCAT0002,CCNPLT0697,Cây Lọc Không Khí
CCNCAT0003,CCNPLT0697,Cây Phong Thủy
CCNCAT0008,CCNPLT0697,Cây Trong Bếp & Nhà Tắm
CCNCAT0004,CCNPLT0697,Cây Trong Nhà
CCNCAT0007,CCNPLT0697,Cây Trong Phòng Khách
CCNCAT0000,CCNPLT0698,Cây Cảnh Để Bàn
CCNCAT0005,CCNPLT0698,Cây Cần Ít Ánh Sáng
CCNCAT0017,CCNPLT0698,Cây Cảnh Mini
CCNCAT0001,CCNPLT0698,Cây Cảnh Văn Phòng
CCNCAT0006,CCNPLT0698,Cây Dễ Trồng Trong Nhà
CCNCAT0002,CCNPLT0698,Cây Lọc Không Khí
CCNCAT0003,CCNPLT0698,Cây Phong Thủy
CCNCAT0004,CCNPLT0698,Cây Trong Nhà
CCNCAT0001,CCNPLT0699,Cây Cảnh Văn Phòng
CCNCAT0005,CCNPLT0699,Cây Cần Ít Ánh Sáng
CCNCAT0006,CCNPLT0699,Cây Dễ Trồng Trong Nhà
CCNCAT0002,CCNPLT0699,Cây Lọc Không Khí
CCNCAT0003,CCNPLT0699,Cây Phong Thủy
CCNCAT0004,CCNPLT0699,Cây Trong Nhà
CCNCAT0007,CCNPLT0699,Cây Trong Phòng Khách
CCNCAT0000,CCNPLT0700,Cây Cảnh Để Bàn
CCNCAT0005,CCNPLT0700,Cây Cần Ít Ánh Sáng
CCNCAT0001,CCNPLT0700,Cây Cảnh Văn Phòng
CCNCAT0004,CCNPLT0700,Cây Trong Nhà
CCNCAT0007,CCNPLT0700,Cây Trong Phòng Khách
CCNCAT0009,CCNPLT0701,Cây Trang Trí Nhà Cửa
CCNCAT0001,CCNPLT0701,Cây Cảnh Văn Phòng
CCNCAT0007,CCNPLT0701,Cây Trong Phòng Khách
CCNCAT0010,CCNPLT0701,Cây Trước Cửa & Hành Lang
CCNCAT0015,CCNPLT0702,Cây Treo Trong Nhà
CCNCAT0005,CCNPLT0702,Cây Cần Ít Ánh Sáng
CCNCAT0001,CCNPLT0702,Cây Cảnh Văn Phòng
CCNCAT0006,CCNPLT0702,Cây Dễ Trồng Trong Nhà
CCNCAT0002,CCNPLT0702,Cây Lọc Không Khí
CCNCAT0004,CCNPLT0702,Cây Trong Nhà
CCNCAT0004,CCNPLT0703,Cây Trong Nhà
CCNCAT0005,CCNPLT0703,Cây Cần Ít Ánh Sáng
CCNCAT0017,CCNPLT0703,Cây Cảnh Mini
CCNCAT0001,CCNPLT0703,Cây Cảnh Văn Phòng
CCNCAT0000,CCNPLT0703,Cây Cảnh Để Bàn
CCNCAT0006,CCNPLT0703,Cây Dễ Trồng Trong Nhà
CCNCAT0012,CCNPLT0703,Cây Kiểng lá
CCNCAT0002,CCNPLT0703,Cây Lọc Không Khí
CCNCAT0013,CCNPLT0703,Cây Nhiệt Đới
CCNCAT0003,CCNPLT0703,Cây Phong Thủy
CCNCAT0009,CCNPLT0703,Cây Trang Trí Nhà Cửa
CCNCAT0014,CCNPLT0703,Cây Trồng Ban Công
CCNCAT0008,CCNPLT0703,Cây Trong Bếp & Nhà Tắm
CCNCAT0007,CCNPLT0703,Cây Trong Phòng Khách
CCNCAT0016,CCNPLT0704,Cây Thủy Sinh
CCNCAT0005,CCNPLT0704,Cây Cần Ít Ánh Sáng
CCNCAT0017,CCNPLT0704,Cây Cảnh Mini
CCNCAT0000,CCNPLT0704,Cây Cảnh Để Bàn
CCNCAT0002,CCNPLT0704,Cây Lọc Không Khí
CCNCAT0003,CCNPLT0704,Cây Phong Thủy
CCNCAT0004,CCNPLT0704,Cây Trong Nhà
CCNCAT0000,CCNPLT0705,Cây Cảnh Để Bàn
CCNCAT0005,CCNPLT0705,Cây Cần Ít Ánh Sáng
CCNCAT0017,CCNPLT0705,Cây Cảnh Mini
CCNCAT0001,CCNPLT0705,Cây Cảnh Văn Phòng
CCNCAT0006,CCNPLT0705,Cây Dễ Trồng Trong Nhà
CCNCAT0002,CCNPLT0705,Cây Lọc Không Khí
CCNCAT0003,CCNPLT0705,Cây Phong Thủy
CCNCAT0004,CCNPLT0705,Cây Trong Nhà
CCNCAT0000,CCNPLT0706,Cây Cảnh Để Bàn
CCNCAT0005,CCNPLT0706,Cây Cần Ít Ánh Sáng
CCNCAT0001,CCNPLT0706,Cây Cảnh Văn Phòng
CCNCAT0006,CCNPLT0706,Cây Dễ Trồng Trong Nhà
CCNCAT0002,CCNPLT0706,Cây Lọc Không Khí
CCNCAT0003,CCNPLT0706,Cây Phong Thủy
CCNCAT0004,CCNPLT0706,Cây Trong Nhà
CCNCAT0007,CCNPLT0706,Cây Trong Phòng Khách
CCNCAT0000,CCNPLT0707,Cây Cảnh Để Bàn
CCNCAT0005,CCNPLT0707,Cây Cần Ít Ánh Sáng
CCNCAT0017,CCNPLT0707,Cây Cảnh Mini
CCNCAT0001,CCNPLT0707,Cây Cảnh Văn Phòng
CCNCAT0006,CCNPLT0707,Cây Dễ Trồng Trong Nhà
CCNCAT0002,CCNPLT0707,Cây Lọc Không Khí
CCNCAT0003,CCNPLT0707,Cây Phong Thủy
CCNCAT0015,CCNPLT0707,Cây Treo Trong Nhà
CCNCAT0014,CCNPLT0707,Cây Trồng Ban Công
CCNCAT0004,CCNPLT0707,Cây Trong Nhà
CCNCAT0007,CCNPLT0707,Cây Trong Phòng Khách
CCNCAT0004,CCNPLT0708,Cây Trong Nhà
CCNCAT0005,CCNPLT0708,Cây Cần Ít Ánh Sáng
CCNCAT0001,CCNPLT0708,Cây Cảnh Văn Phòng
CCNCAT0000,CCNPLT0708,Cây Cảnh Để Bàn
CCNCAT0006,CCNPLT0708,Cây Dễ Trồng Trong Nhà
CCNCAT0012,CCNPLT0708,Cây Kiểng lá
CCNCAT0013,CCNPLT0708,Cây Nhiệt Đới
CCNCAT0009,CCNPLT0708,Cây Trang Trí Nhà Cửa
CCNCAT0007,CCNPLT0708,Cây Trong Phòng Khách
CCNCAT0004,CCNPLT0709,Cây Trong Nhà
CCNCAT0012,CCNPLT0710,Cây Kiểng lá
CCNCAT0005,CCNPLT0710,Cây Cần Ít Ánh Sáng
CCNCAT0001,CCNPLT0710,Cây Cảnh Văn Phòng
CCNCAT0000,CCNPLT0710,Cây Cảnh Để Bàn
CCNCAT0002,CCNPLT0710,Cây Lọc Không Khí
CCNCAT0013,CCNPLT0710,Cây Nhiệt Đới
CCNCAT0003,CCNPLT0710,Cây Phong Thủy
CCNCAT0004,CCNPLT0710,Cây Trong Nhà
CCNCAT0007,CCNPLT0710,Cây Trong Phòng Khách
CCNCAT0004,CCNPLT0711,Cây Trong Nhà
CCNCAT0005,CCNPLT0711,Cây Cần Ít Ánh Sáng
CCNCAT0001,CCNPLT0711,Cây Cảnh Văn Phòng
CCNCAT0016,CCNPLT0712,Cây Thủy Sinh
CCNCAT0005,CCNPLT0712,Cây Cần Ít Ánh Sáng
CCNCAT0001,CCNPLT0712,Cây Cảnh Văn Phòng
CCNCAT0000,CCNPLT0712,Cây Cảnh Để Bàn
CCNCAT0006,CCNPLT0712,Cây Dễ Trồng Trong Nhà
CCNCAT0002,CCNPLT0712,Cây Lọc Không Khí
CCNCAT0003,CCNPLT0712,Cây Phong Thủy
CCNCAT0004,CCNPLT0712,Cây Trong Nhà
CCNCAT0007,CCNPLT0712,Cây Trong Phòng Khách
CCNCAT0000,CCNPLT0713,Cây Cảnh Để Bàn
CCNCAT0005,CCNPLT0713,Cây Cần Ít Ánh Sáng
CCNCAT0017,CCNPLT0713,Cây Cảnh Mini
CCNCAT0001,CCNPLT0713,Cây Cảnh Văn Phòng
CCNCAT0006,CCNPLT0713,Cây Dễ Trồng Trong Nhà
CCNCAT0002,CCNPLT0713,Cây Lọc Không Khí
CCNCAT0003,CCNPLT0713,Cây Phong Thủy
CCNCAT0004,CCNPLT0713,Cây Trong Nhà
CCNCAT0000,CCNPLT0714,Cây Cảnh Để Bàn
CCNCAT0005,CCNPLT0714,Cây Cần Ít Ánh Sáng
CCNCAT0017,CCNPLT0714,Cây Cảnh Mini
CCNCAT0001,CCNPLT0714,Cây Cảnh Văn Phòng
CCNCAT0006,CCNPLT0714,Cây Dễ Trồng Trong Nhà
CCNCAT0002,CCNPLT0714,Cây Lọc Không Khí
CCNCAT0003,CCNPLT0714,Cây Phong Thủy
CCNCAT0004,CCNPLT0714,Cây Trong Nhà
CCNCAT0000,CCNPLT0715,Cây Cảnh Để Bàn
CCNCAT0005,CCNPLT0715,Cây Cần Ít Ánh Sáng
CCNCAT0017,CCNPLT0715,Cây Cảnh Mini
CCNCAT0001,CCNPLT0715,Cây Cảnh Văn Phòng
CCNCAT0002,CCNPLT0715,Cây Lọc Không Khí
CCNCAT0003,CCNPLT0715,Cây Phong Thủy
CCNCAT0015,CCNPLT0715,Cây Treo Trong Nhà
CCNCAT0004,CCNPLT0715,Cây Trong Nhà
CCNCAT0007,CCNPLT0715,Cây Trong Phòng Khách
CCNCAT0000,CCNPLT0716,Cây Cảnh Để Bàn
CCNCAT0005,CCNPLT0716,Cây Cần Ít Ánh Sáng
CCNCAT0017,CCNPLT0716,Cây Cảnh Mini
CCNCAT0001,CCNPLT0716,Cây Cảnh Văn Phòng
CCNCAT0006,CCNPLT0716,Cây Dễ Trồng Trong Nhà
CCNCAT0002,CCNPLT0716,Cây Lọc Không Khí
CCNCAT0003,CCNPLT0716,Cây Phong Thủy
CCNCAT0004,CCNPLT0716,Cây Trong Nhà
CCNCAT0001,CCNPLT0717,Cây Cảnh Văn Phòng
CCNCAT0005,CCNPLT0717,Cây Cần Ít Ánh Sáng
CCNCAT0000,CCNPLT0717,Cây Cảnh Để Bàn
CCNCAT0006,CCNPLT0717,Cây Dễ Trồng Trong Nhà
CCNCAT0002,CCNPLT0717,Cây Lọc Không Khí
CCNCAT0003,CCNPLT0717,Cây Phong Thủy
CCNCAT0004,CCNPLT0717,Cây Trong Nhà
CCNCAT0007,CCNPLT0717,Cây Trong Phòng Khách
CCNCAT0018,CCNPLT0718,Cây Có Hoa
CCNCAT0022,CCNPLT0718,Cây Hàng Rào
CCNCAT0019,CCNPLT0718,Cây Ngoài Trời
CCNCAT0018,CCNPLT0719,Cây Có Hoa
CCNCAT0022,CCNPLT0719,Cây Hàng Rào
CCNCAT0019,CCNPLT0719,Cây Ngoài Trời
CCNCAT0018,CCNPLT0720,Cây Có Hoa
CCNCAT0022,CCNPLT0720,Cây Hàng Rào
CCNCAT0019,CCNPLT0720,Cây Ngoài Trời
CCNCAT0018,CCNPLT0721,Cây Có Hoa
CCNCAT0022,CCNPLT0721,Cây Hàng Rào
CCNCAT0019,CCNPLT0721,Cây Ngoài Trời
CCNCAT0018,CCNPLT0722,Cây Có Hoa
CCNCAT0022,CCNPLT0722,Cây Hàng Rào
CCNCAT0019,CCNPLT0722,Cây Ngoài Trời
CCNCAT0018,CCNPLT0723,Cây Có Hoa
CCNCAT0022,CCNPLT0723,Cây Hàng Rào
CCNCAT0019,CCNPLT0723,Cây Ngoài Trời
CCNCAT0018,CCNPLT0724,Cây Có Hoa
CCNCAT0022,CCNPLT0724,Cây Hàng Rào
CCNCAT0019,CCNPLT0724,Cây Ngoài Trời
CCNCAT0018,CCNPLT0725,Cây Có Hoa
CCNCAT0022,CCNPLT0725,Cây Hàng Rào
CCNCAT0019,CCNPLT0725,Cây Ngoài Trời
CCNCAT0020,CCNPLT0725,Cây Trang Trí Ngoài Trời
CCNCAT0018,CCNPLT0726,Cây Có Hoa
CCNCAT0022,CCNPLT0726,Cây Hàng Rào
CCNCAT0019,CCNPLT0726,Cây Ngoài Trời
CCNCAT0020,CCNPLT0726,Cây Trang Trí Ngoài Trời
CCNCAT0018,CCNPLT0727,Cây Có Hoa
CCNCAT0024,CCNPLT0727,Cây Dạng Bụi
CCNCAT0022,CCNPLT0727,Cây Hàng Rào
CCNCAT0027,CCNPLT0727,Cây Lá Màu
CCNCAT0029,CCNPLT0727,Cây Leo Dàn
CCNCAT0019,CCNPLT0727,Cây Ngoài Trời
CCNCAT0020,CCNPLT0727,Cây Trang Trí Ngoài Trời
CCNCAT0026,CCNPLT0727,Cây Trồng Viền
CCNCAT0018,CCNPLT0728,Cây Có Hoa
CCNCAT0029,CCNPLT0728,Cây Leo Dàn
CCNCAT0019,CCNPLT0728,Cây Ngoài Trời
CCNCAT0022,CCNPLT0729,Cây Hàng Rào
CCNCAT0018,CCNPLT0729,Cây Có Hoa
CCNCAT0024,CCNPLT0729,Cây Dạng Bụi
CCNCAT0019,CCNPLT0729,Cây Ngoài Trời
CCNCAT0026,CCNPLT0729,Cây Trồng Viền
CCNCAT0018,CCNPLT0730,Cây Có Hoa
CCNCAT0022,CCNPLT0730,Cây Hàng Rào
CCNCAT0019,CCNPLT0730,Cây Ngoài Trời
CCNCAT0020,CCNPLT0730,Cây Trang Trí Ngoài Trời
CCNCAT0022,CCNPLT0731,Cây Hàng Rào
CCNCAT0019,CCNPLT0731,Cây Ngoài Trời
CCNCAT0030,CCNPLT0731,Cây Thân Đốt
CCNCAT0031,CCNPLT0731,Cây Thường Xanh
CCNCAT0020,CCNPLT0731,Cây Trang Trí Ngoài Trời
CCNCAT0022,CCNPLT0732,Cây Hàng Rào
CCNCAT0019,CCNPLT0732,Cây Ngoài Trời
CCNCAT0030,CCNPLT0732,Cây Thân Đốt
CCNCAT0031,CCNPLT0732,Cây Thường Xanh
CCNCAT0020,CCNPLT0732,Cây Trang Trí Ngoài Trời
CCNCAT0018,CCNPLT0733,Cây Có Hoa
CCNCAT0019,CCNPLT0733,Cây Ngoài Trời
CCNCAT0020,CCNPLT0733,Cây Trang Trí Ngoài Trời
CCNCAT0004,CCNPLT0733,Cây Trong Nhà
CCNCAT0018,CCNPLT0734,Cây Có Hoa
CCNCAT0032,CCNPLT0735,Cây Tầm Trung
CCNCAT0018,CCNPLT0735,Cây Có Hoa
CCNCAT0018,CCNPLT0736,Cây Có Hoa
CCNCAT0022,CCNPLT0736,Cây Hàng Rào
CCNCAT0019,CCNPLT0736,Cây Ngoài Trời
CCNCAT0018,CCNPLT0737,Cây Có Hoa
CCNCAT0022,CCNPLT0737,Cây Hàng Rào
CCNCAT0019,CCNPLT0737,Cây Ngoài Trời
CCNCAT0018,CCNPLT0738,Cây Có Hoa
CCNCAT0022,CCNPLT0738,Cây Hàng Rào
CCNCAT0029,CCNPLT0738,Cây Leo Dàn
CCNCAT0019,CCNPLT0738,Cây Ngoài Trời
CCNCAT0018,CCNPLT0739,Cây Có Hoa
CCNCAT0022,CCNPLT0739,Cây Hàng Rào
CCNCAT0029,CCNPLT0739,Cây Leo Dàn
CCNCAT0019,CCNPLT0739,Cây Ngoài Trời
CCNCAT0018,CCNPLT0740,Cây Có Hoa
CCNCAT0022,CCNPLT0740,Cây Hàng Rào
CCNCAT0029,CCNPLT0740,Cây Leo Dàn
CCNCAT0019,CCNPLT0740,Cây Ngoài Trời
CCNCAT0018,CCNPLT0741,Cây Có Hoa
CCNCAT0019,CCNPLT0741,Cây Ngoài Trời
CCNCAT0020,CCNPLT0741,Cây Trang Trí Ngoài Trời
CCNCAT0004,CCNPLT0741,Cây Trong Nhà
CCNCAT0001,CCNPLT0742,Cây Cảnh Văn Phòng
CCNCAT0005,CCNPLT0742,Cây Cần Ít Ánh Sáng
CCNCAT0006,CCNPLT0742,Cây Dễ Trồng Trong Nhà
CCNCAT0002,CCNPLT0742,Cây Lọc Không Khí
CCNCAT0019,CCNPLT0742,Cây Ngoài Trời
CCNCAT0013,CCNPLT0742,Cây Nhiệt Đới
CCNCAT0014,CCNPLT0742,Cây Trồng Ban Công
CCNCAT0004,CCNPLT0742,Cây Trong Nhà
CCNCAT0014,CCNPLT0743,Cây Trồng Ban Công
CCNCAT0001,CCNPLT0743,Cây Cảnh Văn Phòng
CCNCAT0018,CCNPLT0743,Cây Có Hoa
CCNCAT0006,CCNPLT0743,Cây Dễ Trồng Trong Nhà
CCNCAT0022,CCNPLT0743,Cây Hàng Rào
CCNCAT0019,CCNPLT0743,Cây Ngoài Trời
CCNCAT0013,CCNPLT0743,Cây Nhiệt Đới
CCNCAT0023,CCNPLT0743,Cây Tầm Thấp
CCNCAT0004,CCNPLT0743,Cây Trong Nhà
CCNCAT0014,CCNPLT0744,Cây Trồng Ban Công
CCNCAT0001,CCNPLT0744,Cây Cảnh Văn Phòng
CCNCAT0006,CCNPLT0744,Cây Dễ Trồng Trong Nhà
CCNCAT0019,CCNPLT0744,Cây Ngoài Trời
CCNCAT0004,CCNPLT0744,Cây Trong Nhà
CCNCAT0007,CCNPLT0744,Cây Trong Phòng Khách
CCNCAT0004,CCNPLT0745,Cây Trong Nhà
CCNCAT0001,CCNPLT0745,Cây Cảnh Văn Phòng
CCNCAT0006,CCNPLT0745,Cây Dễ Trồng Trong Nhà
CCNCAT0019,CCNPLT0745,Cây Ngoài Trời
CCNCAT0014,CCNPLT0745,Cây Trồng Ban Công
CCNCAT0007,CCNPLT0745,Cây Trong Phòng Khách
CCNCAT0004,CCNPLT0746,Cây Trong Nhà
CCNCAT0024,CCNPLT0746,Cây Dạng Bụi
CCNCAT0025,CCNPLT0746,Cây Lá Kim
CCNCAT0019,CCNPLT0746,Cây Ngoài Trời
CCNCAT0014,CCNPLT0746,Cây Trồng Ban Công
CCNCAT0027,CCNPLT0747,Cây Lá Màu
CCNCAT0024,CCNPLT0747,Cây Dạng Bụi
CCNCAT0019,CCNPLT0747,Cây Ngoài Trời
CCNCAT0023,CCNPLT0747,Cây Tầm Thấp
CCNCAT0026,CCNPLT0747,Cây Trồng Viền
CCNCAT0001,CCNPLT0748,Cây Cảnh Văn Phòng
CCNCAT0006,CCNPLT0748,Cây Dễ Trồng Trong Nhà
CCNCAT0025,CCNPLT0748,Cây Lá Kim
CCNCAT0002,CCNPLT0748,Cây Lọc Không Khí
CCNCAT0019,CCNPLT0748,Cây Ngoài Trời
CCNCAT0003,CCNPLT0748,Cây Phong Thủy
CCNCAT0023,CCNPLT0748,Cây Tầm Thấp
CCNCAT0004,CCNPLT0748,Cây Trong Nhà
CCNCAT0007,CCNPLT0748,Cây Trong Phòng Khách
CCNCAT0026,CCNPLT0748,Cây Trồng Viền
CCNCAT0010,CCNPLT0748,Cây Trước Cửa & Hành Lang
CCNCAT0027,CCNPLT0749,Cây Lá Màu
CCNCAT0001,CCNPLT0749,Cây Cảnh Văn Phòng
CCNCAT0006,CCNPLT0749,Cây Dễ Trồng Trong Nhà
CCNCAT0019,CCNPLT0749,Cây Ngoài Trời
CCNCAT0023,CCNPLT0749,Cây Tầm Thấp
CCNCAT0004,CCNPLT0749,Cây Trong Nhà
CCNCAT0026,CCNPLT0749,Cây Trồng Viền
CCNCAT0027,CCNPLT0750,Cây Lá Màu
CCNCAT0001,CCNPLT0750,Cây Cảnh Văn Phòng
CCNCAT0006,CCNPLT0750,Cây Dễ Trồng Trong Nhà
CCNCAT0019,CCNPLT0750,Cây Ngoài Trời
CCNCAT0023,CCNPLT0750,Cây Tầm Thấp
CCNCAT0004,CCNPLT0750,Cây Trong Nhà
CCNCAT0026,CCNPLT0750,Cây Trồng Viền
CCNCAT0019,CCNPLT0751,Cây Ngoài Trời
CCNCAT0033,CCNPLT0751,Cây Ăn Quả
CCNCAT0019,CCNPLT0752,Cây Ngoài Trời
CCNCAT0018,CCNPLT0752,Cây Có Hoa
CCNCAT0019,CCNPLT0753,Cây Ngoài Trời
CCNCAT0033,CCNPLT0753,Cây Ăn Quả
CCNCAT0019,CCNPLT0754,Cây Ngoài Trời
CCNCAT0018,CCNPLT0754,Cây Có Hoa
CCNCAT0019,CCNPLT0755,Cây Ngoài Trời
CCNCAT0033,CCNPLT0755,Cây Ăn Quả
CCNCAT0019,CCNPLT0756,Cây Ngoài Trời
CCNCAT0033,CCNPLT0756,Cây Ăn Quả
CCNCAT0019,CCNPLT0757,Cây Ngoài Trời
CCNCAT0033,CCNPLT0757,Cây Ăn Quả
CCNCAT0019,CCNPLT0758,Cây Ngoài Trời
CCNCAT0033,CCNPLT0758,Cây Ăn Quả
CCNCAT0033,CCNPLT0759,Cây Ăn Quả
CCNCAT0019,CCNPLT0759,Cây Ngoài Trời
CCNCAT0033,CCNPLT0760,Cây Ăn Quả
CCNCAT0029,CCNPLT0760,Cây Leo Dàn
CCNCAT0019,CCNPLT0760,Cây Ngoài Trời
CCNCAT0033,CCNPLT0761,Cây Ăn Quả
CCNCAT0029,CCNPLT0761,Cây Leo Dàn
CCNCAT0019,CCNPLT0761,Cây Ngoài Trời
CCNCAT0033,CCNPLT0762,Cây Ăn Quả
CCNCAT0029,CCNPLT0762,Cây Leo Dàn
CCNCAT0019,CCNPLT0762,Cây Ngoài Trời
CCNCAT0033,CCNPLT0763,Cây Ăn Quả
CCNCAT0029,CCNPLT0763,Cây Leo Dàn
CCNCAT0019,CCNPLT0763,Cây Ngoài Trời
CCNCAT0033,CCNPLT0764,Cây Ăn Quả
CCNCAT0029,CCNPLT0764,Cây Leo Dàn
CCNCAT0019,CCNPLT0764,Cây Ngoài Trời
CCNCAT0018,CCNPLT0765,Cây Có Hoa
CCNCAT0022,CCNPLT0765,Cây Hàng Rào
CCNCAT0019,CCNPLT0765,Cây Ngoài Trời
CCNCAT0020,CCNPLT0765,Cây Trang Trí Ngoài Trời
CCNCAT0033,CCNPLT0766,Cây Ăn Quả
CCNCAT0019,CCNPLT0766,Cây Ngoài Trời
CCNCAT0033,CCNPLT0767,Cây Ăn Quả
CCNCAT0019,CCNPLT0767,Cây Ngoài Trời
CCNCAT0033,CCNPLT0768,Cây Ăn Quả
CCNCAT0019,CCNPLT0768,Cây Ngoài Trời
CCNCAT0033,CCNPLT0769,Cây Ăn Quả
CCNCAT0019,CCNPLT0769,Cây Ngoài Trời
CCNCAT0033,CCNPLT0770,Cây Ăn Quả
CCNCAT0019,CCNPLT0770,Cây Ngoài Trời
CCNCAT0033,CCNPLT0771,Cây Ăn Quả
CCNCAT0019,CCNPLT0771,Cây Ngoài Trời
CCNCAT0033,CCNPLT0772,Cây Ăn Quả
CCNCAT0019,CCNPLT0772,Cây Ngoài Trời
CCNCAT0033,CCNPLT0773,Cây Ăn Quả
CCNCAT0019,CCNPLT0773,Cây Ngoài Trời
CCNCAT0033,CCNPLT0774,Cây Ăn Quả
CCNCAT0019,CCNPLT0774,Cây Ngoài Trời
CCNCAT0033,CCNPLT0775,Cây Ăn Quả
CCNCAT0019,CCNPLT0775,Cây Ngoài Trời
CCNCAT0000,CCNPLT0776,Cây Cảnh Để Bàn
CCNCAT0001,CCNPLT0776,Cây Cảnh Văn Phòng
CCNCAT0027,CCNPLT0776,Cây Lá Màu
CCNCAT0002,CCNPLT0776,Cây Lọc Không Khí
CCNCAT0019,CCNPLT0776,Cây Ngoài Trời
CCNCAT0003,CCNPLT0776,Cây Phong Thủy
CCNCAT0004,CCNPLT0776,Cây Trong Nhà
CCNCAT0019,CCNPLT0777,Cây Ngoài Trời
CCNCAT0018,CCNPLT0777,Cây Có Hoa
CCNCAT0029,CCNPLT0777,Cây Leo Dàn
CCNCAT0014,CCNPLT0778,Cây Trồng Ban Công
CCNCAT0019,CCNPLT0778,Cây Ngoài Trời
CCNCAT0004,CCNPLT0778,Cây Trong Nhà
CCNCAT0007,CCNPLT0778,Cây Trong Phòng Khách
CCNCAT0019,CCNPLT0779,Cây Ngoài Trời
CCNCAT0018,CCNPLT0779,Cây Có Hoa
CCNCAT0024,CCNPLT0779,Cây Dạng Bụi
CCNCAT0022,CCNPLT0779,Cây Hàng Rào
CCNCAT0026,CCNPLT0779,Cây Trồng Viền
CCNCAT0022,CCNPLT0780,Cây Hàng Rào
CCNCAT0018,CCNPLT0780,Cây Có Hoa
CCNCAT0024,CCNPLT0780,Cây Dạng Bụi
CCNCAT0019,CCNPLT0780,Cây Ngoài Trời
CCNCAT0026,CCNPLT0780,Cây Trồng Viền
CCNCAT0019,CCNPLT0781,Cây Ngoài Trời
CCNCAT0034,CCNPLT0781,Cây Che Phủ Nền
CCNCAT0018,CCNPLT0781,Cây Có Hoa
CCNCAT0024,CCNPLT0781,Cây Dạng Bụi
CCNCAT0026,CCNPLT0781,Cây Trồng Viền
CCNCAT0018,CCNPLT0782,Cây Có Hoa
CCNCAT0034,CCNPLT0782,Cây Che Phủ Nền
CCNCAT0024,CCNPLT0782,Cây Dạng Bụi
CCNCAT0022,CCNPLT0782,Cây Hàng Rào
CCNCAT0019,CCNPLT0782,Cây Ngoài Trời
CCNCAT0026,CCNPLT0782,Cây Trồng Viền
CCNCAT0035,CCNPLT0783,Cây Bóng Mát
CCNCAT0018,CCNPLT0783,Cây Có Hoa
CCNCAT0023,CCNPLT0783,Cây Tầm Thấp
CCNCAT0036,CCNPLT0783,Cây Tán Hình Tròn
CCNCAT0019,CCNPLT0784,Cây Ngoài Trời
CCNCAT0022,CCNPLT0784,Cây Hàng Rào
CCNCAT0025,CCNPLT0784,Cây Lá Kim
CCNCAT0030,CCNPLT0784,Cây Thân Đốt
CCNCAT0026,CCNPLT0784,Cây Trồng Viền
CCNCAT0022,CCNPLT0785,Cây Hàng Rào
CCNCAT0018,CCNPLT0785,Cây Có Hoa
CCNCAT0024,CCNPLT0785,Cây Dạng Bụi
CCNCAT0019,CCNPLT0785,Cây Ngoài Trời
CCNCAT0026,CCNPLT0785,Cây Trồng Viền
CCNCAT0019,CCNPLT0786,Cây Ngoài Trời
CCNCAT0018,CCNPLT0786,Cây Có Hoa
CCNCAT0024,CCNPLT0786,Cây Dạng Bụi
CCNCAT0022,CCNPLT0786,Cây Hàng Rào
CCNCAT0020,CCNPLT0786,Cây Trang Trí Ngoài Trời
CCNCAT0026,CCNPLT0786,Cây Trồng Viền
CCNCAT0018,CCNPLT0787,Cây Có Hoa
CCNCAT0024,CCNPLT0787,Cây Dạng Bụi
CCNCAT0022,CCNPLT0787,Cây Hàng Rào
CCNCAT0019,CCNPLT0787,Cây Ngoài Trời
CCNCAT0019,CCNPLT0788,Cây Ngoài Trời
CCNCAT0022,CCNPLT0788,Cây Hàng Rào
CCNCAT0026,CCNPLT0788,Cây Trồng Viền
CCNCAT0019,CCNPLT0789,Cây Ngoài Trời
CCNCAT0035,CCNPLT0789,Cây Bóng Mát
CCNCAT0018,CCNPLT0789,Cây Có Hoa
CCNCAT0028,CCNPLT0789,Cây Lá Rộng
CCNCAT0032,CCNPLT0789,Cây Tầm Trung
CCNCAT0036,CCNPLT0789,Cây Tán Hình Tròn
CCNCAT0018,CCNPLT0790,Cây Có Hoa
CCNCAT0022,CCNPLT0790,Cây Hàng Rào
CCNCAT0019,CCNPLT0790,Cây Ngoài Trời
CCNCAT0023,CCNPLT0790,Cây Tầm Thấp
CCNCAT0037,CCNPLT0791,Cỏ Cảnh
CCNCAT0019,CCNPLT0791,Cây Ngoài Trời
CCNCAT0019,CCNPLT0792,Cây Ngoài Trời
CCNCAT0035,CCNPLT0792,Cây Bóng Mát
CCNCAT0018,CCNPLT0792,Cây Có Hoa
CCNCAT0028,CCNPLT0792,Cây Lá Rộng
CCNCAT0032,CCNPLT0792,Cây Tầm Trung
CCNCAT0036,CCNPLT0792,Cây Tán Hình Tròn
CCNCAT0019,CCNPLT0793,Cây Ngoài Trời
CCNCAT0034,CCNPLT0793,Cây Che Phủ Nền
CCNCAT0029,CCNPLT0793,Cây Leo Dàn
CCNCAT0020,CCNPLT0793,Cây Trang Trí Ngoài Trời
CCNCAT0019,CCNPLT0794,Cây Ngoài Trời
CCNCAT0035,CCNPLT0794,Cây Bóng Mát
CCNCAT0018,CCNPLT0794,Cây Có Hoa
CCNCAT0028,CCNPLT0794,Cây Lá Rộng
CCNCAT0032,CCNPLT0794,Cây Tầm Trung
CCNCAT0036,CCNPLT0794,Cây Tán Hình Tròn
CCNCAT0014,CCNPLT0795,Cây Trồng Ban Công
CCNCAT0028,CCNPLT0795,Cây Lá Rộng
CCNCAT0019,CCNPLT0795,Cây Ngoài Trời
CCNCAT0004,CCNPLT0795,Cây Trong Nhà
CCNCAT0010,CCNPLT0795,Cây Trước Cửa & Hành Lang
CCNCAT0033,CCNPLT0796,Cây Ăn Quả
CCNCAT0029,CCNPLT0796,Cây Leo Dàn
CCNCAT0019,CCNPLT0796,Cây Ngoài Trời
CCNCAT0018,CCNPLT0797,Cây Có Hoa
CCNCAT0018,CCNPLT0798,Cây Có Hoa
CCNCAT0018,CCNPLT0799,Cây Có Hoa
CCNCAT0018,CCNPLT0800,Cây Có Hoa
CCNCAT0018,CCNPLT0801,Cây Có Hoa
CCNCAT0018,CCNPLT0802,Cây Có Hoa
