PLANTID,CODE,URL,TIÊU ĐỀ,TÊN KHOA HỌC,TÊN GỌI,GIÁ,MÔ TẢ,QUY CÁCH SẢN PHẨM,ĐỘ KHÓ,YÊU CẦU ÁNH SÁNG,NHU CẦU NƯỚC,KÍCH THƯỚC CÂY,LOẠI HẠT,CHẤT LIỆU CHẬU,MÀU SẮC,ĐỘ PH CỦA ĐẤT,LỌC KHÔNG KHÍ,TƯỚI NƯỚC
CCNPLT0000,TUBO005,https://mowgarden.com/cay-tung-bong-lai-tieu-canh-chau-su-tho-cam-tubo005/,Cây tùng bồng lai tiểu cảnh chậu sứ thổ cẩm TUBO005,Podocarpus macrophyllus,Cây tùng bồng lai,500000,"Cây Tùng Bông Lai là một loài cây mang vẻ đẹp trang nhã, với tán lá dầy xanh mướt trông giống như những đám mây và có kích thước nhỏ gọn nên rất thích hợp để bàn làm việc. Chúng là loài cây dễ trồng nên không cần phải tốn công chăm sóc, tuy nhiên cần đặt tại nơi có nhiều ánh sáng.
*Giá bao gồm chậu, đĩa lót và sỏi rải mặt","• Kích thước chậu: 20x20cm (DxC)
• Chiều cao tổng: 50 cm
• Độ rộng tán: 30 cm",Trung bình,Nắng trực tiếp / nắng tán xạ,Tưới nước 1-2 lần/tuần,,,,,,,
CCNPLT0001,CPTK001,https://mowgarden.com/cay-phat-tai-bo-5-cay-thiet-moc-lan-cptk001/,Cây phát tài bộ 5 – Cây thiết mộc lan CPTK001,Dracaena fragrans,Phát tài bộ – Thiết Mộc lan,750000,"Cây phát tài bộ còn được biết đến với tên gọi khác là cây thiết mộc lan. Loài cây nội thất được đánh giá là đem lại nhiều sinh khí, may mắn và thịnh vượng cho gia chủ, nhất là khi cây nở hoa là dấu hiệu tiền tài đang đến với bạn. Hơn nữa, nếu bạn đặt cây theo hướng Đông hay Đông Nam của ngôi nhà thì sẽ đem tới nhiều may mắn bởi cây là đại diện cho hành Mộc.","• Kích thước chậu: 30x30cm (DxC)
• Chiều cao tổng: 120 – 130 cm",Dễ chăm sóc,"Nắng tán xạ, chịu được nắng trực tiếp",Tưới nước 2 – 3 lần/tuần,,,,,,,
CCNPLT0002,LONI040,https://mowgarden.com/cay-kim-ngan-ba-than-de-ban-chau-su-gau-bearbrick-loni040/,Cây kim ngân ba thân để bàn chậu sứ gấu BearBrick LONI040,Pachira aquatica,Cây kim ngân,280000,"Cây Kim Ngân là loại cây cảnh trong nhà được trồng phổ biến trên khắp thế giới, nó có sức ảnh hưởng tới mức mà hầu như ai cũng tin rằng khi trồng có thể mang lại nhiều may mắn trong cuộc sống, công việc hoặc làm ăn.","• Kích thước chậu: 12×8 (DxC)
• Chiều cao tổng: 25cm",Dễ chăm sóc,Ánh sáng tán xạ / Nắng trực tiếp / Chịu râm mát,Tưới nước 2 – 3 lần/tuần,,,,,,,
CCNPLT0003,PHIG006,https://mowgarden.com/cay-trau-ba-de-vuong-xanh-chau-mat-cool-imperial-green-chau-su-phig006/,Cây trầu bà đế vương xanh chậu mặt cool ‘Imperial Green’ chậu sứ PHIG006,Philodendron Imperial Green,Trầu bà đế vương xanh,120000,"Trầu Bà Đế Vương Xanh (Philodendron Imperial Green) là một giống cây rất ưu chuộng để trồng với ý nghĩa phong thủy mà nó mang lại. Nên đặt cây tại các vị trí như trong phòng khách, phòng làm việc, văn phòng hoặc sảnh ra vào cơ quan.",,Rất dễ chăm sóc,Nắng tán xạ,Tưới nước 3 – 5 lần/tháng,"• Kích thước chậu: 18x14cm (DxC)
• Chiều cao tổng: 25 – 35 cm",,,,,,
CCNPLT0004,,https://mowgarden.com/cay-co-lan-chi-de-ban-chau-su-mat-cuoi-spi004/,Cây cỏ lan chi để bàn chậu sứ mặt cười SPI004,Chlorophytum laxum,Cây cỏ lan chi / cây dây nhện,120000,"Cỏ Lan Chi (hay còn gọi là Cỏ Nhện) là loại cây rất dễ sống với điều kiện khí hậu nóng tại Việt Nam. Đặc biệt, nó nằm trong top các loại cây lọc không khí rất hiệu quả, có thể đặt trong phòng ngủ giúp bạn có giấc ngủ trong lành hơn.",,Rất dễ chăm sóc,Nắng tán xạ / Chịu râm mát,Tưới nước 2 – 3 lần/tuần,Chiều cao 30 cm,,,,,,
CCNPLT0005,PHIR008,https://mowgarden.com/cay-trau-ba-de-vuong-do-de-ban-red-rojo-chau-su/,Cây trầu bà đế vương đỏ để bàn ‘Red Rojo’ chậu sứ PHIR008,Philodendron Imperial Red,Trầu bà đế vương đỏ,350000,"Thân dạng thảo lớn, trong tự nhiên cây có thể leo được, nhưng đa số khi trồng chậu thì thân vươn thẳng chắc chắn, cao khoảng dưới 1m5.","• Kích thước chậu: 12x12cm (DxC)
• Chiều cao tổng: 30 cm
• Độ rộng tán: 25 cm",Dễ chăm sóc,"Nắng tán xạ, chịu được nắng trực tiếp",Tưới nước 2 – 3 lần/tuần,,,,,,,
CCNPLT0006,STBS001,https://mowgarden.com/cay-luoi-ho-bantel-sensation-chau-uom-stbs001/,Cây lưỡi hổ Bantel Sensation chậu ươm STBS001,Sansevieria ‘hahnii’ Black Gold,Cây lưỡi hổ Thái xanh,160000,"Lưỡi hổ Thái xanh mini là dòng lưỡi hổ nhỏ để bàn, có chiều cao tối đa khoảng 20cm, không có nhiều vằn như những loại lưỡi hổ khác, nhưng nó lại sở hữu bộ lá màu xanh đậm ấn tượng, mang lại nét ‘cứng cáp’ tự nhiên cho không gian. Chúng rất thích hợp để trên bàn làm việc, kệ trang trí hoặc làm quà tặng.",• Chiều cao: 30 – 45 cm,Dễ chăm sóc,Ánh sáng tán xạ / Chịu bóng râm tốt,Thay nước 2 – 3 lần/tháng,,,,,,,
CCNPLT0007,RADE033,https://mowgarden.com/cay-hanh-phuc-de-san-2-tang-lon-chau-da-mai-rade033/,Cây hạnh phúc để sàn 2 tầng lớn chậu đá mài RADE033,Radermachera Sinica,Cây hạnh phúc,1200000,"Cây hạnh phúc là dòng cây cảnh đẹp, sức sống khỏe mạnh, dễ chăm sóc. Trên cây có những tán lá xanh tươi, mượt mà thể hiện cho sự hi vọng và niềm tin mạnh mẽ. Với ý nghĩa mang lại may mắn và hạnh phúc nên cây thường được chọn để làm cây trưng trong nhà hoặc làm quà tặng.","• Kích thước chậu: 30x34cm (DxC)
• Chiều cao tổng: 150cm",Dễ chăm sóc,"Nắng tán xạ, chịu được nắng trực tiếp",Tưới nước 2 – 3 lần/tuần,,,,,,,
CCNPLT0008,CTBC007,https://mowgarden.com/cay-trau-ba-cot-chau-xi-mang-tru-vuong-ctbc007/,Cây trầu bà cột chậu xi măng trụ vuông CTBC007,Epipremnum aureum,Trầu bà xanh,1100000,"Có tác dụng thanh lọc không khí trong nhà mà còn chứa đựng ý nghĩa phong thủy rất tốt, mang dáng vẻ thanh lịch và sang trọng.","• Chiều cao 130 – 140 cm
• Kích thước chậu: 30x58cm (DxC)",Dễ chăm sóc,"Nắng tán xạ, chịu được nắng trực tiếp",Tưới nước 3 – 4 lần/tuần,,,,,,,
CCNPLT0009,ANTH010,https://mowgarden.com/cay-hong-mon-co-nho-chau-su-trang-anth010/,Cây hồng môn cỡ nhỏ chậu sứ trắng ANTH010,Anthurium andreanum,Cây hồng môn,240000,"Cây hồng môn được biết tới là một loại cây cảnh mang lại điều tốt lành, có thể giúp điều hòa khí phong thủy trong nhà, có khả năng thu hút những dòng khí tích cực và làm tiêu bớt dòng khí tiêu cực cho môi trường xung quanh, trồng cây hồng môn trong nhà sẽ giúp không gian sống trở nên hài hòa và bình yên hơn.","• Kích thước chậu: 14×11.5 cm (DxC)
• Chiều cao tổng: 30 – 40cm",Dễ chăm sóc,Nắng tán xạ / Chịu râm mát,Tưới nước 2 – 3 lần/lần,,,,,,,
CCNPLT0010,SCHE020,https://mowgarden.com/cay-ngu-gia-bi-cam-thach-nho-chau-uom-sche020/,Cây ngũ gia bì cẩm thạch nhỏ chậu ươm SCHE020,Scheffera Octophylla,Ngũ gia bì cẩm thạch,100000,"Ngũ gia bì là loại cây mang lại tài vận, thịnh vượng và may mắn, trồng trong nhà sẽ mang đến một không gian thư thái, trong lành cho gia đình.",Chiều cao tổng: 40 cm,Dễ chăm sóc,"Nắng tán xạ, chịu được nắng trực tiếp",Tưới nước 2 – 3 lần/tuần,,,,,,,
CCNPLT0011,LONI039,https://mowgarden.com/cay-kim-ngan-mot-than-de-ban-chau-su-loni039/,Cây kim ngân một thân để bàn chậu sứ LONI039,Pachira aquatica,Cây kim ngân,480000,"Cây Kim Ngân là loại cây cảnh trong nhà được trồng phổ biến trên khắp thế giới, nó có sức ảnh hưởng tới mức mà hầu như ai cũng tin rằng khi trồng có thể mang lại nhiều may mắn trong cuộc sống, công việc hoặc làm ăn.","• Kích thước chậu: 20x18cm (DxC)
• Chiều cao tổng: 60cm",Dễ chăm sóc,Ánh sáng tán xạ / Nắng trực tiếp / Chịu râm mát,Tưới nước 2 – 3 lần/tuần,,,,,,,
CCNPLT0012,LIVI005,https://mowgarden.com/cay-co-la-xe-mini-de-ban-chau-su-hoa-van-livi005/,Cây cọ lá xẻ mini để bàn chậu sứ hoa văn LIVI005,Livistona chinensis,Cọ lá xẻ,160000,"Cây cọ nhật là loại cây trong nhà có kiểu lá xòe rộng như những cánh quạt, giúp trang trí không gian thêm xanh mát. Nó còn là loại cây phong thủy tượng trưng cho sự giàu sang và tiền tài nên rất đáng trồng trên bàn làm việc.","• Kích thước chậu: 14x14cm (DxC)
• Chiều cao chậu + cây: 25cm",Dễ chăm sóc,"Nắng tán xạ, chịu được nắng trực tiếp",Tưới nước 2 – 3 lần/tuần,,,,,,,
CCNPLT0013,RADE032,https://mowgarden.com/cay-hanh-phuc-de-san-2-tang-chau-su-hoa-van-rade032/,Cây hạnh phúc để sàn 2 tầng chậu sứ hoa văn RADE032,Radermachera Sinica,Cây hạnh phúc,900000,"Cây hạnh phúc là dòng cây cảnh đẹp, sức sống khỏe mạnh, dễ chăm sóc. Trên cây có những tán lá xanh tươi, mượt mà thể hiện cho sự hi vọng và niềm tin mạnh mẽ. Với ý nghĩa mang lại may mắn và hạnh phúc nên cây thường được chọn để làm cây trưng trong nhà hoặc làm quà tặng.","• Kích thước chậu: 25x25cm (DxC)
• Chiều cao tổng: 120cm",Dễ chăm sóc,"Nắng tán xạ, chịu được nắng trực tiếp",Tưới nước 2 – 3 lần/tuần,,,,,,,
CCNPLT0014,RADE031,https://mowgarden.com/cay-hanh-phuc-de-san-chau-su-rade031/,Cây hạnh phúc để sàn chậu sứ RADE031,Radermachera Sinica,Cây hạnh phúc,600000,"Cây hạnh phúc là dòng cây cảnh đẹp, sức sống khỏe mạnh, dễ chăm sóc. Trên cây có những tán lá xanh tươi, mượt mà thể hiện cho sự hi vọng và niềm tin mạnh mẽ. Với ý nghĩa mang lại may mắn và hạnh phúc nên cây thường được chọn để làm cây trưng trong nhà hoặc làm quà tặng.","• Kích thước chậu: 23x23cm (DxC)
• Chiều cao tổng: 80-100cm",Dễ chăm sóc,"Nắng tán xạ, chịu được nắng trực tiếp",Tưới nước 2 – 3 lần/tuần,,,,,,,
CCNPLT0015,LONI038,https://mowgarden.com/cay-kim-ngan-de-ban-that-binh-tieu-canh-chau-su-loni038/,Cây kim ngân để bàn thắt bính tiểu cảnh chậu sứ LONI038,Pachira aquatica,Cây kim ngân,380000,"Cây Kim Ngân là loại cây cảnh trong nhà được trồng phổ biến trên khắp thế giới, nó có sức ảnh hưởng tới mức mà hầu như ai cũng tin rằng khi trồng có thể mang lại nhiều may mắn trong cuộc sống, công việc hoặc làm ăn.","• Kích thước chậu: 20x18cm (DxC)
• Chiều cao tổng: 60cm",Dễ chăm sóc,Ánh sáng tán xạ / Nắng trực tiếp / Chịu râm mát,Tưới nước 2 – 3 lần/tuần,,,,,,,
CCNPLT0016,SHBG005,https://mowgarden.com/cay-luoi-ho-xanh-mini-black-gold-chau-su-shbg004-sao-chep/,Cây lưỡi hổ xanh để bàn mini ‘Black Gold’ chậu sứ SHBG005,Sansevieria ‘hahnii’ Black Gold,Cây lưỡi hổ Thái xanh,120000,"Lưỡi hổ Thái xanh mini là dòng lưỡi hổ nhỏ để bàn, có chiều cao tối đa khoảng 20cm, không có nhiều vằn như những loại lưỡi hổ khác, nhưng nó lại sở hữu bộ lá màu xanh đậm ấn tượng, mang lại nét ‘cứng cáp’ tự nhiên cho không gian. Chúng rất thích hợp để trên bàn làm việc, kệ trang trí hoặc làm quà tặng.","• Kích thược 12×11 cm (DxC)
• Chiều cao: 10 – 15 cm",Dễ chăm sóc,Ánh sáng tán xạ / Chịu bóng râm tốt,Thay nước 2 – 3 lần/tháng,,,,,,,
CCNPLT0017,PEAC005,https://mowgarden.com/cay-lan-y-chau-co-lon-de-ban-chau-su-trang-peac005/,Cây Lan ý chậu cỡ lớn để bàn chậu sứ trắng PEAC005,Spathiphyllum Wallisii,Lan ý,240000,"Những bông hoa trắng tinh khiết vươn lên đầy kiêu hãnh,phần còn lại phải kể đến vẻ đẹp được tạo từ những chiếc lá xanh tươi, tràn đầy sức sống.",Cao 30 – 40 cm,Dễ chăm sóc,"Nắng tán xạ, chịu được nắng trực tiếp","Ít nước, 2 – 3 lần/tuần",,,,,,,
CCNPLT0018,AGLA104,https://mowgarden.com/cay-phu-quy-chau-su-tho-cam-de-ban-agla104/,Cây phú quý chậu sứ thổ cẩm để bàn AGLA104,Aglaonema Red Siam,Cây Phú Quý,320000,"Cây Phú Quý có ý nghĩa mang lại may mắn, phú quý, đại cát đại lợi, bình an cho chủ nhân. Để Trúc Phú Quý mang lại ý nghĩa trọn vẹn bạn lưu ý về vị trí đặt theo hướng hợp với bản mệnh của mình.",Chiều cao: 50cm – Chậu 20x20cm,Dễ chăm sóc,Ánh sáng tán xạ; Chịu được khuất sáng,Vừa phải (2 lần/tuần),,,,,,,
CCNPLT0019,PHIG005,https://mowgarden.com/cay-trau-ba-de-vuong-xanh-imperial-green-chau-su-phig005/,Cây trầu bà đế vương xanh ‘Imperial Green’ chậu sứ PHIG005,Philodendron Imperial Green,Trầu bà đế vương xanh,320000,"Trầu Bà Đế Vương Xanh (Philodendron Imperial Green) là một giống cây rất ưu chuộng để trồng với ý nghĩa phong thủy mà nó mang lại. Nên đặt cây tại các vị trí như trong phòng khách, phòng làm việc, văn phòng hoặc sảnh ra vào cơ quan.",,Rất dễ chăm sóc,Nắng tán xạ,Tưới nước 3 – 5 lần/tháng,"• Kích thước chậu: 18x14cm (DxC)
• Chiều cao tổng: 25 – 35 cm",,,,,,
CCNPLT0020,AGSN010,https://mowgarden.com/cay-ngoc-ngan-de-ban-chau-su-agsn010/,Cây ngọc ngân để bàn chậu sứ AGSN010,Aglaonema Snow White,Cây ngọc ngân,160000,"Cây ngọc ngân là là cây trong nhà được đánh giá cao về phong thuỷ, người ta quan niệm rằng cây Ngọc ngân mang đến tài lộc, may mắn khi đặt trên bàn làm việc hay trang trí trong văn phòng. Về mặt tinh thần cây Ngọc ngân rất thích hợp làm quà tặng tình yêu.","• Kích thước chậu: 18x16cm (DxC)
• Chiều cao: 20 – 30cm",Dễ chăm sóc,Ánh sáng tán xạ; Tránh ánh nắng trực tiếp,Tưới nước 2 – 3 lần/tuần,,,,,,,
CCNPLT0021,LONI037,https://mowgarden.com/cay-kim-ngan-3-than-de-ban-chau-marle-loni037/,Cây kim ngân 3 thân để bàn chậu marle LONI037,Pachira aquatica,Cây kim ngân,140000,"Cây Kim Ngân là loại cây cảnh trong nhà được trồng phổ biến trên khắp thế giới, nó có sức ảnh hưởng tới mức mà hầu như ai cũng tin rằng khi trồng có thể mang lại nhiều may mắn trong cuộc sống, công việc hoặc làm ăn.","• Kích thước chậu: 15x14cm (DxC)
• Chiều cao tổng: 30 – 35 cm",Dễ chăm sóc,Ánh sáng tán xạ / Nắng trực tiếp / Chịu râm mát,Tưới nước 2 – 3 lần/tuần,,,,,,,
CCNPLT0022,BUBU007,https://mowgarden.com/cay-bang-dai-loan-cam-thach-chau-su-bubu007/,Cây bàng Đài Loan cẩm thạch chậu sứ BUBU007,Bucida Buceras Variegated,Bàng Đài Loan cẩm thạch,1200000,"Cây Bàng Đài Loan Cẩm Thạch có lá nhỏ xinh và sắc xanh, viền trắng hồng rất khác biệt và nổi bật, giúp không gian trở nên độc đáo và sang trọng","• Kích thước chậu: 42×47 cm (DxC)
• Chiều cao tổng: 130–140 cm",Dễ chăm sóc,Nắng trực tiếp / Nắng tán xạ,Tưới nước 4 – 5 lần/tuần,,,,,,,
CCNPLT0023,RADE030,https://mowgarden.com/cay-hanh-phuc-mot-than-co-thu-de-ban-chau-su-rade030/,Cây hạnh phúc một thân cổ thụ để bàn chậu sứ RADE030,Radermachera Sinica,Cây hạnh phúc,350000,"Cây hạnh phúc là dòng cây cảnh đẹp, sức sống khỏe mạnh, dễ chăm sóc. Trên cây có những tán lá xanh tươi, mượt mà thể hiện cho sự hi vọng và niềm tin mạnh mẽ. Với ý nghĩa mang lại may mắn và hạnh phúc nên cây thường được chọn để làm cây trưng trong nhà hoặc làm quà tặng.","• Kích thước chậu: 20x15cm (DxC)
• Chiều cao tổng: 35 – 40cm",Dễ chăm sóc,"Nắng tán xạ, chịu được nắng trực tiếp",Tưới nước 2 – 3 lần/tuần,,,,,,,
CCNPLT0024,LYRA048,https://mowgarden.com/cay-bang-singapore-mini-de-ban-chau-su-lyra048/,Cây bàng Singapore mini để bàn chậu sứ LYRA048,Ficus lyrata,Bàng Singapore / Sung tỳ bà,180000,"Cây Bàng Singapore Lớn có thể dễ dàng nhận ra ở những góc quán cafe, bàn làm việc công. Với những chiếc lá căng bóng hình đàn vĩ cầm rất lớn, nhiều gân là hình chân chim nổi bật.",,Dễ chăm sóc,Nắng trực tiếp / Ánh sáng tán xạ,Tưới nước 2 – 3 lần/tuần,"• Kích thước chậu: 12×12 cm (DxC)
• Chiều cao tổng: 25 – 30 cm",,,,,,
CCNPLT0025,RADE029,https://mowgarden.com/cay-hanh-phuc-mini-de-ban-chau-su-rade029/,Cây hạnh phúc mini để bàn chậu sứ RADE029,Radermachera Sinica,Cây hạnh phúc,150000,"Cây hạnh phúc là dòng cây cảnh đẹp, sức sống khỏe mạnh, dễ chăm sóc. Trên cây có những tán lá xanh tươi, mượt mà thể hiện cho sự hi vọng và niềm tin mạnh mẽ. Với ý nghĩa mang lại may mắn và hạnh phúc nên cây thường được chọn để làm cây trưng trong nhà hoặc làm quà tặng.","• Kích thước chậu: 17x17cm (DxC)
• Chiều cao tổng: 35 – 40cm",Dễ chăm sóc,"Nắng tán xạ, chịu được nắng trực tiếp",Tưới nước 2 – 3 lần/tuần,,,,,,,
CCNPLT0026,,https://mowgarden.com/cay-kim-tien-mini-de-ban-chau-su-zami033/,Cây kim tiền mini để bàn chậu sứ ZAMI033,Zamioculcas Zamiifolia,Cây kim tiền / Kim phát tài,150000,"Cây kim tiền có lá hình xương cá màu xanh mướt. Loài này rất dễ sống phát triển mạnh ở những nơi có độ ẩm cao, thường được trồng để trang trí trong phòng khách, làm quà tặng tân gia, khai trương cửa hàng.","• Kích thước chậu: 14×12 cm (DxC)
• Chiều cao tổng: 30 – 35 cm",Dễ chăm sóc,"Nắng tán xạ, chịu được nắng trực tiếp",Tưới nước 2 – 3 lần/tuần,,,,,,,
CCNPLT0027,AGRA005,https://mowgarden.com/cay-van-loc-son-red-anjamani-de-ban-chau-gom-hoa-agra005/,Cây vạn lộc son ‘Red Anjamani’ để bàn chậu gốm hoa AGRA005,Aglaonema ‘Red Anjamani’,Cây hồng phát lộc,120000,"Cô tòng đuôi lươn sở hữu bộ lá nhiều màu sắc rực rỡ, cùng những đường viền hoa văn độc đáo, chúngthường được trồng trang trí cho bồn hoa, ban công hoặc trước hiên nhà. Loại cây này đôi lúc được trồng trong nhà, nhưng đòi hỏi phải trồng nơi có nhiều ánh sáng, gần cửa sổ.","• Kích thước chậu: 9x12cm (DxC)
• Chiều cao: 30 – 35 cm",Dễ chăm sóc,Nắng tán xạ / Nơi râm mát,Tưới nước 2 – 3 lần/tuần,,,,,,,
CCNPLT0028,PEOB006,https://mowgarden.com/cay-truong-sinh-xanh-de-ban-chau-su-peob006/,Cây trường sinh xanh để bàn chậu sứ PEOB006,Peperomia obtusifolia,Cây trường sinh,140000,"Cây trường sinh xanh là một loại cây cảnh trong nhà đẹp mắt, với bộ lá luôn xanh mát, sức sống mãnh liệt, dễ chăm sóc. Đây cũng là loại cây phong thủy với tác dụng mang đến sức khỏe, may mắn và tiền tài tới cho gia chủ. Người ta thường hay tặng cây trường sinh vào những dịp đặc biệt như là một lời chúc phúc tới người nhận.",,Dễ chăm sóc,Nắng tán xạ / Chịu râm mát,Tưới nước 2 – 3 lần/tuần,"• Kích thước chậu: 14×14 cm (DxC)
• Chiều cao tổng: 30 cm",,,,,,
CCNPLT0029,PHGO006,https://mowgarden.com/cay-trau-ba-de-vuong-vang-chau-su-hoa-tiet-phig006/,Cây trầu bà đế vương vàng chậu sứ họa tiết PHGO006,Philodendron Imperial Golden,Cây trầu bà đế vương vàng,180000,"Trầu Bà Đế Vương Vàng có tên tiếng Anh là Philodendron Imperial Golden, là dòng cây thân thảo, có sức sống bền bỉ và rất dễ chăm sóc. Loài cây này có phần lá non màu vàng tươi tại trung tâm, khi già đi thì lá chuyển sang màu xanh trong tự nhiên rất bắt mắt. Đây là một loại cây trang trí nội thất rất tuyệt vời, nó giúp không gian sống có thêm điểm nhấn bởi phần lá màu vàng của mình.","• Kích thước chậu: 15×12,5 (DxC)
• Chiều cao tổng: 35 – 40 cm",Dễ chăm sóc,Nắng tán xạ / Bóng râm,Tưới nước 2 – 3 lần/tuần,,,,,,,
CCNPLT0030,AGRA004,https://mowgarden.com/cay-van-loc-son-red-anjamani-de-ban-chau-su-agra004/,Cây vạn lộc son ‘Red Anjamani’ để bàn chậu sứ AGRA004,Aglaonema ‘Red Anjamani’,Cây hồng phát lộc,220000,"Cô tòng đuôi lươn sở hữu bộ lá nhiều màu sắc rực rỡ, cùng những đường viền hoa văn độc đáo, chúngthường được trồng trang trí cho bồn hoa, ban công hoặc trước hiên nhà. Loại cây này đôi lúc được trồng trong nhà, nhưng đòi hỏi phải trồng nơi có nhiều ánh sáng, gần cửa sổ.","• Kích thước chậu: 11x11cm
• Chiều cao: 30 – 35 cm",Dễ chăm sóc,Nắng tán xạ / Nơi râm mát,Tưới nước 2 – 3 lần/tuần,,,,,,,
CCNPLT0031,LONI036,https://mowgarden.com/cay-kim-ngan-no-de-ban-chau-su-trang-loni036/,Cây kim ngân nơ để bàn chậu sứ trắng LONI036,Pachira aquatica,Cây kim ngân,150000,"Cây Kim Ngân là loại cây cảnh trong nhà được trồng phổ biến trên khắp thế giới, nó có sức ảnh hưởng tới mức mà hầu như ai cũng tin rằng khi trồng có thể mang lại nhiều may mắn trong cuộc sống, công việc hoặc làm ăn.","• Kích thước chậu: cm (DxC)
• Chiều cao tổng: cm",Dễ chăm sóc,Ánh sáng tán xạ / Nắng trực tiếp / Chịu râm mát,Tưới nước 2 – 3 lần/tuần,,,,,,,
CCNPLT0032,SAFS005,https://mowgarden.com/cay-luoi-ho-thai-de-ban-futura-superba-chau-su-safs005/,Cây lưỡi hổ Thái để bàn ‘Futura superba’ chậu sứ SAFS005,Sansevieria futura Superba,Cây lưỡi hổ thái,360000,"Lưỡi hổ là loại cây cảnh nội thất kinh điển nhất, bởi sức sống bền bỉ không cần tốn công chăm sóc, lại còn được NASA đánh giá là có khả năng thanh lọc không khí rất hiệu quả bằng một cơ chế hấp thu các loại chất khí độc hại trên bộ lá.","• Kích thước chậu: 20×18 cm (DxC)
• Chiều cao tổng: 30 – 40 cm",Dễ chăm sóc,"Nắng tán xạ, chịu được nắng trực tiếp",Tưới nước 2 – 3 lần/tuần,,,,,,,
CCNPLT0033,TBTX009-1,https://mowgarden.com/cay-trau-ba-thanh-xuan-chau-su-hoa-tiet-tbtx010/,Cây trầu bà thanh xuân chậu sứ họa tiết TBTX010,Thaumatophyllum bipinnatifidum,Cây trầu bà thanh xuân / Cây trầu bà tay Phật,950000,"Trầu bà thanh xuân là loại cây trong nhà độc đáo được mọi người ưa thích và trưng bày trang trí. Trầu Bà Thanh Xuân có ý nghĩa về mặt phong thủy nó còn có ý nghĩa may mắn, đem lại tài lộc, gia tăng vận khí, thể hiện ý chí vươn lên của gia chủ.","• Kích thước chậu: 32×40 cm (ĐxC)
• Chiều cao 120 – 140cm
• Kích thước tán 90 – 100cm",Dễ chăm sóc,Nắng tán xạ / Bóng râm,Tưới nước 2 – 3 lần/tuần,,,,,,,
CCNPLT0034,SCHE019,https://mowgarden.com/cay-ngu-gia-bi-de-ban-chau-su-tho-cam-sche019/,Cây ngũ gia bì để bàn chậu sứ thổ cẩm SCHE019,Scheffera Octophylla,Ngũ gia bì,220000,"Ngũ gia bì là loại cây mang lại tài vận, thịnh vượng và may mắn, trồng trong nhà sẽ mang đến một không gian thư thái, trong lành cho gia đình.","• Kích thước chậu: 20×18 cm (DxC)
• Chiều cao tổng: 40-50 cm",Dễ chăm sóc,"Nắng tán xạ, chịu được nắng trực tiếp",Tưới nước 2 – 3 lần/tuần,,,,,,,
CCNPLT0035,CPTN014,https://mowgarden.com/cay-phat-tai-nui-2-tang-dang-thap-chau-da-mai-cptn014/,Cây phát tài núi 2 tầng dáng thấp chậu đá mài CPTN014,Dracaena draco,Phát tài núi,1650000,"Cây phát tài núi rất thường được lựa chọn để làm quà tặng vào những dịp khai trương, lên nhà mới, văn phòng mới… với mong muốn đem lại nhiều tài lộc và may mắn cho người được tặng.","• Kích thước chậu: 38.5x30cm (DxC)
• Chiều cao tổng: 120 – 130 cm",Dễ chăm sóc,"Nắng tán xạ, chịu được nắng trực tiếp",Tưới nước 2 – 3 lần/tuần,,,,,,,
CCNPLT0036,TUBO004,https://mowgarden.com/cay-tung-bong-lai-bonsai-tieu-canh-chau-su-tubo004/,Cây tùng bồng lai bonsai tiểu cảnh chậu sứ TUBO004,Podocarpus macrophyllus,Cây tùng bồng lai,2200000,"Cây Tùng Bông Lai là một loài cây mang vẻ đẹp trang nhã, với tán lá dầy xanh mướt trông giống như những đám mây và có kích thước nhỏ gọn nên rất thích hợp để bàn làm việc. Chúng là loài cây dễ trồng nên không cần phải tốn công chăm sóc, tuy nhiên cần đặt tại nơi có nhiều ánh sáng.","• Kích thước chậu: 35x15cm (DxC)
• Chiều cao tổng: 55 cm
• Độ rộng tán: 45 cm",Trung bình,Nắng trực tiếp / nắng tán xạ,Tưới nước 2 – 3 lần/tuần,,,,,,,
CCNPLT0037,PHIR007,https://mowgarden.com/cay-trau-ba-de-vuong-do-red-rojo-chau-su-phir007/,Cây trầu bà đế vương đỏ ‘Red Rojo’ chậu sứ PHIR007,Philodendron Imperial Red,Trầu bà đế vương đỏ,550000,"Thân dạng thảo lớn, trong tự nhiên cây có thể leo được, nhưng đa số khi trồng chậu thì thân vươn thẳng chắc chắn, cao khoảng dưới 1m5.","• Kích thước chậu: cm (DxC)
• Chiều cao tổng:  cm
• Độ rộng tán: cm",Dễ chăm sóc,"Nắng tán xạ, chịu được nắng trực tiếp",Tưới nước 2 – 3 lần/tuần,,,,,,,
CCNPLT0038,LONI035,https://mowgarden.com/cay-kim-ngan-that-binh-tieu-canh-chau-dat-nung-loni035/,Cây kim ngân thắt bính tiểu cảnh chậu đất nung LONI035,Pachira aquatica,Cây kim ngân,420000,"Cây Kim Ngân là loại cây cảnh trong nhà được trồng phổ biến trên khắp thế giới, nó có sức ảnh hưởng tới mức mà hầu như ai cũng tin rằng khi trồng có thể mang lại nhiều may mắn trong cuộc sống, công việc hoặc làm ăn.","• Kích thước chậu: cm (DxC)
• Chiều cao tổng: cm",Dễ chăm sóc,Ánh sáng tán xạ / Nắng trực tiếp / Chịu râm mát,Tưới nước 2 – 3 lần/tuần,,,,,,,
CCNPLT0039,HEDE002,https://mowgarden.com/cay-thuong-xuan-cam-thach-chau-nhua-hede002/,Cây thường xuân cẩm thạch chậu nhựa HEDE002,Hedera Helix,Cây thường xuân cẩm thạch,160000,"Thường xuân là loài cây dây leo, chúng có thể sống trong nhà rất tốt và sinh trưởng khỏe mạnh vào mùa mát mẻ. Những cành dài buông rủ của chúng là gợi ý tuyệt vời trên bục cửa sổ, trên kệ sách hoặc treo lên cao. Chúng có sức sống khá bền bỉ nên điều kiện chăm sóc cũng không quá phức tạp.",Chậu ươm 10×10,Trung bình,"Ít nắng, trồng nơi râm mát",Tưới nước 4 – 5 lần/tuần,,,,,,,
CCNPLT0040,PHBI005,https://mowgarden.com/cay-hong-hac-than-cam-billietiae-chau-banh-phbi005/,Cây hồng hạc thân cam “Billietiae’ chậu banh PHBI005,Philodendron billietiae,Cây hồng hạc chân cam,550000,"Cây Hạc Cam đặc trưng bởi những chiếc lá thuôn dài, hình dây đeo có xẻ trái tim sâu, phần cuống cũng được tô điểm bởi màu da cam rất bắt mắt. Khi trưởng thành cây hạc Philodendron billietiae có kích thước rất khủng nên được nhiều người săn đón sưu tầm.","• Kích thước chậu: 32×25 cm (DxC)
• Kích thước lá: 35 ~ 40 cm",Dễ chăm sóc,"Nắng tán xạ, chịu được nắng trực tiếp","Ít nước, 2 – 3 lần/tuần",,,,,,,
CCNPLT0041,LYRA047,https://mowgarden.com/cay-bang-singapore-2-than-chau-da-mai-lyra047/,Cây bàng Singapore 2 thân chậu đá mài LYRA047,Ficus lyrata,Bàng Singapore / Sung tỳ bà,680000,"Cây Bàng Singapore Lớn có thể dễ dàng nhận ra ở những góc quán cafe, bàn làm việc công. Với những chiếc lá căng bóng hình đàn vĩ cầm rất lớn, nhiều gân là hình chân chim nổi bật.",,Dễ chăm sóc,Nắng trực tiếp / Ánh sáng tán xạ,Tưới nước 2 – 3 lần/tuần,"• Kích thước chậu: 37×37 cm (DxC)
• Chiều cao tổng: 100 – 120 cm",,,,,,
CCNPLT0042,LYRA046,https://mowgarden.com/cay-bang-singapore-nhieu-than-chau-su-trang-lyra046/,Cây bàng Singapore nhiều thân chậu sứ trắng LYRA046,Ficus lyrata,Bàng Singapore / Sung tỳ bà,2250000,"Cây Bàng Singapore Lớn có thể dễ dàng nhận ra ở những góc quán cafe, bàn làm việc công. Với những chiếc lá căng bóng hình đàn vĩ cầm rất lớn, nhiều gân là hình chân chim nổi bật.",,Dễ chăm sóc,Nắng trực tiếp / Ánh sáng tán xạ,Tưới nước 2 – 3 lần/tuần,"• Kích thước chậu: 50×47 cm (DxC)
• Chiều cao tổng: 180 – 200 cm",,,,,,
CCNPLT0043,BDCT006,https://mowgarden.com/cay-da-bup-do-cam-thach-1-than-lon-chau-su-bdct006/,Cây đa búp đỏ cẩm thạch 1 thân lớn chậu sứ BDCT006,Ficus Elastica Tineke,Đa búp đỏ cẩm thạch,570000,"Từ lâu cây Đa luôn là biểu tượng của sự trường tồn, sức sống dẻo dai, nơi chứa đựng thần quyền và tâm linh của con người. Chính lẽ đó mà trong phong thủy, Đa Búp Đỏ cũng mang ý nghĩa của sự may mắn, an lành.","• Kích thước chậu: 25x25cm (DxC)
• Chiều cao tổng: 110 – 120cm",Rất dễ chăm sóc,Ánh sáng tán xạ,Tưới nước 2 – 3 lần/tuần,,,,,,,
CCNPLT0044,SCHE018,https://mowgarden.com/cay-ngu-gia-bi-de-ban-chau-dat-nung-sche018/,Cây ngũ gia bì để bàn chậu đất nung SCHE018,Scheffera Octophylla,Ngũ gia bì,150000,"Ngũ gia bì là loại cây mang lại tài vận, thịnh vượng và may mắn, trồng trong nhà sẽ mang đến một không gian thư thái, trong lành cho gia đình.","• Kích thước chậu: 12x11cm (DxC)
• Chiều cao tổng: 20 – 24cm",Dễ chăm sóc,"Nắng tán xạ, chịu được nắng trực tiếp",Tưới nước 2 – 3 lần/tuần,,,,,,,
CCNPLT0045,DRCO004,https://mowgarden.com/cay-truc-mat-troi-compacta-chau-su-hoa-tiet-tho-drco004/,Cây trúc mặt trời ‘Compacta’ chậu sứ họa tiết thổ DRCO004,Dracaena fragrans ‘Compacta’,Trúc mặt trời / Phát tài Nhật,200000,"Cây phát tài Nhật tượng trưng cho sức sống bền bỉ, mạnh mẽ. Cây có thể thích nghi với mọi điều kiện thời tiết, tán lá vẫn xanh vẫn vươn thêm nhiều tầng mới. Vì thế mà cây mang lại nguồn sinh khí dồi dào, một tinh thần tích cực, cùng niềm vui và sự may mắn cho mọi người.","• Kích thước chậu: 11x11cm (DxC)
• Chiều cao tổng: 20 – 30 cm",Dễ chăm sóc,Nắng tán xạ / Nơi râm mát,Tưới nước 2 – 3 lần/tuần,,,,,,,
CCNPLT0046,ABDS004,https://mowgarden.com/cay-mon-vay-rong-dragon-scale-chau-su-trang-abds004/,Cây môn vảy rồng ‘Dragon Scale’ chậu sứ trắng ABDS004,Alocasia Dragon Scale,Môn vảy rồng,320000,Bạn không cần dành quá nhiều thời gian cho Rồng Bạc nhưng vẫn ngắm nhìn được vẻ đẹp của nó mỗi ngày.,"• Kích thước chậu: 15x15cm (DxC)
• Chiều cao tổng: 30 – 32 cm",Dễ chăm sóc,Nắng tán xạ / Nơi râm mát,Tưới nước 2 – 3 lần/tuần,,,,,,,
CCNPLT0047,PEOB005,https://mowgarden.com/cay-truong-sinh-de-ban-chau-dat-nung-marble-peob005/,Cây trường sinh để bàn chậu đất nung Marble PEOB005,Peperomia obtusifolia,Cây trường sinh,200000,"Cây trường sinh (Peperomia obtusifolia) là một loại cây cảnh trong nhà đẹp mắt, với bộ lá luôn xanh mát, sức sống mãnh liệt, dễ chăm sóc. Đây cũng là loại cây phong thủy với tác dụng mang đến sức khỏe, may mắn và tiền tài tới cho gia chủ. Người ta thường hay tặng cây trường sinh vào những dịp đặc biệt như là một lời chúc phúc tới người nhận.",,Dễ chăm sóc,Nắng tán xạ / Chịu râm mát,Tưới nước 2 – 3 lần/tuần,"• Kích thước chậu: 18×18 cm (DxC)
• Chiều cao tổng: 40 cm",,,,,,
CCNPLT0048,LONI034,https://mowgarden.com/cay-kim-ngan-that-binh-nho-de-ban-chau-su-loni034/,Cây kim ngân thắt bính nhỏ để bàn chậu sứ LONI034,Pachira aquatica,Cây kim ngân,140000,"Cây Kim Ngân là loại cây cảnh trong nhà được trồng phổ biến trên khắp thế giới, nó có sức ảnh hưởng tới mức mà hầu như ai cũng tin rằng khi trồng có thể mang lại nhiều may mắn trong cuộc sống, công việc hoặc làm ăn.","• Kích thước chậu: 13,5x10cm (DxC)
• Chiều cao tổng: 35 – 40cm",Dễ chăm sóc,Ánh sáng tán xạ / Nắng trực tiếp / Chịu râm mát,Tưới nước 2 – 3 lần/tuần,,,,,,,
CCNPLT0049,RADE028,https://mowgarden.com/cay-hanh-phuc-de-san-chau-su-rade028/,Cây hạnh phúc để sàn chậu sứ RADE028,Radermachera Sinica,Cây hạnh phúc,560000,"Cây hạnh phúc là dòng cây cảnh đẹp, sức sống khỏe mạnh, dễ chăm sóc. Trên cây có những tán lá xanh tươi, mượt mà thể hiện cho sự hi vọng và niềm tin mạnh mẽ. Với ý nghĩa mang lại may mắn và hạnh phúc nên cây thường được chọn để làm cây trưng trong nhà hoặc làm quà tặng.","• Kích thước chậu: 25x21cm (DxC)
• Chiều cao tổng: 80 – 90cm",Dễ chăm sóc,"Nắng tán xạ, chịu được nắng trực tiếp",Tưới nước 2 – 3 lần/tuần,,,,,,,
CCNPLT0050,KIGI002,https://mowgarden.com/cay-kim-giao-de-ban-chau-su-trang-kigi002/,Cây kim giao để bàn chậu sứ trắng KIGI002,Nageia fleuryi,Cây kim giao,240000,"Kim giao là một cây thân gỗ có giá trị kinh tế lớn. Nhờ có sức sống mạnh mẽ, kiểu dáng đẹp, lá xum xuê và xanh mướt nên chúng cũng được nhân giống để làm cây cảnh để bàn, giúp tạo không gian xanh mát và thư giãn. Đồng thời đây cũng là một loại cây mang ý nghĩa phong thủy rất tốt. Rất thích hợp làm quà tặng.","• Kích thước chậu: 15x12cm (DxC)
• Chiều cao tổng 25 – 30 cm",Dễ chăm sóc,Nắng tán xạ / Chịu được nắng trực tiếp,Tưới nước 2 – 3 lần/ngày,,,,,,,
CCNPLT0051,DRDO003-1,https://mowgarden.com/cay-phat-tai-xanh-la-lon-green-jewel-chau-uom-drgj001/,Cây phát tài xanh lá lớn ‘Green Jewel’ chậu ươm DRGJ001,Dracaena ‘Green Jewel’,Cây phát tài xanh,560000,"Phát tài xanh là loại cây trồng trong nhà dễ chăm sóc, với sức sống bền bỉ và khả năng chịu râm mát cực kì tốt. Loại cây này có bộ lá màu xanh đậm, dáng cuộn tròn tỏa ra xung quanh, giúp mang lại màu xanh cho không gian sống. Đồng thời đây là loại cây có khả năng thanh lọc không khí rất hiệu quả.",,Dễ chăm sóc,Nắng tán xạ / Chịu râm mát,Tưới nước 2 – 3 lần/tuần,Chiều cao tổng 40 – 60 cm,,,,,,
CCNPLT0052,LONI033,https://mowgarden.com/cay-kim-ngan-tay-phat-de-ban-chau-su-loni033/,Cây kim ngân ‘Tay Phật’ để bàn chậu sứ LONI033,Pachira aquatica,Cây kim ngân,250000,"Cây Kim Ngân là loại cây cảnh trong nhà được trồng phổ biến trên khắp thế giới, nó có sức ảnh hưởng tới mức mà hầu như ai cũng tin rằng khi trồng có thể mang lại nhiều may mắn trong cuộc sống, công việc hoặc làm ăn.","• Kích thước chậu: 15x14cm (DxC)
• Chiều cao tổng: 35 – 40cm",Dễ chăm sóc,Ánh sáng tán xạ / Nắng trực tiếp / Chịu râm mát,Tưới nước 2 – 3 lần/tuần,,,,,,,
CCNPLT0053,RADE027,https://mowgarden.com/cay-hanh-phuc-de-ban-chau-su-tru-xanh-rade027/,Cây hạnh phúc để bàn chậu sứ trụ xanh RADE027,Radermachera Sinica,Cây hạnh phúc,250000,"Cây hạnh phúc là dòng cây cảnh đẹp, sức sống khỏe mạnh, dễ chăm sóc. Trên cây có những tán lá xanh tươi, mượt mà thể hiện cho sự hi vọng và niềm tin mạnh mẽ. Với ý nghĩa mang lại may mắn và hạnh phúc nên cây thường được chọn để làm cây trưng trong nhà hoặc làm quà tặng.","• Kích thước chậu: 15×18,5cm (DxC)
• Chiều cao tổng: 40 – 45cm",Dễ chăm sóc,"Nắng tán xạ, chịu được nắng trực tiếp",Tưới nước 2 – 3 lần/tuần,,,,,,,
CCNPLT0054,LONI032,https://mowgarden.com/cay-kim-ngan-mot-than-de-ban-chau-su-loni032/,Cây kim ngân một thân để bàn chậu sứ LONI032,Pachira aquatica,Cây kim ngân,270000,"Cây Kim Ngân là loại cây cảnh trong nhà được trồng phổ biến trên khắp thế giới, nó có sức ảnh hưởng tới mức mà hầu như ai cũng tin rằng khi trồng có thể mang lại nhiều may mắn trong cuộc sống, công việc hoặc làm ăn.","• Kích thước chậu: 14,5x12cm (DxC)
• Chiều cao tổng: 35 – 40cm",Dễ chăm sóc,Ánh sáng tán xạ / Nắng trực tiếp / Chịu râm mát,Tưới nước 2 – 3 lần/tuần,,,,,,,
CCNPLT0055,STGF005,https://mowgarden.com/cay-luoi-ho-hoang-kim-gold-flame-chau-su-stgf005/,Cây lưỡi hổ Hoàng Kim ‘Gold Flame’ chậu sứ STGF005,Sansevieria trifasciata Gold Flame,Cây lưỡi hổ hoàng kim,120000,"Lưỡi hổ Gold Flame là dòng “cây cảnh quốc dân” được nhiều người lựa chọn để trồng trang trí trong nhà. Nó không những dễ sống đến mức “gần như bất tử” mà còn giúp mang lại vẻ đẹp tự nhiên, trên lá có những sọc vằn ấn tượng, lá cứng cáp và hình tượng rõ ràng, phù hợp để trồng trong mọi không gian nội thất. Bện cạnh đó, cây lưỡi hổ còn được xem là dòng cây phong thủy mang lại nhiều ý nghĩa cho gia chủ.","• Kích thước chậu: 11×10 cm (DxC)
• Chiều cao: 40 cm
• Số lượng thân: 1 thân",Dễ chăm sóc,Ánh sáng tán xạ; Bóng râm; Chịu được bóng râm,Tưới nước 1 lần/tuần,,,,,,,
CCNPLT0056,PHIG004,https://mowgarden.com/cay-trau-ba-de-vuong-xanh-imperial-green-chau-su-phig004/,Cây trầu bà đế vương xanh ‘Imperial Green’ chậu sứ PHIG004,Philodendron Imperial Green,Trầu bà đế vương xanh,220000,"Trầu Bà Đế Vương Xanh (Philodendron Imperial Green) là một giống cây rất ưu chuộng để trồng với ý nghĩa phong thủy mà nó mang lại. Nên đặt cây tại các vị trí như trong phòng khách, phòng làm việc, văn phòng hoặc sảnh ra vào cơ quan.",,Rất dễ chăm sóc,Nắng tán xạ,Tưới nước 3 – 3 lần/tháng,"• Kích thước chậu: 18x14cm (DxC)
• Chiều cao tổng: 25 – 35 cm",,,,,,
CCNPLT0057,PHBR006-1,https://mowgarden.com/cay-trau-ba-de-vuong-kim-cuong-birkin-chau-su-phbr007-2/,Cây trầu bà đế vương kim cương ‘Birkin’ chậu sứ PHBR007,Philodendron Birkin,Trầu bà đế vương kim cương,250000,"Đế vương kim cương sở hữu bộ lá xanh khoẻ khoắn, xen kẽ vân sọc trắng hài hoà và đầy cuốn hút. Chắc chắn nó sẽ là điểm nhấm tuyệt vời cho không gian nội thất, bớt đi sự nhàm chán và giúp cải thiện chất lượng không khí hiệu quả.","• Kích thước chậu: 18x18cm (DxC)
• Chiều cao tổng: 35 cm",Dễ chăm sóc,Nắng tán xạ / Râm mát,Tưới nước 2 – 3 lần/tuần,,,,,,,
CCNPLT0058,DRDO003,https://mowgarden.com/cay-phat-tai-vien-vang-dorado-thuy-sinh-drdo003/,Cây phát tài viền vàng ‘Dorado’ thủy sinh DRDO003,Dracaena dorado,Cây phát tài viền vàng,220000,"Phát tài viền vàng là loại cây trồng trong nhà dễ chăm sóc, với sức sống bền bỉ và khả năng chịu râm mát cực kì tốt. Loại cây này có bộ lá màu xanh đậm, viền lá màu vàng và dáng cuộn tròn tỏa ra xung quanh, giúp mang lại màu xanh cho không gian sống. Đồng thời đây là loại cây có khả năng thanh lọc không khí rất hiệu quả.",,Dễ chăm sóc,Nắng tán xạ / Chịu râm mát,Thay nước 2 – 3 lần/tháng,Chiều cao tổng 40 – 60 cm,,,,,,
CCNPLT0059,LONI031,https://mowgarden.com/cay-kim-ngan-phat-tai-phat-loc-de-ban-chau-su-loni031/,Cây kim ngân ‘phát tài phát lộc’ để bàn chậu sứ LONI031,Pachira aquatica,Cây kim ngân,340000,"Cây Kim Ngân là loại cây cảnh trong nhà được trồng phổ biến trên khắp thế giới, nó có sức ảnh hưởng tới mức mà hầu như ai cũng tin rằng khi trồng có thể mang lại nhiều may mắn trong cuộc sống, công việc hoặc làm ăn.","• Kích thước chậu: 18x18cm (DxC)
• Chiều cao tổng: 30cm",Dễ chăm sóc,Ánh sáng tán xạ; Nắng trực tiếp,Tưới nước 2 lần/tuần,,,,,,,
CCNPLT0060,LICU010,https://mowgarden.com/cay-co-nhat-de-ban-chau-dat-nung-licu010-sao-chep/,Cây cọ Nhật nhỏ chậu sứ trắng LICU010,Licuala grandis,Cọ Nhật,180000,"Cây cọ nhật là loại cây trong nhà có kiểu lá xòe rộng như những cánh quạt, giúp trang trí không gian thêm xanh mát. Nó còn là loại cây phong thủy tượng trưng cho sự giàu sang và tiền tài nên rất đáng trồng trên bàn làm việc.","• Kích thước chậu: 20x20cm (DxC)
• Chiều cao chậu + cây: 60 cm",Dễ chăm sóc,"Nắng tán xạ, chịu được nắng trực tiếp",Tưới nước 2 – 3 lần/tuần,,,,,,,
CCNPLT0061,LUCK002,https://mowgarden.com/cay-may-man-hinh-trai-tim-chau-su-luck002/,Cây may mắn hình trái tim chậu sứ LUCK002,,Cỏ may mắn,240000,"Cây cỏ may mắn là một loại cây đặc biệt, được ươm từ những hạt thanh long và tạo hình bởi bàn tay khéo léo của người nghệ nhân. Trên những quả cầu màu xanh xanh là hàng vạn cây non được ươm trổ trông rất bắt mắt và độc đáo. Chúng được xem là biểu tượng cho tình yêu, hy vọng và sự may mắn nên thường được lựa chọn để làm quà tặng vào dịp đặc biệt.","• Kích thước chậu: 11x11cm (DxC)
• Chiều cao tổng: 40cm",Dễ chăm sóc,Ánh sáng tán xạ,Tưới nước 2 – 3 lần/tuần,,Hạt thanh long,,,,,
CCNPLT0062,LUCK001,https://mowgarden.com/cay-may-man-dang-tree-chau-su-chu-nhat-luck001/,Cây may mắn dáng tree chậu sứ chữ nhật LUCK001,,Cỏ may mắn,280000,"Cây cỏ may mắn là một loại cây đặc biệt, được ươm từ những hạt thanh long và tạo hình bởi bàn tay khéo léo của người nghệ nhân. Trên những quả cầu màu xanh xanh là hàng vạn cây non được ươm trổ trông rất bắt mắt và độc đáo. Chúng được xem là biểu tượng cho tình yêu, hy vọng và sự may mắn nên thường được lựa chọn để làm quà tặng vào dịp đặc biệt.","• Kích thước chậu: 11x11cm (DxC)
• Chiều cao tổng: 40cm",Dễ chăm sóc,Ánh sáng tán xạ,Tưới nước 2 – 3 lần/tuần,,Hạt thanh long,,,,,
CCNPLT0063,CHAM005-2,https://mowgarden.com/cay-cau-tieu-tram-mini-meo-di-hoc-chau-dat-nung-cham006/,Cây cau tiểu trâm mini mèo đi học chậu đất nung CHAM006,Chamaedorea elegans,Cau tiểu trâm,250000,"Công việc đòi hỏi bạn phải tiếp xúc hằng ngày với các thiết bị hiện đại có nhiều bức xạ điện tử như máy tính, máy in, điện thoại khiến cho tình trạng sức khỏe bị ảnh hưởng, dẫn đến giảm chất lượng công việc. Hãy thử trồng một cây Cau Tiểu Trâm để bàn với tác dụng tuyệt vời đã được minh chứng.","• Kích thước chậu:  (DxC)
• Chiều cao tổng:",Dễ chăm sóc,Ánh sáng tán xạ,Tưới nước 2 – 3 lần/tuần),,,,,,,
CCNPLT0064,LIVI003,https://mowgarden.com/cay-co-la-le-mini-livistona-chau-su-livi003/,Cây cọ lá lẻ mini ‘Livistona’ chậu sứ LIVI003,Livistona chinensis,Cọ lá xẻ / Kè ta,180000,,"• Kích thước chậu: 12x11cm (DxC)
• Chiều cao:",Dễ chăm sóc,Ánh sáng tán xạ,Tưới nước 2 – 3 lần/tuần),,,,,,,
CCNPLT0065,PHXA004,https://mowgarden.com/cay-trau-ba-thien-nga-de-ban-chau-su-phxa004/,Cây trầu bà thiên nga để bàn chậu sứ PHXA004,Philodendron Xanadu,Cây Trầu Bà Chân Vịt,420000,"Trầu Bà Chân Vịt có thể còn lạ lẫm với nhiều người, không biết hình dạng của loài cây đó ra sao. Đó là một loài cây có đặc tính sinh trưởng mạnh mẽ, thường được mọi người dùng để tô điểm cho không gian sinh sống, trang trí nội thất.",,Dễ chăm sóc,Nắng tán xạ / Râm mát,Tưới nước 2 – 3 lần/tuần,"• Kích thước chậu: 18x18cm (DxC)
• Chiều cao tổng: ~40 cm",,,,,,
CCNPLT0066,STGH003,https://mowgarden.com/cay-luoi-ho-vang-mini-golden-hahnii-chau-su-stgh003/,Cây lưỡi hổ vàng mini ‘Golden Hahnii’ chậu sứ STGH003,Sansevieria trifasciata Golden Hahnii,Cây lưỡi hổ Thái vàng mini,220000,"Lưỡi hổ Thái vàng “Golden Hahnii” là dòng cây cảnh mini với những chiếc lá nhỏ nhắn có màu vàng sáng sọc xanh đẹp mắt, rất phù hợp để trồng trên bàn làm việc, kệ sách hoặc trang trí tiểu cảnh. Cây lưỡi hổ cũng được trồng với tác dụng phong thủy như là sự may mắn cho gia chủ.","• Kích thước chậu: 12x11cm (DxC)
• Chiều cao: 10 cm – Tán 15 cm",Dễ chăm sóc,Ánh sáng tán xạ / Chịu được bóng râm,Tưới nước 1 – 2 lần/tuần),,,,,,,
CCNPLT0067,ANTH009,https://mowgarden.com/cay-hong-mon-co-nho-chau-dat-nung-anth009/,Cây hồng môn cỡ nhỏ chậu đất nung ANTH009,Anthurium andreanum,Cây hồng môn,250000,"Cây hồng môn được biết tới là một loại cây cảnh mang lại điều tốt lành, có thể giúp điều hòa khí phong thủy trong nhà, có khả năng thu hút những dòng khí tích cực và làm tiêu bớt dòng khí tiêu cực cho môi trường xung quanh, trồng cây hồng môn trong nhà sẽ giúp không gian sống trở nên hài hòa và bình yên hơn.","• Kích thước chậu: 12×12 cm (DxC)
• Chiều cao tổng: 30 – 40cm",Dễ chăm sóc,Nắng tán xạ / Chịu râm mát,Tưới nước 2 – 3 lần/lần,,,,,,,
CCNPLT0068,LONI030,https://mowgarden.com/cay-kim-ngan-de-ban-mot-than-chau-su-loni030/,Cây kim ngân để bàn một thân chậu sứ LONI030,Pachira aquatica,Cây kim ngân bính,360000,"Cây Kim Ngân là loại cây cảnh trong nhà được trồng phổ biến trên khắp thế giới, nó có sức ảnh hưởng tới mức mà hầu như ai cũng tin rằng khi trồng có thể mang lại nhiều may mắn trong cuộc sống, công việc hoặc làm ăn.","• Kích thước chậu: 18x18cm (DxC)
• Chiều cao tổng: 30cm",Dễ chăm sóc,Ánh sáng tán xạ; Nắng trực tiếp,Tưới nước 2 lần/tuần,,,,,,,
CCNPLT0069,PERE004,https://mowgarden.com/cay-truong-sinh-vien-do-chau-su-hoa-van-pere004/,Cây trường sinh viền đỏ chậu sứ hoa văn PERE004,Peperomia obtusifolia var,Cây trường sinh cẩm thạch,240000,"Cây trường sinh lá đỏ là một loại cây cảnh trong nhà đẹp mắt, với bộ lá luôn xanh mát, sức sống mãnh liệt, dễ chăm sóc. Đây cũng là loại cây phong thủy với tác dụng mang đến sức khỏe, may mắn và tiền tài tới cho gia chủ. Người ta thường hay tặng cây trường sinh vào những dịp đặc biệt như là một lời chúc phúc tới người nhận.",,Dễ chăm sóc,Nắng tán xạ / Chịu râm mát,Tưới nước 2 – 3 lần/tuần,Chiều cao 40 – 60 cm,,,,,,
CCNPLT0070,LONI029,https://mowgarden.com/cay-kim-ngan-de-ban-mot-than-chau-su-loni029/,Cây kim ngân để bàn một thân chậu sứ LONI029,Pachira aquatica,Cây kim ngân bính,300000,"Cây Kim Ngân là loại cây cảnh trong nhà được trồng phổ biến trên khắp thế giới, nó có sức ảnh hưởng tới mức mà hầu như ai cũng tin rằng khi trồng có thể mang lại nhiều may mắn trong cuộc sống, công việc hoặc làm ăn.","• Kích thước chậu: 18x18cm (DxC)
•Chiều cao tổng: 30cm",Dễ chăm sóc,Ánh sáng tán xạ; Nắng trực tiếp,Tưới nước 2 lần/tuần,,,,,,,
CCNPLT0071,PHBR007,https://mowgarden.com/cay-trau-ba-de-vuong-kim-cuong-birkin-chau-su-phbr007/,Cây trầu bà đế vương kim cương ‘Birkin’ chậu sứ PHBR007,Philodendron Birkin,Trầu bà đế vương kim cương,180000,"Đế vương kim cương sở hữu bộ lá xanh khoẻ khoắn, xen kẽ vân sọc trắng hài hoà và đầy cuốn hút. Chắc chắn nó sẽ là điểm nhấm tuyệt vời cho không gian nội thất, bớt đi sự nhàm chán và giúp cải thiện chất lượng không khí hiệu quả.","• Kích thước chậu: 12x12cm (DxC)
• Chiều cao tổng: 25 cm",Dễ chăm sóc,Nắng tán xạ / Râm mát,Tưới nước 2 – 3 lần/tuần,,,,,,,
CCNPLT0072,AGLE004,https://mowgarden.com/cay-cung-dien-vang-pink-legacy-chau-su-agle004/,Cây cung điện vàng ‘Pink Legacy’ chậu sứ AGLE004,Aglaonema ‘Pink Legacy’,Cây cung điện vàng,280000,"Cây cung điện sở hữu bộ lá nhiều màu sắc rực rỡ như chốn “hoàng cung”, cùng với đó là những đường viền hoa văn độc đáo như tranh vẽ. Loại cây này rất dễ chăm sóc, thích hợp để trang trí không gian phòng khách, quầy tiếp tân, sảnh ra vào hoặc để bàn làm việc.","• Kích thước chậu:  18×14 cm (DxC)
• Chiều cao tổng: 35 cm",Dê chăm sóc,Nắng tán xạ / Nơi râm mát,Thay nước 2 – 3 lần/tháng,,,,,,,
CCNPLT0073,SHBG004,https://mowgarden.com/cay-luoi-ho-xanh-mini-black-gold-chau-su-shbg004/,Cây lưỡi hổ xanh mini ‘Black Gold’ chậu sứ SHBG004,Sansevieria ‘hahnii’ Black Gold,Cây lưỡi hổ Thái xanh,150000,"Lưỡi hổ Thái xanh mini là dòng lưỡi hổ nhỏ để bàn, có chiều cao tối đa khoảng 20cm, không có nhiều vằn như những loại lưỡi hổ khác, nhưng nó lại sở hữu bộ lá màu xanh đậm ấn tượng, mang lại nét ‘cứng cáp’ tự nhiên cho không gian. Chúng rất thích hợp để trên bàn làm việc, kệ trang trí hoặc làm quà tặng.","• Kích thược 12×11 cm (DxC)
• Chiều cao: 10 – 15 cm",Dễ chăm sóc,Ánh sáng tán xạ / Chịu bóng râm tốt,Thay nước 2 – 3 lần/tháng,,,,,,,
CCNPLT0074,BDCT005,https://mowgarden.com/cay-da-bup-do-cam-thach-3-than-chau-su-bdct005/,Cây đa búp đỏ cẩm thạch 3 thân chậu sứ BDCT005,Ficus Elastica Tineke,Đa búp đỏ cẩm thạch,340000,"Từ lâu cây Đa luôn là biểu tượng của sự trường tồn, sức sống dẻo dai, nơi chứa đựng thần quyền và tâm linh của con người. Chính lẽ đó mà trong phong thủy, Đa Búp Đỏ cũng mang ý nghĩa của sự may mắn, an lành.","• Kích thước chậu: 12x12cm (DxC)
• Chiều cao 10 – 15cm",Rất dễ chăm sóc,Ánh sáng tán xạ,Tưới nước 2 – 3 lần/tuần,,,,,,,
CCNPLT0075,SAFS004,https://mowgarden.com/cay-luoi-ho-thai-de-ban-futura-superba-chau-dat-nung-safs004/,Cây lưỡi hổ Thái để bàn ‘Futura superba’ chậu đất nung SAFS004,Sansevieria futura Superba,Cây lưỡi hổ thái,330000,"Lưỡi hổ là loại cây cảnh nội thất kinh điển nhất, bởi sức sống bền bỉ không cần tốn công chăm sóc, lại còn được NASA đánh giá là có khả năng thanh lọc không khí rất hiệu quả bằng một cơ chế hấp thu các loại chất khí độc hại trên bộ lá.","• Kích thước chậu: 20×18 cm (DxC)
• Chiều cao tổng: 30 – 40 cm",Dễ chăm sóc,"Nắng tán xạ, chịu được nắng trực tiếp",Tưới nước 2 – 3 lần/tuần,,,,,,,
CCNPLT0076,SALA004,https://mowgarden.com/cay-luoi-ho-vang-dai-laurentii/,Cây lưỡi hổ vàng dài ‘Laurentii’ chậu sứ trắng SALA004,Sansevieria trifasciata ‘Laurentii’,Lưỡi hổ vàng,650000,"Đây sẽ là món quà ý nghĩa để tặng đối tác, bạn bè, người thân vào những dịp đặc biệt như mừng sinh nhật, tân gia, mừng năm mới.","• Kích thước chậu: 30×55 cm (DxC)
• Chiều cao tổng: 110 – 120 cm",Rất ễ chăm sóc,"Nắng tán xạ, chịu bóng râm cực tốt",Tưới nước 2 – 3 lần/tuần,,,,,,,
CCNPLT0077,CPTN013,https://mowgarden.com/cay-phat-tai-nui-2-tang-chau-da-mai-cptn013/,Cây phát tài núi 2 tầng chậu đá mài CPTN013,Dracaena draco L,Phát tài núi,1900000,"Cây phát tài núi rất thường được lựa chọn để làm quà tặng vào những dịp khai trương, lên nhà mới, văn phòng mới… với mong muốn đem lại nhiều tài lộc và may mắn cho người được tặng.","• Kích thước chậu: 36x36cm (DxC)
• Chiều cao tổng: 150 – 160 cm",Dễ chăm sóc,"Nắng tán xạ, chịu được nắng trực tiếp",Tưới nước 2 – 3 lần/tuần,,,,,,,
CCNPLT0078,CVNB001,https://mowgarden.com/cay-cau-vang-nhat-ban-chau-uom-cvnb001/,Cây cau vàng Nhật Bản chậu ươm CVNB001,Chrysalidocarpus lutescens,Cau vàng Nhật Bản,400000,"Cau vàng Nhật Bản là dòng cau cảnh chịu bóng râm rất tốt, có chiều cao chỉ từ 80~100cm, tán lá gọn gàng nên rất thích hợp để trưng bày trong không gian nội thất. Là một trong những loại cau kiểng được ưu chuộng bởi khả năng mang lại không gian xanh mát, lọc không khí và ý nghĩa tốt trong phong thủy.",Chiều cao 80 cm,Rất dễ chăm sóc,"Nắng tán xạ, bóng râm",Tưới nước 2 – 3 lần/tuần,,,,,,,
CCNPLT0079,SPSE004,https://mowgarden.com/cay-lan-y-my-sensation-chau-dat-nung-spse004/,Cây lan ý Mỹ ‘Sensation’ chậu đất nung SPSE004,Spathiphyllum Sensation,Lan ý Mỹ,240000,"Khác với Lan Ý thông thường, Lan Ý Mỹ có những chiếc lá lớn hơn và đường gân màu xanh nổi bật. Chúng là loài có sức sống cực kì mãnh liệt, chịu hạn tốt và có thể phát triển khỏe mạnh trong môi trường thiếu sáng. Loài cây to lớn này sẽ giúp tạo điểm nhấn tuyệt vời, và đồng thời mang lại không gian xanh mát cho nội thất rất hiệu quả.","• Kích thước chậu: 18x30cm (DxC)
• Chiều cao tổng: 60 – 70cm",Dễ chăm sóc,Nắng tán xạ / Râm mát,Tưới nước 2 – 3 lần/tuần,,,,,,,
CCNPLT0080,PHBR006,https://mowgarden.com/cay-trau-ba-de-vuong-kim-cuong-birkin-chau-dat-nung-phbr006/,Cây trầu bà đế vương kim cương ‘Birkin’ chậu đất nung PHBR006,Philodendron Birkin,Trầu bà đế vương kim cương,250000,"Đế vương kim cương sở hữu bộ lá xanh khoẻ khoắn, xen kẽ vân sọc trắng hài hoà và đầy cuốn hút. Chắc chắn nó sẽ là điểm nhấm tuyệt vời cho không gian nội thất, bớt đi sự nhàm chán và giúp cải thiện chất lượng không khí hiệu quả.","• Kích thước chậu: 18x18cm (DxC)
• Chiều cao tổng: 35 cm",Dễ chăm sóc,Nắng tán xạ / Râm mát,Tưới nước 2 – 3 lần/tuần,,,,,,,
CCNPLT0081,FITR006,https://mowgarden.com/cay-da-tam-phuc-triangularis-chau-dat-nung-fitr006/,Cây đa tam phúc ‘Triangularis’ chậu đất nung FITR006,Ficus Triangularis Variegata,Đa tam phúc,300000,"Đây sẽ là một dạng năng lượng tích cực, bạn sẽ cảm nhận được nhiều giá trị như sức khỏe, sự giàu có hay mối quan hệ tốt đẹp đến với cuộc sống của mình.","• Kích thước chậu: 18x18cm (DxC)
• Chiều cao tổng: 30 – 40cm",Dễ chăm sóc,"Nắng tán xạ, chịu được nắng trực tiếp",Tưới nước 2 – 3 lần/tuần,,,,,,,
CCNPLT0082,SHBG003,https://mowgarden.com/cay-luoi-ho-xanh-mini-black-gold-chau-su-shbg003/,Cây lưỡi hổ xanh mini ‘Black Gold’ chậu sứ SHBG003,Sansevieria ‘hahnii’ Black Gold,Cây lưỡi hổ Thái xanh,180000,"Lưỡi hổ Thái xanh mini là dòng lưỡi hổ nhỏ để bàn, có chiều cao tối đa khoảng 20cm, không có nhiều vằn như những loại lưỡi hổ khác, nhưng nó lại sở hữu bộ lá màu xanh đậm ấn tượng, mang lại nét ‘cứng cáp’ tự nhiên cho không gian. Chúng rất thích hợp để trên bàn làm việc, kệ trang trí hoặc làm quà tặng.",Chiều cao: 10 – 15 cm,Dễ chăm sóc,Ánh sáng tán xạ / Chịu được thiếu sáng,Thay nước 2 – 3 lần/tháng,,,,,,,
CCNPLT0083,TBTX009,https://mowgarden.com/cay-trau-ba-thanh-xuan-chau-dat-nung-tbtx009/,Cây trầu bà thanh xuân chậu đất nung TBTX009,Thaumatophyllum bipinnatifidum,Cây trầu bà thanh xuân / Cây trầu bà tay Phật,950000,"Trầu bà thanh xuân là loại cây trong nhà độc đáo được mọi người ưa thích và trưng bày trang trí. Trầu Bà Thanh Xuân có ý nghĩa về mặt phong thủy nó còn có ý nghĩa may mắn, đem lại tài lộc, gia tăng vận khí, thể hiện ý chí vươn lên của gia chủ.","• Kích thước chậu: 30×45 cm (ĐxC)
• Chiều cao 120 – 140cm
• Kích thước tán 90 – 100cm",Dễ chăm sóc,Nắng tán xạ / Bóng râm,Tưới nước 2 – 3 lần/tuần,,,,,,,
CCNPLT0084,,https://mowgarden.com/cay-trau-ba-cot-chau-da-mai-tru-vuong-ctbc006/,Cây trầu bà cột chậu đá mài trụ vuông CTBC006,Epipremnum aureum,Trầu bà xanh,1250000,"Có tác dụng thanh lọc không khí trong nhà mà còn chứa đựng ý nghĩa phong thủy rất tốt, mang dáng vẻ thanh lịch và sang trọng.","•Cao 160 – 170 cm
•Kích thước chậu: 40x60cm (DxC)",Dễ chăm sóc,"Nắng tán xạ, chịu được nắng trực tiếp","Ít nước, 2 – 3 lần/tuần",,,,,,,
CCNPLT0085,,https://mowgarden.com/cay-phat-tai-nui-2-tang-chau-su-cptn012/,Cây phát tài núi 2 tầng chậu sứ CPTN012,Dracaena draco L,Phát tài núi,1900000,"Cây phát tài núi rất thường được lựa chọn để làm quà tặng vào những dịp khai trương, lên nhà mới, văn phòng mới… với mong muốn đem lại nhiều tài lộc và may mắn cho người được tặng.",Chiều cao 150 – 160 cm,Dễ chăm sóc,"Nắng tán xạ, chịu được nắng trực tiếp","Tưới nước, 2 – 3 lần/tuần",,,,,,,
CCNPLT0086,RADE034,https://mowgarden.com/cay-hanh-phuc-1-than-de-ban-trang-tri-tieu-canh-rade034/,Cây hạnh phúc 1 thân để bàn trang trí tiểu cảnh RADE034,Radermachera Sinica,Cây hạnh phúc,350000,"Cây hạnh phúc là dòng cây cảnh đẹp, sức sống khỏe mạnh, dễ chăm sóc. Trên cây có những tán lá xanh tươi, mượt mà thể hiện cho sự hi vọng và niềm tin mạnh mẽ. Với ý nghĩa mang lại may mắn và hạnh phúc nên cây thường được chọn để làm cây trưng trong nhà hoặc làm quà tặng.","• Kích thước chậu: 20x20cm (DxC)
• Chiều cao tổng: 30 – 40cm",Dễ chăm sóc,"Nắng tán xạ, chịu được nắng trực tiếp",Tưới nước 2 – 3 lần/tuần,,,,,,,
CCNPLT0087,,https://mowgarden.com/cay-phat-tai-nui-2-tang-chau-xi-mang-da-mai-cptn011/,Cây phát tài núi 2 tầng chậu xi măng đá mài CPTN011,Dracaena draco L,Phát tài núi,1900000,"Cây phát tài núi rất thường được lựa chọn để làm quà tặng vào những dịp khai trương, lên nhà mới, văn phòng mới… với mong muốn đem lại nhiều tài lộc và may mắn cho người được tặng.",Chiều cao 150 – 160 cm,Dễ chăm sóc,"Nắng tán xạ, chịu được nắng trực tiếp","Tưới nước, 2 – 3 lần/tuần",,,,,,,
CCNPLT0088,LONI028,https://mowgarden.com/cay-kim-ngan-that-binh-cao-chau-dat-nung-gia-da-loni028/,Cây kim ngân thắt bính cao chậu đất nung giả đá LONI028,Pachira aquatica,Cây kim ngân bính,980000,"Cây Kim Ngân là loại cây cảnh trong nhà được trồng phổ biến trên khắp thế giới, nó có sức ảnh hưởng tới mức mà hầu như ai cũng tin rằng khi trồng có thể mang lại nhiều may mắn trong cuộc sống, công việc hoặc làm ăn.","• Kích thước chậu: 40x30cm (DxC)
•Chiều cao tổng: 150 – 160cm",Dễ chăm sóc,Ánh sáng tán xạ; Nắng trực tiếp,Tưới nước 2 lần/tuần,,,,,,,
CCNPLT0089,LONI027,https://mowgarden.com/cay-kim-ngan-1-than-cu-nho-chau-su-trang-loni027/,Cây kim ngân 1 thân củ nhỏ chậu sứ trắng LONI027,Pachira aquatica,Cây kim ngân bính,230000,"Cây Kim Ngân là loại cây cảnh trong nhà được trồng phổ biến trên khắp thế giới, nó có sức ảnh hưởng tới mức mà hầu như ai cũng tin rằng khi trồng có thể mang lại nhiều may mắn trong cuộc sống, công việc hoặc làm ăn.","• Kích thước chậu: 12x11cm (DxC)
• Chiều cao tổng: 15 – 20 cm",Dễ chăm sóc,Ánh sáng tán xạ; Nắng trực tiếp,Tưới nước 2 lần/tuần,,,,,,,
CCNPLT0090,,https://mowgarden.com/cay-bang-singapore-2-nhanh-chau-xi-mang-de-san-lyra045/,Cây bàng Singapore 2 nhánh chậu xi măng để sàn LYRA045,Ficus lyrata,Bàng Singapore / Sung tỳ bà,480000,"Cây Bàng Singapore Lớn có thể dễ dàng nhận ra ở những góc quán cafe, bàn làm việc công. Với những chiếc lá căng bóng hình đàn vĩ cầm rất lớn, nhiều gân là hình chân chim nổi bật.",,Dễ chăm sóc,Nắng trực tiếp / Ánh sáng tán xạ,"Ít nước, 2 – 3 lần/tuần","Kích thước chậu: 34×42 cm (DxC)
Chiều cao tổng: 90 – 100 cm",,,,,,
CCNPLT0091,,https://mowgarden.com/cay-kim-ngan-1-than-tru-to-chau-su-trang-hoa-tiet-loni026/,Cây kim ngân 1 thân trụ to chậu sứ trắng họa tiết LONI026,Pachira aquatica,Cây kim ngân bính,320000,"Cây Kim Ngân là loại cây cảnh trong nhà được trồng phổ biến trên khắp thế giới, nó có sức ảnh hưởng tới mức mà hầu như ai cũng tin rằng khi trồng có thể mang lại nhiều may mắn trong cuộc sống, công việc hoặc làm ăn.","• Kích thước chậu: 20x20cm (DxC)
• Chiều cao tổng: 35 – 45cm",Dễ chăm sóc,Ánh sáng tán xạ; Nắng trực tiếp,Tưới nước 2 lần/tuần,,,,,,,
CCNPLT0092,,https://mowgarden.com/cay-kim-ngan-that-binh-cao-chau-dat-nung-vintage-loni025/,Cây kim ngân thắt bính cao chậu đất nung vintage LONI025,Pachira aquatica,Cây kim ngân bính,950000,"Cây Kim Ngân là loại cây cảnh trong nhà được trồng phổ biến trên khắp thế giới, nó có sức ảnh hưởng tới mức mà hầu như ai cũng tin rằng khi trồng có thể mang lại nhiều may mắn trong cuộc sống, công việc hoặc làm ăn.","• Kích thước chậu: 40x30cm (DxC)
• Chiều cao tổng: 150 – 160cm",Dễ chăm sóc,Ánh sáng tán xạ; Nắng trực tiếp,Tưới nước 2 – 3 lần/tuần,,,,,,,
CCNPLT0093,,https://mowgarden.com/cay-kim-ngan-that-binh-cao-chau-dat-nung-vintage-loni024/,Cây kim ngân thắt bính cao chậu đất nung vintage LONI024,Pachira aquatica,Cây kim ngân bính,950000,"Cây Kim Ngân là loại cây cảnh trong nhà được trồng phổ biến trên khắp thế giới, nó có sức ảnh hưởng tới mức mà hầu như ai cũng tin rằng khi trồng có thể mang lại nhiều may mắn trong cuộc sống, công việc hoặc làm ăn.","• Kích thước chậu: 30x30cm (DxC)
• Chiều cao tổng: 150 – 160cm",Dễ chăm sóc,Ánh sáng tán xạ / Nắng trực tiếp / Chịu râm mát,Tưới nước 2 – 3 lần/tuần,,,,,,,
CCNPLT0094,,https://mowgarden.com/cay-bang-singapore-dang-tree-chau-dat-nung-hoa-tiet-lyra044/,Cây bàng Singapore dáng tree chậu đất nung họa tiết LYRA044,Ficus lyrata,Bàng Singapore / Sung tỳ bà,350000,"Cây Bàng Singapore Lớn có thể dễ dàng nhận ra ở những góc quán cafe, bàn làm việc công. Với những chiếc lá căng bóng hình đàn vĩ cầm rất lớn, nhiều gân là hình chân chim nổi bật.",,Dễ chăm sóc,Nắng trực tiếp / Ánh sáng tán xạ,Tưới nước 2 – 3 lần/tuần,"• Kích thước chậu: 30×30 cm (DxC)
• Chiều cao tổng: 100– 120 cm",,,,,,
CCNPLT0095,,https://mowgarden.com/cay-trang-nguyen-chau-men-su-trang-hoa-tiet-euphorbia-pulcherrima-eupu002/,Cây Trạng nguyên chậu men sứ trắng họa tiết Euphorbia Pulcherrima EUPU002,Euphorbia Pulcherrima,"• Trạng Nguyên
• Nhất Phẩm Hồng",380000,"Euphorbia Pulcherrima mang những chiếc lá non màu đỏ tươi khi còn non, sau đó sẽ chuyển dần sang xanh đậm.",Cao 35 – 45 cm,Dễ chăm sóc,"• Ánh nắng gián tiếp
• Ánh sáng tán xạ","• Vừa phải, 2 – 3 lần/tuần
• Đất trồng thông thoáng",,,,,,,
CCNPLT0096,,https://mowgarden.com/cay-trang-nguyen-chau-dat-nung-hoa-tiet-euphorbia-pulcherrima-eupu001/,Cây Trạng Nguyên chậu đất nung họa tiết Euphorbia Pulcherrima EUPU001,Euphorbia Pulcherrima,"• Trạng Nguyên
• Nhất Phẩm Hồng",380000,"Euphorbia Pulcherrima mang những chiếc lá non màu đỏ tươi khi còn non, sau đó sẽ chuyển dần sang xanh đậm.",Cao 35 – 45 cm,Dễ chăm sóc,"• Ánh nắng gián tiếp
• Ánh sáng tán xạ","• Vừa phải, 2 – 3 lần/tuần
• Đất trồng thông thoáng",,,,,,,
CCNPLT0097,,https://mowgarden.com/cay-truong-sinh-cam-thach-chau-dat-nung-hoa-cuc-peob003/,Cây trường sinh cẩm thạch chậu đất nung hoa cúc PEOB003,Peperomia obtusifolia var,Cây trường sinh cẩm thạch,280000,"Cây trường sinh cẩm thạch là một loại cây cảnh trong nhà đẹp mắt, với bộ lá luôn xanh mát, sức sống mãnh liệt, dễ chăm sóc. Đây cũng là loại cây phong thủy với tác dụng mang đến sức khỏe, may mắn và tiền tài tới cho gia chủ. Người ta thường hay tặng cây trường sinh vào những dịp đặc biệt như là một lời chúc phúc tới người nhận.",,Dễ chăm sóc,Nắng tán xạ / Chịu râm mát,Tưới nước 2 – 3 lần/tuần,Chiều cao 40 – 60 cm,,,,,,
CCNPLT0098,,https://mowgarden.com/cay-giu-tien-chau-men-su-trang-hoa-tiet-agwl003/,Cây giữ tiền chậu men sứ trắng họa tiết AGWL003,Aglaonema ‘White Lance’,Cây giữ tiền,280000,"Cây giữ tiền là một trong các loại cây dễ chăm sóc mà vẫn luôn xanh tươi quanh năm, nhờ đó mà gia chủ không mất nhiều thời gian chăm sóc. Trong phong thủy, khi đặt Cây Giữ Tiền trong nhà sẽ mang lại ý nghĩa giúp tăng tài lộc, giữ gìn của cải trong nhà.",Chiều cao: 30 – 40 cm,Rất dễ chăm sóc,Nắng tán xạ / Bóng râm,Tưới nước 3 – 4 lần/tuần,,,,,,,
CCNPLT0099,,https://mowgarden.com/cay-giu-tien-chau-dat-nung-nau-dam-agwl003/,Cây giữ tiền chậu đất nung nâu đậm AGWL003,Aglaonema ‘White Lance’,Cây giữ tiền,280000,"Cây giữ tiền là một trong các loại cây dễ chăm sóc mà vẫn luôn xanh tươi quanh năm, nhờ đó mà gia chủ không mất nhiều thời gian chăm sóc. Trong phong thủy, khi đặt Cây Giữ Tiền trong nhà sẽ mang lại ý nghĩa giúp tăng tài lộc, giữ gìn của cải trong nhà.",Chiều cao: 30 – 40 cm,Rất dễ chăm sóc,Nắng tán xạ / Bóng râm,Tưới nước 3 – 4 lần/tuần,,,,,,,
CCNPLT0100,,https://mowgarden.com/cay-giu-tien-chau-dat-nung-vintage-agwl002/,Cây giữ tiền chậu đất nung vintage AGWL002,Aglaonema ‘White Lance’,Cây giữ tiền,320000,"Cây giữ tiền là một trong các loại cây dễ chăm sóc mà vẫn luôn xanh tươi quanh năm, nhờ đó mà gia chủ không mất nhiều thời gian chăm sóc. Trong phong thủy, khi đặt Cây Giữ Tiền trong nhà sẽ mang lại ý nghĩa giúp tăng tài lộc, giữ gìn của cải trong nhà.",Chiều cao: 30 – 40 cm,Rất dễ chăm sóc,Nắng tán xạ / Bóng râm,Tưới nước 3 – 4 lần/tuần,,,,,,,
CCNPLT0101,STGF004,https://mowgarden.com/cay-luoi-ho-hoang-kim-gold-flame-chau-dat-nung-stgf004/,Cây lưỡi hổ Hoàng Kim ‘Gold Flame’ chậu đất nung STGF004,Sansevieria trifasciata Gold Flame,Cây lưỡi hổ hoàng kim,280000,"Lưỡi hổ Gold Flame là dòng “cây cảnh quốc dân” được nhiều người lựa chọn để trồng trang trí trong nhà. Nó không những dễ sống đến mức “gần như bất tử” mà còn giúp mang lại vẻ đẹp tự nhiên, trên lá có những sọc vằn ấn tượng, lá cứng cáp và hình tượng rõ ràng, phù hợp để trồng trong mọi không gian nội thất.","• Kích thước chậu: 20x20cm (DxC)
• Chiều cao: 40 – 50 cm
• Số lượng thân: 3 thân",Dễ chăm sóc,Ánh sáng tán xạ; Bóng râm; Chịu được bóng râm,Tưới nước 1 lần/tuần,,,,,,,
CCNPLT0102,RADE024,https://mowgarden.com/cay-hanh-phuc-mot-than-cao-1m6-chau-dat-nung-rade024/,Cây hạnh phúc một thân cao 1m6 chậu đất nung RADE024,Radermachera Sinica,Cây hạnh phúc,900000,"Cây hạnh phúc là dòng cây cảnh đẹp, sức sống khỏe mạnh, dễ chăm sóc. Trên cây có những tán lá xanh tươi, mượt mà thể hiện cho sự hi vọng và niềm tin mạnh mẽ. Với ý nghĩa mang lại may mắn và hạnh phúc nên cây thường được chọn để làm cây trưng trong nhà hoặc làm quà tặng.","• Kích thước chậu: 30x30cm (DxC)
• Chiều cao tổng: 150 – 160cm",Dễ chăm sóc,"Nắng tán xạ, chịu được nắng trực tiếp",Tưới nước 2 – 3 lần/tuần,,,,,,,
CCNPLT0103,LONI023,https://mowgarden.com/cay-kim-ngan-that-binh-cao-1m8-chau-su-trang-loni023/,Cây kim ngân thắt bính cao 1m8 chậu sứ trắng LONI023,Pachira aquatica,Cây kim ngân bính,1150000,"Cây Kim Ngân là loại cây cảnh trong nhà được trồng phổ biến trên khắp thế giới, nó có sức ảnh hưởng tới mức mà hầu như ai cũng tin rằng khi trồng có thể mang lại nhiều may mắn trong cuộc sống, công việc hoặc làm ăn.","• Kích thước chậu: 40x30cm (DxC)
•Chiều cao tổng: 170 – 180cm",Dễ chăm sóc,Ánh sáng tán xạ; Nắng trực tiếp,Tưới nước 2 lần/tuần,,,,,,,
CCNPLT0104,LYRA043,https://mowgarden.com/cay-bang-singapore-dang-tree-goc-to-chau-xi-mang-lyra043/,Cây bàng Singapore dáng tree gốc to chậu xi măng LYRA043,Ficus lyrata,Bàng Singapore / Sung tỳ bà,1500000,"Cây Bàng Singapore Lớn có thể dễ dàng nhận ra ở những góc quán cafe, bàn làm việc công. Với những chiếc lá căng bóng hình đàn vĩ cầm rất lớn, nhiều gân là hình chân chim nổi bật.",,Dễ chăm sóc,Nắng trực tiếp / Ánh sáng tán xạ,Tưới nước 2 – 3 lần/tuần,"• Kích thước chậu: 30×35 cm (DxC)
•Chiều cao tổng: 80 – 100 cm",,,,,,
CCNPLT0105,SCHE017,https://mowgarden.com/cay-ngu-gia-bi-de-san-chau-tru-tron-da-mai-sche017/,Cây ngũ gia bì để sàn chậu trụ tròn đá mài SCHE017,Scheffera Octophylla,Ngũ gia bì,750000,"Ngũ gia bì là loại cây mang lại tài vận, thịnh vượng và may mắn, trồng trong nhà sẽ mang đến một không gian thư thái, trong lành cho gia đình.","• Kích thước chậu: 30x50cm (DxC)
• Chiều cao tổng: 130 – 140cm",Dễ chăm sóc,"Nắng tán xạ, chịu được nắng trực tiếp",Tưới nước 2 – 3 lần/tuần,,,,,,,
CCNPLT0106,MONS020,https://mowgarden.com/cay-trau-ba-nam-my-monstera-deliciosa-chau-lon-mons020/,Cây trầu bà Nam Mỹ Monstera ‘Deliciosa’ chậu lớn MONS020,Monstera ‘Deliciosa’,Trầu bà Nam Mỹ,2200000,"Monstera là dòng câycó sức sống mạnh mẽ, dễ chăm sóc, chỉ ánh sáng tán xạ vừa phải, thích với môi trường có ít ánh sáng. Cây trầu bà Nam Mỹ được xem là biểu tượng rất được ưu thích trong lĩnh vực thời trang, kiến trúc và nội thất. Nó thường được đặt cạnh các thương hiệu lớn như một cách để tạo thêm điểm nhấn và phong cách.","• Chiều cao tổng chậu: 170cm
• Kích thước lá: 65 – 70 cm",Dễ chăm sóc,"Nắng tán xạ, chịu được nắng trực tiếp",Tưới nước 2 – 3 lần/tuần,,,,,,,
CCNPLT0107,,https://mowgarden.com/cay-bang-singapore-2-nhanh-chau-xi-mang-de-san-lyra042/,Cây bàng Singapore 2 nhánh chậu xi măng để sàn LYRA042,Ficus lyrata,Bàng Singapore / Sung tỳ bà,450000,"Cây Bàng Singapore Lớn có thể dễ dàng nhận ra ở những góc quán cafe, bàn làm việc công. Với những chiếc lá căng bóng hình đàn vĩ cầm rất lớn, nhiều gân là hình chân chim nổi bật.",,Dễ chăm sóc,Nắng trực tiếp / Ánh sáng tán xạ,"Ít nước, 2 – 3 lần/tuần","Kích thước chậu: 30×35 cm (DxC)
Chiều cao tổng: 80 – 100 cm",,,,,,
CCNPLT0108,CANE004,https://mowgarden.com/cay-duoi-cong-network-chau-su-trang-cane004/,Cây đuôi công ‘Network’ chậu sứ trắng CANE004,Calathea Musaica,Cây đuôi công ‘Network’,270000,Với những vân lá tạo nên hoạ tiết ô lưới ngẫu nhiên độc đáo như một bức tranh mosaic kì công. Calathea Network tạo nên sự khác biệt không thể tìm thấy với bất kỳ loại cây nào.,"• Kích thước chậu: 15x15cm (DxC)
• Chiều cao tổng 25 – 30 cm",Dễ chăm sóc,Nắng tán xạ / Nơi râm mát,Tưới nước 2 – 3 lần/tuần,,,,,,,
CCNPLT0109,NTMX021,https://mowgarden.com/chau-cay-noi-that-mix-dai-phu-gia-trau-ba-ntmx021/,"Chậu cây nội thất mix Đại phú gia, Trầu bà Neon NTMX021",,Cây Đại phú gia / Trầu bà neon,820000,"Chậu cây nội thất được mix các loại cây dễ chăm sóc, thích nghi tốt với điều kiện thiếu sáng trong nhà. Sản phẩm được mix các loại cây Đại phú gia, Trầu bà Neon thích hợp đặt tại phòng khách, lối hành lang, văn phòng, sảnh nhà hàng, khách sạn hoặc làm quà tặng.","• Kích thước chậu: 40×52 cm (DxC)
• Chiều cao tổng: 140 – 150 cm",Dễ chăm sóc,Nắng tán xạ / Sáng vừa phải,Tưới nước 2 – 3 lần/tuần,,,Đá mài,Màu đen,,,
CCNPLT0110,CASA003,https://mowgarden.com/cay-duoi-cong-soc-calathea-sanderiana-chau-gom-su-casa003/,Cây đuôi công sọc Calathea Sanderiana chậu gốm sứ CASA003,Calathea ornata Sanderiana,Cây đuôi công sọc,230000,"Calathea ornata Sanderiana là loài thực vật thân thảo, có lá hình thuôn tròn, sọc trắng xanh. Loài này rất dễ sống, thường được trồng để trang trí trong nhà, thanh lọc không khí và mang ý nghĩa đem lại may mắn, thành công và thịnh vượng.",,Dễ chăm sóc,Nhiều ánh sáng / tán xạ,Tưới nước 2 – 3 lần/tuần,"• Kích thước chậu: 20x18cm (DxC)
• Chiều cao tổng 25 – 30cm",,,,,,
CCNPLT0111,AGPL003,https://mowgarden.com/cay-hong-phat-loc-pink-lady-chau-su-trang-agpl003/,Cây hồng phát lộc ‘Pink Lady’ chậu sứ trắng AGPL003,Aglaonema ‘Pink Lady’,Cây hồng phát lộc,240000,"Cây hồng phát lộc là loại cây nhỏ để bàn, có màu hồng phớt tươi mới và bắt mắt, giúp tạo điểm nhấn cho góc làm việc thêm sinh động. Chúng còn là dòng cây phong thủy, được cho rằng giúp mang lại những điều may mắn và thịnh vượng tới cho gia chủ. Hồng phát lộc cũng là một món quà rất ý nghĩa vào những dịp khai trương, sinh nhật hoặc dịp lễ.","• Kích thước chậu: 11×12 cm (DxC)
• Chiều cao tổng: 25 – 30cm",Dễ chăm sóc,Nắng tán xạ / Nơi râm mát,Tưới nước 2 – 3 lần/tuần,,,,,,,
CCNPLT0112,,https://mowgarden.com/cay-phat-tai-nui-2-tang-chau-xi-mang-hoa-siet-soc-cptn010/,Cây phát tài núi 2 tầng chậu xi măng họa siết sọc CPTN010,Dracaena draco L,Phát tài núi,1850000,"Cây phát tài núi rất thường được lựa chọn để làm quà tặng vào những dịp khai trương, lên nhà mới, văn phòng mới… với mong muốn đem lại nhiều tài lộc và may mắn cho người được tặng.",Chiều cao 150 – 160 cm,Dễ chăm sóc,"Nắng tán xạ, chịu được nắng trực tiếp","Tưới nước, 2 – 3 lần/tuần",,,,,,,
CCNPLT0113,ABSD004,https://mowgarden.com/cay-rong-bac-silver-dragon-chau-su-trang-absd004/,Cây rồng bạc ‘Silver Dragon’ chậu sứ trắng ABSD004,Alocasia Silver Dragon,Rồng bạc,340000,Bạn không cần dành quá nhiều thời gian cho Rồng Bạc nhưng vẫn ngắm nhìn được vẻ đẹp của nó mỗi ngày.,"• Kích thước chậu: 15x15cm (DxC)
• Chiều cao tổng: 30 – 32 cm",Dễ chăm sóc,Nắng tán xạ / Nơi râm mát,Tưới nước 2 – 3 lần/tuần,,,,,,,
CCNPLT0114,LONI022,https://mowgarden.com/cay-kim-ngan-mot-than-de-ban-chau-su-loni022/,Cây kim ngân một thân để bàn chậu sứ LONI022,Pachira aquatica,Cây kim ngân bính,350000,"Cây Kim Ngân là loại cây cảnh trong nhà được trồng phổ biến trên khắp thế giới, nó có sức ảnh hưởng tới mức mà hầu như ai cũng tin rằng khi trồng có thể mang lại nhiều may mắn trong cuộc sống, công việc hoặc làm ăn.","• Kích thước chậu: 20x18cm (DxC)
• Chiều cao tổng: 30 – 35cm",Dễ chăm sóc,Ánh sáng tán xạ; Nắng trực tiếp,Tưới nước 2 lần/tuần,,,,,,,
CCNPLT0115,PHIR006,https://mowgarden.com/cay-trau-ba-de-vuong-do-chau-dat-nung-phir006/,Cây trầu bà đế vương đỏ chậu đất nung PHIR006,Philodendron Imperial Red,Trầu bà đế vương đỏ,300000,"Thân dạng thảo lớn, trong tự nhiên cây có thể leo được, nhưng đa số khi trồng chậu thì thân vươn thẳng chắc chắn, cao khoảng dưới 1m5.","• Kích thước chậu: 18x18cm (DxC)
• Chiều cao tổng: 50 – 60 cm
• Độ rộng tán: 50 – 60 cm",Dễ chăm sóc,"Nắng tán xạ, chịu được nắng trực tiếp",Tưới nước 2 – 3 lần/tuần,,,,,,,
CCNPLT0116,,https://mowgarden.com/cay-bang-dai-loan-cam-thach-chau-xi-mang-tru-tron-cao-bubu005/,Cây bàng Đài Loan cẩm thạch chậu xi măng trụ tròn cao BUBU005,Bucida Buceras Variegated,Bàng Đài Loan cẩm thạch,750000,"Cây Bàng Đài Loan Cẩm Thạch có lá nhỏ xinh và sắc xanh, viền trắng hồng rất khác biệt và nổi bật, giúp không gian trở nên độc đáo và sang trọng","• Kích thước chậu: 30×60 cm (DxC)
• Chiều cao tổng: 120–130 cm",Dễ chăm sóc,Nắng trực tiếp / Nắng tán xạ,Tưới nước 2 – 3 lần/tuần,,,,,,,
CCNPLT0117,PHBR005,https://mowgarden.com/cay-trau-ba-de-vuong-kim-cuong-birkin-chau-dat-nung-phbr005/,Cây trầu bà đế vương kim cương ‘Birkin’ chậu đất nung PHBR005,Philodendron Birkin,Trầu bà đế vương kim cương,420000,"Đế vương kim cương sở hữu bộ lá xanh khoẻ khoắn, xen kẽ vân sọc trắng hài hoà và đầy cuốn hút. Chắc chắn nó sẽ là điểm nhấm tuyệt vời cho không gian nội thất, bớt đi sự nhàm chán và giúp cải thiện chất lượng không khí hiệu quả.","• Kích thước chậu: 18x30cm (DxC)
• Chiều cao tổng: 60 – 70cm",Dễ chăm sóc,Nắng tán xạ / Râm mát,Tưới nước 2 – 3 lần/tuần,,,,,,,
CCNPLT0118,HCMX002,https://mowgarden.com/chau-hoa-cuc-mam-xoi-trang-tri-xot-nhua-hcmx002/,Chậu hoa cúc mâm xôi trang trí xọt nhựa HCMX002,Chrysanthemum morifolium,Hoa cúc mâm xôi,160000,"Cúc mâm xôi là một trong các loài hoa không thể thiếu vào dịp Tết cổ truyền. Chậu cúc mâm xôi có hình dáng tỏa ra theo dạng hình cầu, mang ý nghĩa vẹn tròn, cho một năm mới xuôn sẻ. Với màu vàng được xem là màu của sung túc, đầm ấm và nhiều tài lộc hơn. Do đó, người ta thường tặng cả cặp làm quà tặng cho ông bà, cha mẹ hoặc quý đối tác.","• Đường kính tán: 40cm (DxC)
• Chiều cao tổng: 40 – 50 cm",Dễ chăm sóc,"Nắng tán xạ, chịu được nắng trực tiếp",Tưới nước 1 lần/ngày,,,,,,,
CCNPLT0119,CDPG006,https://mowgarden.com/cay-dai-phu-gia-chau-xi-mang-da-mai-cdpg006/,Cây đại phú gia chậu xi măng đá mài CDPG006,Aglaoocma SP,Đại phú gia,840000,"Cây đại phú gia để bàn thuộc họ cây ráy, có tên khoa học là Aglaoocma SP. Loài cây này mọc phân bổ chủ yếu ở các nước có khí hậu nhiệt đới, ưa ẩm và bóng râm có nguồn gốc từ châu Mỹ.","• Kích thước chậu: 32x52cm (DxC)
• Chiều cao 120 – 140 cm",Dễ chăm sóc,Nắng tán xạ / Râm mát,Tưới nước 2 – 3 lần/tuần,,,,,,,
CCNPLT0120,BDCT004,https://mowgarden.com/cay-da-bup-do-cam-thach-mot-than-chau-su-bdct004/,Cây đa búp đỏ cẩm thạch một thân chậu sứ BDCT004,Ficus Elastica Tineke,Đa búp đỏ cẩm thạch,300000,"Từ lâu cây Đa luôn là biểu tượng của sự trường tồn, sức sống dẻo dai, nơi chứa đựng thần quyền và tâm linh của con người. Chính lẽ đó mà trong phong thủy, Đa Búp Đỏ cũng mang ý nghĩa của sự may mắn, an lành.",Chiều cao 30 – 40cm,Rất dễ chăm sóc,Ánh sáng tán xạ,Tưới nước 2 – 3 lần/tuần,,,,,,,
CCNPLT0121,AGRA003,https://mowgarden.com/cay-van-loc-son-red-anjamani-de-ban-chau-su-agra003/,Cây vạn lộc son ‘Red Anjamani’ để bàn chậu sứ AGRA003,Aglaonema ‘Red Anjamani’,Cây hồng phát lộc,320000,"Cô tòng đuôi lươn sở hữu bộ lá nhiều màu sắc rực rỡ, cùng những đường viền hoa văn độc đáo, chúngthường được trồng trang trí cho bồn hoa, ban công hoặc trước hiên nhà. Loại cây này đôi lúc được trồng trong nhà, nhưng đòi hỏi phải trồng nơi có nhiều ánh sáng, gần cửa sổ.","• Kích thước tán: 35 – 40cm
• Chiều cao: 35 – 40cm",Dễ chăm sóc,Nắng tán xạ / Nơi râm mát,Tưới nước 2 – 3 lần/tuần,,,,,,,
CCNPLT0122,TUBO003,https://mowgarden.com/cay-tung-bong-lai-cap-doi-tinh-yeu-chau-su-tubo003/,Cây tùng bồng lai cặp đôi tình yêu chậu sứ TUBO003,Podocarpus macrophyllus,Cây tùng bồng lai,320000,"Cây Tùng Bông Lai là một loài cây mang vẻ đẹp trang nhã, với tán lá dầy xanh mướt trông giống như những đám mây và có kích thước nhỏ gọn nên rất thích hợp để bàn làm việc. Chúng là loài cây dễ trồng nên không cần phải tốn công chăm sóc, tuy nhiên cần đặt tại nơi có nhiều ánh sáng.",Chiều cao 20 – 25 cm,Trung bình,Nắng trực tiếp / nắng tán xạ,Tưới nước 2 – 3 lần/tuần,,,,,,,
CCNPLT0123,,https://mowgarden.com/cay-tung-bong-lai-chau-dat-nung-wax-hoa-cuc-tubo002/,Cây Tùng bồng lai chậu đất nung wax hoa cúc TUBO002,Podocarpus macrophyllus,Cây tùng bồng lai,320000,"Cây Tùng Bông Lai là một loài cây mang vẻ đẹp trang nhã, với tán lá dầy xanh mướt trông giống như những đám mây và có kích thước nhỏ gọn nên rất thích hợp để bàn làm việc. Chúng là loài cây dễ trồng nên không cần phải tốn công chăm sóc, tuy nhiên cần đặt tại nơi có nhiều ánh sáng.",Chiều cao 20 – 25 cm,Trung bình,Nắng trực tiếp / nắng tán xạ,Tưới nước 2 – 3 lần/tuần,,,,,,,
CCNPLT0124,,https://mowgarden.com/cay-hanh-phuc-chau-dat-nung-hoang-gia-rade023/,Cây hạnh phúc chậu đất nung hoàng gia RADE023,Radermachera Sinica,Cây hạnh phúc,750000,"Cây hạnh phúc là dòng cây cảnh đẹp, sức sống khỏe mạnh, dễ chăm sóc. Trên cây có những tán lá xanh tươi, mượt mà thể hiện cho sự hi vọng và niềm tin mạnh mẽ. Với ý nghĩa mang lại may mắn và hạnh phúc nên cây thường được chọn để làm cây trưng trong nhà hoặc làm quà tặng.","• Kích thước chậu: 30x32cm (DxC)
• Chiều cao tổng: 90–100cm",Dễ chăm sóc,"Nắng tán xạ, chịu được nắng trực tiếp",Tưới nước 2 – 3 lần/tuần,,,,,,,
CCNPLT0125,,https://mowgarden.com/cay-co-lan-chi-de-ban-chau-men-bong-hoa-tiet-spi003/,Cây cỏ lan chi để bàn chậu men bóng họa tiết SPI003,Chlorophytum laxum,Cây cỏ lan chi / cây dây nhện,180000,"Cỏ Lan Chi (hay còn gọi là Cỏ Nhện) là loại cây rất dễ sống với điều kiện khí hậu nóng tại Việt Nam. Đặc biệt, nó nằm trong top các loại cây lọc không khí rất hiệu quả, có thể đặt trong phòng ngủ giúp bạn có giấc ngủ trong lành hơn.",,Rất dễ chăm sóc,Nắng tán xạ / Chịu râm mát,Tưới nước 2 – 3 lần/tuần,Chiều cao 30 – 40 cm,,,,,,
CCNPLT0126,LYRA041,https://mowgarden.com/cay-bang-singapore-mot-than-chau-dat-nung-lyra041/,Cây bàng Singapore một thân chậu đất nung LYRA041,Ficus lyrata,Cây bàng Singapore,340000,"Cây Bàng Singapore là loại cây nội thất đang được ưa chuộng nhất hiện nay. Cây có khả năng cải thiện chất lượng không khí. Mang lại sự xanh mát và sang trọng cho không gian của bạn, trang trí phòng khách, văn phòng, quán cafe hay shop.Hoặc làm quà tặng dịp khai trương, tân gia…","• Kích thước chậu: 30×25 cm (DxC)
• Chiều cao tổng: 100 – 100 cm",Dễ chăm sóc,"Nắng tán xạ, chịu được nắng trực tiếp",Tưới nước 2 – 3 lần/tuần,,,,,,,
CCNPLT0127,,https://mowgarden.com/cay-trau-ba-chan-vit-chau-su-trang-co-van-philodendron-xanadu-ctbcv002/,Cây Trầu Bà Chân Vịt chậu sứ trắng có vân Philodendron Xanadu CTBCV002,Philodendron Xanadu,Cây Trầu Bà Chân Vịt,750000,"Khi nói đến Trầu Bà Chân Vịt thì có thể nhiều người sẽ cảm thấy lạ lẫm kèm theo đó là tò mò không biết hình dạng của loài cây đó ra sao. Đó là một loài cây có đặc tính sinh trưởng mạnh mẽ, thường được mọi người dùng để tô điểm cho không gian sinh sống, trang trí nội thất.",,Vừa phải,Nắng tán xạ,"Ít nước, 2 – 3 lần/tuần",Cao 50 cm,,,,Tính axit,Có khả năng hấp thu chất độc hại,
CCNPLT0128,ZAMI031,https://mowgarden.com/cay-kim-tien-trung-tet-chau-dat-nung-hoa-cuc-zami031/,Cây kim tiền trưng tết chậu đất nung hoa cúc ZAMI031,Zamioculcas Zamiifolia,Cây kim tiền / Kim phát tài,420000,"Cây kim tiền có lá hình xương cá màu xanh mướt. Loài này rất dễ sống phát triển mạnh ở những nơi có độ ẩm cao, thường được trồng để trang trí trong phòng khách, làm quà tặng tân gia, khai trương cửa hàng.","• Kích thước chậu: 25×25 cm (DxC)
• Chiều cao tổng: 50 – 60 cm",Dễ chăm sóc,"Nắng tán xạ, chịu được nắng trực tiếp",Tưới nước 2 – 3 lần/tuần,,,,,,,
CCNPLT0129,,https://mowgarden.com/cay-ngoc-ngan-thai-chau-gom-hoa-tiet-cau-vong-agsn009/,Cây ngọc ngân Thái chậu gốm họa tiết cầu vồng AGSN009,Aglaonema Snow White,Cây ngọc ngân,250000,"Cây ngọc ngân là là cây trong nhà được đánh giá cao về phong thuỷ, người ta quan niệm rằng cây Ngọc ngân mang đến tài lộc, may mắn khi đặt trên bàn làm việc hay trang trí trong văn phòng. Về mặt tinh thần cây Ngọc ngân rất thích hợp làm quà tặng tình yêu.","• Kích thước chậu: 17x17cm (DxC)
• Chiều cao: 20 – 30cm",Dễ chăm sóc,Ánh sáng tán xạ; Tránh ánh nắng trực tiếp,Tưới nước 2 – 3 lần/tuần,,,,,,,
CCNPLT0130,,https://mowgarden.com/cay-kim-ngan-binh-de-ban-chau-su-co-hinh-loni021/,Cây kim ngân bính để bàn chậu sứ có hình LONI021,Pachira aquatica,Cây kim ngân bính,250000,"Cây Kim Ngân là loại cây cảnh trong nhà được trồng phổ biến trên khắp thế giới, nó có sức ảnh hưởng tới mức mà hầu như ai cũng tin rằng khi trồng có thể mang lại nhiều may mắn trong cuộc sống, công việc hoặc làm ăn.",Chiều cao 35cm,Dễ chăm sóc,Ánh sáng tán xạ; Nắng trực tiếp,Vừa phải (2 lần/tuần),,,,,,,
CCNPLT0131,RADE026,https://mowgarden.com/cay-hanh-phuc-bonsai-de-ban-chau-su-rade026/,Cây hạnh phúc bonsai để bàn chậu sứ RADE026,Radermachera Sinica,Cây hạnh phúc,350000,"Cây hạnh phúc là dòng cây cảnh đẹp, sức sống khỏe mạnh, dễ chăm sóc. Trên cây có những tán lá xanh tươi, mượt mà thể hiện cho sự hi vọng và niềm tin mạnh mẽ. Với ý nghĩa mang lại may mắn và hạnh phúc nên cây thường được chọn để làm cây trưng trong nhà hoặc làm quà tặng.","• Kích thước chậu: 12x11cm (DxC)
• Chiều cao tổng: 30 – 32cm",Dễ chăm sóc,"Nắng tán xạ, chịu được nắng trực tiếp",Tưới nước 2 – 3 lần/tuần,,,,,,,
CCNPLT0132,ANTH008,https://mowgarden.com/cay-hong-mon-tieu-canh-tho-trang-om-tui-may-man-anth008/,Cây hồng môn tiểu cảnh thỏ trắng ôm túi may mắn ANTH008,Anthurium andreanum,Cây hồng môn,450000,"Cây hồng môn được biết tới là một loại cây cảnh mang lại điều tốt lành, có thể giúp điều hòa khí phong thủy trong nhà, có khả năng thu hút những dòng khí tích cực và làm tiêu bớt dòng khí tiêu cực cho môi trường xung quanh, trồng cây hồng môn trong nhà sẽ giúp không gian sống trở nên hài hòa và bình yên hơn.","• Kích thước chậu: 20x20cm (DxC)
• Chiều cao tổng: 30 – 40cm",Dễ chăm sóc,Nắng tán xạ / Chịu râm mát,Tưới nước 2 – 3 lần/lần,,,,,,,
CCNPLT0133,HCMX001,https://mowgarden.com/chau-hoa-cuc-mam-xoi-trung-tet-co-lon-trang-tri-xot-tre-hcmx001/,Chậu hoa cúc mâm xôi trưng Tết cỡ lớn trang trí xọt tre HCMX001,Chrysanthemum morifolium,Hoa cúc mâm xôi,380000,"Cúc mâm xôi là một trong các loài hoa không thể thiếu vào dịp Tết cổ truyền. Chậu cúc mâm xôi có hình dáng tỏa ra theo dạng hình cầu, mang ý nghĩa vẹn tròn, cho một năm mới xuôn sẻ. Với màu vàng được xem là màu của sung túc, đầm ấm và nhiều tài lộc hơn. Do đó, người ta thường tặng cả cặp làm quà tặng cho ông bà, cha mẹ hoặc quý đối tác.","• Đường kính tán: 40cm (DxC)
• Chiều cao tổng: 50 – 55cm",Dễ chăm sóc,"Nắng tán xạ, chịu được nắng trực tiếp",Tưới nước 4 – 5 lần/tuần,,,,,,,
CCNPLT0134,CTBH008,https://mowgarden.com/cay-truc-bach-hop-mot-than-chau-xi-mang-ctbh008/,Cây trúc bách hợp một thân chậu xi măng CTBH008,Dracaena reflexa,Trúc bách hợp,950000,"Còn được gọi là trúc phất dụ, mọc thành bụi sum sê, ở chính giữa tạo thành hình hoa thị và tua tủa ra xung quanh. Cây có thân cứng, lá thuôn nhọn ở đầu, mép nguyên, màu xanh bóng xen lần dải màu vàng tươi từ gốc tới ngọn","• Kích thước chậu: 33×52 cm
• Chiều cao tổng: 120 – 130 cm",Dễ chăm sóc,"Nắng tán xạ, chịu được nắng trực tiếp",Tưới nước 2 – 3 lần/tuần,,,,,,,
CCNPLT0135,LONI020,https://mowgarden.com/cay-kim-ngan-that-binh-chau-dat-nung-loni020/,Cây kim ngân thắt bính chậu đất nung LONI020,Pachira aquatica,Cây kim ngân,990000,"Cây Kim Ngân là loại cây cảnh trong nhà được trồng phổ biến trên khắp thế giới, nó có sức ảnh hưởng tới mức mà hầu như ai cũng tin rằng khi trồng có thể mang lại nhiều may mắn trong cuộc sống, công việc hoặc làm ăn.",Chiều cao 120 – 140 cm,Dễ chăm sóc,Ánh sáng tán xạ; Nắng trực tiếp,Tưới nước 2 lần/tuần,,,,,,,
CCNPLT0136,ANTH007,https://mowgarden.com/cay-hong-mon-co-lon-chau-gom-su-anth007/,Cây hồng môn cỡ lớn chậu gốm sứ ANTH007,Anthurium andreanum,Cây hồng môn,520000,"Cây hồng môn được biết tới là một loại cây cảnh mang lại điều tốt lành, có thể giúp điều hòa khí phong thủy trong nhà, có khả năng thu hút những dòng khí tích cực và làm tiêu bớt dòng khí tiêu cực cho môi trường xung quanh, trồng cây hồng môn trong nhà sẽ giúp không gian sống trở nên hài hòa và bình yên hơn.","• Kích thước chậu: 20x20cm (DxC)
• Chiều cao tổng: 30 – 40cm",Dễ chăm sóc,Nắng tán xạ / Chịu râm mát,Tưới nước 2 – 3 lần/lần,,,,,,,
CCNPLT0137,LONI019,https://mowgarden.com/cay-kim-ngan-3-than-de-ban-chau-dat-nung-loni019/,Cây kim ngân 3 thân để bàn chậu đất nung LONI019,Pachira aquatica,Cây kim ngân,230000,"Cây Kim Ngân là loại cây cảnh trong nhà được trồng phổ biến trên khắp thế giới, nó có sức ảnh hưởng tới mức mà hầu như ai cũng tin rằng khi trồng có thể mang lại nhiều may mắn trong cuộc sống, công việc hoặc làm ăn.",Chiều cao 20 – 25 cm,Dễ chăm sóc,Ánh sáng tán xạ; Nắng trực tiếp,Tưới ít nước 2 lần/tuần,,,,,,,
CCNPLT0138,MOAD003,https://mowgarden.com/cay-trau-ba-lo-monstera-adansonii-chau-gom-su-moad003/,Cây trầu bà lỗ Monstera ‘Adansonii’ chậu gốm sứ MOAD003,Monstera adansonii,Cây trầu bà lỗ,220000,"Trầu bà lỗ có tên khoa học là, Monstera adansonii, hay còn được gọi là Swiss Cheese Vine, với bộ lá xanh mát hình chóp và dễ sống trong nhà nên loại cây này rất được ưu chuộng. Mỗi chiếc lá có đầy những lỗ hình bầu dục tự nhiên trông rất lạ mắt giúp nó khó nhầm lẫn với các loại cây khác.",,Vừa phải,Nắng tán xạ / Bóng râm,Tưới nước 4 – 5 lần/tuần,"• Kích thước chậu: 20x20cm (DxC)
• Chiều cao tổng: 30 – 40 cm",,,,,,
CCNPLT0139,AGSU003,https://mowgarden.com/cay-bao-thanh-thien-aglaonema-sumatra-chau-dat-nung-agsu003/,Cây bao thanh thiên ‘Aglaonema Sumatra’ chậu đất nung AGSU003,Aglaonema red ‘Sumatra’,Cây bao thanh thiên,380000,"Cây bao thanh thiên có bộ lá sặc sỡ và khỏe khoắn nên rất thích hợp để trang hoàng thêm điểm nhấn cho không gian sống. Loại cây này còn được xe là tượng trưng cho sự ngay thẳng, chính trực trong phong thủy. Khi trồng sẽ giúp thu hút năng lượng tích cực, xua đuổi cái xấu.","• Kích thước chậu:
• Chiều cao tổng: 30 – 40 cm",Rất dễ chăm sóc,Nắng tán xạ / Bóng râm,Tưới nước 3 – 4 lần/tuần,,,,,,,
CCNPLT0140,NTMX020,https://mowgarden.com/chau-cay-noi-that-mix-co-nhat-thinh-vuong-cung-dien-trau-ba-ntmx020/,"Chậu cây nội thất mix Cọ nhật, Thịnh vượng, Cung điện, Trầu bà NTMX020",,Cây cọ Nhật/ Thịnh vượng / Cung điện / Trầu bà,1200000,"Chậu cây nội thất được mix các loại cây dễ chăm sóc, thích nghi tốt với điều kiện thiếu sáng trong nhà. Sản phẩm được mix các loại cây Cọ Nhật, Cung điện, Thịnh vượng, Trầu bà thích hợp đặt tại phòng khách, lối hành lang, văn phòng, sảnh nhà hàng, khách sạn hoặc làm quà tặng.","• Kích thước chậu: 40×52 cm (DxC)
• Chiều cao tổng: 140 – 150 cm",Dễ chăm sóc,Nắng tán xạ / Sáng vừa phải,Tưới nước 2 – 3 lần/tuần,,,Đá mài,Màu đen,,,
CCNPLT0141,RADE021,https://mowgarden.com/cay-hanh-phuc-mot-than-nho-dat-nung-rade021/,Cây hạnh phúc một thân nhỏ đất nung RADE021,Radermachera Sinica,Cây hạnh phúc,650000,"Cây hạnh phúc là dòng cây cảnh đẹp, sức sống khỏe mạnh, dễ chăm sóc. Trên cây có những tán lá xanh tươi, mượt mà thể hiện cho sự hi vọng và niềm tin mạnh mẽ. Với ý nghĩa mang lại may mắn và hạnh phúc nên cây thường được chọn để làm cây trưng trong nhà hoặc làm quà tặng.","• Kích thước chậu: 28x34cm (DxC)
• Chiều cao tổng: 100 – 120cm",Dễ chăm sóc,"Nắng tán xạ, chịu được nắng trực tiếp",Tưới nước 2 – 3 lần/tuần,,,,,,,
CCNPLT0142,NTMX019,https://mowgarden.com/chau-cay-canh-mix-dai-loc-van-loc-ngoc-ngan-do-la-ntmx019/,"Chậu cây cảnh mix đại lộc, vạn lộc, ngọc ngân, đô la NTMX019",,Cây đại lộc / vạn lộc / ngọc ngân / đô la,6250000,"Chậu cây nội thất được mix các loại cây dễ chăm sóc, thích nghi tốt với điều kiện thiếu sáng trong nhà. Sản phẩm được mix các loại cây Đại lộc, Vạn lộc, Ngọc ngân, Đô la thích hợp đặt tại phòng khách, lối hành lang, văn phòng, sảnh nhà hàng, khách sạn hoặc làm quà tặng.","• Kích thước chậu: 40×52 cm (DxC)
• Chiều cao tổng: 220 – 240 cm",Dễ chăm sóc,Nắng tán nhiều / Nhiều sáng,Tưới nước 2 – 3 lần/tuần,,,Gốm sứ,Màu nâu sáng,,,
CCNPLT0143,RADE025,https://mowgarden.com/cay-hanh-phuc-mot-than-cao-150cm-chau-da-mai-rade025/,Cây hạnh phúc một thân cao 150cm chậu đá mài RADE025,Radermachera Sinica,Cây hạnh phúc,990000,"Cây hạnh phúc là dòng cây cảnh đẹp, sức sống khỏe mạnh, dễ chăm sóc. Trên cây có những tán lá xanh tươi, mượt mà thể hiện cho sự hi vọng và niềm tin mạnh mẽ. Với ý nghĩa mang lại may mắn và hạnh phúc nên cây thường được chọn để làm cây trưng trong nhà hoặc làm quà tặng.","• Kích thước chậu: 30x30cm (DxC)
• Chiều cao tổng: 150 – 160cm",Dễ chăm sóc,"Nắng tán xạ, chịu được nắng trực tiếp",Tưới nước 2 – 3 lần/tuần,,,,,,,
CCNPLT0144,TBTX008,https://mowgarden.com/cay-trau-ba-thanh-xuan-co-lon-chau-da-mai-tbtx008/,Cây trầu bà thanh xuân cỡ lớn chậu đá mài TBTX008,Thaumatophyllum bipinnatifidum,Cây trầu bà thanh xuân / Cây trầu bà tay Phật,1200000,"Trầu bà thanh xuân là loại cây trong nhà độc đáo được mọi người ưa thích và trưng bày trang trí. Trầu Bà Thanh Xuân có ý nghĩa về mặt phong thủy nó còn có ý nghĩa may mắn, đem lại tài lộc, gia tăng vận khí, thể hiện ý chí vươn lên của gia chủ.","• Kích thước chậu: 30x60cm (ĐxC)
• Chiều cao 140 – 150cm
• Kích thước tán 90 – 100cm",Dễ chăm sóc,Nắng tán xạ / Bóng râm,Tưới nước 2 – 3 lần/tuần,,,,,,,
CCNPLT0145,AGSN008,https://mowgarden.com/cay-ngoc-ngan-snow-white-chau-dat-nung-agsn008/,Cây ngọc ngân ‘Snow White’ chậu đất nung AGSN008,Aglaonema Snow White,Cây ngọc ngân,175000,"Cây ngọc ngân là là cây trong nhà được đánh giá cao về phong thuỷ, người ta quan niệm rằng cây Ngọc ngân mang đến tài lộc, may mắn khi đặt trên bàn làm việc hay trang trí trong văn phòng. Về mặt tinh thần cây Ngọc ngân rất thích hợp làm quà tặng tình yêu.","• Kích thước chậu: 20x20cm (DxC)
• Chiều cao: 20 – 30cm",Dễ chăm sóc,Ánh sáng tán xạ; Tránh ánh nắng trực tiếp,Tưới nước 2 – 3 lần/tuần,,,,,,,
CCNPLT0146,NTMX018,https://mowgarden.com/chau-cay-noi-that-mix-hanh-phuc-van-loc-truc-nhat-troc-bac-ntmx018/,"Chậu cây nội thất mix hạnh phúc, vạn lộc, trúc Nhật, tróc bạc NTMX018",,Cây hạnh phúc / vạn lộc / trúc Nhật / tróc bạc,1250000,"Chậu cây nội thất được mix các loại cây dễ chăm sóc, thích nghi tốt với điều kiện thiếu sáng trong nhà. Sản phẩm được mix các loại cây Hạnh Phúc, Vạn lộc, Trúc Nhật, Tróc bạc thích hợp thể đặt tại phòng khách, lối hành lang, văn phòng làm việc, sảnh nhà hàng, khách sạn hoặc làm quà tặng.","• Kích thước chậu: 32×52 cm (DxC)
• Chiều cao tổng: 110 – 120 cm",Dễ chăm sóc,Nắng tán xạ / Ít nắng,Tưới nước 2 – 3 lần/tuần,,,Xi măng nhẹ,Màu trắng,,,
CCNPLT0147,MONS106,https://mowgarden.com/cay-trau-ba-nam-my-monstera-borsigiana-chau-su-mons106/,Cây trầu bà Nam Mỹ Monstera ‘Borsigiana’ chậu sứ MONS106,Monstera Borsigiana,Trầu bà Nam Mỹ,750000,"Monstera là dòng câycó sức sống mạnh mẽ, dễ chăm sóc, chỉ ánh sáng tán xạ vừa phải, thích với môi trường có ít ánh sáng. Cây trầu bà Nam Mỹ được xem là biểu tượng rất được ưu thích trong lĩnh vực thời trang, kiến trúc và nội thất. Nó thường được đặt cạnh các thương hiệu lớn như một cách để tạo thêm điểm nhấn và phong cách.","• Kích thước chậu: 28x42cm (DxC)
• Chiều cao tổng: 100 – 100 cm",Dễ chăm sóc,"Nắng tán xạ, chịu được nắng trực tiếp",Tưới nước 2 – 3 lần/tuần,,,,,,,
CCNPLT0148,RADE020,https://mowgarden.com/cay-hanh-phuc-mot-than-co-trung-chau-uom-rade020/,Cây hạnh phúc một thân cỡ trung chậu ươm RADE020,Radermachera Sinica,Cây hạnh phúc,450000,"Cây hạnh phúc là dòng cây cảnh đẹp, sức sống khỏe mạnh, dễ chăm sóc. Trên cây có những tán lá xanh tươi, mượt mà thể hiện cho sự hi vọng và niềm tin mạnh mẽ. Với ý nghĩa mang lại may mắn và hạnh phúc nên cây thường được chọn để làm cây trưng trong nhà hoặc làm quà tặng.",Chiều cao: 70 – 80cm (DxC),Dễ chăm sóc,"Nắng tán xạ, chịu được nắng trực tiếp",Tưới nước 2 – 3 lần/tuần,,,,,,,
CCNPLT0149,TBTX007,https://mowgarden.com/cay-trau-ba-thanh-xuan-co-lon-chau-uom-tbtx007/,Cây trầu bà thanh xuân cỡ lớn chậu ươm TBTX007,Thaumatophyllum bipinnatifidum,Cây trầu bà thanh xuân / Cây trầu bà tay Phật,700000,"Trầu bà thanh xuân là loại cây trong nhà độc đáo được mọi người ưa thích và trưng bày trang trí. Trầu Bà Thanh Xuân có ý nghĩa về mặt phong thủy nó còn có ý nghĩa may mắn, đem lại tài lộc, gia tăng vận khí, thể hiện ý chí vươn lên của gia chủ.","• Chiều cao 90 – 110cm
• Kích thước tán 90 – 100cm",Dễ chăm sóc,Nắng tán xạ / Bóng râm,"Ít tưới nước, 2 – 3 lần/tuần",,,,,,,
CCNPLT0150,LONI018,https://mowgarden.com/cay-kim-ngan-3-than-de-ban-chau-do-phat-tai-loni018/,Cây kim ngân 3 thân để bàn chậu đỏ phát tài LONI018,Pachira aquatica,Cây kim ngân,280000,"Cây Kim Ngân là loại cây cảnh trong nhà được trồng phổ biến trên khắp thế giới, nó có sức ảnh hưởng tới mức mà hầu như ai cũng tin rằng khi trồng có thể mang lại nhiều may mắn trong cuộc sống, công việc hoặc làm ăn.",Chiều cao 20 – 25 cm,Dễ chăm sóc,Ánh sáng tán xạ; Nắng trực tiếp,Tưới ít nước 2 lần/tuần,,,,,,,
CCNPLT0151,ZAMI029,https://mowgarden.com/cay-kim-tien-de-san-chau-men-su-zami029/,Cây kim tiền để sàn chậu men sứ ZAMI029,Zamioculcas Zamiifolia,Cây kim tiền / Kim phát tài,420000,"Cây kim tiền có lá hình xương cá màu xanh mướt. Loài này rất dễ sống phát triển mạnh ở những nơi có độ ẩm cao, thường được trồng để trang trí trong phòng khách, làm quà tặng tân gia, khai trương cửa hàng.","• Kích thước chậu: 25×25 cm (DxC)
• Chiều cao tổng: 90 – 100 cm",Dễ chăm sóc,"Nắng tán xạ, chịu được nắng trực tiếp",Tưới nước 2 – 3 lần/tuần,,,,,,,
CCNPLT0152,EAMQ001,https://mowgarden.com/cay-trau-ba-la-sua-marble-queen-eamq001/,Cây trầu bà lá sữa ‘Marble Queen’ EAMQ001,Epipremnum Marble Queen,Trầu bà lá sữa,120000,Nhiều bạn nhầm lẫn loại này với trầu bà sữa nhưng Epipremnum Marble Queen là loại trầu bà đặc biệt với form lá ú tròn hơn gần giống như hình trái tim nhìn rất lạ mắt.,"• Chiều cao 10 – 20 cm
• Đường kính tán: 25 – 30 cm",Rất dễ chăm sóc,Ánh nắng tán xạ,Tưới nước 2 – 3 lần/tuần,,,,,,,
CCNPLT0153,NTMX016,https://mowgarden.com/chau-cay-noi-that-mix-hanh-phuc-van-loc-ngoc-ngan-thuong-xuan-ntmx016/,"Chậu cây nội thất mix hạnh phúc, vạn lộc, ngọc ngân, thường xuân NTMX016",,Cây hạnh phúc / vạn lộc / ngọc ngân / thường xuân,1250000,"Chậu cây nội thất được mix các loại cây dễ chăm sóc, thích nghi tốt với điều kiện thiếu sáng trong nhà. Sản phẩm được mix các loại cây Hạnh Phúc, Vạn lộc, Ngọc ngân, Thường Xuân thích hợp thể đặt tại phòng khách, lối hành lang, văn phòng làm việc, sảnh nhà hàng, khách sạn hoặc làm quà tặng.","• Kích thước chậu: 32×52 cm (DxC)
• Chiều cao tổng: 100 – 110 cm",Dễ chăm sóc,Nắng tán xạ / Ít nắng,Tưới nước 2 – 3 lần/tuần,,,Xi măng nhẹ,Màu trắng / Xanh dương / Vàng 24k,,,
CCNPLT0154,LIVI004,https://mowgarden.com/cay-co-la-xe-mini-de-ban-chau-dat-nung-livi004/,Cây cọ lá xẻ mini để bàn chậu đất nung LIVI004,Livistona chinensis,Cọ lá xẻ,85000,"Cây cọ nhật là loại cây trong nhà có kiểu lá xòe rộng như những cánh quạt, giúp trang trí không gian thêm xanh mát. Nó còn là loại cây phong thủy tượng trưng cho sự giàu sang và tiền tài nên rất đáng trồng trên bàn làm việc.","• Kích thước chậu: 14x14cm (DxC)
• Chiều cao chậu + cây: 25cm",Dễ chăm sóc,"Nắng tán xạ, chịu được nắng trực tiếp",Tưới nước 2 – 3 lần/tuần,,,,,,,
CCNPLT0155,MONS002,https://mowgarden.com/cay-trau-ba-nam-my-monstera-chau-uom-mons002/,Cây trầu bà Nam Mỹ Monstera chậu ươm MONS002,Monstera Borsiagana,Trầu bà Nam Mỹ,450000,"Cây trầu bà Nam Mỹ được xem là một loài cây kiểng lá “quốc dân”, được ưu chuộng khắp nơi trên thế giới. Nhờ sở hữu một bộ lá ấn tượng, trang nhã và sang trong mà chúng luôn trở thành tâm điểm điểm của những hình ảnh đại diện cho các nhãn hàng, thương hiệu cho tới cá nhân trên các trang mạng xã hội.","• Kích thước lá: 15 – 30cm
• Chiều cao: 50 – 60cm",Dễ chăm sóc,Ánh sáng tán xạ; Tránh ánh nắng trực tiếp,Tưới nước 2 – 3 lần/tuần,,,,,,,
CCNPLT0156,AGIG002,https://mowgarden.com/cay-tieu-bach-ma-hoang-tu-ivy-green-chau-uom-agig002/,Cây tiểu bạch mã hoàng tử ‘Ivy Green’ chậu ươm AGIG002,Aglaonema ‘Ivy Green’,Cây tiểu bạch mã hoàng tử,160000,"Cô tòng đuôi lươn sở hữu bộ lá nhiều màu sắc rực rỡ, cùng những đường viền hoa văn độc đáo, chúngthường được trồng trang trí cho bồn hoa, ban công hoặc trước hiên nhà. Loại cây này đôi lúc được trồng trong nhà, nhưng đòi hỏi phải trồng nơi có nhiều ánh sáng, gần cửa sổ.","• Kích thước tán: 20 – 25cm
• Chiều cao: 30 – 35 cm",Dễ chăm sóc,Nắng tán xạ / Nơi râm mát,Tưới nước 2 – 3 lần/tuần,,,,,,,
CCNPLT0157,AGWL001,https://mowgarden.com/cay-giu-tien-white-lance-chau-uom-agwl001/,Cây giữ tiền ‘White Lance’ chậu ươm AGWL001,Aglaonema ‘White Lance’,Cây giữ tiền,120000,"Cây giữ tiền là một trong các loại cây dễ chăm sóc mà vẫn luôn xanh tươi quanh năm, nhờ đó mà gia chủ không mất nhiều thời gian chăm sóc. Trong phong thủy, khi đặt Cây Giữ Tiền trong nhà sẽ mang lại ý nghĩa giúp tăng tài lộc, giữ gìn của cải trong nhà.",Chiều cao: 30 – 40 cm,Rất dễ chăm sóc,Nắng tán xạ / Bóng râm,Tưới nước 3 – 4 lần/tuần,,,,,,,
CCNPLT0158,NTMX015,https://mowgarden.com/chau-cay-noi-that-mix-dai-phu-gia-van-loc-ngoc-ngan-may-man-ntmx015/,"Chậu cây nội thất mix đại phú gia, vạn lộc, ngọc ngân, may mắn NTMX015",,Cây đại phú gia / Vạn lộc / Ngọc ngân / May mắn,1250000,"Chậu cây nội thất được mix các loại cây dễ chăm sóc, thích nghi tốt với điều kiện thiếu sáng trong nhà. Sản phẩm được mix các loại cây Đại Phú Gia, Vạn lộc, Ngọc ngân, May Mắn thích hợp thể đặt tại phòng khách, lối hành lang, văn phòng làm việc, sảnh nhà hàng, khách sạn hoặc làm quà tặng.","• Kích thước chậu: 32×52 cm (DxC)
• Chiều cao tổng: 100 – 110 cm",Dễ chăm sóc,Nắng tán xạ / Ít nắng,Tưới nước 2 – 3 lần/tuần,,,Xi măng nhẹ,Màu đen,,,
CCNPLT0159,MONS105,https://mowgarden.com/cay-trau-ba-nam-my-monstera-borsigiana-chau-su-mons105/,Cây trầu bà Nam Mỹ Monstera ‘Borsigiana’ chậu sứ MONS105,Monstera Borsigiana,Trầu bà Nam Mỹ,750000,"Cây hạnh phúc là dòng cây cảnh đẹp, sức sống khỏe mạnh, dễ chăm sóc. Trên cây có những tán lá xanh tươi, mượt mà thể hiện cho sự hi vọng và niềm tin mạnh mẽ. Với ý nghĩa mang lại may mắn và hạnh phúc nên cây thường được chọn để làm cây trưng trong nhà hoặc làm quà tặng.","• Kích thước chậu: 25x25cm (DxC)
• Chiều cao tổng: 60 – 70 cm",Dễ chăm sóc,"Nắng tán xạ, chịu được nắng trực tiếp",Tưới nước 2 – 3 lần/tuần,,,,,,,
CCNPLT0160,RADE019,https://mowgarden.com/cay-hanh-phuc-mot-than-nho-chau-uom-rade019/,Cây hạnh phúc một thân nhỏ chậu ươm RADE019,Radermachera Sinica,Cây hạnh phúc,320000,"Cây hạnh phúc là dòng cây cảnh đẹp, sức sống khỏe mạnh, dễ chăm sóc. Trên cây có những tán lá xanh tươi, mượt mà thể hiện cho sự hi vọng và niềm tin mạnh mẽ. Với ý nghĩa mang lại may mắn và hạnh phúc nên cây thường được chọn để làm cây trưng trong nhà hoặc làm quà tặng.",Kích thước cây: 70 – 80 (cm),Dễ chăm sóc,"Nắng tán xạ, chịu được nắng trực tiếp",Tưới nước 2 – 3 lần/tuần,,,,,,,
CCNPLT0161,NTMX014,https://mowgarden.com/chau-cay-noi-that-mix-luoi-ho-van-loc-ngoc-ngan-trau-ba-ntmx014/,"Chậu cây nội thất mix lưỡi hổ, vạn lộc, ngọc ngân, trầu bà NTMX014",,Cây lưỡi hổ / Vạn lộc / Ngọc ngân / Phú quý,1050000,"Chậu cây nội thất được mix các loại cây dễ chăm sóc, thích nghi tốt với điều kiện thiếu sáng trong nhà. Sản phẩm được mix các loại cây Lưỡi hổ, Vạn lộc, Ngọc ngân, May Mắn thích hợp thể đặt tại phòng khách, lối hành lang, văn phòng làm việc, sảnh nhà hàng, khách sạn hoặc làm quà tặng.","• Kích thước chậu: 32×52 cm (DxC)
• Chiều cao tổng: 100 – 120 cm",Dễ chăm sóc,Nắng tán xạ / Ít nắng,Tưới nước 2 – 3 lần/tuần,,,Xi măng nhẹ,Màu vàng / Xanh dương / Trắng,,,
CCNPLT0162,NTMX011,https://mowgarden.com/chau-cay-noi-that-mix-dai-phu-gia-do-la-may-man-ntmx011/,"Chậu cây nội thất mix đại phú gia, đô la, may mắn NTMX011",,Cây đại phú gia / Đô la / May mắn,1400000,"Chậu cây nội thất được mix các loại cây dễ chăm sóc, thích nghi tốt với điều kiện thiếu sáng trong nhà. Sản phẩm được mix các loại cây Đại Phú Gia, Đô La, May Mắn thích hợp thể đặt tại phòng khách, lối hành lang, văn phòng làm việc, sảnh nhà hàng, khách sạn hoặc làm quà tặng.","• Kích thước chậu: 32×52 cm (DxC)
• Chiều cao tổng: 100 – 120 cm",Dễ chăm sóc,Nắng tán xạ / Ít nắng,Tưới nước 2 – 3 lần/tuần,,,Xi măng đá mài,Màu đen,,,
CCNPLT0163,ELAS005,https://mowgarden.com/cay-da-bup-do-chau-dat-nung-heli001/,Cây đa búp đỏ chậu đất nung ELAS005,Ficus elastica,Đa búp đỏ,440000,"Đa Búp Đỏ là loại cây có sức sống mãnh liệt, nó tượng trưng sự vươn lên mạnh mẽ, trường tồn và hạnh phúc. Không chỉ mang lại điểm nhấn xanh cho không gian sống, Đa Búp Đỏ còn còn mang lại ý nghĩa rất tốt trong phong thủy, giúp gia đình hòa thuận, mọi việc thuận lợi.",Chiều cao: 80 – 100 cm,Dễ chăm sóc,Nắng tán xạ / Râm mát,Tưới nước 2 – 3 lần/tuần,,,,,,,
CCNPLT0164,HELI001,https://mowgarden.com/cay-chuoi-mo-ket-cam-thach-chau-uom-heli001/,Cây chuối mỏ két cẩm thạch chậu ươm HELI001,Heliconia Psittacorum Variegated ‘Lady Di’,Cây chuối mỏ két đỏ / Thiên điểu cẩm thạch,110000,"Chuối mỏ két cẩm thạch là loài cây nhiệt đới có hoa và bộ lá tươi sáng, thích hợp trồng trang trí sân vườn, ban công hoặc sân thượng. Loài cây này có đặc điểm sống trong râm mát nên cũng có thể đặt trang trí trong nhà rất đẹp mắt.",Chiều cao: 50 – 70 cm,Dễ chăm sóc,Nắng tán xạ / Râm mát,Tưới nước 2 – 3 lần/tuần,,,,,,,
CCNPLT0165,LYRA040,https://mowgarden.com/cay-bang-singapore-chau-xi-mang-da-mai-lyra040/,Cây bàng Singapore chậu xi măng đá mài LYRA040,Ficus lyrata,Cây bàng Singapore,370000,"Cây Bàng Singapore là loại cây nội thất đang được ưa chuộng nhất hiện nay. Cây có khả năng cải thiện chất lượng không khí. Mang lại sự xanh mát và sang trọng cho không gian của bạn, trang trí phòng khách, văn phòng, quán cafe hay shop.Hoặc làm quà tặng dịp khai trương, tân gia…","• Kích thước chậu: 20×20 cm (DxC)
• Chiều cao tổng: 40 – 50 cm",Dễ chăm sóc,"Nắng tán xạ, chịu được nắng trực tiếp",Tưới nước 2 – 3 lần/tuần,,,,,,,
CCNPLT0166,RADE018,https://mowgarden.com/cay-hanh-phuc-de-ban-mot-than-chau-su-rade018/,Cây hạnh phúc để bàn một thân chậu sứ RADE018,Radermachera Sinica,Cây hạnh phúc,250000,"Cây hạnh phúc là dòng cây cảnh đẹp, sức sống khỏe mạnh, dễ chăm sóc. Trên cây có những tán lá xanh tươi, mượt mà thể hiện cho sự hi vọng và niềm tin mạnh mẽ. Với ý nghĩa mang lại may mắn và hạnh phúc nên cây thường được chọn để làm cây trưng trong nhà hoặc làm quà tặng.","• Kích thước chậu: 12x12cm (DxC)
• Chiều cao tổng: 30 – 35 cm",Dễ chăm sóc,"Nắng tán xạ, chịu được nắng trực tiếp",Tưới nước 2 – 3 lần/tuần,,,,,,,
CCNPLT0167,ANTH006,https://mowgarden.com/cay-hong-mon-de-ban-chau-gom-in-tai-loc-anth006/,Cây hồng môn để bàn chậu gốm in “Tài Lộc” ANTH006,Anthurium andreanum,Cây hồng môn,370000,"Cây hồng môn được biết tới là một loại cây cảnh mang lại điều tốt lành, có thể giúp điều hòa khí phong thủy trong nhà, có khả năng thu hút những dòng khí tích cực và làm tiêu bớt dòng khí tiêu cực cho môi trường xung quanh, trồng cây hồng môn trong nhà sẽ giúp không gian sống trở nên hài hòa và bình yên hơn.",Chiều cao 30 – 40 cm,Dễ chăm sóc,Nắng tán xạ / Chịu râm mát,Tưới nước 2 – 3 lần/lần,,,,,,,
CCNPLT0168,SAZE002,https://mowgarden.com/cay-luoi-ho-xanh-zeylanica-chau-xi-mang-da-mai-saze002/,Cây lưỡi hổ xanh ‘Zeylanica’ chậu xi măng đá mài SAZE002,Sansevieria zeylanica,Lưỡi hổ xanh,350000,"Lưỡi hổ có lẽ là loại cây nội thất quen thuộc nhất đối với những người yêu cây cảnh. Loài cây này có khả năng chịu nóng, chịu hạn tốt, sống được trong bóng râm và đặc biệt nó có khả năng lọc không khí rất tuyệt vời.","• Kích thước chậu: 30×30 cm
• Chiều cao tổng: 80 – 90 cm",Rất dễ chăm sóc,"Nắng tán xạ, chịu được thiếu nắng",Tưới nước 2 – 3 lần/tuần,,,,,,,
CCNPLT0169,BUBU006,https://mowgarden.com/cay-bang-dai-loan-cam-thach-chau-dat-nung-bubu006/,Cây bàng đài loan cẩm thạch chậu đất nung BUBU006,Bucida buceras Variegated,Bàng Đài Loan cẩm thạch,750000,"Bàng Đài Loan cẩm thạch có lá nhỏ xinh và sắc xanh, viền trắng hồng rất khác biệt và nổi bật, giúp không gian trở nên độc đáo và sang trọng","• Kích thước chậu: 30x32cm (DxC)
• Chiều cao tổng: 80 – 100 cm",Dễ chăm sóc,Nắng tán xạ / Nắng trực tiếp,Tưới nước 2 – 3 lần/tuần,,,,,,,
CCNPLT0170,PNIX010,https://mowgarden.com/cay-cau-nga-mi-cao-150-160cm-chau-xi-mang-trang-pnix010/,Cây cau nga mi cao 150-160cm chậu xi măng trắng PNIX010,Phoenix roebelenii,Cây cau nga mi / Chà là cảnh,1850000,"Cau Nga Mi là một loại cây cảnh nội thất có kích thước tương đối lớn, nhưng không quá chiếm diện tích, mang một vẻ đẹp tự nhiên giúp tạo cảm giác thư thái và thoải mái. Với bộ lá xum xuê, xanh mát và dạng rũ giúp tạo cho không gian nội thất thêm phần sang trọng, duyên dáng và vô cùng ấn tượng.","• Kích thước cây: 150 – 160 cm
• Kích thước chậu: 40×40 cm (DxC)
• Chiều cao tổng: 180 ~ 190 cm",Dễ chăm sóc,"Nắng tán xạ, chịu được nắng trực tiếp",Tưới nước 2 – 3 lần/tuần,,,,,,,
CCNPLT0171,CHRY009,https://mowgarden.com/cay-cau-vang-nhat-ban-co-trung-chau-da-mai-chry009/,Cây cau vàng Nhật Bản cỡ trung chậu đá mài CHRY009,Chrysalidocarpus lutescens Wendl,Cau vàng Nhật Bản,740000,"Cây cau Nhật có tác dụng hút khí độc, làm sạch không khí trong nhà và môi trường xung quanh. Cây hấp thu chất ô nhiễm vào lá và chuyển các độc tố xuống rễ.",Chiều cao ~160 cm,Dễ chăm sóc,"Nắng tán xạ, chịu được nắng trực tiếp","Ít nước, 2 – 3 lần/tuần",,,,,,,
CCNPLT0172,RADE017,https://mowgarden.com/cay-hanh-phuc-mot-than-chau-su-rade017/,Cây hạnh phúc một thân chậu sứ RADE017,Radermachera Sinica,Cây hạnh phúc,990000,"Cây hạnh phúc là dòng cây cảnh đẹp, sức sống khỏe mạnh, dễ chăm sóc. Trên cây có những tán lá xanh tươi, mượt mà thể hiện cho sự hi vọng và niềm tin mạnh mẽ. Với ý nghĩa mang lại may mắn và hạnh phúc nên cây thường được chọn để làm cây trưng trong nhà hoặc làm quà tặng.","Kích thước chậu: 35x45cm (DxC)
Chiều cao tổng: 110 – 120 cm",Dễ chăm sóc,"Nắng tán xạ, chịu được nắng trực tiếp",Tưới nước 2 – 3 lần/tuần,,,,,,,
CCNPLT0173,ZAMI028,https://mowgarden.com/cay-kim-tien-de-san-chau-xi-mang-mau-vang-zami028/,Cây kim tiền để sàn chậu xi măng màu vàng ZAMI028,Zamioculcas Zamiifolia,Cây kim tiền / Kim phát tài,800000,"Cây kim tiền có lá hình xương cá màu xanh mướt. Loài này rất dễ sống phát triển mạnh ở những nơi có độ ẩm cao, thường được trồng để trang trí trong phòng khách, làm quà tặng tân gia, khai trương cửa hàng.","• Kích thước chậu: 40×40 cm (DxC)
• Chiều cao tổng: 90 ~ 100 cm",Dễ chăm sóc,"Nắng tán xạ, chịu được nắng trực tiếp",Tưới nước 2 – 3 lần/tuần,,,,,,,
CCNPLT0174,CTBC005,https://mowgarden.com/cay-trau-ba-leo-cot-chau-su-trang-ctbc005/,Cây trầu bà leo cột chậu sứ trắng CTBC005,Epipremnum aureum,Trầu bà xanh,1250000,"Cây trầu bà cột chứa đựng ý nghĩa phong thủy rất tốt, mang dáng vẻ thanh lịch và sang trọng. Đồng thời nó còn có tác dụng thanh lọc không khí trong nhà rất tốt, giúp không gian xanh mát và trong lành hơn.","Kích thước chậu: 30×50 cm (DxC)
Chiều cao tổng: 160 – 170 cm",Dễ chăm sóc,"Nắng tán xạ, chịu được nắng trực tiếp",Tưới nước 2 – 3 lần/tuần,,,,,,,
CCNPLT0175,LICU006,https://mowgarden.com/cay-co-nhat-de-san-chau-xi-mang-trang-licu006/,Cây cọ Nhật để sàn chậu xi măng trắng LICU006,Licuala grandis,Cọ Nhật,450000,"Cây cọ nhật là loại cây trong nhà có kiểu lá xòe rộng như những cánh quạt, giúp trang trí không gian thêm xanh mát. Nó còn là loại cây phong thủy tượng trưng cho sự giàu sang và tiền tài nên rất đáng trồng trên bàn làm việc.","• Kích thước chậu:
• Chiều cao chậu + cây: 130cm",Dễ chăm sóc,"Nắng tán xạ, chịu được nắng trực tiếp",Tưới nước 2 – 3 lần/tuần,,,,,,,
CCNPLT0176,RADE016,https://mowgarden.com/cay-hanh-phuc-goc-to-chau-su-trang-rade016/,Cây hạnh phúc gốc to chậu sứ trắng RADE016,Radermachera Sinica,Cây hạnh phúc,650000,"Cây hạnh phúc là dòng cây cảnh đẹp, sức sống khỏe mạnh, dễ chăm sóc. Trên cây có những tán lá xanh tươi, mượt mà thể hiện cho sự hi vọng và niềm tin mạnh mẽ. Với ý nghĩa mang lại may mắn và hạnh phúc nên cây thường được chọn để làm cây trưng trong nhà hoặc làm quà tặng.","Kích thước chậu: 35x45cm (DxC)
Chiều cao tổng: 110 – 120 cm",Dễ chăm sóc,"Nắng tán xạ, chịu được nắng trực tiếp",Tưới nước 2 – 3 lần/tuần,,,,,,,
CCNPLT0177,RADE015,https://mowgarden.com/cay-hanh-phuc-dang-bonsai-lon-chau-dat-nung-rade015/,Cây hạnh phúc dáng bonsai lớn chậu đất nung RADE015,Radermachera Sinica,Cây hạnh phúc,850000,"Cây hạnh phúc là dòng cây cảnh đẹp, sức sống khỏe mạnh, dễ chăm sóc. Trên cây có những tán lá xanh tươi, mượt mà thể hiện cho sự hi vọng và niềm tin mạnh mẽ. Với ý nghĩa mang lại may mắn và hạnh phúc nên cây thường được chọn để làm cây trưng trong nhà hoặc làm quà tặng.","Kích thước chậu: 30x25cm (DxC)
Chiều cao tổng: 90 – 110 cm",Dễ chăm sóc,"Nắng tán xạ, chịu được nắng trực tiếp",Tưới nước 2 – 3 lần/tuần,,,,,,,
CCNPLT0178,NTMX012,https://mowgarden.com/chau-cay-noi-that-mix-luoi-ho-van-loc-trau-ba-ntmi012/,"Chậu cây nội thất mix lưỡi hổ, vạn lộc, trầu bà NTMX012",,Cây lưỡi hổ / vạn lộc / trầu bà,950000,"Chậu cây nội thất được mix các loại cây dễ chăm sóc, thích nghi tốt với điều kiện thiếu sáng trong nhà. Sản phẩm được mix các loại cây Lưỡi hổ, Vạn lộc, Trầu bà thích hợp thể đặt tại phòng khách, lối hành lang, văn phòng làm việc, sảnh nhà hàng, khách sạn hoặc đặt làm quà tặng trong những dịp mừng lễ, thăng chức, khai trương.","• Kích thước chậu: 30×50 cm (DxC)
• Chiều cao tổng: 80 – 100 cm",Dễ chăm sóc,Nắng tán xạ / Ít nắng,Tưới nước 2 – 3 lần/tuần,,,Gốm sứ,Xám khói,,,
CCNPLT0179,LYRA039,https://mowgarden.com/cay-bang-singapore-nho-de-ban-chau-dat-nung-lyra039/,Cây bàng Singapore nhỏ để bàn chậu đất nung LYRA039,Ficus lyrata,Cây bàng Singapore,240000,"Cây Bàng Singapore là loại cây nội thất đang được ưa chuộng nhất hiện nay. Cây có khả năng cải thiện chất lượng không khí. Mang lại sự xanh mát và sang trọng cho không gian của bạn, trang trí phòng khách, văn phòng, quán cafe hay shop.Hoặc làm quà tặng dịp khai trương, tân gia…","• Kích thước chậu: 20×20 cm (DxC)
• Chiều cao tổng: 40 – 50 cm",Dễ chăm sóc,"Nắng tán xạ, chịu được nắng trực tiếp",Tưới nước 2 – 3 lần/tuần,,,,,,,
CCNPLT0180,SPAV004,https://mowgarden.com/cay-troc-bac-albo-variegata-chau-gom-su-spav004/,Cây tróc bạc ‘Albo Variegata’ chậu gốm sứ SPAV004,Syngonium podophyllum ‘Albo Variegata’,Tróc bạc Albo,360000,"Tróc bạc Albo là loại cây có thể phát triển tốt ngay cả trong điều kiện thiếu sáng, do đó bạn sẽ không phải quá lo lắng khi trồng chúng trong nhà. Loài cây này cũng có sức sống rất khỏe mạnh, phát triển nhanh và ít cần phải chăm sóc. Cây phát triển theo dạng dây leo, hình dáng lá như mũi tên nên có tên gọi “Arrowhead Plant” trong tiếng Anh.","• Kích thước chậu: 17×17 cm (DxC)
• Chiều cao tổng: 40 – 50 cm",Dễ chăm sóc,Ánh sáng tán xạ / Râm mát,Tưới nước 2 – 3 lần/tuần,,,,,,,
CCNPLT0181,LYRA038,https://mowgarden.com/cay-bang-singapore-hai-nhanh-nho-chau-dat-nung-lyra038/,Cây bàng Singapore hai nhánh nhỏ chậu đất nung LYRA038,Ficus lyrata,Cây bàng Singapore,280000,"Cây Bàng Singapore là loại cây nội thất đang được ưa chuộng nhất hiện nay. Cây có khả năng cải thiện chất lượng không khí. Mang lại sự xanh mát và sang trọng cho không gian của bạn, trang trí phòng khách, văn phòng, quán cafe hay shop.Hoặc làm quà tặng dịp khai trương, tân gia…","• Kích thước chậu: 25×25 cm (DxC)
• Chiều cao tổng: 80 – 90 cm",Dễ chăm sóc,"Nắng tán xạ, chịu được nắng trực tiếp",Tưới nước 2 – 3 lần/tuần,,,,,,,
CCNPLT0182,SPNR004,https://mowgarden.com/cay-troc-bac-hong-neon-robusta-chau-dat-nung-spnr004/,Cây tróc bạc hồng ‘Neon Robusta’ chậu đất nung SPNR004,Syngonium podophyllum “Pink Spot”,Tróc bạc hồng,240000,"Tróc bạc hồng là loại cây có thể phát triển tốt ngay cả trong điều kiện thiếu sáng, do đó bạn sẽ không phải quá lo lắng khi trồng chúng trong nhà. Loài cây này cũng có sức sống rất khỏe mạnh, phát triển nhanh và ít cần phải chăm sóc. Cây phát triển theo dạng dây leo, hình dáng lá như mũi tên nên có tên gọi “Arrowhead Plant” trong tiếng Anh.","• Kích thước chậu: 24×20 cm (DxC)
• Chiều cao tổng: 40 – 50 cm",Dễ chăm sóc,Ánh sáng tán xạ / Râm mát,Tưới nước 2 – 3 lần/tuần,,,,,,,
CCNPLT0183,PWAF004,https://mowgarden.com/cay-trau-ba-thanh-xuan-vang-chau-dat-nung-pwaf004/,Cây trầu bà thanh xuân vàng chậu đất nung PWAF004,Philodendron Warscewiczii Aurea Flavum,Cây trầu bà thanh xuân vàng,380000,"Trầu bà thanh xuân vàng là loại cây có màu sắc gây ấn tượng, bởi chúng hoàn toàn được “phủ” bởi màu vàng rực rỡ. Nếu như bạn đang muốn mang thêm sắc màu vào không gian sống thì hãy cân nhắc tới loại cây này. Hơn nữa, đây cũng là loại cây cực kì dễ chăm sóc, chịu hạn tốt.","• Kích thước chậu: 20×20 cm (DxC)
• Chiều cao tổng: 40 – 50 cm",Dễ chăm sóc,Ánh sáng tán xạ / Râm mát,Tưới nước 2 – 3 lần/tuần,,,,,,,
CCNPLT0184,MARA301,https://mowgarden.com/cay-cau-nguyen-maranta-leuconeura-chau-dat-nung-mara301/,Cây cầu nguyện Maranta leuconeura chậu đất nung MARA301,Maranta leuconeura,Cây cầu nguyên,250000,"Maranta leuconeura là một loại cây nội thất rất được ưu thích tại các nước Châu Âu. Loài cây này sở hữu bộ lá sặc sỡ tựa như một chiếc đuôi công, những đường gân lá khỏe khoắn gây ấn tượng mạnh, cùng tông màu đẹp như một bức tranh nghệ thuật.","• Kích thước chậu: 20×18 cm (DxC)
• Chiều cao: 10cm
• Đường kính tán: 25cm",Dễ chăm sóc,Ánh sáng tán xạ / Râm mát,Tưới nước 4 – 5 lần/tuần,,,,,,,
CCNPLT0185,SCHE016,https://mowgarden.com/cay-ngu-gia-bi-bonsai-de-ban-sche016/,Cây ngũ gia bì bonsai để bàn SCHE016,Scheffera Octophylla,Ngũ gia bì,680000,"Ngũ gia bì là loại cây mang lại tài vận, thịnh vượng và may mắn, trồng trong nhà sẽ mang đến một không gian thư thái, trong lành cho gia đình.",Chiều cao 30 ~ 40 cm,Dễ chăm sóc,"Nắng tán xạ, chịu được nắng trực tiếp",Tưới nước 2 – 3 lần/tuần,,,,,,,
CCNPLT0186,CFML001,https://mowgarden.com/cay-huyet-du-mocha-latte-chau-uom-cfml001/,Cây huyết dụ ‘Mocha Latte’ chậu ươm CFML001,Cordyline fruticosa Mocha Latte,Huyết huyết dụ ‘Mocha Latte’,120000,"Cây phất dụ ‘Mocha Latte’ là loại cây có bộ lá sặc sỡ như một tách ‘Mocha Latte’, rất thích để trồng trang trí nội thất. Với sức sống cực kỳ mãnh liệt, loại cây sẽ là một sự lựa chọn tuyệt vời dành cho những “người lưới”. Vẻ đẹp độc đáo của cây phất dụ ‘bảy sắc’ chắc chắn sẽ rất hút mắt những vị khách tới thăm nhà bạn.",Chiều cao: 20 – 30 cm,Dễ chăm sóc,"Nắng tán xạ, chịu được nắng trực tiếp",Tưới nước 2 – 3 lần/tuần,,,,,,,
CCNPLT0187,PEWA003,https://mowgarden.com/cay-dua-hau-watermelon-de-ban-chau-cu-meo-pewa003/,Cây dưa hấu ‘Watermelon’ để bàn chậu cú mèo PEWA003,Peperomia ‘Watermelon’,Cây dưa hấu,180000,"Cây dưa hấu có kích thước nhỏ gọn, là hình bầu dục, tán lá sọc xanh sẫm và thân màu đỏ. Chính là kiểu lá sọc xanh tựa như cây dưa hấu nên chúng được đặt tên là cây dưa hấu ‘ Watermelon’. Tuy những chiếc lá khá mỏng manh, nhưng nó lại có sức sống rất khỏe, dễ chăm sóc.",,Dễ chăm sóc,Nắng tán xạ / Chịu râm mát,Tưới nước 2 – 3 lần/tháng,Chiều cao 20 – 30 cm,,,,,,
CCNPLT0188,CHLO002,https://mowgarden.com/cay-phuong-hoang-lua-chlorophytum-chau-gom-chlo002/,Cây phượng hoàng lửa Chlorophytum chậu gốm CHLO002,Chlorophytum orchidastrum,Cây phượng hoàng lửa / Lục thảo lan,380000,"Cây phượng hoàng lửa là loại có sức sống rất bền bỉ, dễ chăm sóc và sống được nơi thiếu ánh sáng nên rất thích hợp để trồng trong nhà. Loại cây này sở hữu bộ lá màu xanh mướt, cùng phần thân màu cam ấm cúng nên rất thích hợp với các không gian tối giản.","• Kích thước chậu: 20×24
• Chiều cao tổng: 45 – 50 cm",Rất dễ chăm sóc,Nắng tán xạ / Bóng râm,Tưới nước 3 – 4 lần/tuần,,,,,,,
CCNPLT0189,LYRA036-1,https://mowgarden.com/cay-bang-singapore-hai-nhanh-nho-chau-den-lyra037/,Cây bàng Singapore hai nhánh nhỏ chậu đen LYRA037,Ficus lyrata,Cây bàng Singapore,240000,"Cây Bàng Singapore là loại cây nội thất đang được ưa chuộng nhất hiện nay. Cây có khả năng cải thiện chất lượng không khí. Mang lại sự xanh mát và sang trọng cho không gian của bạn, trang trí phòng khách, văn phòng, quán cafe hay shop.Hoặc làm quà tặng dịp khai trương, tân gia…","• Kích thước chậu: 20×20 cm (DxC)
• Chiều cao tổng: 30 – 35 cm",Dễ chăm sóc,"Nắng tán xạ, chịu được nắng trực tiếp",Tưới nước 2 – 3 lần/tuần,,,,,,,
CCNPLT0190,CFWR002,https://mowgarden.com/cay-huyet-du-bay-sac-cau-vong-chau-dat-nung-cfwr002/,Cây huyết dụ bảy sắc cầu vòng chậu đất nung CFWR002,Cordyline fruticosa ‘Waihee Rainbow’,Huyết phất dụ 7 sắc,220000,"Cây phất dụ ‘bảy sắc’ là loại cây có bộ lá sặc sỡ như ‘bảy sắc cầu vòng’, rất thích để trồng trang trí nội thất. Với sức sống cực kỳ mãnh liệt, loại cây sẽ là một sự lựa chọn tuyệt vời dành cho những “người lưới”. Vẻ đẹp độc đáo của cây phất dụ ‘bảy sắc’ chắc chắn sẽ rất hút mắt những vị khách tới thăm nhà bạn.","• Kích thước chậu: 17×17  cm (DxC)
• Chiều cao tổng: 50 cm",Dễ chăm sóc,"Nắng tán xạ, chịu được nắng trực tiếp",Tưới nước 2 – 3 lần/tuần,,,,,,,
CCNPLT0191,LICU008,https://mowgarden.com/cay-co-nhat-de-san-chau-da-mai-licu008/,Cây cọ nhật để sàn chậu đá mài LICU008,Licuala grandis,Cọ Nhật,650000,"Cây cọ nhật là loại cây trong nhà có kiểu lá xòe rộng như những cánh quạt, giúp trang trí không gian thêm xanh mát. Nó còn là loại cây phong thủy tượng trưng cho sự giàu sang và tiền tài nên rất đáng trồng trên bàn làm việc.","Chiều cao cây: 90cm
Chiều cao chậu + cây: 130cm",Dễ chăm sóc,"Nắng tán xạ, chịu được nắng trực tiếp",Tưới nước: 2 – 3 lần/tuần,,,,,,,
CCNPLT0192,CPTN009,https://mowgarden.com/cay-phat-tai-nui-2-tang-chau-uom-cptn009/,Cây phát tài núi 2 tầng chậu ươm CPTN009,Dracaena draco L,Phát tài núi,1200000,"Cây phát tài núi rất thường được lựa chọn để làm quà tặng vào những dịp khai trương, lên nhà mới, văn phòng mới… với mong muốn đem lại nhiều tài lộc và may mắn cho người được tặng.",Chiều cao 150 – 160 cm,Dễ chăm sóc,"Nắng tán xạ, chịu được nắng trực tiếp","Tưới nước, 2 – 3 lần/tuần",,,,,,,
CCNPLT0193,CFWR001,https://mowgarden.com/cay-huyet-du-bay-sac-cau-vong-chau-uom-cfwr001/,Cây huyết dụ bảy sắc cầu vòng chậu ươm CFWR001,Cordyline fruticosa ‘Waihee Rainbow’,Huyết phất dụ 7 sắc,120000,"Cây phất dụ ‘bảy sắc’ là loại cây có bộ lá sặc sỡ như ‘bảy sắc cầu vòng’, rất thích để trồng trang trí nội thất. Với sức sống cực kỳ mãnh liệt, loại cây sẽ là một sự lựa chọn tuyệt vời dành cho những “người lưới”. Vẻ đẹp độc đáo của cây phất dụ ‘bảy sắc’ chắc chắn sẽ rất hút mắt những vị khách tới thăm nhà bạn.",Chiều cao 30 – 50 cm,Dễ chăm sóc,"Nắng tán xạ, chịu được nắng trực tiếp",Tưới nước 2 – 3 lần/tuần,,,,,,,
CCNPLT0194,DITS001,https://mowgarden.com/cay-van-nien-thanh-tropic-snow-chau-uom-dits001/,Cây vạn niên thanh ‘Tropic Snow’ chậu ươm DITS001,Dieffenbachia Seguine ‘Tropic Snow’,Cây vạn niên thanh,400000,"Với bộ lá rực rỡ, có nền màu xanh đậm, bên trong là những đốm sáng tựa như những ngôi sao nên cây sao sáng thường được trồng để trang hoàng cho không gian nội thất. Loại cây này còn được xem là biểu tượng của sự may mắn, nguồn năng lượng tích cực, tài lộc và sự thịnh vượng.","• Chiều cao: 60 – 80 cm
• Kích thước tán: 60 – 80 cm",Rất dễ chăm sóc,Nắng tán xạ / Bóng râm,Tưới nước 3 – 4 lần/tuần,,,,,,,
CCNPLT0195,AGMO003,https://mowgarden.com/cay-sao-sang-la-dam-galaxy-chau-su-agmo003/,Cây sao sáng lá đậm ‘Galaxy’ chậu sứ AGMO003,Aglaonema Morodoklok,Cây sao sáng lá đậm,450000,"Với bộ lá rực rỡ, có nền màu xanh đậm, bên trong là những đốm sáng tựa như những ngôi sao nên cây sao sáng thường được trồng để trang hoàng cho không gian nội thất. Loại cây này còn được xem là biểu tượng của sự may mắn, nguồn năng lượng tích cực, tài lộc và sự thịnh vượng.","• Kích thước chậu: 26×20 cm (DxC)
• Chiều cao: 30 – 40 cm
• Kích thước tán: 40 – 60 cm",Rất dễ chăm sóc,Nắng tán xạ / Bóng râm,Tưới nước 3 – 4 lần/tuần,,,,,,,
CCNPLT0196,AGLE003,https://mowgarden.com/cay-cung-dien-vang-pink-legacy-chau-su-agle003/,Cây cung điện vàng ‘Pink Legacy’ chậu sứ AGLE003,Aglaonema ‘Pink Legacy’,Cây cung điện vàng,280000,"Cây cung điện sở hữu bộ lá nhiều màu sắc rực rỡ như chốn “hoàng cung”, cùng với đó là những đường viền hoa văn độc đáo như tranh vẽ. Loại cây này rất dễ chăm sóc, thích hợp để trang trí không gian phòng khách, quầy tiếp tân, sảnh ra vào hoặc để bàn làm việc.","• Kích thước chậu:  18×14 cm (DxC)
• Chiều cao tổng: 35 – 40 cm",Dê chăm sóc,Nắng tán xạ / Nơi râm mát,Thay nước 2 – 3 lần/tháng,,,,,,,
CCNPLT0197,SAFS003,https://mowgarden.com/cay-luoi-ho-de-ban/,Cây lưỡi hổ Thái để bàn chậu đất nung “Futura superba” SAFS003,Sansevieria futura Superba,Cây lưỡi hổ thái,220000,"Lưỡi hổ là loại cây cảnh nội thất kinh điển nhất, bởi sức sống bền bỉ không cần tốn công chăm sóc, lại còn được NASA đánh giá là có khả năng thanh lọc không khí rất hiệu quả bằng một cơ chế hấp thu các loại chất khí độc hại trên bộ lá.","• Kích thước chậu
• Chiều cao tổng: 30 – 40 cm",Dễ chăm sóc,"Nắng tán xạ, chịu được nắng trực tiếp",Tưới nước 2 – 3 lần/tuần,,,,,,,
CCNPLT0198,ZAMI027,https://mowgarden.com/cay-kim-tien-de-ban-tieu-canh-ong-ba-chau-su-zami027/,Cây kim tiền để bàn tiểu cảnh ông bà chậu sứ ZAMI027,Zamioculcas Zamiifolia,Cây kim tiền / Kim phát tài,250000,"Cây kim tiền có lá hình xương cá màu xanh mướt. Loài này rất dễ sống phát triển mạnh ở những nơi có độ ẩm cao, thường được trồng để trang trí trong phòng khách, làm quà tặng tân gia, khai trương cửa hàng.",Chiều cao tổng: 20~30 cm,Dễ chăm sóc,"Nắng tán xạ, chịu được nắng trực tiếp",Tưới nước 2 – 3 lần/tuần,,,,,,,
CCNPLT0199,AGPL002,https://mowgarden.com/cay-hong-phat-loc-pink-lady-chau-su-trang-agpl002/,Cây hồng phát lộc ‘Pink Lady’ chậu sứ trắng AGPL002,Aglaonema ‘Pink Lady’,Cây hồng phát lộc,240000,"Cây hồng phát lộc là loại cây nhỏ để bàn, có màu hồng phớt tươi mới và bắt mắt, giúp tạo điểm nhấn cho góc làm việc thêm sinh động. Chúng còn là dòng cây phong thủy, được cho rằng giúp mang lại những điều may mắn và thịnh vượng tới cho gia chủ. Hồng phát lộc cũng là một món quà rất ý nghĩa vào những dịp khai trương, sinh nhật hoặc dịp lễ.","• Kích thước chậu: 15×14 cm (DxC)
• Chiều cao tổng: 35 – 40cm",Dễ chăm sóc,Nắng tán xạ / Nơi râm mát,Tưới nước 2 – 3 lần/tuần,,,,,,,
CCNPLT0200,ANTH005,https://mowgarden.com/cay-hong-mon-de-ban-tieu-canh-meo-chieu-tai-anth005/,Cây hồng môn để bàn tiểu cảnh “mèo chiêu tài” ANTH005,Anthurium andreanum,Cây hồng môn,360000,"Cây hồng môn được biết tới là một loại cây cảnh mang lại điều tốt lành, có thể giúp điều hòa khí phong thủy trong nhà, có khả năng thu hút những dòng khí tích cực và làm tiêu bớt dòng khí tiêu cực cho môi trường xung quanh, trồng cây hồng môn trong nhà sẽ giúp không gian sống trở nên hài hòa và bình yên hơn.",Chiều cao 30 – 40 cm,Dễ chăm sóc,Nắng tán xạ / Chịu râm mát,Tưới nước 2 – 3 lần/lần,,,,,,,
CCNPLT0201,ZAMI026,https://mowgarden.com/cay-kim-tien-lon-de-san-chau-nhua-tru-tron-zami026/,Cây kim tiền lớn để sàn chậu nhựa trụ tròn ZAMI026,Zamioculcas Zamiifolia,Cây kim tiền / Kim phát tài,950000,"Cây kim tiền có lá hình xương cá màu xanh mướt. Loài này rất dễ sống phát triển mạnh ở những nơi có độ ẩm cao, thường được trồng để trang trí trong phòng khách, làm quà tặng tân gia, khai trương cửa hàng.","• Kích thước chậu: 40×57 cm (DxC)
• Chiều cao tổng: 100 ~ 110 cm
• Đường kính tán: 60 ~ 70 cm",Dễ chăm sóc,"Nắng tán xạ, chịu được nắng trực tiếp",Tưới nước 2 – 3 lần/tuần,,,,,,,
CCNPLT0202,CTBC004,https://mowgarden.com/cay-trau-ba-cot-chau-nhua-tru-tron-ctbc004/,Cây trầu bà cột chậu nhựa trụ tròn CTBC004,Epipremnum aureum,Trầu bà xanh,1400000,"Cây trầu bà cột chứa đựng ý nghĩa phong thủy rất tốt, mang dáng vẻ thanh lịch và sang trọng. Đồng thời nó còn có tác dụng thanh lọc không khí trong nhà rất tốt, giúp không gian xanh mát và trong lành hơn.","Kích thước chậu: 40×57 cm (DxC)
Chiều cao tổng: 160 – 170 cm",Dễ chăm sóc,"Nắng tán xạ, chịu được nắng trực tiếp",Tưới nước 2 – 3 lần/tuần,,,,,,,
CCNPLT0203,BUBU001,https://mowgarden.com/cay-bang-dai-loan-cam-thach-chau-uom-bubu001/,Cây bàng đài loan cẩm thạch chậu ươm BUBU001,Bucida buceras Variegated,Bàng Đài Loan cẩm thạch,340000,"Bàng Đài Loan cẩm thạch có lá nhỏ xinh và sắc xanh, viền trắng hồng rất khác biệt và nổi bật, giúp không gian trở nên độc đáo và sang trọng",Chiều cao 80 – 100 cm,Dễ chăm sóc,Nắng tán xạ / Nắng trực tiếp,Tưới nước 2 – 3 lần/tuần,,,,,,,
CCNPLT0204,PHBI004,https://mowgarden.com/cay-hong-hac-than-cam-billietiae-chau-dat-nung-phbi004/,Cây hồng hạc thân cam “Billietiae’ chậu đất nung PHBI004,Philodendron billietiae,Cây hồng hạc chân cam,1500000,"Cây Hạc Cam đặc trưng bởi những chiếc lá thuôn dài, hình dây đeo có xẻ trái tim sâu, phần cuống cũng được tô điểm bởi màu da cam rất bắt mắt. Khi trưởng thành cây hạc Philodendron billietiae có kích thước rất khủng nên được nhiều người săn đón sưu tầm.","Kích thước chậu: 32×25 cm (DxC)
Kích thước lá: 45 ~ 50 cm",Dễ chăm sóc,"Nắng tán xạ, chịu được nắng trực tiếp","Ít nước, 2 – 3 lần/tuần",,,,,,,
CCNPLT0205,SHBG002,https://mowgarden.com/cay-luoi-ho-xanh-mini-black-gold-thuy-sinh-shbg002/,Cây lưỡi hổ xanh mini ‘Black Gold’ thủy sinh SHBG002,Sansevieria ‘hahnii’ Black Gold,Cây lưỡi hổ Thái xanh,220000,"Lưỡi hổ Thái xanh mini là dòng lưỡi hổ nhỏ để bàn, có chiều cao tối đa khoảng 20cm, không có nhiều vằn như những loại lưỡi hổ khác, nhưng nó lại sở hữu bộ lá màu xanh đậm ấn tượng, mang lại nét ‘cứng cáp’ tự nhiên cho không gian. Chúng rất thích hợp để trên bàn làm việc, kệ trang trí hoặc làm quà tặng.",Chiều cao: 10 – 15 cm,Dễ chăm sóc,Ánh sáng tán xạ / Chịu được thiếu sáng,Thay nước 2 – 3 lần/tháng,,,,,,,
CCNPLT0206,SSBG001,https://mowgarden.com/cay-luoi-ho-xanh-superba-black-gold-chau-uom-ssbg001/,Cây lưỡi hổ xanh ‘Superba Black Gold’ chậu ươm SSBG001,Sansevieria ‘superba’ Black Gold,Cây lưỡi hổ Thái xanh,150000,"Lưỡi hổ Thái Xanh là dòng lưỡi hổ nhỏ để bàn, có chiều cao tối đa khoảng 40cm, không có nhiều vằn như những loại lưỡi hổ khác, nhưng nó lại sở hữu bộ lá màu xanh đậm ấn tượng, mang lại nét ‘cứng cáp’ tự nhiên cho không gian. Chúng rất thích hợp để trên bàn làm việc, kệ trang trí hoặc làm quà tặng.",Chiều cao: 25 – 30 cm,Dễ chăm sóc,Ánh sáng tán xạ / Chịu được thiếu sáng,Tưới nước 1 lần/tuần,,,,,,,
CCNPLT0207,ROSM002,https://mowgarden.com/cay-huong-thao-co-trung-chau-uom-rosm002/,Cây hương thảo cỡ trung chậu ươm ROSM002,Rosmarinus officinalis,Cây hương thảo,90000,"Không chỉ có tác dụng trang trí cho góc ban công mà cây hương thảo còn là một loại cây thảo mộc giúp gia tăng hương vị cho món ăn. Cây hương thảo cũng có nhiều tác dụng đối với sức khỏe con người như giải nhiệt, lợi tiểu, giảm sưng viêm, hỗ trợ tiêu hóa, có hương thơm giúp tinh thần thoải mái.",Chiều cao 40 – 45 cm,Trung bình,Nắng trực tiếp,Tưới nước hằng ngày,,,,,,,
CCNPLT0208,TUBO001,https://mowgarden.com/cay-tung-bong-lai-de-ban-nho-chau-uom-tubo001/,Cây tùng bồng lai để bàn nhỏ chậu ươm TUBO001,Podocarpus macrophyllus,Cây tùng bồng lai,150000,"Cây Tùng Bông Lai là một loài cây mang vẻ đẹp trang nhã, với tán lá dầy xanh mướt trông giống như những đám mây và có kích thước nhỏ gọn nên rất thích hợp để bàn làm việc. Chúng là loài cây dễ trồng nên không cần phải tốn công chăm sóc, tuy nhiên cần đặt tại nơi có nhiều ánh sáng.",Chiều cao 20 – 25 cm,Trung bình,Nắng trực tiếp / nắng tán xạ,Tưới nước 2 – 3 lần/tuần,,,,,,,
CCNPLT0209,KIGI001,https://mowgarden.com/cay-kim-giao-de-ban-tieu-canh-meo-chieu-tai-kigi001/,Cây kim giao để bàn tiểu cảnh ‘mèo chiêu tài’ KIGI001,Nageia fleuryi,Cây kim giao,360000,"Kim giao là một cây thân gỗ có giá trị kinh tế lớn. Nhờ có sức sống mạnh mẽ, kiểu dáng đẹp, lá xum xuê và xanh mướt nên chúng cũng được nhân giống để làm cây cảnh để bàn, giúp tạo không gian xanh mát và thư giãn. Đồng thời đây cũng là một loại cây mang ý nghĩa phong thủy rất tốt. Rất thích hợp làm quà tặng.",Chiều cao 40 – 50 cm,Dễ chăm sóc,Nắng tán xạ / Chịu được nắng trực tiếp,Tưới nước 2 – 3 lần/ngày,,,,,,,
CCNPLT0210,LAMA003-1,https://mowgarden.com/cay-ray-ngua-van-alocasica-sarian-chau-uom-alsa001/,Cây ráy ngựa vằn ‘Alocasica Sarian’ chậu ươm ALSA001,Alocasia zebrina Sarian,Cây ráy ngựa vằn,220000,"Alocasia sarian là một loại cây trong nhà có kích thước khổng lồ, khi trưởn thành lá có thể đạt được chiều dài tới 1,5m và rộng 1m. Nó chính là con lai giữa Alocasia zebrina và Alocasia micholitziana. Tuy có thể giúp mang lại vẻ độc đáo, ấn tượng cho không gian nội thất nhưng chúng rất ưu sáng, nên sẽ cần phải đặt tại nơi có nhiều nhiều ánh sáng.",Chiều cao 60 – 70 cm,Dễ chăm sóc,"Nắng tán xạ, chịu được nắng trực tiếp",Tưới nước 4 – 5 lần/ngày,,,,,,,
CCNPLT0211,SCHE015,https://mowgarden.com/cay-ngu-gia-bi-de-ban-chau-su-trang-sche015/,Cây ngũ gia bì để bàn chậu sứ trắng SCHE015,Scheffera Octophylla,Ngũ gia bì,360000,"Ngũ gia bì là loại cây mang lại tài vận, thịnh vượng và may mắn, trồng trong nhà sẽ mang đến một không gian thư thái, trong lành cho gia đình.",Chiều cao 30 ~ 40 cm,Dễ chăm sóc,"Nắng tán xạ, chịu được nắng trực tiếp","Ít nước, 2 – 3 lần/tuần",,,,,,,
CCNPLT0212,MONS104,https://mowgarden.com/cay-trau-ba-nam-my-monstera-borsigiana-mons104/,Cây trầu bà Nam Mỹ Monstera ‘Borsigiana’ chậu đá mài đen MONS104,Monstera Borsigiana,Trầu bà Nam Mỹ,750000,"Cây hạnh phúc là dòng cây cảnh đẹp, sức sống khỏe mạnh, dễ chăm sóc. Trên cây có những tán lá xanh tươi, mượt mà thể hiện cho sự hi vọng và niềm tin mạnh mẽ. Với ý nghĩa mang lại may mắn và hạnh phúc nên cây thường được chọn để làm cây trưng trong nhà hoặc làm quà tặng.","Kích thước chậu: 30x40cm (DxC)
Chiều cao tổng: 60 – 70 cm",Dễ chăm sóc,"Nắng tán xạ, chịu được nắng trực tiếp",Tưới nước 2 – 3 lần/tuần,,,,,,,
CCNPLT0213,RADE014,https://mowgarden.com/cay-hanh-phuc-mot-than-lon-chau-da-mai-rade014/,Cây hạnh phúc một thân lớn chậu đá mài RADE014,Radermachera Sinica,Cây hạnh phúc,1650000,"Cây hạnh phúc là dòng cây cảnh đẹp, sức sống khỏe mạnh, dễ chăm sóc. Trên cây có những tán lá xanh tươi, mượt mà thể hiện cho sự hi vọng và niềm tin mạnh mẽ. Với ý nghĩa mang lại may mắn và hạnh phúc nên cây thường được chọn để làm cây trưng trong nhà hoặc làm quà tặng.","Kích thước chậu: 35x42cm (DxC)
Chiều cao tổng: 160 – 170 cm",Dễ chăm sóc,"Nắng tán xạ, chịu được nắng trực tiếp",Tưới nước 2 – 3 lần/tuần,,,,,,,
CCNPLT0214,ANTH004,https://mowgarden.com/cay-hong-mon-hong-co-lon-chau-uom-anth004/,Cây hồng môn hồng cỡ lớn chậu ươm ANTH004,Anthurium andreanum Pink,Cây hồng môn,280000,"Cây hồng môn được biết tới là một loại cây cảnh mang lại điều tốt lành, có thể giúp điều hòa khí phong thủy trong nhà, có khả năng thu hút những dòng khí tích cực và làm tiêu bớt dòng khí tiêu cực cho môi trường xung quanh, trồng cây hồng môn trong nhà sẽ giúp không gian sống trở nên hài hòa và bình yên hơn.",Chiều cao 30 – 40 cm,Dễ chăm sóc,Nắng tán xạ / Chịu râm mát,Tưới nước 2 – 3 lần/lần,,,,,,,
CCNPLT0215,YUCA001,https://mowgarden.com/cay-dua-diep-tien-yucca-silver-chau-uom-yuca001/,Cây dứa diệp tiễn ‘Yucca Silver’ chậu ươm YUCA001,Yucca silver,Cây dứa diệp tiễn / Thùa bạc,120000,"Cô tòng đuôi lươn sở hữu bộ lá nhiều màu sắc rực rỡ, cùng những đường viền hoa văn độc đáo, chúngthường được trồng trang trí cho bồn hoa, ban công hoặc trước hiên nhà. Loại cây này đôi lúc được trồng trong nhà, nhưng đòi hỏi phải trồng nơi có nhiều ánh sáng, gần cửa sổ.","• Kích thước tán: 35 – 40cm
• Chiều cao: 35 – 40cm",Dễ chăm sóc,Nắng tán xạ / Nơi râm mát,Tưới nước 2 – 3 lần/tuần,,,,,,,
CCNPLT0216,DIEF150,https://mowgarden.com/cay-sao-sang-amy-chau-uom-diay/,Cây sao sáng ‘Seguine Mars’ chậu ươm DIEF150,Dieffenbachia seguine Mars,Cây sao sáng,120000,"Cô tòng đuôi lươn sở hữu bộ lá nhiều màu sắc rực rỡ, cùng những đường viền hoa văn độc đáo, chúngthường được trồng trang trí cho bồn hoa, ban công hoặc trước hiên nhà. Loại cây này đôi lúc được trồng trong nhà, nhưng đòi hỏi phải trồng nơi có nhiều ánh sáng, gần cửa sổ.","• Kích thước tán: 35 – 40cm
• Chiều cao: 35 – 40cm",Dễ chăm sóc,Nắng tán xạ / Nơi râm mát,Tưới nước 2 – 3 lần/tuần,,,,,,,
CCNPLT0217,SCMI002,https://mowgarden.com/cay-sen-da-mix-chau-lu-be-dat-nung-scmi002/,Cây sen đá mix chậu lu bể đất nung SCMI002,Aglaonema ‘Pink Lady’,Cây hồng phát lộc,280000,"Cô tòng đuôi lươn sở hữu bộ lá nhiều màu sắc rực rỡ, cùng những đường viền hoa văn độc đáo, chúngthường được trồng trang trí cho bồn hoa, ban công hoặc trước hiên nhà. Loại cây này đôi lúc được trồng trong nhà, nhưng đòi hỏi phải trồng nơi có nhiều ánh sáng, gần cửa sổ.","• Kích thước tán: 35 – 40cm
• Chiều cao: 35 – 40cm",Dễ chăm sóc,Nắng tán xạ / Nơi râm mát,Tưới nước 2 – 3 lần/tuần,,,,,,,
CCNPLT0218,SCMI001,https://mowgarden.com/cay-sen-da-mix-chau-lu-be-dat-nung-scmi001/,Cây sen đá mix chậu lu bể đất nung SCMI001,Aglaonema ‘Pink Lady’,Cây hồng phát lộc,320000,"Cô tòng đuôi lươn sở hữu bộ lá nhiều màu sắc rực rỡ, cùng những đường viền hoa văn độc đáo, chúngthường được trồng trang trí cho bồn hoa, ban công hoặc trước hiên nhà. Loại cây này đôi lúc được trồng trong nhà, nhưng đòi hỏi phải trồng nơi có nhiều ánh sáng, gần cửa sổ.","• Kích thước tán: 35 – 40cm
• Chiều cao: 35 – 40cm",Dễ chăm sóc,Nắng tán xạ / Nơi râm mát,Tưới nước 2 – 3 lần/tuần,,,,,,,
CCNPLT0219,FITR001,https://mowgarden.com/cay-da-tam-phuc-nho-de-ban-chau-uom-fitr001/,Cây đa tam phúc nhỏ để bàn chậu ươm FITR001,Ficus Triangularis Variegata,Đa tam phúc,120000,"Đây sẽ là một dạng năng lượng tích cực, bạn sẽ cảm nhận được nhiều giá trị như sức khỏe, sự giàu có hay mối quan hệ tốt đẹp đến với cuộc sống của mình.","• Kích thước tán: 35 – 40cm
• Chiều cao: 35 – 40cm",Dê chăm sóc,Nắng tán xạ / Nơi râm mát,Tưới nước 2 – 3 lần/tuần,,,,,,,
CCNPLT0220,AGST001,https://mowgarden.com/cay-nhu-y-red-stardust-chau-uom-agst001/,Cây như ý ‘Red Stardust’ chậu ươm AGST001,Aglaonema ‘Red Stardust’,Cây như ý,150000,"Cô tòng đuôi lươn sở hữu bộ lá nhiều màu sắc rực rỡ, cùng những đường viền hoa văn độc đáo, chúngthường được trồng trang trí cho bồn hoa, ban công hoặc trước hiên nhà. Loại cây này đôi lúc được trồng trong nhà, nhưng đòi hỏi phải trồng nơi có nhiều ánh sáng, gần cửa sổ.","• Kích thước tán: 35 – 40cm
• Chiều cao: 35 – 40cm",Dê chăm sóc,Nắng tán xạ / Nơi râm mát,Thay nước 2 – 3 lần/tháng,,,,,,,
CCNPLT0221,AGLE001,https://mowgarden.com/cay-cung-dien-vang-pink-legacy-chau-uom-agle001/,Cây cung điện vàng ‘Pink Legacy’ chậu ươm AGLE001,Aglaonema ‘Pink Legacy’,Cây cung điện vàng,150000,"Cây cung điện sở hữu bộ lá nhiều màu sắc rực rỡ như chốn “hoàng cung”, cùng với đó là những đường viền hoa văn độc đáo như tranh vẽ. Loại cây này rất dễ chăm sóc, thích hợp để trang trí không gian phòng khách, quầy tiếp tân, sảnh ra vào hoặc để bàn làm việc.","• Kích thước tán: 35 – 40cm
• Chiều cao: 35 – 40cm",Dê chăm sóc,Nắng tán xạ / Nơi râm mát,Thay nước 2 – 3 lần/tháng,,,,,,,
CCNPLT0222,AGRS002,https://mowgarden.com/cay-van-loc-son-red-star-thuy-sinh-agrs002/,Cây vạn lộc son ‘Red Star’ thủy sinh AGRS002,Aglaonema ‘Red Star’,Cây hồng phát lộc,240000,"Cô tòng đuôi lươn sở hữu bộ lá nhiều màu sắc rực rỡ, cùng những đường viền hoa văn độc đáo, chúngthường được trồng trang trí cho bồn hoa, ban công hoặc trước hiên nhà. Loại cây này đôi lúc được trồng trong nhà, nhưng đòi hỏi phải trồng nơi có nhiều ánh sáng, gần cửa sổ.","• Kích thước tán: 10 – 15 cm
• Chiều cao tổng: 30 – 35 cm",Trung bình,Nắng tán xạ / Nơi râm mát,Thay nước 2 – 3 lần/tháng,,,,,,,
CCNPLT0223,AGRA001,https://mowgarden.com/cay-van-loc-son-red-anjamani-hai-than-chau-uom-agra001/,Cây vạn lộc son ‘Red Anjamani’ hai thân chậu ươm AGRA001,Aglaonema ‘Red Anjamani’,Cây hồng phát lộc,320000,"Cô tòng đuôi lươn sở hữu bộ lá nhiều màu sắc rực rỡ, cùng những đường viền hoa văn độc đáo, chúngthường được trồng trang trí cho bồn hoa, ban công hoặc trước hiên nhà. Loại cây này đôi lúc được trồng trong nhà, nhưng đòi hỏi phải trồng nơi có nhiều ánh sáng, gần cửa sổ.","• Kích thước tán: 35 – 40cm
• Chiều cao: 35 – 40cm",Dễ chăm sóc,Nắng tán xạ / Nơi râm mát,Tưới nước 2 – 3 lần/tuần,,,,,,,
CCNPLT0224,AGPL001,https://mowgarden.com/cay-hong-phat-loc-pink-lady-chau-uom-agpl001/,Cây hồng phát lộc ‘Pink Lady’ chậu ươm AGPL001,Aglaonema ‘Pink Lady’,Cây hồng phát lộc,180000,"Cây hồng phát lộc là loại cây nhỏ để bàn, có màu hồng phớt tươi mới và bắt mắt, giúp tạo điểm nhấn cho góc làm việc thêm sinh động. Chúng còn là dòng cây phong thủy, được cho rằng giúp mang lại những điều may mắn và thịnh vượng tới cho gia chủ. Hồng phát lộc cũng là một món quà rất ý nghĩa vào những dịp khai trương, sinh nhật hoặc dịp lễ.","• Kích thước tán: 35 – 40cm
• Chiều cao: 35 – 40cm",Dễ chăm sóc,Nắng tán xạ / Nơi râm mát,Tưới nước 2 – 3 lần/tuần,,,,,,,
CCNPLT0225,AGPB001,https://mowgarden.com/cay-thinh-vuong-pink-butterfly-chau-uom-agpb001/,Cây thịnh vượng ‘Pink Butterfly’ chậu ươm AGPB001,Aglaonema ‘Pink Butterfly’,Cây thịnh vượng,150000,"Cô tòng đuôi lươn sở hữu bộ lá nhiều màu sắc rực rỡ, cùng những đường viền hoa văn độc đáo, chúngthường được trồng trang trí cho bồn hoa, ban công hoặc trước hiên nhà. Loại cây này đôi lúc được trồng trong nhà, nhưng đòi hỏi phải trồng nơi có nhiều ánh sáng, gần cửa sổ.","• Kích thước tán: 35 – 40cm
• Chiều cao: 35 – 40cm",Dễ chăm sóc,Nắng tán xạ / Nơi râm mát,Tưới nước 2 – 3 lần/tuần,,,,,,,
CCNPLT0226,AGRP001,https://mowgarden.com/cay-hong-ngan-red-panama-chau-uom-agrp001/,Cây hồng ngân ‘Red Panama’ chậu ươm AGRP001,Aglaonema ‘Red Panama,Cây hồng ngân,150000,"Cô tòng đuôi lươn sở hữu bộ lá nhiều màu sắc rực rỡ, cùng những đường viền hoa văn độc đáo, chúngthường được trồng trang trí cho bồn hoa, ban công hoặc trước hiên nhà. Loại cây này đôi lúc được trồng trong nhà, nhưng đòi hỏi phải trồng nơi có nhiều ánh sáng, gần cửa sổ.","• Kích thước tán: 35 – 40cm
• Chiều cao: 35 – 40cm",Dễ chăm sóc,Nắng tán xạ / Nơi râm mát,Tưới nước 2 – 3 lần/tuần,,,,,,,
CCNPLT0227,AGPA001,https://mowgarden.com/cay-thanh-lam-pataya-chau-uom-agpa001/,Cây thanh lam ‘Pataya’ chậu ươm AGPA001,Aglaonema ‘Ivy Green’,Cây tiểu bạch mã hoàng tử,75000,"Cô tòng đuôi lươn sở hữu bộ lá nhiều màu sắc rực rỡ, cùng những đường viền hoa văn độc đáo, chúngthường được trồng trang trí cho bồn hoa, ban công hoặc trước hiên nhà. Loại cây này đôi lúc được trồng trong nhà, nhưng đòi hỏi phải trồng nơi có nhiều ánh sáng, gần cửa sổ.","• Kích thước tán: 40 – 50cm
• Chiều cao: 30 – 35 cm",Dễ chăm sóc,Nắng tán xạ / Nơi râm mát,Tưới nước 2 – 3 lần/tuần,,,,,,,
CCNPLT0228,DIEF100,https://mowgarden.com/cay-thien-hoang-tropic-marianne-chau-uom-dief100/,Cây thiên hoàng ‘Tropic Marianne’ chậu ươm DIEF100,Dieffenbachia ‘Tropic Marianne’,Cây thiên hoàng,75000,"Cô tòng đuôi lươn sở hữu bộ lá nhiều màu sắc rực rỡ, cùng những đường viền hoa văn độc đáo, chúngthường được trồng trang trí cho bồn hoa, ban công hoặc trước hiên nhà. Loại cây này đôi lúc được trồng trong nhà, nhưng đòi hỏi phải trồng nơi có nhiều ánh sáng, gần cửa sổ.","• Kích thước tán: 35 – 40cm
• Chiều cao: 35 – 40cm",Dễ chăm sóc,Nắng tán xạ / Nơi râm mát,Tưới nước 2 – 3 lần/tuần,,,,,,,
CCNPLT0229,AGIG001,https://mowgarden.com/cay-tieu-bach-ma-hoang-tu-ivy-green-agig001/,Cây tiểu bạch mã hoàng tử ‘Ivy Green’ chậu ươm AGIG001,Aglaonema ‘Ivy Green’,Cây tiểu bạch mã hoàng tử,120000,"Cô tòng đuôi lươn sở hữu bộ lá nhiều màu sắc rực rỡ, cùng những đường viền hoa văn độc đáo, chúngthường được trồng trang trí cho bồn hoa, ban công hoặc trước hiên nhà. Loại cây này đôi lúc được trồng trong nhà, nhưng đòi hỏi phải trồng nơi có nhiều ánh sáng, gần cửa sổ.","• Kích thước tán: 20 – 25cm
• Chiều cao: 30 – 35 cm",Dễ chăm sóc,Nắng tán xạ / Nơi râm mát,Tưới nước 2 – 3 lần/tuần,,,,,,,
CCNPLT0230,CDBD202,https://mowgarden.com/cay-da-bup-do-cam-thach-1-than-chau-uom-bdct003/,Cây đa búp đỏ cẩm thạch 1 thân chậu ươm BDCT003,Ficus Elastica Tineke,Đa búp đỏ cẩm thạch,180000,"Từ lâu cây Đa luôn là biểu tượng của sự trường tồn, sức sống dẻo dai, nơi chứa đựng thần quyền và tâm linh của con người. Chính lẽ đó mà trong phong thủy, Đa Búp Đỏ cũng mang ý nghĩa của sự may mắn, an lành.",Chiều cao 30 – 40cm,Rất dễ chăm sóc,Ánh sáng tán xạ,Tưới nước 2 – 3 lần/tuần,,,,,,,
CCNPLT0231,LAMA002,https://mowgarden.com/cay-co-tong-duoi-luon-croton-petra-chau-uom-lama002/,Cây cô tòng đuôi lươn ‘Croton Captain Kidd’ chậu ươm LAMA002,Codiaeum variegatum,Cây cô tòng đuôi lươn,65000,"Cô tòng đuôi lươn sở hữu bộ lá nhiều màu sắc rực rỡ, cùng những đường viền hoa văn độc đáo, chúng thường được trồng trang trí cho bồn hoa, ban công hoặc trước hiên nhà. Loại cây này đôi lúc được trồng trong nhà, nhưng đòi hỏi phải trồng nơi có nhiều ánh sáng, gần cửa sổ.","• Kích thước tán: 30 – 40cm
• Chiều cao: 40 – 50 cm",Dễ chăm sóc,Nắng trực tiếp / Nắng tán xạ,"• Ngoài trời: Tưới nước hằng ngày
• Trong nhà: 3 – 4 lần/tuần",,,,,,,
CCNPLT0232,LAMA001,https://mowgarden.com/cay-co-tong-la-mit-chau-uom-lama001/,Cây cô tòng lá mít ‘Croton Petra’ chậu ươm LAMA001,Codiaeum variegatum ‘Petra’,Cây cô tòng lá mít,160000,"Cô tòng lá mít là loại có thể trồng được cả trong nhà lẫn ngoài trời. Với tán lá rực rỡ nhiều màu sắc như xanh lá, vàng, đỏ và cam, sẽ là một lựa chọn tuyệt vời để trang hoàng cho ngôi nhà thêm sinh động hơn.","• Kích thước tán: 30cm
• Chiều cao: 30 – 40 cm",Dễ chăm sóc,Nắng trực tiếp / Nắng tán xạ,"• Ngoài trời: Tưới nước hằng ngày
• Trong nhà: 3 – 4 lần/tuần",,,,,,,
CCNPLT0233,AGRS001,https://mowgarden.com/cay-van-loc-do-suksom-chau-uom-agrs001/,Cây vạn lộc đỏ ‘Suksom’ chậu ươm AGRS001,Aglaonema ‘Suksom’,Cây vạn lộc đỏ,120000,"Cây bao thanh thiên có bộ lá sặc sỡ và khỏe khoắn nên rất thích hợp để trang hoàng thêm điểm nhấn cho không gian sống. Loại cây này còn được xe là tượng trưng cho sự ngay thẳng, chính trực trong phong thủy. Khi trồng sẽ giúp thu hút năng lượng tích cực, xua đuổi cái xấu.",Chiều cao: 30 – 40 cm,Dễ chăm sóc,Nắng tán xạ / Bóng râm,Tưới nước 3 – 4 lần/tuần,,,,,,,
CCNPLT0234,AGSW001,https://mowgarden.com/cay-ngoc-bich-super-white-chau-uom-agsw001/,Cây ngọc bích ‘Super White’ chậu ươm AGSW001,Aglaonema Super White,Cây ngọc bích,160000,"Cây ngọc bích là là cây trong nhà được đánh giá cao về phong thuỷ, người ta quan niệm rằng cây Ngọc ngân mang đến tài lộc, may mắn khi đặt trên bàn làm việc hay trang trí trong văn phòng. Về mặt tinh thần cây Ngọc ngân rất thích hợp làm quà tặng tình yêu.",Chiều cao: 20 – 30cm,Dễ chăm sóc,Ánh sáng tán xạ; Tránh ánh nắng trực tiếp,Tưới nước 2 – 3 lần/tuần,,,,,,,
CCNPLT0235,SCHE011,https://mowgarden.com/cay-ngu-gia-bi-cam-thach-co-nho-chau-uom-sche011/,Cây ngũ gia bì cẩm thạch cỡ nhỏ chậu ươm SCHE011,Scheffera Octophylla,Ngũ gia bì cẩm thạch,60000,"Cây ngũ gia bì là loại cây mang lại tài vận, thịnh vượng và may mắn, trồng trong nhà sẽ mang đến một không gian thư thái, trong lành cho gia đình.",Chiều cao 20 – 30 cm,Dễ chăm sóc,"Nắng tán xạ, chịu được nắng trực tiếp",Tưới nước 2 – 3 lần/tuần,,,,,,,
CCNPLT0236,RADE011,https://mowgarden.com/cay-hanh-phuc-co-trung-chau-uom-rade011/,Cây hạnh phúc cỡ trung chậu ươm RADE011,Radermachera Sinica,Cây hạnh phúc,220000,"Cây hạnh phúc là dòng cây cảnh đẹp, sức sống khỏe mạnh, dễ chăm sóc. Trên cây có những tán lá xanh tươi, mượt mà thể hiện cho sự hi vọng và niềm tin mạnh mẽ. Với ý nghĩa mang lại may mắn và hạnh phúc nên cây thường được chọn để làm cây trưng trong nhà hoặc làm quà tặng.",Chiều cao: 60 – 80 cm,Dễ chăm sóc,"Nắng tán xạ, chịu được nắng trực tiếp",Tưới nước 2 – 3 lần/tuần,,,,,,,
CCNPLT0237,AGSU001,https://mowgarden.com/cay-bao-thanh-thien-aglaonema-sumatra-chau-uom-agsu001/,Cây bao thanh thiên ‘Aglaonema Sumatra’ chậu ươm AGSU001,Aglaonema red ‘Sumatra’,Cây bao thanh thiên,120000,"Cây bao thanh thiên có bộ lá sặc sỡ và khỏe khoắn nên rất thích hợp để trang hoàng thêm điểm nhấn cho không gian sống. Loại cây này còn được xe là tượng trưng cho sự ngay thẳng, chính trực trong phong thủy. Khi trồng sẽ giúp thu hút năng lượng tích cực, xua đuổi cái xấu.",Chiều cao: 30 – 40 cm,Rất dễ chăm sóc,Nắng tán xạ / Bóng râm,Tưới nước 3 – 4 lần/tuần,,,,,,,
CCNPLT0238,PHBZ024,https://mowgarden.com/cay-trau-ba-brasil-carnival-leo-cot-chau-uom-phbz/,Cây trầu bà Brasil ‘Carnival’ leo cột chậu ươm PHBZ024,Philodendron Brazil Carnival,Trầu bà Brazil,330000,"Trầu bà tỷ phú là loại cây nội thất cao cấp với những chiếc lá to có hình trái tim, màu cẩm thạch sang trọng luôn được săn đón trong giới mê cây cảnh. Trầu bà tỷ phú còn được xem là loại cây phong thủy, mang ý nghĩa về sự thành đạt và trù phú.","Chiều cao: 60 – 70 cm
Kích thước tán: 50 – 60 cm",Rất dễ chăm sóc,Nắng tán xạ / Bóng râm,Tưới nước 3 – 4 lần/tuần,,,,,,,
CCNPLT0239,PHIL106,https://mowgarden.com/cay-trau-ba-ty-phu-cam-thach-burle-marx-phil106/,Cây trầu bà tỷ phú cẩm thạch ‘Burle Marx’ PHIL106,Philodendron burle marx var,Trầu bà tỷ phú cẩm thạch,650000,"Trầu bà tỷ phú là loại cây nội thất cao cấp với những chiếc lá to có hình trái tim, màu cẩm thạch sang trọng luôn được săn đón trong giới mê cây cảnh. Trầu bà tỷ phú còn được xem là loại cây phong thủy, mang ý nghĩa về sự thành đạt và trù phú.","Chiều cao: 60 – 70 cm
Kích thước tán: 50 – 60 cm",Rất dễ chăm sóc,Nắng tán xạ / Bóng râm,Tưới nước 3 – 4 lần/tuần,,,,,,,
CCNPLT0240,AGMO001,https://mowgarden.com/cay-sao-sang-la-dam-galaxy-chau-uom-agmo001/,Cây sao sáng lá đậm ‘Galaxy’ chậu ươm AGMO001,Aglaonema Morodoklok,Cây sao sáng lá đậm,120000,"Với bộ lá rực rỡ, có nền màu xanh đậm, bên trong là những đốm sáng tựa như những ngôi sao nên cây sao sáng thường được trồng để trang hoàng cho không gian nội thất. Loại cây này còn được xem là biểu tượng của sự may mắn, nguồn năng lượng tích cực, tài lộc và sự thịnh vượng.","Chiều cao: 30 – 40 cm
Kích thước tán: 40 – 60 cm",Rất dễ chăm sóc,Nắng tán xạ / Bóng râm,Tưới nước 3 – 4 lần/tuần,,,,,,,
CCNPLT0241,CHLO001,https://mowgarden.com/cay-phuong-hoang-lua-chlorophytum-chau-uom-chlo001/,Cây phượng hoàng lửa Chlorophytum chậu ươm CHLO001,Chlorophytum orchidastrum,Cây phượng hoàng lửa / Lục thảo lan,120000,"Cây phượng hoàng lửa là loại có sức sống rất bền bỉ, dễ chăm sóc và sống được nơi thiếu ánh sáng nên rất thích hợp để trồng trong nhà. Loại cây này sở hữu bộ lá màu xanh mướt, cùng phần thân màu cam ấm cúng nên rất thích hợp với các không gian tối giản.",Chiều cao 30 – 40 cm,Rất dễ chăm sóc,Nắng tán xạ / Bóng râm,Tưới nước 3 – 4 lần/tuần,,,,,,,
CCNPLT0242,TBDV501,https://mowgarden.com/cay-trau-ba-de-vuong-kim-cuong-birkin-tbdv501/,Cây trầu bà đế vương kim cương ‘Birkin’ TBDV501,Philodendron Birkin,Trầu bà đế vương kim cương,125000,Trầu Bà Đế Vương Kim Cương là một làn gió mới trong kiểng lá khi nói đến các loại cây trồng trong nhà đang thịnh hành và nó chắc chắn sẽ trêu ngươi bất kỳ người đam mê cây cảnh nào.,Chiều cao 20 – 25 cm,Dễ chăm sóc,Nắng tán xạ,Tưới nước 2 – 3 lần/tuần,,,,,,,
CCNPLT0243,TBDV100,https://mowgarden.com/cay-trau-ba-de-vuongmini-chau-uom-tbdv100/,Cây trầu bà đế vương ‘Rojo’ mini chậu ươm TBDV100,Philodendron Imperial ‘Rojo Congo’,Cây trầu bà đế vương vàng,75000,"Trầu Bà Đế Vương có tên tiếng Anh là Philodendron Imperial thuộc họ Araceae (Ráy), là dòng cây thân thảo, trong tự nhiên dòng cây này có thể cao hơn 1,5 m nhưng với mục đích trang trí thì MOW sẽ gửi đến các bạn cây với kích cỡ nhỏ để tiện đặt ở bất cứ đâu mình thích.","• Kích thước tán: 15 – 20cm
• Chiều cao: 15 – 20cm",Dễ chăm sóc,Nắng tán xạ / Bóng râm,Tưới nước 2 – 3 lần/tuần,,,,,,,
CCNPLT0244,TBDV300,https://mowgarden.com/cay-trau-ba-de-vuong-xanh-mini-chau-uom-tbdv300/,Cây trầu bà đế vương xanh mini chậu ươm TBDV300,Philodendron Imperial Green,Cây trầu bà đế vương vàng,75000,"Trầu Bà Đế Vương có tên tiếng Anh là Philodendron Imperial thuộc họ Araceae (Ráy), là dòng cây thân thảo, trong tự nhiên dòng cây này có thể cao hơn 1,5 m nhưng với mục đích trang trí thì MOW sẽ gửi đến các bạn cây với kích cỡ nhỏ để tiện đặt ở bất cứ đâu mình thích.","• Kích thước tán: 15 – 20cm
• Chiều cao: 15 – 20cm",Dễ chăm sóc,Nắng tán xạ / Bóng râm,Tưới nước 2 – 3 lần/tuần,,,,,,,
CCNPLT0245,TBDV400,https://mowgarden.com/cay-trau-ba-de-vuong-vang-mini-chau-uom-tbdv400/,Cây trầu bà đế vương vàng mini chậu ươm TBDV400,Philodendron Imperial Golden,Cây trầu bà đế vương vàng,90000,"Trầu Bà Đế Vương có tên tiếng Anh là Philodendron Imperial thuộc họ Araceae (Ráy), là dòng cây thân thảo, trong tự nhiên dòng cây này có thể cao hơn 1,5 m nhưng với mục đích trang trí thì MOW sẽ gửi đến các bạn cây với kích cỡ nhỏ để tiện đặt ở bất cứ đâu mình thích.","• Kích thước tán: 15 – 20cm
• Chiều cao: 15 – 20cm",Dễ chăm sóc,Nắng tán xạ / Bóng râm,Tưới nước 2 – 3 lần/tuần,,,,,,,
CCNPLT0246,TBDV200,https://mowgarden.com/cay-trau-ba-de-vuong-do-mini-chau-uom-tbdv200/,Cây trầu bà đế vương đỏ mini chậu ươm TBDV200,Philodendron Imperial Red,Cây trầu bà đế vương đỏ,140000,"Trầu Bà Đế Vương có tên tiếng Anh là Philodendron Imperial thuộc họ Araceae (Ráy), là dòng cây thân thảo, trong tự nhiên dòng cây này có thể cao hơn 1,5 m nhưng với mục đích trang trí thì MOW sẽ gửi đến các bạn cây với kích cỡ nhỏ để tiện đặt ở bất cứ đâu mình thích.","• Kích thước tán: 30 – 35 cm
• Chiều cao: 10 ~ 15 cm",Dễ chăm sóc,Nắng tán xạ / Bóng râm,Tưới nước 2 – 3 lần/tuần,,,,,,,
CCNPLT0247,ASPL120,https://mowgarden.com/cay-duong-xi-to-chim-osaka-chau-uom-aspl120/,Cây dương xỉ tổ chim ‘Osaka’ chậu ươm ASPL120,Asplenium antiquum ‘Osaka’,Cây dương xỉ tổ chim Nhật Bản,160000,"Dương xỉ tổ chim có tán lá dài, uốn lượn sóng phần viền lá và xanh mướt. Loài này có bộ lá khá dày và cứng cáp, rất dễ chăm sóc, thích ánh sáng tán xạ và ẩm môi trường trung bình.","• Chiều cao 10 – 15 cm
• Đường kính tán 20 – 30cm",Rất dễ chăm sóc,Nắng tán xạ / Bóng râm,Tưới nước 2 – 3 lần/tuần,,,,,,,
CCNPLT0248,CANE001,https://mowgarden.com/cay-duoi-cong-network-chau-uom-cane001/,Cây đuôi công ‘Network’ chậu ươm CANE001,Calathea Musaica,Cây đuôi công ‘Network’,140000,Với những vân lá tạo nên hoạ tiết ô lưới ngẫu nhiên độc đáo như một bức tranh mosaic kì công. Calathea Network tạo nên sự khác biệt không thể tìm thấy với bất kỳ loại cây nào.,,Dễ chăm sóc,Nắng tán xạ / Nơi râm mát,Tưới nước 2 – 3 lần/tuần,Chiều cao 10 – 15 cm,,,,,,
CCNPLT0249,CATH002,https://mowgarden.com/cay-duoi-cong-tao-thuy-sinh-orbifolia-cath002/,Cây đuôi công táo thủy sinh ‘Orbifolia’ CATH002,Calathea Orbifolia,Cây đuôi công táo xanh,240000,"Những chiếc ta to xanh mướt cùng phần viền hoa văn của cây đuôi công táo xanh chắc chắn sẽ mang lại cho không gian nhà bạn những điểm nhấn tuyệt vời. Bạn có thể trồng loại cây này để trang trí thêm cho phòng khách, phòng ăn hay nhà bếp.",,Dễ chăm sóc,Ít sáng / Bóng râm / Tán xạ,Thay nước 2 – 3  lần/tháng,"Chiều cao: 20 ~ 25 cm
Tán rộng 20 ~ 30 cm",,,,,,
CCNPLT0250,LYRA036,https://mowgarden.com/cay-bang-singapore-hai-nhanh-nho-chau-uom-lyra036/,Cây bàng Singapore hai nhánh nhỏ chậu ươm LYRA036,Ficus lyrata,Cây bàng Singapore,240000,"Cây Bàng Singapore là loại cây nội thất đang được ưa chuộng nhất hiện nay. Cây có khả năng cải thiện chất lượng không khí. Mang lại sự xanh mát và sang trọng cho không gian của bạn, trang trí phòng khách, văn phòng, quán cafe hay shop.Hoặc làm quà tặng dịp khai trương, tân gia…",Chiều cao 50 – 60 cm,Dễ chăm sóc,"Nắng tán xạ, chịu được nắng trực tiếp",Tưới nước 2 – 3 lần/tuần,,,,,,,
CCNPLT0251,LYRA035,https://mowgarden.com/cay-bang-singapore-mini-de-ban-tieu-canh-uyen-uong-lyra035/,Cây bàng Singapore mini để bàn tiểu cảnh Uyên Ương LYRA035,Ficus lyrata,Cây bàng Singapore,250000,"Cây bàng Singapore đang loại cây trong nhà được nhiều người ưu chuộng với bộ lá màu xanh lá mượt mà, dáng thẳng đứng thanh lịch và sang trọng giúp cho không gian nhà bạn thêm phần sinh động. B",Chiều cao 20 ~ 30 cm,Dễ chăm sóc,"Nắng tán xạ, chịu được nắng trực tiếp",Tưới nước 2 – 3 lần/tuần,,,,,,,
CCNPLT0252,RADE010,https://mowgarden.com/cay-hanh-phuc-mot-than-chau-su-trang-rade010/,Cây hạnh phúc một thân chậu sứ trắng RADE010,Radermachera Sinica,Cây hạnh phúc,650000,"Cây hạnh phúc là dòng cây cảnh đẹp, sức sống khỏe mạnh, dễ chăm sóc. Trên cây có những tán lá xanh tươi, mượt mà thể hiện cho sự hi vọng và niềm tin mạnh mẽ. Với ý nghĩa mang lại may mắn và hạnh phúc nên cây thường được chọn để làm cây trưng trong nhà hoặc làm quà tặng.","• Kích thước chậu: 28x42cm (DxC)
• Chiều cao tổng: 90 – 100 cm",Dễ chăm sóc,"Nắng tán xạ, chịu được nắng trực tiếp",Tưới nước 2 – 3 lần/tuần,,,,,,,
CCNPLT0253,ZAMI025,https://mowgarden.com/cay-kim-tien-de-ban-chau-su-zami025/,Cây kim tiền để bàn chậu sứ ZAMI025,Zamioculcas Zamiifolia,Cây kim tiền / Kim phát tài,220000,"Cây kim tiền là loài thực vật họ nhà Araceae, có lá hình xương cá màu xanh mướt. Loài này rất dễ sống phát triển mạnh ở những nơi có độ ẩm cao, thường được trồng để trang trí trong phòng khách, làm quà tặng tân gia, khai trương cửa hàng.",Chiều cao tổng: 20~30 cm,Dễ chăm sóc,"Nắng tán xạ, chịu được nắng trực tiếp",Tưới nước 2 – 3 lần/tuần,,,,,,,
CCNPLT0254,BDCT002,https://mowgarden.com/cay-da-bup-do-cam-thach-3-than-chau-uom-bdct002/,Cây đa búp đỏ cẩm thạch 3 thân chậu ươm BDCT002,Ficus Elastica Tineke,Đa búp đỏ cẩm thạch,180000,"Từ lâu cây Đa luôn là biểu tượng của sự trường tồn, sức sống dẻo dai, nơi chứa đựng thần quyền và tâm linh của con người. Chính lẽ đó mà trong phong thủy, Đa Búp Đỏ cũng mang ý nghĩa của sự may mắn, an lành.",Chiều cao 10 – 15cm,Rất dễ chăm sóc,Ánh sáng tán xạ,Tưới nước 2 – 3 lần/tuần,,,,,,,
CCNPLT0255,RADE009,https://mowgarden.com/cay-hanh-phuc-2-tang-chau-su-trang-rade009/,Cây hạnh phúc 2 tầng chậu sứ trắng RADE009,Radermachera Sinica,Cây hạnh phúc,990000,Cây dễ sinh trưởng phát triển mọi diều kiện thời tiết khác nhau nên rất dễ trồng và chăm sóc. Cây sống tốt trong điều kiện có điều hoà và môi trường thiếu sáng nên chúng ta có thể dễ dàng lựa chọn cây trang trí để bàn cho không gian làm việc trở nên xanh mát và ấm áp.,"• Kích thước chậu: 33x45cm (DxC)
• Chiều cao tổng: 150 – 160 cm",Dễ chăm sóc,"Nắng tán xạ, chịu được nắng trực tiếp",Tưới nước 2 – 3 lần/tuần,,,,,,,
CCNPLT0256,TBTX006,https://mowgarden.com/cay-trau-ba-thanh-xuan-co-lon-chau-da-mai-tbtx006/,Cây trầu bà thanh xuân cỡ lớn chậu đá mài TBTX006,Thaumatophyllum bipinnatifidum,Cây trầu bà thanh xuân / Cây trầu bà tay Phật,1200000,"Trầu bà thanh xuân là loại cây trong nhà độc đáo được mọi người ưa thích và trưng bày trang trí. Trầu Bà Thanh Xuân có ý nghĩa về mặt phong thủy nó còn có ý nghĩa may mắn, đem lại tài lộc, gia tăng vận khí, thể hiện ý chí vươn lên của gia chủ.","Kích thước chậu: 35×42 cm (DxC)
Chiều cao tổng 150 – 160cm",Dễ chăm sóc,Nắng tán xạ / Bóng râm,"Ít tưới nước, 2 – 3 lần/tuần",,,,,,,
CCNPLT0257,CTBH007,https://mowgarden.com/cay-truc-bach-hop-chau-gom-su-trang-ctbh007/,Cây trúc bách hợp chậu gốm sứ trắng CTBH007,Dracaena reflexa,Trúc bách hợp,700000,"Còn được gọi là trúc phất dụ, mọc thành bụi sum sê, ở chính giữa tạo thành hình hoa thị và tua tủa ra xung quanh. Cây có thân cứng, lá thuôn nhọn ở đầu, mép nguyên, màu xanh bóng xen lần dải màu vàng tươi từ gốc tới ngọn","Kích thước chậu: 33×45 cm
Chiều cao tổng: 100 – 130 cm",Dễ chăm sóc,"Nắng tán xạ, chịu được nắng trực tiếp","Ít nước, 2 – 3 lần/tuần",,,,,,,
CCNPLT0258,RADE006,https://mowgarden.com/cay-hanh-phuc-mot-than-co-lon-chau-uom-rade006/,Cây hạnh phúc một thân cỡ lớn chậu ươm RADE006,Radermachera Sinica,Cây hạnh phúc,1050000,Cây dễ sinh trưởng phát triển mọi diều kiện thời tiết khác nhau nên rất dễ trồng và chăm sóc. Cây sống tốt trong điều kiện có điều hoà và môi trường thiếu sáng nên chúng ta có thể dễ dàng lựa chọn cây trang trí để bàn cho không gian làm việc trở nên xanh mát và ấm áp.,Chiều cao 120 – 140 cm,Dễ chăm sóc,"Nắng tán xạ, chịu được nắng trực tiếp",Tưới nước 2 – 3 lần/tuần,,,,,,,
CCNPLT0259,RADE005,https://mowgarden.com/cay-hanh-phuc-mot-than-co-trung-chau-uom-rade005/,Cây hạnh phúc một thân cỡ trung chậu ươm RADE005,Radermachera Sinica,Cây hạnh phúc,750000,Cây dễ sinh trưởng phát triển mọi diều kiện thời tiết khác nhau nên rất dễ trồng và chăm sóc. Cây sống tốt trong điều kiện có điều hoà và môi trường thiếu sáng nên chúng ta có thể dễ dàng lựa chọn cây trang trí để bàn cho không gian làm việc trở nên xanh mát và ấm áp.,Chiều cao 120 – 140 cm,Dễ chăm sóc,"Nắng tán xạ, chịu được nắng trực tiếp",Tưới nước 2 – 3 lần/tuần,,,,,,,
CCNPLT0260,POTH250,https://mowgarden.com/cay-trau-ba-cam-thach-chau-uom-njoy-pothos-poth250/,Cây trầu bà cẩm thạch chậu ươm Njoy Pothos POTH250,Epipremnum Aureum ‘Njoy Pothos’,Cây trầu bà cẩm thạch / Trầu bà sữa,80000,"Cây trầu bà cẩm thạch hay trầu bà sữa có những chiếc lá  hòa quyện giữa màu xanh ngát của cây và màu trắng sữa, tạo nên một sự độc đáo riêng biệt. Loại cây này rất dễ sống, chịu bóng râm, phát triển nhanh tại nơi có khí hậu mát mẻ, nhiều ẩm.",Chiều dài 40 – 50 cm,Dễ chăm sóc,Ánh sáng tán xạ; Chịu được khuất sáng,Tưới nước 2 – 3  lần/tuần,,,,,,,
CCNPLT0261,DIEF004,https://mowgarden.com/cay-tuyet-trang-chau-uom-dief004/,Cây tuyết trắng chậu ươm Dieffenbachia sp DIEF004,Dieffenbachia tiki,Cây tuyết trắng,120000,"Là một trong các loại cây được nhiều người ưa thích bởi mang lại nhiều tác dụng hữu ích, không những thế còn có nghĩa phong thủy tốt.",Chiều cao 40cm,Dễ chăm sóc,Ánh sáng tán xạ; Chịu được khuất sáng,Tưới nước 2 – 3  lần/tuần,,,,,,,
CCNPLT0262,TBDV064,https://mowgarden.com/cay-trau-ba-de-vuong-xanh-chau-da-mai-tbdv064/,Cây trầu bà đế vương xanh chậu đá mài TBDV064,Philodendron Imperial Green,Cây trầu bà đế vương xanh,850000,"Trầu Bà Đế Vương có tên tiếng Anh là Philodendron Imperial thuộc họ Araceae (Ráy), là dòng cây thân thảo, trong tự nhiên dòng cây này có thể cao hơn 1,5 m nhưng với mục đích trang trí thì MOW sẽ gửi đến các bạn cây với kích cỡ nhỏ để tiện đặt ở bất cứ đâu mình thích.","Kích thước chậu: 35×40 cm (DxC)
Chiều cao tổng 80 ~ 90 cm",Dễ chăm sóc,Nắng tán xạ / Bóng râm,Tưới nước 2 – 3 lần/tuần,,,,,,,
CCNPLT0263,TBDV402,https://mowgarden.com/cay-trau-ba-de-vuong-vang-chau-dat-nung-tbdv402/,Cây trầu bà đế vương vàng chậu đất nung TBDV402,Philodendron Imperial Golden,Cây trầu bà đế vương vàng,360000,"Trầu Bà Đế Vương có tên tiếng Anh là Philodendron Imperial thuộc họ Araceae (Ráy), là dòng cây thân thảo, trong tự nhiên dòng cây này có thể cao hơn 1,5 m nhưng với mục đích trang trí thì MOW sẽ gửi đến các bạn cây với kích cỡ nhỏ để tiện đặt ở bất cứ đâu mình thích.","• Kích thước chậu: 22×24 (DxC)
• Chiều cao tổng: 40 – 45cm",Dễ chăm sóc,Nắng tán xạ / Bóng râm,Tưới nước 2 – 3 lần/tuần,,,,,,,
CCNPLT0264,CALA025,https://mowgarden.com/cay-duoi-cong-calathea-roseopicta-marion-chau-su-cala025/,Cây đuôi công Calathea roseopicta Marion chậu sứ CALA025,Calathea Roseopicta ‘Marion’,Cây đuôi công,420000,"Calathea Roseopicta Marion là loài thực vật thân thảo, có lá hình thuôn tròn, màu xanh đậm, họa tiết viền xanh nhạt. Loài này rất dễ sống, thường được trồng để trang trí trong nhà, thanh lọc không khí và mang ý nghĩa đem lại may mắn, thành công và thịnh vượng.",,Vừa phải,Nắng tán xạ / Chịu râm mát,Tưới nước 4 – 5 lần/tuần,"Kích thước chậu:
Chiều cao tổng: 40 -–50 cm",,,,,,
CCNPLT0265,ZAMI024,https://mowgarden.com/cay-kim-tien-de-ban-chau-men-su-zami024/,Cây kim tiền để bàn chậu men sứ ZAMI024,Zamioculcas Zamiifolia,Cây kim tiền / Kim phát tài,320000,"Cây kim tiền là loài thực vật họ nhà Araceae, có lá hình xương cá màu xanh mướt. Loài này rất dễ sống phát triển mạnh ở những nơi có độ ẩm cao, thường được trồng để trang trí trong phòng khách, làm quà tặng tân gia, khai trương cửa hàng.","Kích thước châu: 15×16 cm
Chiều cao tổng: 40~50 cm",Dễ chăm sóc,"Nắng tán xạ, chịu được nắng trực tiếp","Ít nước, 2 – 3 lần/tuần",,,,,,,
CCNPLT0266,MARA300,https://mowgarden.com/cay-cau-nguyen-maranta-leuconeura-mara300/,Cây cầu nguyện Maranta leuconeura MARA300,Maranta leuconeura,Cây cầu nguyên,160000,"Maranta leuconeura là một loại cây nội thất rất được ưu thích tại các nước Châu Âu. Loài cây này sở hữu bộ lá sặc sỡ tựa như một chiếc đuôi công, những đường gân lá khỏe khoắn gây ấn tượng mạnh, cùng tông màu đẹp như một bức tranh nghệ thuật.","Chiều cao: 10cm
Đường kính tán: 25cm",Dễ chăm sóc,Ánh sáng tán xạ / Râm mát,Tưới nước 4 – 5 lần/tuần,,,,,,,
CCNPLT0267,CALA520,https://mowgarden.com/cay-duoi-xuong-ca-calathea-burle-marxii-var-cala520/,Cây đuôi xương cá Calathea burle-marxii var CALA520,Calathea burle-marxii var,Cây đuôi xương cá,140000,"Cây đuôi xương cá là loài thực vật thân thảo, có lá hình thuôn tròn, sọc xanh. Loài này rất dễ sống, thường được trồng để trang trí trong nhà, thanh lọc không khí và mang ý nghĩa đem lại may mắn, thành công và thịnh vượng.",,Dễ chăm sóc,Ít sáng / Bóng râm / Tán xạ,"Vừa phải, 2 – 3  lần/tuần","Chiều cao: 20 ~ 25 cm
Tán rộng 20 ~ 30 cm",,,,,,
CCNPLT0268,CALA641,https://mowgarden.com/cay-duoi-cong-calathea-warscewiczii-cath641/,Cây đuôi công Calathea Warscewiczii CATH641,Calathea Warscewiczii,Cây đuôi công,280000,"Calathea Warscewiczii là loài thực vật thân thảo, có lá hình thuôn tròn, màu xanh đậm, họa tiết viền xanh nhạt. Loài này rất dễ sống, thường được trồng để trang trí trong nhà, thanh lọc không khí và mang ý nghĩa đem lại may mắn, thành công và thịnh vượng.",,Trung bình,Nắng tán xạ / Chịu râm mát,Tưới nước 5 – 6 lần/tuần,Chiều cao 40 – 50 cm,,,,,,
CCNPLT0269,CALA021,https://mowgarden.com/cay-duoi-cong-calathea-roseopicta-marion-cala023/,Cây đuôi công Calathea roseopicta Marion CALA023,Calathea Roseopicta ‘Marion’,Cây đuôi công,280000,"Calathea Roseopicta Marion là loài thực vật thân thảo, có lá hình thuôn tròn, màu xanh đậm, họa tiết viền xanh nhạt. Loài này rất dễ sống, thường được trồng để trang trí trong nhà, thanh lọc không khí và mang ý nghĩa đem lại may mắn, thành công và thịnh vượng.",,Vừa phải,Nắng tán xạ,"Ít nước, 2 – 3 lần/tuần",Chiều cao 40 -–50 cm,,,,,,
CCNPLT0270,CATH140,https://mowgarden.com/cay-duoi-cong-tim-thuy-sinh-calathea-roseopicta-cath140/,Cây đuôi công tím thủy sinh Calathea roseopicta CATH140,Calathea roseopicta Dottie,Cây đuôi công tím,160000,"Cây đuôi công còn giúp mang lại không khí tự nhiên xanh mát, và là biểu tượng cho quyền quý, may mắn nên được lựa chọn làm món quà tặng trong các dịp sinh nhật, lễ tết, ngày đặc biệt…",,Trung bình,Nắng tán xạ / Chịu râm mát,Tưới nước 4 – 5 lần/tuần,Cao 10 – 20 cm,,,,,,
CCNPLT0271,CALA140,https://mowgarden.com/cay-duoi-cong-nu-than-xanh-green-goddess-chau-uom-cala140/,Cây đuôi công nữ thần xanh Green Goddess chậu ươm CALA140,Calathea roseopicta Green Goddess,Đuôi công nữ thần xanh,180000,"Loài cây đuôi công này được trồng rất phổ biến trong nội thất với mục đích trang trí, tạo thêm mảnh xanh và thanh lọc không khí.",Chiều cao 10 – 15 cm,Dễ chăm sóc,"Nắng tán xạ, chịu bóng mát",4 – 5 lần/tuần,,,,,,,
CCNPLT0272,LYRA034,https://mowgarden.com/cay-bang-singapore-bambino-chau-gom-su-lyra034/,Cây bàng Singapore ‘Bambino’ chậu gốm sứ LYRA034,Ficus lyrata ‘Bambino’,Cây bàng Singapore lá nhỏ,400000,"Cây bàng Singapore đang loại cây trong nhà được nhiều người ưu chuộng với bộ lá màu xanh lá mượt mà, dáng thẳng đứng thanh lịch và sang trọng giúp cho không gian nhà bạn thêm phần sinh động. B",Chiều cao 70 ~ 80 cm,Dễ chăm sóc,"Nắng tán xạ, chịu được nắng trực tiếp","Ít nước, 2 – 3 lần/tuần",,,,,,,
CCNPLT0273,PHIL152,https://mowgarden.com/cay-hong-hac-than-cam-philodendron-billietiae-chau-dat-nung-phil152/,Cây hồng hạc thân cam Philodendron billietiae chậu đất nung PHIL152,Philodendron billietiae,Cây hồng hạc chân cam,1550000,"Cây Hạc Cam đặc trưng bởi những chiếc lá thuôn dài, hình dây đeo có xẻ trái tim sâu, phần cuống cũng được tô điểm bởi màu da cam rất bắt mắt. Khi trưởng thành cây hạc Philodendron billietiae có kích thước rất khủng nên được nhiều người săn đón sưu tầm.","Kích thước chậu: 32×25 cm (DxC)
Kích thước lá: 45 ~ 50 cm",Dễ chăm sóc,"Nắng tán xạ, chịu được nắng trực tiếp","Ít nước, 2 – 3 lần/tuần",,,,,,,
CCNPLT0274,PHIL153,https://mowgarden.com/cay-hong-hac-than-cam-philodendron-billietiae-chau-uom-phil151/,Cây hồng hạc thân cam Philodendron billietiae chậu ươm PHIL151,Philodendron billietiae,Cây hồng hạc chân cam,1200000,"Cây Hạc Cam đặc trưng bởi những chiếc lá thuôn dài, hình dây đeo có xẻ trái tim sâu, phần cuống cũng được tô điểm bởi màu da cam rất bắt mắt. Khi trưởng thành cây hạc Philodendron billietiae có kích thước rất khủng nên được nhiều người săn đón sưu tầm.","Chiều cao 40 ~ 50 cm
Kích thước lá: 45 ~ 50 cm",Dễ chăm sóc,"Nắng tán xạ, chịu được nắng trực tiếp","Ít nước, 2 – 3 lần/tuần",,,,,,,
CCNPLT0275,ANTH003,https://mowgarden.com/cay-hong-mon-nho-de-ban-chau-su-anth003/,Cây hồng môn nhỏ để bàn chậu sứ ANTH003,Anthurium andreanum,Cây hồng môn,240000,"Cây hồng môn được biết tới là một loại cây cảnh mang lại điều tốt lành, có thể giúp điều hòa khí phong thủy trong nhà, có khả năng thu hút những dòng khí tích cực và làm tiêu bớt dòng khí tiêu cực cho môi trường xung quanh, trồng cây hồng môn trong nhà sẽ giúp không gian sống trở nên hài hòa và bình yên hơn.",Chiều cao 20 – 30 cm,Dễ chăm sóc,Nắng tán xạ / Chịu râm mát,Tưới nước 2 – 3 lần/lần,,,,,,,
CCNPLT0276,ASPL002,https://mowgarden.com/cay-duong-xi-la-me-nho-chau-su-aspl002/,Cây dương xỉ lá me nhỏ chậu sứ ASPL002,Nephrolepis cordifolia,Dương xỉ lá me / Ráng cốt cắt,140000,"Dương xỉ lá me sở hữu nét độc đáo và tự nhiên của họ dương xỉ vẫn luôn là lựa chọn rất tuyệt vời để decor sân vườn, ban công hoặc trồng trang tí trong nhà. Bên cạnh đó loài này không cần nhiều ánh sáng, rất dễ sống và không cần phải chăm sóc nhiều.",Chiều cao: 30~40 cm,Rất dễ chăm sóc,"Nắng tán xạ, chịu được nắng trực tiếp","Ít nước, 2 – 3 lần/tuần",,,,,,,
CCNPLT0277,ASPL001,https://mowgarden.com/cay-duong-xi-la-me-nho-chau-uom-aspl001/,Cây dương xỉ lá me nhỏ chậu ươm ASPL001,Nephrolepis cordifolia,Dương xỉ lá me / Ráng cốt cắt,50000,"Dương xỉ lá me sở hữu nét độc đáo và tự nhiên của họ dương xỉ vẫn luôn là lựa chọn rất tuyệt vời để decor sân vườn, ban công hoặc trồng trang tí trong nhà. Bên cạnh đó loài này không cần nhiều ánh sáng, rất dễ sống và không cần phải chăm sóc nhiều.",Chiều cao: 30~40 cm,Rất dễ chăm sóc,"Nắng tán xạ, chịu được nắng trực tiếp","Ít nước, 2 – 3 lần/tuần",,,,,,,
CCNPLT0278,CHRY004,https://mowgarden.com/cay-cau-vang-nhat-ban-co-trung-chau-da-mai-chry004/,Cây cau vàng Nhật Bản cỡ trung chậu đá mài CHRY004,Chrysalidocarpus lutescens Wendl,Cau vàng Nhật Bản,700000,"Cây cau Nhật có tác dụng hút khí độc, làm sạch không khí trong nhà và môi trường xung quanh. Cây hấp thu chất ô nhiễm vào lá và chuyển các độc tố xuống rễ.",Chiều cao ~160 cm,Dễ chăm sóc,"Nắng tán xạ, chịu được nắng trực tiếp","Ít nước, 2 – 3 lần/tuần",,,,,,,
CCNPLT0279,CHRY002,https://mowgarden.com/cay-cau-vang-nhat-ban-co-trung-chau-uom-chry002/,Cây cau vàng Nhật Bản cỡ trung chậu ươm CHRY002,Chrysalidocarpus lutescens Wendl,Cau lụa vàng Nhật Bản,400000,"Cây cau Nhật có tác dụng hút khí độc, làm sạch không khí trong nhà và môi trường xung quanh. Cây hấp thu chất ô nhiễm vào lá và chuyển các độc tố xuống rễ.",Chiều cao ~120 cm,Dễ chăm sóc,"Nắng tán xạ, chịu được nắng trực tiếp","Ít nước, 2 – 3 lần/tuần",,,,,,,
CCNPLT0280,ZAMI023,https://mowgarden.com/cay-kim-tien-kich-thuoc-lon-chau-xi-mang-zami023/,Cây kim tiền kích thước lớn chậu xi măng ZAMI023,Zamioculcas Zamiifolia,Cây kim tiền / Kim phát tài,850000,"Cây kim tiền là loài thực vật họ nhà Araceae, có lá hình xương cá màu xanh mướt. Loài này rất dễ sống phát triển mạnh ở những nơi có độ ẩm cao, thường được trồng để trang trí trong phòng khách, làm quà tặng tân gia, khai trương cửa hàng.","Kích thước châu: 30×60 cm
Chiều cao tổng: 110~120 cm",Dễ chăm sóc,"Nắng tán xạ, chịu được nắng trực tiếp","Ít nước, 2 – 3 lần/tuần",,,,,,,
CCNPLT0281,CTBT001,https://mowgarden.com/cay-tung-bach-tan-tieu-canh-de-ban-chau-su-ctxc001/,Cây tùng bách tán tiểu cảnh để bàn chậu sứ CTBT001,Araucaria angustifolia,Cây tùng bách tán,420000,"Cây tùng bách tán sở hữu kiểu dáng vô cùng độc đáo với những chiếc lá thuôn nhọn, bóng mượt và có màu xanh đậm, chúng mọc dọc theo cành đều đặn đúng theo hình xương cá.",Chiều cao 30 ~ 40 cm,Dễ chăm sóc,"Nắng tán xạ, chịu được nắng trực tiếp","Ít nước, 2 – 3 lần/tuần",,,,,,,
CCNPLT0282,PHIL151,https://mowgarden.com/cay-hong-hac-than-cam-philodendron-billietiae-chau-uom-phil150/,Cây hồng hạc thân cam Philodendron billietiae chậu ươm PHIL150,Philodendron billietiae,Cây hồng hạc chân cam,250000,"Cây Hạc Cam đặc trưng bởi những chiếc lá thuôn dài, hình dây đeo có xẻ trái tim sâu, phần cuống cũng được tô điểm bởi màu da cam rất bắt mắt. Khi trưởng thành cây hạc Philodendron billietiae có kích thước rất khủng nên được nhiều người săn đón sưu tầm.","Chiều cao 30 ~ 40 cm
Kích thước lá: 20 cm",Dễ chăm sóc,"Nắng tán xạ, chịu được nắng trực tiếp","Ít nước, 2 – 3 lần/tuần",,,,,,,
CCNPLT0283,SCHE007,https://mowgarden.com/cay-ngu-gia-bi-bonsai-de-ban-chau-su-sche007/,Cây ngũ gia bì bonsai để bàn chậu sứ SCHE007,Scheffera Octophylla,Ngũ gia bì,320000,"Ngũ gia bì là loại cây mang lại tài vận, thịnh vượng và may mắn, trồng trong nhà sẽ mang đến một không gian thư thái, trong lành cho gia đình.",Chiều cao 30 ~ 40 cm,Dễ chăm sóc,"Nắng tán xạ, chịu được nắng trực tiếp","Ít nước, 2 – 3 lần/tuần",,,,,,,
CCNPLT0284,LYRA003,https://mowgarden.com/cay-bang-singapore-cao-80cm-chau-uom-lyra003/,Cây bàng Singapore cao 80cm chậu ươm LYRA003,Ficus lyrata,Cây bàng Singapore,120000,"Cây bàng Singapore đang loại cây trong nhà được nhiều người ưu chuộng với bộ lá màu xanh lá mượt mà, dáng thẳng đứng thanh lịch và sang trọng giúp cho không gian nhà bạn thêm phần sinh động.",Chiều cao 70 ~ 80 cm,Dễ chăm sóc,"Nắng tán xạ, chịu được nắng trực tiếp","Ít nước, 2 – 3 lần/tuần",,,,,,,
CCNPLT0285,RADE012,https://mowgarden.com/cay-hanh-phuc-co-trung-chau-gom-su-rade012/,Cây hạnh phúc cỡ trung chậu gốm sứ RADE012,Radermachera Sinica,Cây hạnh phúc,400000,"Cây hạnh phúc là dòng cây cảnh đẹp, sức sống khỏe mạnh, dễ chăm sóc. Trên cây có những tán lá xanh tươi, mượt mà thể hiện cho sự hi vọng và niềm tin mạnh mẽ. Với ý nghĩa mang lại may mắn và hạnh phúc nên cây thường được chọn để làm cây trưng trong nhà hoặc làm quà tặng.","• Kích thước chậu: 30x40cm (DxC)
• Chiều cao tổng: 80 – 100 cm",Dễ chăm sóc,"Nắng tán xạ, chịu được nắng trực tiếp",Tưới nước 2 – 3 lần/tuần,,,,,,,
CCNPLT0286,SCHE006,https://mowgarden.com/cay-ngu-gia-bi-bonsai-chau-su-sche006/,Cây ngũ gia bì bonsai chậu sứ SCHE006,Scheffera Octophylla,Ngũ gia bì,280000,"Ngũ gia bì là loại cây mang lại tài vận, thịnh vượng và may mắn, trồng trong nhà sẽ mang đến một không gian thư thái, trong lành cho gia đình.",Chiều cao 30 ~ 40 cm,Dễ chăm sóc,"Nắng tán xạ, chịu được nắng trực tiếp","Ít nước, 2 – 3 lần/tuần",,,,,,,
CCNPLT0287,SCHE004,https://mowgarden.com/cay-ngu-gia-bi-xanh-mini-chau-su-sche004/,Cây ngũ gia bì xanh mini chậu sứ SCHE004,Scheffera Octophylla,Ngũ gia bì,160000,"Ngũ gia bì là loại cây mang lại tài vận, thịnh vượng và may mắn, trồng trong nhà sẽ mang đến một không gian thư thái, trong lành cho gia đình.",Chiều cao 30 ~ 40 cm,Dễ chăm sóc,"Nắng tán xạ, chịu được nắng trực tiếp","Ít nước, 2 – 3 lần/tuần",,,,,,,
CCNPLT0288,CHRY003,https://mowgarden.com/cay-cau-vang-nhat-ban-chau-da-mai-chry003/,Cây cau vàng Nhật Bản chậu đá mài CHRY003,Chrysalidocarpus lutescens Wendl,Cau lụa vàng Nhật Bản,750000,"Cây cau Nhật có tác dụng hút khí độc, làm sạch không khí trong nhà và môi trường xung quanh. Cây hấp thu chất ô nhiễm vào lá và chuyển các độc tố xuống rễ.",Chiều cao ~160 cm,Dễ chăm sóc,"Nắng tán xạ, chịu được nắng trực tiếp","Ít nước, 2 – 3 lần/tuần",,,,,,,
CCNPLT0289,CHRY001,https://mowgarden.com/cay-cau-vang-nhat-ban-co-lon-chau-uom-chry001/,Cây cau vàng Nhật Bản cỡ lớn chậu ươm CHRY001,Chrysalidocarpus lutescens Wendl,Cau lụa vàng Nhật Bản,450000,"Cây cau Nhật có tác dụng hút khí độc, làm sạch không khí trong nhà và môi trường xung quanh. Cây hấp thu chất ô nhiễm vào lá và chuyển các độc tố xuống rễ.",Chiều cao ~160 cm,Dễ chăm sóc,"Nắng tán xạ, chịu được nắng trực tiếp","Ít nước, 2 – 3 lần/tuần",,,,,,,
CCNPLT0290,LYRA037,https://mowgarden.com/cay-bang-singapore-mini-2-nhanh-chau-uom-lyra037/,Cây bàng Singapore mini 2 nhánh chậu ươm LYRA037,Ficus lyrata,Cây bàng Singapore,105000,"Cây Bàng Singapore là loại cây nội thất đang được ưa chuộng nhất hiện nay. Cây có khả năng cải thiện chất lượng không khí. Mang lại sự xanh mát và sang trọng cho không gian của bạn, trang trí phòng khách, văn phòng, quán cafe hay shop.Hoặc làm quà tặng dịp khai trương, tân gia…",Chiều cao 50 – 60 cm,Dễ chăm sóc,"Nắng tán xạ, chịu được nắng trực tiếp",Tưới nước 2 – 3 lần/tuần,,,,,,,
CCNPLT0291,ZAMI002,https://mowgarden.com/cay-kim-tien-co-trung-cau-uom-zami002/,Cây kim tiền cỡ trung cậu ươm ZAMI002,Zamioculcas zamiifolia,Cây kim tiền / Cây kim phát tài,180000,"Cây kim tiền được đánh giá rất cao là loại cây phong thủy đem đến tài lộc, thịnh vượng, giàu sang, sức khỏe cho gia chủ.Đặc biệt khi kim tiền nở hoa gia chủ càng đắc lộc.",Chiều cao 60 – 80cm,Dễ chăm sóc,Nắng tán xạ hoặc trực tiếp,"Ít nước, 2 – 3 lần/tuần",,,,,,,
CCNPLT0292,LYRA032,https://mowgarden.com/cay-bang-singapore-2-nhanh-chau-xi-mang-de-san-lyra032/,Cây bàng Singapore 2 nhánh chậu xi măng để sàn LYRA032,Ficus lyrata,Bàng Singapore / Sung tỳ bà,550000,"Cây Bàng Singapore Lớn có thể dễ dàng nhận ra ở những góc quán cafe, bàn làm việc công. Với những chiếc lá căng bóng hình đàn vĩ cầm rất lớn, nhiều gân là hình chân chim nổi bật.",,Dễ chăm sóc,Nắng trực tiếp / Ánh sáng tán xạ,"Ít nước, 2 – 3 lần/tuần",Chiều cao tổng: 100 – 120 cm,,,,,,
CCNPLT0293,LONI017,https://mowgarden.com/cay-kim-ngan-that-binh-kich-thuoc-lon-loni017/,Cây kim ngân thắt bính kích thước lớn LONI017,Pachira aquatica,Cây kim ngân,1200000,"Cây Kim Ngân là loại cây cảnh trong nhà được trồng phổ biến trên khắp thế giới, nó có sức ảnh hưởng tới mức mà hầu như ai cũng tin rằng khi trồng có thể mang lại nhiều may mắn trong cuộc sống, công việc hoặc làm ăn.",Chiều cao 180 – 200 cm,Dễ chăm sóc,Ánh sáng tán xạ; Nắng trực tiếp,Tưới ít nước (2 lần/tuần),,,,,,,
CCNPLT0294,LONI016,https://mowgarden.com/cay-kim-ngan-that-no-chau-su-loni016/,Cây kim ngân thắt nơ chậu sứ LONI016,Pachira aquatica,Cây kim ngân,320000,"Cây Kim Ngân là loại cây cảnh trong nhà được trồng phổ biến trên khắp thế giới, nó có sức ảnh hưởng tới mức mà hầu như ai cũng tin rằng khi trồng có thể mang lại nhiều may mắn trong cuộc sống, công việc hoặc làm ăn.",Chiều cao 40cm,Dễ chăm sóc,Ánh sáng tán xạ; Nắng trực tiếp,Tưới ít nước (2 lần/tuần),,,,,,,
CCNPLT0295,LONI015,https://mowgarden.com/cay-kim-ngan-tieu-canh-de-ban-loni015/,Cây kim ngân tiểu cảnh để bàn LONI015,Pachira aquatica,Cây kim ngân,380000,"Cây Kim Ngân là loại cây cảnh trong nhà được trồng phổ biến trên khắp thế giới, nó có sức ảnh hưởng tới mức mà hầu như ai cũng tin rằng khi trồng có thể mang lại nhiều may mắn trong cuộc sống, công việc hoặc làm ăn.",Chiều cao 40cm,Dễ chăm sóc,Ánh sáng tán xạ; Nắng trực tiếp,Tưới ít nước (2 lần/tuần),,,,,,,
CCNPLT0296,LONI014,https://mowgarden.com/cay-kim-ngan-thuy-sinh-mot-than-co-thu-de-ban-loni014/,Cây kim ngân thủy sinh một thân cổ thụ để bàn LONI014,Pachira aquatica,Cây kim ngân,250000,"Cây Kim Ngân (Pachira aquatica) là dòng cây nội thất được ưu chuộng và phổ biến nhất trên thế giới, nó được biết đến là loại cây phong thủy giúp mang lại những điều tốt lành, vận may và tiền tài tới cho gia chủ.",,Dễ chăm sóc,Nắng tán xạ / Chịu râm mát,Thay nước 2 – 3 lần/tháng,Chiều cao 50 – 60 cm,,,,,,
CCNPLT0297,LYRA030,https://mowgarden.com/cay-bang-singapore-dang-tree-chau-gom-su-lyra030/,Cây bàng Singapore dáng tree thân to chậu gốm sứ LYRA030,Ficus lyrata,Bàng Singapore / Sung tỳ bà,700000,"Cây Bàng Singapore Lớn có thể dễ dàng nhận ra ở những góc quán cafe, bàn làm việc công. Với những chiếc lá căng bóng hình đàn vĩ cầm rất lớn, nhiều gân là hình chân chim nổi bật.",,Dễ chăm sóc,Nắng trực tiếp / Ánh sáng tán xạ,"Ít nước, 2 – 3 lần/tuần","Kích thước chậu: 40×35 cm (DxC)
Chiều cao tổng: 150 – 160 cm",,,,,,
CCNPLT0298,LYRA029,https://mowgarden.com/cay-bang-singapore-chau-gom-su-de-san-lyra029/,Cây bàng Singapore chậu gốm sứ để sàn LYRA029,Ficus lyrata,Bàng Singapore / Sung tỳ bà,700000,"Cây Bàng Singapore Lớn có thể dễ dàng nhận ra ở những góc quán cafe, bàn làm việc công. Với những chiếc lá căng bóng hình đàn vĩ cầm rất lớn, nhiều gân là hình chân chim nổi bật.",,Dễ chăm sóc,Nắng trực tiếp / Ánh sáng tán xạ,"Ít nước, 2 – 3 lần/tuần","Kích thước chậu: 40×35 cm (DxC)
Chiều cao tổng: 150 – 160 cm",,,,,,
CCNPLT0299,LYRA028,https://mowgarden.com/cay-bang-singapore-lon-3-nhanh-chau-gom-su-lyra028/,Cây bàng Singapore lớn 3 nhánh chậu gốm sứ LYRA028,Ficus lyrata,Bàng Singapore / Sung tỳ bà,850000,"Cây Bàng Singapore Lớn có thể dễ dàng nhận ra ở những góc quán cafe, bàn làm việc công. Với những chiếc lá căng bóng hình đàn vĩ cầm rất lớn, nhiều gân là hình chân chim nổi bật.",,Dễ chăm sóc,Nắng trực tiếp / Ánh sáng tán xạ,"Ít nước, 2 – 3 lần/tuần","Kích thước chậu: 40×40 cm (DxC)
Chiều cao tổng: 160 – 180 cm",,,,,,
CCNPLT0300,ZAMI022,https://mowgarden.com/cay-kim-tien-co-lon-chau-xi-mang-zami022/,Cây kim tiền cỡ lớn chậu xi măng ZAMI022,Zamioculcas Zamiifolia,Cây kim tiền,1200000,"Cây kim tiền là loài thực vật họ nhà Araceae, có lá hình xương cá màu xanh mướt. Loài này rất dễ sống phát triển mạnh ở những nơi có độ ẩm cao, thường được trồng để trang trí trong phòng khách, làm quà tặng tân gia, khai trương cửa hàng.","Kích thước châu: 35×51 cm
Chiều cao tổng: 90~100 cm",Dễ chăm sóc,"Nắng tán xạ, chịu được nắng trực tiếp","Ít nước, 2 – 3 lần/tuần",,,,,,,
CCNPLT0301,LYRA027,https://mowgarden.com/cay-bang-singapore-lon-2-than-chau-xi-mang-lyra027/,Cây bàng Singapore lớn 2 thân chậu xi măng LYRA027,Ficus lyrata,Bàng Singapore / Sung tỳ bà,650000,"Cây Bàng Singapore Lớn có thể dễ dàng nhận ra ở những góc quán cafe, bàn làm việc công. Với những chiếc lá căng bóng hình đàn vĩ cầm rất lớn, nhiều gân là hình chân chim nổi bật.",,Dễ chăm sóc,Nắng trực tiếp / Ánh sáng tán xạ,"Ít nước, 2 – 3 lần/tuần","Kích thước chậu: 30×30 cm (DxC)
Chiều cao 160 – 180 cm",,,,,,
CCNPLT0302,LYRA026,https://mowgarden.com/cay-bang-singapore-lon-2-than-chau-xi-mang-lyra026/,Cây bàng Singapore lớn 2 thân chậu xi măng LYRA026,Ficus lyrata,Bàng Singapore / Sung tỳ bà,700000,"Cây Bàng Singapore Lớn có thể dễ dàng nhận ra ở những góc quán cafe, bàn làm việc công. Với những chiếc lá căng bóng hình đàn vĩ cầm rất lớn, nhiều gân là hình chân chim nổi bật và sức sống rất mạnh mẽ và chắc chắn sẽ là một sự bổ sung tuyệt đẹp cho những góc trang trí cho góc làm việc, căn phòng, ngôi nhà của bạn.",,Dễ chăm sóc,Nắng trực tiếp / Ánh sáng tán xạ,Tưới nước 2 – 3 lần/tuần,"• Kích thước chậu: 40×60 cm (DxC)
• Chiều cao tổng 120 – 130 cm",,,,,,
CCNPLT0303,LYRA020,https://mowgarden.com/cay-bang-singapore-chau-men-su-lyra020/,Cây bàng Singapore chậu men sứ LYRA020,Ficus lyrata,Cây bàng Singapore,750000,"Bàng Singapore là loại cây nội thất đang được ưa chuộng nhất hiện nay bởi cây có khả năng cải thiện chất lượng không khí mang lại sự xanh mát và sang trọng cho không gian. Cây rất được yêu chuộng sử dụng trang trí phòng khách, văn phòng, quán cafe hay shop hoặc làm quà tặng dịp khai trương, tân gia.","Kích thước: 34×45 cm (DxH)
Chiều cao tổng: 150 – 160 cm",Dễ chăm sóc,"Nắng tán xạ, chịu được nắng trực tiếp","Ít nước, 2 – 3 lần/tuần",,,,,,,
CCNPLT0304,LYRA018,https://mowgarden.com/cay-bang-singapore-de-san-chau-men-su-lyra018/,Cây bàng Singapore để sàn chậu men sứ LYRA018,Ficus lyrata,Cây bàng Singapore,330000,Bàng Singapore là loại cây nội thất đang được ưa chuộng nhất hiện nay bởi cây có khả năng cải thiện chất lượng không khí mang lại sự xanh mát và sang trọng cho không gian.,"Kích thước chậu: 25×25 cm (DxH)
Chiều cao tổng: 90 – 100 cm",Dễ chăm sóc,"Nắng tán xạ, chịu được nắng trực tiếp",Tưới nước 2 – 3 lần/tuần,,,,,,,
CCNPLT0305,LYRA017,https://mowgarden.com/cay-bang-singapore-de-san-chau-men-su-lyra017/,Cây bàng Singapore để sàn chậu men sứ LYRA017,Ficus lyrata,Cây bàng Singapore,250000,Bàng Singapore là loại cây nội thất đang được ưa chuộng nhất hiện nay bởi cây có khả năng cải thiện chất lượng không khí mang lại sự xanh mát và sang trọng cho không gian.,"Kích thước chậu: 23×21 cm (DxH)
Chiều cao tổng: 60 – 70 cm",Dễ chăm sóc,"Nắng tán xạ, chịu được nắng trực tiếp","Ít nước, 2 – 3 lần/tuần",,,,,,,
CCNPLT0306,LYRA016,https://mowgarden.com/cay-bang-singapore-de-ban-chau-men-su-lyra016/,Cây bàng Singapore để bàn chậu men sứ LYRA016,Ficus lyrata,Cây bàng Singapore,220000,Bàng Singapore là loại cây nội thất đang được ưa chuộng nhất hiện nay bởi cây có khả năng cải thiện chất lượng không khí mang lại sự xanh mát và sang trọng cho không gian.,"Kích thước chậu: 15×15 cm
Chiều cao tổng: ~40 cm",Dễ chăm sóc,"Nắng tán xạ, chịu được nắng trực tiếp","Ít nước, 2 – 3 lần/tuần",,,,,,,
CCNPLT0307,LYRA014,https://mowgarden.com/cay-bang-singapore-mini-chau-men-su-lyra014/,Cây bàng Singapore mini chậu men sứ LYRA014,Ficus lyrata,Bàng singapore / Sung tỳ bà,180000,"Cây bàng Singapore đang loại cây trong nhà được nhiều người ưu chuộng. Với bộ lá màu xanh lá mượt mà, dáng thẳng đứng thanh lịch và sang trọng giúp cho không gian nhà bạn thêm phần sinh động. Cây cũng có khả năng thanh lọc không khí giúp không gian thêm trong lanh.",,Dễ chăm sóc,Chịu được nắng trực tiếp,"Ít nước, 2 – 3 lần/tuần",Chiều cao ~20 cm,,,,,,
CCNPLT0308,LYRA012-1,https://mowgarden.com/cay-bang-singapore-mini-chau-men-su-lyra013/,Cây bàng Singapore mini chậu men sứ LYRA013,Ficus lyrata,Bàng singapore / Sung tỳ bà,180000,"Cây bàng Singapore đang loại cây trong nhà được nhiều người ưu chuộng. Với bộ lá màu xanh lá mượt mà, dáng thẳng đứng thanh lịch và sang trọng giúp cho không gian nhà bạn thêm phần sinh động. Cây cũng có khả năng thanh lọc không khí giúp không gian thêm trong lanh.",,Dễ chăm sóc,Chịu được nắng trực tiếp,"Ít nước, 2 – 3 lần/tuần",Chiều cao ~20 cm,,,,,,
CCNPLT0309,LYRA012,https://mowgarden.com/cay-bang-singapore-mini-chau-men-su-lyra012/,Cây bàng Singapore mini chậu men sứ LYRA012,Ficus lyrata,Bàng singapore / Sung tỳ bà,160000,"Cây bàng Singapore đang loại cây trong nhà được nhiều người ưu chuộng. Với bộ lá màu xanh lá mượt mà, dáng thẳng đứng thanh lịch và sang trọng giúp cho không gian nhà bạn thêm phần sinh động.",,Dễ chăm sóc,Nắng tán xạ,Tưới nước 2 – 3 lần/tuần,"• Kích thước chậu: 12x11cm (DxC)
• Chiều cao ~20 cm",,,,,,
CCNPLT0310,ZAMI020,https://mowgarden.com/cay-kim-tien-co-lon-chau-men-ly-trang-zami020/,Cây kim tiền cỡ lớn chậu men ly trắng ZAMI020,Zamioculcas Zamiifolia,Cây kim tiền,850000,Các nhánh thân mọc thành từng bụi với chiều dài trung bình từ 18 đến 45 cm phù hợp để trồng chậu đặt trong phòng hoặc ở những nơi sang trọng.,"Kích thước chậu: 40×50
Chiều cao tổng: 110 ~ 120 cm",Dễ chăm sóc,"Nắng tán xạ, chịu được nắng trực tiếp","Ít nước, 2 – 3 lần/tuần",,,,,,,
CCNPLT0311,ZAMI013,https://mowgarden.com/cay-kim-tien-co-trung-chau-me-ly-su-zami013/,Cây kim tiền cỡ trung chậu men ly xám ZAMI013,Zamioculcas zamiifolia,Cây kim tiền,850000,"Cây kim tiền hay kim phát tài là loại cây phong thủy rất được ưu chuộng và lựa chọn, với mong muốn công việc làm ăn luôn gặp thuận lợi, dù to nhỏ cũng đều suôn sẻ như sức sống của cây vậy.","Kích thước chậu: 25×45 cm
Chiều cao chậu + cây: 110 ~ 120 cm",Dễ chăm sóc,"Nắng tán xạ, chịu được nắng trực tiếp","Ít nước, 2 – 3 lần/tuần",,,,,,,
CCNPLT0312,ZAMI012,https://mowgarden.com/cay-kim-tien-co-trung-chau-men-tru-zami012/,Cây kim tiền cỡ trung chậu men trụ ZAMI012,Zamioculcas zamiifolia,Cây kim tiền,550000,"Cây kim tiền hay kim phát tài là loại cây phong thủy rất được ưu chuộng và lựa chọn, với mong muốn công việc làm ăn luôn gặp thuận lợi, dù to nhỏ cũng đều suôn sẻ như sức sống của cây vậy.","Kích thước chậu: 40×75 cm
Chiều cao chậu + cây: 110 ~ 120 cm",Dễ chăm sóc,"Nắng tán xạ, chịu được nắng trực tiếp","Ít nước, 2 – 3 lần/tuần",,,,,,,
CCNPLT0313,ZAMI010,https://mowgarden.com/cay-kim-tien-de-ban-chau-men-su-zami010/,Cây kim tiền để bàn chậu men sứ ZAMI010,Zamioculcas zamiifolia,Cây kim tiền,250000,"Cây kim tiền hay kim phát tài là loại cây phong thủy rất được ưu chuộng và lựa chọn, với mong muốn công việc làm ăn luôn gặp thuận lợi, dù to nhỏ cũng đều suôn sẻ như sức sống của cây vậy.","• Kích thước chậu: 20×15 cm (DxC)
• Chiều cao tổng: ~45 cm",Dễ chăm sóc,Nắng tán xạ / Chịu râm mát tốt,Tưới nước 2 – 3 lần/tuần,,,,,,,
CCNPLT0314,ZAMI008,https://mowgarden.com/cay-kim-tien-nho-de-ban-chau-su-zami008/,Cây kim tiền nhỏ để bàn chậu sứ ZAMI008,Zamioculcas zamiifolia,Cây kim tiền / Cây kim phát tài,285000,"Cây kim tiền được đánh giá rất cao là loại cây phong thủy đem đến tài lộc, thịnh vượng, giàu sang, sức khỏe cho gia chủ.Đặc biệt khi kim tiền nở hoa gia chủ càng đắc lộc.",Chiều cao 20 – 30cm,Dễ chăm sóc,Nắng tán xạ hoặc trực tiếp,"Ít nước, 2 – 3 lần/tuần",,,,,,,
CCNPLT0315,ZAMI007,https://mowgarden.com/cay-kim-tien-nho-de-ban-chau-su-zami007/,Cây kim tiền nhỏ để bàn chậu sứ ZAMI007,Zamioculcas zamiifolia,Cây kim tiền / Cây kim phát tài,250000,"Cây kim tiền được đánh giá rất cao là loại cây phong thủy đem đến tài lộc, thịnh vượng, giàu sang, sức khỏe cho gia chủ.Đặc biệt khi kim tiền nở hoa gia chủ càng đắc lộc.",Chiều cao 20 – 30cm,Dễ chăm sóc,Nắng tán xạ hoặc trực tiếp,"Ít nước, 2 – 3 lần/tuần",,,,,,,
CCNPLT0316,ZAMI001,https://mowgarden.com/cay-kim-tien-nho-chau-uom-zami001/,Cây kim tiền nhỏ chậu ươm ZAMI001,Zamioculcas zamiifolia,Cây kim tiền,70000,"Cây kim tiền được đánh giá rất cao là loại cây phong thủy đem đến tài lộc, thịnh vượng, giàu sang, sức khỏe cho gia chủ.Đặc biệt khi kim tiền nở hoa gia chủ càng đắc lộc.",,Dễ chăm sóc,Nắng tán xạ hoặc trực tiếp,"Ít nước, 2 – 3 lần/tuần",Chiều cao 20 – 30 cm,,,,,,
CCNPLT0317,LONI009,https://mowgarden.com/cay-kim-ngan-binh-de-ban-chau-su-loni009/,Cây kim ngân bính để bàn chậu sứ LONI009,Pachira aquatica,Cây kim ngân,160000,"Cây Kim Ngân là loại cây cảnh trong nhà được trồng phổ biến trên khắp thế giới, nó có sức ảnh hưởng tới mức mà hầu như ai cũng tin rằng khi trồng có thể mang lại nhiều may mắn trong cuộc sống, công việc hoặc làm ăn.","• Kích thước chậu: 12×11 cm (DxC)
• Chiều cao tổng: 30cm",Dễ chăm sóc,Ánh sáng tán xạ / Râm mát,Tưới nước 2 – 3 lần/tuần,,,,,,,
CCNPLT0318,LONI007,https://mowgarden.com/cay-kim-ngan-mot-than-tru-nho-chau-su-loni007/,Cây kim ngân một thân trụ nhỏ chậu sứ LONI007,Pachira aquatica,Cây kim ngân,180000,"Cây Kim Ngân là dòng cây nội thất được ưu chuộng và phổ biến nhất trên thế giới, nó được biết đến là loại cây phong thủy giúp mang lại những điều tốt lành, vận may và tiền tài tới cho gia chủ.",,Dễ chăm sóc,Nắng tán xạ / Chịu râm mát,Tưới nước 2 – 3 lần/tuần,"• Kích thước chậu: 15x14cm (DxC)
• Chiều cao tổng: 35 – 40 cm",,,,,,
CCNPLT0319,LONI006,https://mowgarden.com/cay-kim-ngan-mot-than-tru-to-chau-su-loni006/,Cây kim ngân một thân trụ to chậu sứ LONI006,Pachira aquatica,Cây kim ngân,320000,"Cây Kim Ngân (Pachira aquatica) là dòng cây nội thất được ưu chuộng và phổ biến nhất trên thế giới, nó được biết đến là loại cây phong thủy giúp mang lại những điều tốt lành, vận may và tiền tài tới cho gia chủ.",,Dễ chăm sóc,Nắng tán xạ / Chịu râm mát,Thay nước 2 – 3 lần/tháng,Cao 40 – 60 cm,,,,,,
CCNPLT0320,LONI003,https://mowgarden.com/cay-kim-ngan-than-tru-to-de-ban-chau-uom-loni003/,Cây kim ngân thân trụ to để bàn chậu ươm LONI003,Pachira aquatica,Cây kim ngân,240000,"Cây kim ngân thân xoắn với dáng cao độc đáo rất phù hợp để trang trí trong nhà, như là trong phòng khách, kệ trang trí hoặc bàn làm việc. Nà là giống cây cảnh nội thất có sức ảnh hưởng tới mức mà hầu như ai cũng tin rằng khi trồng có thể mang lại nhiều may mắn trong cuộc sống, công việc hoặc làm ăn.",Chiều cao 50cm,Dễ chăm sóc,Ánh sáng tán xạ; Nắng trực tiếp,Vừa phải (2 lần/tuần),,,,,,,
CCNPLT0321,LONI001,https://mowgarden.com/cay-kim-ngan-mot-than-mini-chau-uom-loni001/,Cây kim ngân một thân mini chậu ươm LONI001,Lonicera periclymenum,Cây kim ngân,120000,"Kim ngân là loại cây mang ý nghĩa may mắn, tài lộc và thường được làm quà biếu trong các dịp khai trương, tân gia, lên chức… như lời cầu chúc vạn sự may mắn, tấn tài tấn lộc đến người nhận.",Cao 30 – 40 cm,Dễ chăm sóc,"Nắng tán xạ, chịu được nắng trực tiếp","Ít nước, 2 – 3 lần/tuần",,,,,,,
CCNPLT0322,CALA183,https://mowgarden.com/cay-duoi-cong-xanh-dom-chau-xu-de-ban-cath183/,Cây đuôi công xanh đốm chậu xứ để bàn CATH183,Calathea concinna,Đuôi công xương cá,320000,"Cây đuôi công thường được chọn để mang lại không gian xanh mát cho phòng làm việc, phòng làm việc, văn phòng, quán cafe,… Bởi loài cây có những đường vân sọc độc đáo, cùng màu xanh dễ chịu giúp căn phòng trở nên tươi mát và sang trọng hơn.",Chiều cao: 45cm – Tán: 25cm,Dễ chăm sóc,Ánh sáng tán xạ; Chịu được khuất sáng,Tưới vừa phải (2 lần/tuần),,,,,,,
CCNPLT0323,CATH062,https://mowgarden.com/cay-duoi-cong-xuong-ca-chau-xu-de-ban-cath062/,Cây đuôi công xương cá chậu xứ để bàn CATH062,Calathea concinna,Đuôi công xương cá,320000,"Cây đuôi công thường được chọn để mang lại không gian xanh mát cho phòng làm việc, phòng làm việc, văn phòng, quán cafe,… Bởi loài cây có những đường vân sọc độc đáo, cùng màu xanh dễ chịu giúp căn phòng trở nên tươi mát và sang trọng hơn.",Chiều cao: 45cm – Tán: 25cm,Dễ chăm sóc,Ánh sáng tán xạ; Chịu được khuất sáng,Tưới vừa phải (2 lần/tuần),,,,,,,
CCNPLT0324,SYNG002,https://mowgarden.com/cay-troc-bac-hong-thuy-sinh-syng002/,Cây tróc bạc hồng thủy sinh SYNG002,Syngonium podophyllum,Cây tróc bạc hồng,180000,"Cây tróc bạc hồng là loài cây trong có thể trồng trong chậu đất, trong nước thủy sinh hoặc chậu treo trang trí nhà cửa. Trồng cây tróc bạc giúp đem đến không gian sống động, gần gũi với thiên nhiên hơn.",,Dễ chăm sóc,Nắng tán xạ / Chịu râm mát,Thay nước 2 – 3 lần/tháng,Chiều cao 30 – 40 cm,,,,,,
CCNPLT0325,EPIP006-1,https://mowgarden.com/cay-troc-bac-xanh-thuy-sinh-syng001/,Cây tróc bạc xanh thủy sinh SYNG001,Syngonium podophyllum,Cây tróc bạc xanh,180000,"Cây tróc bạc hay còn gọi là trầu bà trắng là loài cây trong có thể trồng trong chậu đất, trong nước thủy sinh hoặc chậu treo trang trí nhà cửa. Trồng cây tróc bạc giúp đem đến không gian sống động, gần gũi với thiên nhiên hơn.",,Dễ chăm sóc,Nắng tán xạ / Chịu râm mát,Thay nước 2 – 3 lần/tháng,Chiều cao 30 – 40 cm,,,,,,
CCNPLT0326,EPIP006,https://mowgarden.com/cay-trau-ba-ty-phu-thuy-sinh/,Cây trầu bà tỷ phú thủy sinh EPIP006,Epipremnum aureum,Cây trầu bà tỷ phú,180000,Cây trầu bà vốn đứng đầu danh sách những loài thực vật có khả năng hấp thụ các loại độc tố trong không khí rất hiệu quả. Và cũng bởi vẻ nhỏ nhắn và xanh mượt nên cũng là một trong những loại cây trong nhà được ưu chuộng,,Dễ chăm sóc,Nắng tán xạ / Chịu râm mát,Thay nước 2 – 3 lần/tháng,Cao 30 – 40 cm,,,,,,
CCNPLT0327,CATH142,https://mowgarden.com/cay-duoi-cong-tim-thuy-sinh-calathea-dottie-cath142/,Cây đuôi công tím thủy sinh Calathea Dottie CATH142,Calathea roseopicta Dottie,Cây đuôi công tím,240000,"Cây đuôi công còn giúp mang lại không khí tự nhiên xanh mát, và là biểu tượng cho quyền quý, may mắn nên được lựa chọn làm món quà tặng trong các dịp sinh nhật, lễ tết, ngày đặc biệt…",,Trung bình,Nắng tán xạ / Chịu râm mát,Thay nước 2 – 3 lần/tháng,Cao 20 – 30 cm,,,,,,
CCNPLT0328,CATH182,https://mowgarden.com/cay-duoi-cong-xanh-dom-thuy-sinh-cath182/,Cây đuôi công sọc xanh thủy sinh Calathea Merak CATH182,Calathea merak,Cây đuôi công sọc xanh,240000,"Cây đuôi công còn giúp mang lại không khí tự nhiên xanh mát, và là biểu tượng cho quyền quý, may mắn nên được lựa chọn làm món quà tặng trong các dịp sinh nhật, lễ tết, ngày đặc biệt…",,Dễ chăm sóc,Nắng tán xạ / Chịu râm mát,Thay nước 2 – 3 lần/tháng,Cao 40 – 60 cm,,,,,,
CCNPLT0329,CALA305,https://mowgarden.com/cay-duoi-cong-xanh-thuy-sinh-cala305/,Cây đuôi công xanh thuy sinh CALA305,Calathea makoyana,Cây đuôi công đốm,240000,"Cây đuôi công còn giúp mang lại không khí tự nhiên xanh mát, và là biểu tượng cho quyền quý, may mắn nên được lựa chọn làm món quà tặng trong các dịp sinh nhật, lễ tết, ngày đặc biệt…",,Dễ chăm sóc,Nắng tán xạ / Chịu râm mát,Thay nước 2 – 3 lần/tháng,Cao 40 – 60 cm,,,,,,
CCNPLT0330,DRAC402,https://mowgarden.com/cay-huyet-du-kiem-chau-bau-uom-drac402/,Cây huyết dụ kiếm chậu bầu ươm DRAC402,Dracaena marginata Tricolor,Cây huyết dụ kiếm,180000,"Cây huyết Dụ là một loại cây phong thủy có tác dụng mang lại may mắn, giữ tiền của và tài lộc cho gia chủ. Bên cạnh đó, cây huyết dụ được trồng hòng để ngăn chặn, xua đuổi tà ma tấn công vào nhà.",Chiều cao 80 cm,Dễ chăm sóc,"Nắng tán xạ, chịu được nắng trực tiếp","Ít nước, 2 – 3 lần/tuần",,,,,,,
CCNPLT0331,aloca009,https://mowgarden.com/cay-mon-quan-am-de-ban-alocasia-polly-chau-dat-nung-aloca009/,Cây môn quan âm để bàn Alocasia Polly chậu đất nung ALOCA009,Alocasia Amazonica Polly,Môn quan âm,350000,"Điểm nổi bật nhất ở Môn Quan Âm là hình dáng lá độc đáo. Với những chiếc lá hình tim, nổi bật lên bề mặt lá là những đường gân dày, hòa cùng sắc tím trông vô cùng bắt mắt, độc đáo.",Cao 20 – 30 cm,Dễ chăm sóc,Nắng tán xạ,"Ít nước, 2 – 3 lần/tuần",,,,,,,
CCNPLT0332,PEOB502,https://mowgarden.com/cay-truong-sinh-cam-thach-chau-dat-nung-peob502/,Cây trường sinh cẩm thạch chậu đất nung PEOB502,Peperomia obtusifolia var,Cây trường sinh cẩm thạch,160000,"Cây trường sinh cẩm thạch là một loại cây cảnh trong nhà đẹp mắt, với bộ lá luôn xanh mát, sức sống mãnh liệt, dễ chăm sóc. Đây cũng là loại cây phong thủy với tác dụng mang đến sức khỏe, may mắn và tiền tài tới cho gia chủ. Người ta thường hay tặng cây trường sinh vào những dịp đặc biệt như là một lời chúc phúc tới người nhận.",,Dễ chăm sóc,Nắng tán xạ / Chịu râm mát,Tưới nước 2 – 3 lần/tuần,"• Kích thước chậu: 12x11cm (DxC)
• Chiều cao 20 – 30 cm",,,,,,
CCNPLT0333,phil018,https://mowgarden.com/cay-trau-ba-philodendron-paraiso-chau-gom-de-ban-phil018/,Cây trầu bà Philodendron Paraiso chậu gốm để bàn PHIL018,Philodendron Paraiso,Philodendron Paraiso,500000,"Philodendron Paraiso là một loại cây nội thất cao cấp có hình dáng lá độc đáo, thích hợp đặt trong những không gian hiện đại và sang trọng.",Cỡ lá 10 – 15 cm,Dễ chăm sóc,Nắng tán xạ,"Ít nước, 2 – 3 lần/tuần",,,,,,,
CCNPLT0334,phil017,https://mowgarden.com/cay-trau-ba-philodendron-gigas-leo-tru-phil017/,Cây trầu bà Philodendron Gigas leo trụ PHIL017,Philodendron Gigas,Philodendron Gigas,650000,"Philodendron Gigas là một loại cây nội thất cao cấp có hình dáng lá độc đáo, thích hợp đặt trong những không gian hiện đại và sang trọng.",Cỡ lá 10 – 15 cm,Dễ chăm sóc,Nắng tán xạ,"Ít nước, 2 – 3 lần/tuần",,,,,,,
CCNPLT0335,LICU009,https://mowgarden.com/cay-co-nhat-co-trung-cao-90cm-chau-uom-licu009/,Cây cọ nhật cỡ trung cao 90cm chậu ươm LICU009,Licuala grandis,Cọ Nhật,300000,"Cây cọ nhật là loại cây trong nhà có kiểu lá xòe rộng như những cánh quạt, giúp trang trí không gian thêm xanh mát. Nó còn là loại cây phong thủy tượng trưng cho sự giàu sang và tiền tài nên rất đáng trồng trên bàn làm việc.",Chiều cao cây: 90cm,Dễ chăm sóc,"Nắng tán xạ, chịu được nắng trực tiếp",Tưới nước: 2 – 3 lần/tuần,,,,,,,
CCNPLT0336,syng001,https://mowgarden.com/cay-troc-bac-hong-de-ban-chau-su-syngonium-pink-syng001/,Cây tróc bạc hồng để bàn chậu sứ Syngonium Pink SYNG001,Syngonium Pink,Tróc bạc hồng,250000,"Cây có bản lá to màu xanh thuộc hành Mộc nên cây phù hợp làm cây phong thủy cho người mệnh Mộc và mệnh Hỏa, mang đến may mắn, thành đạt và bình an cho gia chủ.",Cao 25 – 35 cm,Dễ chăm sóc,Nắng tán xạ.,"Ít nước, 2 – 3 lần/tuần",,,,,,,
CCNPLT0337,AGLA014,https://mowgarden.com/cay-hoang-hau-chau-ly-su-mau-trang-agla014/,Cây hoàng hậu chậu ly sứ màu trắng AGLA014,Aglaonema “Diamond Bay”,Cây hoàng hậu,850000,"Cây hoàng hậu có bộ lá độc đáo với phần rìa màu xanh đậm, bên trong màu bạc rất đẹp mắt. Loại cây này tượng trưng cho sự sang trọng, cao quý và quyền lực tựa như cái tên mà người đời đặt cho vậy.",Chiều cao 90 – 100 cm,Dễ chăm sóc,Nắng tán xạ,"Ít nước, 2 – 3 lần/tuần",,,,,,,
CCNPLT0338,AGLA013,https://mowgarden.com/cay-hoang-hau-chau-su-mau-trang-agla013/,Cây hoàng hậu chậu sứ màu trắng AGLA013,Aglaonema “Diamond Bay”,Cây hoàng hậu,550000,"Cây hoàng hậu có bộ lá độc đáo với phần rìa màu xanh đậm, bên trong màu bạc rất đẹp mắt. Loại cây này tượng trưng cho sự sang trọng, cao quý và quyền lực tựa như cái tên mà người đời đặt cho vậy.",Cao 30 – 40 cm,Dễ chăm sóc,Nắng tán xạ,"Ít nước, 2 – 3 lần/tuần",,,,,,,
CCNPLT0339,mons015,https://mowgarden.com/cay-trau-ba-hanh-phuc-de-ban-chau-gom-monstera-pinnatipartita-mons015/,Cây trầu bà hạnh phúc để bàn chậu gốm Monstera Pinnatipartita MONS015,Monstera Pinnatipartita,Trầu bà hạnh phúc,350000,"Cây có bản lá to màu xanh thuộc hành Mộc nên cây phù hợp làm cây phong thủy cho người mệnh Mộc và mệnh Hỏa, mang đến may mắn, thành đạt và bình an cho gia chủ.",Cao 40 – 60 cm,Dễ chăm sóc,Nắng tán xạ.,"Ít nước, 2 – 3 lần/tuần",,,,,,,
CCNPLT0340,ASPA004,https://mowgarden.com/cay-duong-xi-ha-lan-chau-gom-muoi-tieu-aspl009/,Cây dương xỉ Hà Lan để bàn chậu gốm sứ ASPA004,Asplenium pavati,Dương xỉ Hà Lan,280000,"Dương xỉ Hà Lan là một loại cây trong nhà có sức sống rất bền bỉ, bộ lá cứng cáp, kháng bệnh tốt và dễ chăm sóc. Nó còn nổi tiếng với khả năng lọc không khí giúp môi trường sống thêm trong lạnh. loại bỏ các chất khí độc hại trong không khí.","• Kích thước chậu: 15x14cm (DxC)
• Chiều cao: 25cm – Tán: 15cm",Dễ chăm sóc,"Nắng tán xạ, chịu được nắng trực tiếp","Ít nước, 2 – 3 lần/tuần",,,,,,,
CCNPLT0341,cala018,https://mowgarden.com/cay-duoi-cong-tao-xanh-de-ban-chau-gom-calathea-orbifolia-cala018/,Cây đuôi công táo xanh để bàn chậu gốm Calathea Orbifolia CALA018,Calathea Orbifolia,Đuôi công táo xanh,400000,"Với tán lá tròn trịa xoè rộng phủ xanh cả khu vườn nhỏ, bạn chỉ cần trồng vài cây Orbifolia là không khí tropical mát mẻ đã về với không gian nhà rồi đó.",Cao 35 – 45 cm,Dễ chăm sóc,"Nắng tán xạ, chịu được nắng trực tiếp","Ít nước, 2 – 3 lần/tuần",,,,,,,
CCNPLT0342,ASPL008-1,https://mowgarden.com/cay-duoi-cong-xuong-ca-chau-uom-cala016/,Cây Đuôi công xương cá chậu ươm CALA016,Calathea Concinna,Đuôi công xương cá,200000,"Cây đuôi công thường được chọn để mang lại không gian xanh mát cho phòng làm việc, phòng làm việc, văn phòng, quán cafe,… Bởi loài cây có những đường vân sọc độc đáo, cùng màu xanh dễ chịu giúp căn phòng trở nên tươi mát và sang trọng hơn.",Chiều cao: 45cm – Tán: 25cm,Dễ chăm sóc,"Nắng tán xạ, chịu được nắng trực tiếp","Ít nước, 3 – 5 lần/tuần",,,,,,,
CCNPLT0343,ASPL008,https://mowgarden.com/cay-duong-xi-phuong-hoang-chau-uom-aspl008/,Cây dương xỉ phượng hoàng chậu ươm ASPL008,Blechnum gibbum Silver Lady,Dương xỉ phượng hoàng,200000,"Cây dương xỉ phượng hoàng là một loại cây nội thất có tán lá xòe tròn đẹp mắt, thích hợp đặt trong những không gian hiện đại và sang trọng.",Chiều cao 90 – 100cm,Dễ chăm sóc,"Nắng tán xạ, chịu được nắng trực tiếp","Ít nước, 2 – 3 lần/tuần",,,,,,,
CCNPLT0344,PHIL016,https://mowgarden.com/cay-philodendron-mayoi-leo-cot-chau-uom-phil016/,Cây philodendron mayoi leo cột chậu ươm PHIL016,Philodendron Mayoi,Philodendron Mayoi,650000,"Philodendron Mayoi là một loại cây nội thất cao cấp có hình dáng lá độc đáo, thích hợp đặt trong những không gian hiện đại và sang trọng.",Chiều cao 90 – 100cm,Dễ chăm sóc,"Nắng tán xạ, chịu được nắng trực tiếp","Ít nước, 2 – 3 lần/tuần",,,,,,,
CCNPLT0345,,https://mowgarden.com/cay-hoang-hau-chau-su-mau-xanh-duong-agla012/,Cây hoàng hậu chậu sứ màu xanh dươngAGLA012,Aglaonema “Diamond Bay”,Cây hoàng hậu,450000,"Cây hoàng hậu có bộ lá độc đáo với phần rìa màu xanh đậm, bên trong màu bạc rất đẹp mắt. Loại cây này tượng trưng cho sự sang trọng, cao quý và quyền lực tựa như cái tên mà người đời đặt cho vậy.",Cao 30 – 40 cm,Dễ chăm sóc,Nắng tán xạ,"Ít nước, 2 – 3 lần/tuần",,,,,,,
CCNPLT0346,CHAM005,https://mowgarden.com/cay-cau-tieu-tram-mini-cap-doi-cong-vien-chau-su-cham005/,Cây cau tiểu trâm mini cặp đôi công viên chậu sứ CHAM005,Chamaedorea elegans,Cau tiểu trâm,250000,"Công việc đòi hỏi bạn phải tiếp xúc hằng ngày với các thiết bị hiện đại có nhiều bức xạ điện tử như máy tính, máy in, điện thoại khiến cho tình trạng sức khỏe bị ảnh hưởng, dẫn đến giảm chất lượng công việc. Hãy thử trồng một cây Cau Tiểu Trâm để bàn với tác dụng tuyệt vời đã được minh chứng.","• Kích thước chậu: 12x11cm (DxC)
• Chiều cao tổng: 30 – 35 cm",Dễ chăm sóc,Ánh sáng tán xạ,Tưới nước 2 – 3 lần/tuần),,,,,,,
CCNPLT0347,CALA016,https://mowgarden.com/cay-duoi-cong-tao-xanh-de-ban-chau-su-cala016/,Cây đuôi công táo xanh để bàn chậu sứ CALA016,Calathea Orbifolia,Đuôi công táo xanh,450000,"Với tán lá tròn trịa xoè rộng phủ xanh cả khu vườn nhỏ, bạn chỉ cần trồng vài cây Orbifolia là không khí tropical mát mẻ đã về với không gian nhà rồi đó.",Chiều cao 35 – 45 cm,Dễ chăm sóc,"Nắng tán xạ, chịu được nắng trực tiếp","Ít nước, 2 – 3 lần/tuần",,,,,,,
CCNPLT0348,PODO001,https://mowgarden.com/cay-cau-tieu-tram-mini-de-ban-chau-su-podo001/,Cây tùng la hán mini để bàn chậu sứ PODO001,Podocarpus brevifolius,Tùng la hán,180000,"Cây tùng trong phong thủy được coi là loài cây quý có linh khí rất tốt bởi chúng có thể sống hàng trăm năm, giúp cản gió độc, xua đuổi tà khí, tránh những điều xui xẻo và đem lại sự trường thọ gia chủ.",Chiều cao: 15 cm,Dễ chăm sóc,Ánh sáng tán xạ,Tưới nước 1 – 2 lần/tuần,,,,,,,
CCNPLT0349,sans036,https://mowgarden.com/cay-luoi-ho-vang-chau-dat-nung-co-hoa-tiet-sans036/,Cây lưỡi hổ vàng chậu đất nung có họa tiết SANS036,Sansevieria trifasciata,Lưỡi hổ vàng,250000,"Lưỡi hổ có lẽ là loại cây nội thất quen thuộc nhất đối với những người yêu cây cảnh. Loài cây này có khả năng chịu nóng, chịu hạn tốt, sống được trong bóng râm và đặc biệt nó có khả năng lọc không khí rất tuyệt vời.",Chiều cao cây + chậu: 40 – 50 cm,Dễ chăm sóc,"Nắng tán xạ, chịu được thiếu nắng","Ít nước, 2 – 3 lần/tuần",,,,,,,
CCNPLT0350,pina003,https://mowgarden.com/cay-tuyet-tung-chau-su-trang-de-ban-pina003/,Cây tuyết tùng chậu sứ trắng để bàn PINA003,Cedrus,Cây tuyết tùng,180000,"Tuyết tùng là một trong những loại cây phong thủy để bàn được nhiều người yêu thích bởi vẻ đẹp mộc mạc, cùng những ý nghĩa tốt đẹp mà nó mang lại. Lá tuyết tùng thon gọn, ôm lấy nhau và rủ xuống tựa như những bông tuyết đang đọng lại trên lá",Cao 15 – 20cm gồm chậu,Dễ chăm sóc,"Nắng tán xạ, chịu được nắng trực tiếp","Ít nước, 2 – 3 lần/tuần",,,,,,,
CCNPLT0351,CHAM004,https://mowgarden.com/cay-cau-tieu-tram-mini-chau-dat-nung-de-ban-cham004/,Cây cau tiểu trâm mini chậu đất nung để bàn CHAM004,Chamaedorea elegans,Cau tiểu trâm,180000,"Công việc đòi hỏi bạn phải tiếp xúc hằng ngày với các thiết bị hiện đại có nhiều bức xạ điện tử như máy tính, máy in, điện thoại khiến cho tình trạng sức khỏe bị ảnh hưởng, dẫn đến giảm chất lượng công việc. Hãy thử trồng một cây Cau Tiểu Trâm nhỏ để bàn với tác dụng tuyệt vời đã được minh chứng.",Chiều cao: 10 cm,Dễ chăm sóc,Ánh sáng tán xạ,Ít tưới (1 – 2 lần/tuần),,,,,,,
CCNPLT0352,CATH049,https://mowgarden.com/cay-duoi-cong-dom-chau-gom-calathea-makoyana-cath049/,Cây đuôi công đốm chậu gốm Calathea Makoyana CATH049,Calathea Makoyana,Đuôi công lá đốm,220000,"Loài cây đuôi công này được trồng rất phổ biến trong nội thất với mục đích trang trí, tạo thêm mảnh xanh và thanh lọc không khí, họa tiết lá rất sang trọng.",Cao 25 – 35 cm,Dễ chăm sóc,"Nắng tán xạ, chịu được nắng trực tiếp","Ít nước, 2 – 3 lần/tuần",,,,,,,
CCNPLT0353,AGLA200,https://mowgarden.com/cay-van-loc-son-anjamani-red-chau-uom-agla200/,Cây vạn lộc son ‘Anjamani red’ chậu ươm AGLA200,Aglaonema Anjamani red,Cây vạn lộc son,150000,"Cây vạn lộc là dòng cây cảnh nội thất dễ chăm sóc, có thể sống được trong điều kiện ánh sáng thấp. Với một hình dạng lá độc đáo, bên trên là những họa tiết đẹp mắt giống như tranh vẽ giúp tạo thêm điểm nhấn cho không gian nội thất.",Chiều cao 20 – 30 cm,"Trung bình, dễ thối lá",Nắng tán xạ / Nơi râm mát,Tưới nước 2 – 3 lần/lần,,,,,,,
CCNPLT0354,CATH044,https://mowgarden.com/cay-duoi-cong-dom-chau-gom-calathea-makoyana-cath044/,Cây đuôi công đốm chậu gốm Calathea Makoyana CATH044,Calathea Makoyana,Đuôi công lá đốm,180000,"Loài cây đuôi công này được trồng rất phổ biến trong nội thất với mục đích trang trí, tạo thêm mảnh xanh và thanh lọc không khí, họa tiết lá rất sang trọng.",Cao 25 – 35 cm,Dễ chăm sóc,"Nắng tán xạ, chịu được nắng trực tiếp","Ít nước, 2 – 3 lần/tuần",,,,,,,
CCNPLT0355,QUTA03-1,https://mowgarden.com/cay-qua-tang-mix-chau-men-su-trang-quta004/,Cây quà tặng mix chậu men sứ trắng QUTA004,,Cây quà tặng,420000,"Cây xanh sẽ là món quà tặng tuyệt vời mang lại nhiều ý nghĩa, giúp gắn kết giữa bạn với người được tặng.","Kích thước chậu: 20cm
Kích thước cây: 25cm",Dễ chăm sóc,Ánh sáng tán xạ,,,,,,,,2 ~ 3 lần/tuần
CCNPLT0356,QUTA03,https://mowgarden.com/cay-qua-tang-mix-chau-men-su-trang-quta003/,Cây quà tặng mix chậu men sứ trắng QUTA003,,Cây quà tặng,420000,"Cây xanh sẽ là món quà tặng tuyệt vời mang lại nhiều ý nghĩa, giúp gắn kết giữa bạn với người được tặng.","Kích thước chậu: 20cm
Kích thước cây: 25cm",Dễ chăm sóc,Ánh sáng tán xạ,,,,,,,,2 ~ 3 lần/tuần
CCNPLT0357,QUTA02,https://mowgarden.com/cay-qua-tang-mix-chau-men-su-trang-quta002/,Cây quà tặng mix chậu men sứ trắng QUTA002,,Cây quà tặng,420000,"Cây xanh sẽ là món quà tặng tuyệt vời mang lại nhiều ý nghĩa, giúp gắn kết giữa bạn với người được tặng.","Kích thước chậu: 20cm
Kích thước cây: 25cm",Dễ chăm sóc,Ánh sáng tán xạ,,,,,,,,2 ~ 3 lần/tuần
CCNPLT0358,QUTA01,https://mowgarden.com/cay-qua-tang-mix-chau-men-su-trang-quta001/,Cây quà tặng mix chậu men sứ trắng QUTA001,,Cây quà tặng,420000,"Cây xanh sẽ là món quà tặng tuyệt vời mang lại nhiều ý nghĩa, giúp gắn kết giữa bạn với người được tặng.","Kích thước chậu: 20cm
Kích thước cây: 25cm",Dễ chăm sóc,Ánh sáng tán xạ,,,,,,,,2 ~ 3 lần/tuần
CCNPLT0359,cala013,https://mowgarden.com/cay-mon-linh-de-ban-chau-su-mini-caladium-hilo-beauty-cala013/,Cây môn lính để bàn chậu sứ mini Caladium Hilo Beauty CALA013,Caladium Hilo Beauty,Môn lính,250000,"Loài cây đuôi công này được trồng rất phổ biến trong nội thất với mục đích trang trí, họa tiết lá rất sang trọng.",Cao 20 – 30 cm,Dễ chăm sóc,Nắng tán xạ,"Ít nước, 2 – 3 lần/tuần",,,,,,,
CCNPLT0360,CAMA004,https://mowgarden.com/cay-duoi-cong-khong-tuoc-makoyana-chau-su-cama004/,Cây đuôi công khổng tước ‘Makoyana’ chậu sứ CAMA004,Calathea Makoyana,Đuôi công lá đốm / Đuôi công khổng tước,320000,"Loài cây đuôi công này được trồng rất phổ biến trong nội thất với mục đích trang trí, tạo thêm mảnh xanh và thanh lọc không khí, họa tiết lá rất sang trọng.","• Kích thước chậu: 14x14cm (DxC)
• Chiều cao 25 – 35 cm",Dễ chăm sóc / Chịu hạn tốt,Nắng tán xạ / Chịu râm mát,Tước nước 2 – 3 lần/tuần,,,,,,,
CCNPLT0361,phil012,https://mowgarden.com/cay-trau-rong-leo-tru-philodendron-golden-dragon-phil012/,Cây trầu rồng leo trụ Philodendron Golden Dragon PHIL012,Philodendron Golden Dragon,Trầu rồng,550000,"Là lựa chọn tuyệt với cho những không gian nội thất mở, tiểu cảnh nhiệt đới đa dạng.",Chiều cao 40 – 50cm,Dễ chăm sóc,"Nắng tán xạ, chịu được nắng trực tiếp","Ít nước, 2 – 3 lần/tuần",,,,,,,
CCNPLT0362,ZAMI015,https://mowgarden.com/cay-kim-tien-co-trung-chau-xi-mang-da-mai-vuong-zami015/,Cây kim tiền cỡ trung chậu xi măng đá mài vuông ZAMI015,Zamioculcas Zamiifolia,Cây kim tiền / Kim phát tài,700000,"Cây kim tiền là loài thực vật họ nhà Araceae, có lá hình xương cá màu xanh mướt. Loài này rất dễ sống phát triển mạnh ở những nơi có độ ẩm cao, thường được trồng để trang trí trong phòng khách, làm quà tặng tân gia, khai trương cửa hàng.","Kích thước chậu: 30×30 cm
Chiều cao tổng: 50-70 cm",Dễ chăm sóc,"Nắng tán xạ, chịu được nắng trực tiếp","Ít nước, 2 – 3 lần/tuần",,,,,,,
CCNPLT0363,mons014,https://mowgarden.com/cay-trau-ba-nam-my-monstera-nhieu-than-chau-gom-hoa-tiet-mons014/,Cây Trầu bà Nam Mỹ Monstera nhiều thân chậu gốm họa tiết MONS014,Monstera Deliciosa,Trầu bà lá xẻ,1200000,"Là loài cây sở hữu cho mình những chiếc lá được tạo nét như trái tim, càng lớn lá bắt đầu xuất hiện các đường xẻ một cách ngẫu nhiên.",Cao 80 – 100 cm,Dễ chăm sóc,Nắng tán xạ.,"Ít nước, 2 – 3 lần/tuần",,,,,,,
CCNPLT0364,CATH104,https://mowgarden.com/cay-duoi-phung-de-ban-chau-men-su-trang-cath104/,Cây đuôi phụng lớn chậu men sứ trắng CATH104,Calathea Lancifolia,Cây đuôi phụng,350000,"Vẻ đẹp độc đáo của loài cây này khiến cho người ta phải gọi nó bằng cái tên là cây đuôi phụng, và theo “mặc định” thì nó luôn là một sự lựa chọn tuyệt hảo được dùng để trang trí cho không gian nội thất thêm phần sinh động.","• Kích thước lá: 10 – 20cm
• Chiều cao: 25 – 40cm",Dễ chăm sóc,Ánh sáng tán xạ / Chịu được râm mát,Ít nước 2 3 lần/tuần,,,,,,,
CCNPLT0365,CAMA005,https://mowgarden.com/cay-duoi-cong-khong-tuoc-makoyana-chau-dat-nung-cama005/,Cây đuôi công khổng tước ‘Makoyana’ chậu đất nung CAMA005,Calathea Makoyana,Đuôi công khổng tước,240000,"Loài cây đuôi công này được trồng rất phổ biến trong nội thất với mục đích trang trí, tạo thêm mảnh xanh và thanh lọc không khí, họa tiết lá rất sang trọng.","• Kích thước chậu: 14×14 cm (DxC)
• Chiều cao tổng: 20 – 30 cm",Dễ chăm sóc / Chịu hạn tốt,Nắng tán xạ / Chịu râm mát tốt,Tưới nước 2 – 3 lần/tuần,,,,,,,
CCNPLT0366,cbtt001,https://mowgarden.com/cay-bao-thanh-thien-chau-gom-de-ban-cbtt001/,Cây bao thanh thiên chậu gốm để bàn CBTT001,Pride of Sumatra,Bao thanh thiên,350000,"Sống lâu năm và thường mọc thành bụi, mang đặc điểm nổi bật nhờ các gân đỏ rõ nét trên nền lá màu xanh tía.",Cao 30 – 40 cm,Dễ chăm sóc,Nắng tán xạ,"Ít nước, 2 – 3 lần/tuần",,,,,,,
CCNPLT0367,phil011,https://mowgarden.com/cay-cong-chua-hong-philodendron-pink-princess-phil011/,Cây Công Chúa Hồng Philodendron Pink Princess PHIL011,Philodendron Pink Princess,"• Công chúa hồng
• Pink Princess",800000,"Philodendron Pink Princess với những mảng var màu hồng, mỗi chiếc lá với sự phân bổ màu sắc khác nhau chắc chắn sẽ được lòng mọi người.",Cao 40 – 50 cm,Trung bình,Ánh sáng tán xạ; Tránh ánh nắng trực tiếp,"• Vừa phải
• Đất trồng thông thoáng",,,,,,,
CCNPLT0368,cck001,https://mowgarden.com/cay-chuoi-kieng-chau-xi-mang-da-mai-cck001/,Cây chuối kiểng chậu xi măng đá mài CCK001,Ravenala,Chuối kiểng,750000,Cây sống tốt trong điều kiện khí hậu tại nước ta.,Cao 120 – 150 cm,Dễ chăm sóc,"Nắng tán xạ, chịu được nắng trực tiếp","Ít nước, 2 – 3 lần/tuần",,,,,,,
CCNPLT0369,ctbh005,https://mowgarden.com/cay-truc-bach-hop-chau-gom-co-hoa-tiet-ctbh005/,Cây trúc bách hợp chậu gốm có họa tiết CTBH005,Dracaena reflexa,Trúc bách hợp,750000,"Cây trúc bách hợp thường được làm quà tặng nhân dịp khánh thành, khai trương, tân gia, như là lời chúc may mắn đến với người nhận.",Cao 80-100cm,Dễ chăm sóc,"Nắng tán xạ, chịu được nắng trực tiếp","Ít nước, 2 – 3 lần/tuần",,,,,,,
CCNPLT0370,BUBU004,https://mowgarden.com/cay-bang-dai-loan-cam-thach-chau-gom-su-bubu004/,Cây bàng Đài Loan cẩm thạch chậu gốm sứ BUBU004,Bucida Buceras Variegated,Bàng Đài Loan cẩm thạch,700000,"Cây Bàng Đài Loan Cẩm Thạch có lá nhỏ xinh và sắc xanh, viền trắng hồng rất khác biệt và nổi bật, giúp không gian trở nên độc đáo và sang trọng","• Kích thước chậu: 30×30 cm (DxC)
• Chiều cao tổng: 80 – 100 cm",Dễ chăm sóc,Nắng trực tiếp / Nắng tán xạ,Tưới nước 2 – 3 lần/tuần,,,,,,,
CCNPLT0371,crq001,https://mowgarden.com/cay-chuoi-re-quat-chau-gom-hoa-tiet-crq001/,Cây chuối rẻ quạt chậu gốm họa tiết CRQ001,Ravenala madagascariensis,Chuối rẻ quạt,750000,"Tuy cây chuối rẻ quạt thuộc giống cây ngoại nhập, nhưng cây vẫn sống tốt trong điều kiện khí hậu tại nước ta.",Cao 120 – 150 cm,Dễ chăm sóc,"Nắng tán xạ, chịu được nắng trực tiếp","Ít nước, 2 – 3 lần/tuần",,,,,,,
CCNPLT0372,cptn008,https://mowgarden.com/cay-phat-tai-nui-2-tang-chau-su-cptn008/,Cây phát tài núi 2 tầng chậu sứ CPTN008,Dracaena draco,Phát tài núi,1650000,"Cây phát tài núi rất thường được lựa chọn để làm quà tặng vào những dịp khai trương, lên nhà mới, văn phòng mới… với mong muốn đem lại nhiều tài lộc và may mắn cho người được tặng.",Cao 150 – 160 cm,Dễ chăm sóc,"Nắng tán xạ, chịu được nắng trực tiếp","Ít nước, 2 – 3 lần/tuần",,,,,,,
CCNPLT0373,cptn007,https://mowgarden.com/cay-phat-tai-nui-nhieu-nhanh-chau-su-hoa-tiet-cptn007/,Cây phát tài núi nhiều nhánh chậu sứ họa tiết CPTN007,Dracaena draco,Phát tài núi,3200000,"Cây phát tài núi rất thường được lựa chọn để làm quà tặng vào những dịp khai trương, lên nhà mới, văn phòng mới… với mong muốn đem lại nhiều tài lộc và may mắn cho người được tặng.",Cao 150 – 160 cm,Dễ chăm sóc,"Nắng tán xạ, chịu được nắng trực tiếp","Ít nước, 2 – 3 lần/tuần",,,,,,,
CCNPLT0374,mons013,https://mowgarden.com/cay-trau-ba-lo-chau-gom-de-ban-monstera-adansonii-monkey-mask-mons013/,Cây Trầu Bà Lỗ chậu gốm để bàn Monstera adansonii Monkey Mask – MONS013,Monstera adansonii,Cây Trầu Bà Lỗ,350000,"Monstera adansonii là cây thân thảo, thích nghi với bóng râm hoàn toàn, vì vậy chúng thường được trồng trong nhà, sức sống mạnh mẽ, dễ dàng chăm sóc và có thể tồn tại trong nhiều môi trường khác nhau, gốc nhiều nhánh và đốt.
Với những chiếc lá xanh tươi, thân hình nhỏ nhắn trông rất dễ thương có thể sẽ rất phù hợp với các bạn nữ, nhân viên văn phòng trong lúc mệt mỏi có thể ngắm nhìn để giải tỏa phần nào áp lực công việc, cuộc sống.",,Vừa phải,Nắng tán xạ,"Ít nước, 2 – 3 lần/tuần",Cao 30 – 40 cm,,,,Tính axit,Có khả năng hấp thu chất độc hại,
CCNPLT0375,SANS007,https://mowgarden.com/cay-luoi-ho-de-ban-sans007/,Cây lưỡi hổ để bàn SANS007,Sansevieria trifasciata,Lưỡi hổ ta,180000,"Lưỡi hổ có lẽ là loại cây nội thất quen thuộc nhất đối với những người yêu cây cảnh. Loài cây này có khả năng chịu nóng, chịu hạn tốt, sống được trong bóng râm và đặc biệt nó có khả năng lọc không khí rất tuyệt vời.",Chiều cao cây + chậu: 140cm,Dễ chăm sóc,"Nắng tán xạ, chịu được thiếu nắng","Ít nước, 2 – 3 lần/tuần",,,,,,,
CCNPLT0376,LICU007,https://mowgarden.com/cay-co-nhat-cay-van-phong-licu007/,Cây cọ Nhật cây văn phòng LICU007,Licuala grandis,Cọ Nhật,550000,"Cây cọ nhật là loại cây trong nhà có kiểu lá xòe rộng như những cánh quạt, giúp trang trí không gian thêm xanh mát. Nó còn là loại cây phong thủy tượng trưng cho sự giàu sang và tiền tài nên rất đáng trồng trên bàn làm việc.","Chiều cao cây: 90cm
Chiều cao chậu + cây: 130cm",Dễ chăm sóc,"Nắng tán xạ, chịu được nắng trực tiếp","Ít nước, 2 – 3 lần/tuần",,,,,,,
CCNPLT0377,MIX006,https://mowgarden.com/cay-van-phong-cay-qua-tang-mix006/,Cây văn phòng – cây quà tặng MIX006,,Cây văn phòng - cây quà tặng,1290000,"Combo cây văn phòng Mix006 có thể dễ dàng bài trí trong văn phòng, quán cafe, phòng khách…mà không phải lo về ngũ hành tương sinh, tương khắc.
Chậu cây văn phòng MIX006 là sản phẩm được MOW phối trộn với nhau một cách hài hòa và hợp lý. Điểm nhấn là cây Hoàng Hậu làm trung tâm, dưới chân là cây Phú Quý, cây Ngọc Ngân và cây thường xuân. Biểu trưng cho một bà Hoàng Hậu nhân từ ôm lấy những đứa còn, mong đem lại hạnh phúc và tài lộc cho gia chủ.",Cao 80-100 cm,Dễ chăm sóc,"Nắng tán xạ, chịu được nắng trực tiếp","Ít nước, 2 – 3 lần/tuần",,,,,,,
CCNPLT0378,TBTX004,https://mowgarden.com/cay-trau-ba-thanh-xuan-co-trung-chau-dat-nung-tbtx004/,Cây trầu bà thanh xuân cỡ trung chậu đất nung TBTX004,Thaumatophyllum bipinnatifidum,Cây trầu bà thanh xuân / Cây trầu bà tay Phật,520000,"Trầu bà thanh xuân là loại cây trong nhà độc đáo được mọi người ưa thích và trưng bày trang trí. Trầu Bà Thanh Xuân có ý nghĩa về mặt phong thủy nó còn có ý nghĩa may mắn, đem lại tài lộc, gia tăng vận khí, thể hiện ý chí vươn lên của gia chủ.","Kích thước chậu: 24×18 cm (DxC)
Chiều cao tổng 50 – 60cm",Dễ chăm sóc,Nắng tán xạ / Bóng râm,"Ít tưới nước, 2 – 3 lần/tuần",,,,,,,
CCNPLT0379,ARAC026,https://mowgarden.com/cay-mon-thai-caladium-lindenii-chau-dat-nung-arac026/,Cây môn Thái Caladium lindenii chậu đất nung ARAC026,Caladium lindenii,Cây môn thái,420000,"Cây môn Thái sở hữu chất lá dày, khỏe khoắn, có form tai thỏ bắt mắt, cùng với sự tương phản giữa màu xanh thẩm của lá và sắc trắng ở gân lá, tạo ra một điểm nhấn riêng cho khu vườn của bạn. Loại cây này cực kì dễ chăm sóc và tốc độ phát triển cũng rất nhanh.",Chiều 50 – 60cm,Dễ chăm sóc,"Nắng tán xạ, chịu được nắng trực tiếp","Ít nước, 2 – 3 lần/tuần",,,,,,,
CCNPLT0380,cdvd004,https://mowgarden.com/cay-trau-ba-de-vuong-do-chau-men-lu-soc-philodendron-imperial-red-cdvd004/,Cây Trầu bà đế vương đỏ chậu men lu sọc Philodendron Imperial Red CDVD004,Philodendron Imperial Red,Đế vương đỏ,850000,"Thân dạng thảo lớn, trong tự nhiên cây có thể leo được, nhưng đa số khi trồng chậu thì thân vươn thẳng chắc chắn, cao khoảng dưới 1m5.",Cao 80 – 120 cm,Dễ chăm sóc,"Nắng tán xạ, chịu được nắng trực tiếp","Ít nước, 2 – 3 lần/tuần",,,,,,,
CCNPLT0381,CPTN006,https://mowgarden.com/cay-phat-tai-nui-chau-su-hoa-tiet-cptn006/,Cây phát tài núi để sàn chậu sứ họa tiết CPTN006,Dracaena draco L,Phát tài núi,650000,"Cây phát tài núi rất thường được lựa chọn để làm quà tặng vào những dịp khai trương, lên nhà mới, văn phòng mới… với mong muốn đem lại nhiều tài lộc và may mắn cho người được tặng.","• Kích thước chậu: 25x25cm (DxC)
• Chiều cao tổng: 80 – 100 cm",Dễ chăm sóc,Nắng tán xạ / Chịu được nắng trực tiếp,Tưới nước 2 – 3 lần/tuần,,,,,,,
CCNPLT0382,SANS035,https://mowgarden.com/cay-luoi-ho-vang-chau-da-xi-mang-da-mai-sans035/,Cây lưỡi hổ vàng chậu đá xi măng đá mài SANS035,Sansevieria trifasciata,Lưỡi hổ vàng,600000,"Lưỡi hổ có lẽ là loại cây nội thất quen thuộc nhất đối với những người yêu cây cảnh. Loài cây này có khả năng chịu nóng, chịu hạn tốt, sống được trong bóng râm và đặc biệt nó có khả năng lọc không khí rất tuyệt vời.",Chiều cao cây + chậu: 140 – 160 cm,Dễ chăm sóc,"Nắng tán xạ, chịu được thiếu nắng","Ít nước, 2 – 3 lần/tuần",,,,,,,
CCNPLT0383,pepe001,https://mowgarden.com/cay-hanh-tien-thao-do-chau-gom-de-ban-peperomia-caperata-pepe001/,Cây Hạnh tiên thảo đỏ chậu gốm để bàn Peperomia Caperata PEPE001,Peperomia Caperata,Hạnh tiên thảo đỏ,250000,Không đòi hỏi gắt gao trong việc chăm sóc nên rất thích hợp trồng chậu trang trí nội lẫn ngoại thất.,Cao 15 – 25 cm,Dễ chăm sóc,"Nắng tán xạ, chịu được nắng trực tiếp","Ít nước, 2 – 3 lần/tuần",,,,,,,
CCNPLT0384,CDBD003,https://mowgarden.com/cay-da-bup-do-van-phong-cdbd003/,Cây đa búp đỏ một thân chậu xi măng CDBD003,Ficus elastica,Đa búp đỏ,350000,"Từ lâu cây Đa luôn là biểu tượng của sự trường tồn, sức sống dẻo dai, nơi chứa đựng thần quyền và tâm linh của con người. Chính lẽ đó mà trong phong thủy, Đa Búp Đỏ cũng mang ý nghĩa của sự may mắn, an lành.",Chiều cao 60 – 80cm,Rất dễ chăm sóc,Ánh sáng tán xạ; Bóng râm,"Vừa phải, 2 – 3 lần/tuần",,,,,,,
CCNPLT0385,CHEI001,https://mowgarden.com/cay-trau-ba-de-vuong-kim-cuong-de-ban-phil202-2/,Cây môn chong chóng var chậu đất nung CHEI001,Cheilocostus speciosus,Môn chong chóng,380000,"Môn chong chóng đột biến là loại cây kiểng lá có màu sắc sọc trắng gây ấn tượng, mang ý nghĩa đem lại sự may mắn cho chủ sở hữu.",Cao 30 – 40 cm,Dễ chăm sóc,Nắng tán xạ,"Ít nước, 2 – 3 lần/tuần",,,,,,,
CCNPLT0386,MONS012,https://mowgarden.com/cay-trau-ba-nam-my-monstera-borsigiana-mons012/,Cây Trầu bà Nam Mỹ – Monstera Borsigiana – MONS012,Monstera Deliciosa,Trầu bà lá xẻ,3500000,"Là loài cây sở hữu cho mình những chiếc lá được tạo nét như trái tim, càng lớn lá bắt đầu xuất hiện các đường xẻ một cách ngẫu nhiên.",Cao 80 – 100 cm,Dễ chăm sóc,Nắng tán xạ.,"Ít nước, 2 – 3 lần/tuần",,,,,,,
CCNPLT0387,PHIL202,https://mowgarden.com/cay-trau-ba-de-vuong-kim-cuong-de-ban-phil202/,Cây trầu bà đế vương kim cương chậu đất nung PHIL202,Philodendron Birkin,Trầu bà đế vương kim cương,280000,"Gây ấn tượng với những đường sọc trắng đẹp mắt, mang ý nghĩa phong thủy may mắn và tiền tại cho chủ sở hữu.","Kích thước chậu: 18×15 cm
Chiều cao 35 – 40 cm",Dễ chăm sóc,Nắng tán xạ,"Ít nước, 2 – 3 lần/tuần",,,,,,,
CCNPLT0388,MONS010-1,https://mowgarden.com/cay-trau-ba-nam-my-monstera-borsigiana-mons011/,Cây Trầu bà Nam Mỹ – Monstera Borsigiana – MONS011,Monstera Deliciosa,Trầu bà lá xẻ,5000000,"Là loài cây sở hữu cho mình những chiếc lá được tạo nét như trái tim, càng lớn lá bắt đầu xuất hiện các đường xẻ một cách ngẫu nhiên.",Cao 80 – 100 cm,Dễ chăm sóc,Nắng tán xạ.,"Ít nước, 2 – 3 lần/tuần",,,,,,,
CCNPLT0389,CPTN005,https://mowgarden.com/cay-phat-tai-nui-2-tang-chau-da-mai-cptn005/,Cây phát tài núi 2 tầng chậu đá mài CPTN005,Dracaena draco L,Phát tài núi,1400000,"Cây phát tài núi rất thường được lựa chọn để làm quà tặng vào những dịp khai trương, lên nhà mới, văn phòng mới… với mong muốn đem lại nhiều tài lộc và may mắn cho người được tặng.","• Kích thước chậu: 36×30 cm (DxC)
• Chiều cao: 150 – 160 cm",Dễ chăm sóc,"Nắng tán xạ, chịu được nắng trực tiếp",Tưới nước 2 – 3 lần/tuần,,,,,,,
CCNPLT0390,PHIL800,https://mowgarden.com/cay-philodendron-splendid-leo-cot-chau-xi-mang-phil801/,Cây Philodendron splendid leo cột chậu xi măng PHIL801,Philodendron splendid,Philodendron splendid,3850000,"Philodendron splendid là loại cây kiểng lá rất được yêu thích bởi nó có phiến lá hình tim thuôn dài và mặt lá nhung mịn rất đẹp mắt. Những đường gân màu xanh sáng, có vệt hồng ở điểm giao giữa cuống và lá tạo thêm sự sắc sảo.","Chiều cao cây: 100cm
Kích thước lá: 43cm",Trung bình,Nắng tán xạ,"Vừa phải, 4 – 5 lần/tuần",,,,,,,
CCNPLT0391,MONS010,https://mowgarden.com/cay-trau-ba-nam-my-monstera-borsigiana-mons010/,Cây Trầu bà Nam Mỹ – Monstera Borsigiana – MONS010,Monstera Borsigiana,Trầu bà lá xẻ,7500000,"Là loài cây sở hữu cho mình những chiếc lá được tạo nét như trái tim, càng lớn lá bắt đầu xuất hiện các đường xẻ một cách ngẫu nhiên.",Cao 80 – 100 cm,Dễ chăm sóc,Nắng tán xạ.,"Ít nước, 2 – 3 lần/tuần",,,,,,,
CCNPLT0392,CHAM006,https://mowgarden.com/cay-cau-hawaii-chau-xi-mang-da-mai-cham006/,Cây cau Hawaii chậu xi măng đá mài CHAM006,Chamaedorea elegans,Cau Hawaii,750000,"Cau Hawaii là một loại cây cây cảnh nội thất phổ biến, thích hợp để trưng bày trong các không gian nội thất sang trọng. Loại cây này có sức sống mãnh liệt, dễ chăm sóc, có bộ lá xanh mướt và mang ý nghĩa rất tốt trong phong thủy.","• Kích thước chậu:30x30cm (DxC)
• Chiều cao tổng: 140 – 150 cm",Dễ chăm sóc,Nắng tán xạ / Râm mát,Tưới nước 2 – 3 lần/tuần,,,,,,,
CCNPLT0393,CPTN004,https://mowgarden.com/cay-phat-tai-nui-2-tang-chau-gom-su-cptn004/,Cây phát tài núi 2 tầng chậu gốm sứ CPTN004,Dracaena draco L,Phát tài núi,1550000,"Cây phát tài núi rất thường được lựa chọn để làm quà tặng vào những dịp khai trương, lên nhà mới, văn phòng mới… với mong muốn đem lại nhiều tài lộc và may mắn cho người được tặng.","• Kích thước chậu: 32x52cm (DxC)
• Chiều cao tổng: 150 – 160 cm",Dễ chăm sóc,"Nắng tán xạ, chịu được nắng trực tiếp","Ít nước, 2 – 3 lần/tuần",,,,,,,
CCNPLT0394,AGLA004-1,https://mowgarden.com/cay-van-loc-de-ban-aglaonema-lady-valentine-agla010/,Cây Vạn Lộc để bàn Aglaonema Lady Valentine AGLA010,Aglaonema Lady Valentine,Cây vạn lộc,250000,"Cây vạn lộc (Aglaonema Lady Valentine) là dòng cây cảnh nội thất dễ chăm sóc, có thể sống được trong điều kiện ánh sáng thấp. Với một hình dạng lá độc đáo, bên trên là những họa tiết đẹp mắt giống như tranh vẽ giúp tạo thêm điểm nhấn cho không gian nội thất. Kích thước nhỏ gọn của cây vạn lộc thủy sinh rất thích hợp để đặt trang trí trên bàn hoặc trên tủ kệ.",Cao 20-30 cm,Rất dễ chăm sóc,Nắng tán xạ / Chịu râm mát,Thay nước 2 – 3 lần/tháng,,,,,,,
CCNPLT0395,AGLA009,https://mowgarden.com/cay-ngan-hau-de-ban-aglaonema-marantifolium-agla009/,Cây Ngân Hậu để bàn Aglaonema Marantifolium AGLA009,Aglaonema Marantifolium,Ngân hậu; Minh Ty Rằn,350000,"Cây ngân hậu đại diện cho sự sang chảnh, quyền cao quý tộc giống như cái tên hoàng gia của nó vậy.",Cao 30 – 40 cm,Dễ chăm sóc,Nắng tán xạ,"Ít nước, 2 – 3 lần/tuần",,,,,,,
CCNPLT0396,AGLA008,https://mowgarden.com/cay-ngan-hau-van-phong-aglaonema-marantifolium-agla008/,Cây Ngân Hậu văn phòng Aglaonema Marantifolium AGLA008,Aglaonema Marantifolium,Ngân hậu; Minh Ty Rằn,350000,"Cây ngân hậu đại diện cho sự sang chảnh, quyền cao quý tộc giống như cái tên hoàng gia của nó vậy.",Cao 30 – 40 cm,Dễ chăm sóc,Nắng tán xạ,"Ít nước, 2 – 3 lần/tuần",,,,,,,
CCNPLT0397,NTMX017,https://mowgarden.com/chau-cay-mix-phat-tai-nui-truc-nhat-van-loc-ngoc-ngan-do-la-ntmx017/,"Chậu cây mix phát tài núi, trúc Nhật, vạn lộc, ngọc ngân, đô la NTMX017",,Cây phát tài / Vạn lộc / Ngọc ngân / Đô la / Trúc vàng,1250000,"Chậu cây nội thất được mix các loại cây dễ chăm sóc, thích nghi tốt với điều kiện thiếu sáng trong nhà. Sản phẩm được mix các loại cây Phát tài, Vạn lộc, Ngọc ngân, Đô la, Trúc Nhật mini thích hợp thể đặt tại phòng khách, lối hành lang, văn phòng làm việc, sảnh nhà hàng, khách sạn hoặc làm quà tặng.","• Kích thước chậu: 42×52 cm (DxC)
• Chiều cao tổng: 100 – 110 cm",Dễ chăm sóc,Nắng tán xạ / Nhiều sáng,Tưới nước 2 – 3 lần/tuần,,,Sứ trắng,Màu trắng,,,
CCNPLT0398,MIX003,https://mowgarden.com/cay-van-phong-cay-qua-tang-mix003/,Cây văn phòng – cây quà tặng MIX003,,Cây văn phòng,890000,"Chậu cây văn phòng MIX003 là sản phẩm được MOW phối trộn với nhau một cách hài hòa và hợp lý.
Lưỡi hổ cao làm chủ đạo, dưới chân là Vạn Lộc đỏ, Ngọc Ngân màu trắng ngọc và cây Đô La bao quanh gốc làm điểm tựa cho cây Lưỡi Hổ phát triển cũng như sự phát triển Tài Lộc của gia chủ.
Với chậu cây văn phòng Mix003 này chúng ta có thể dễ dàng bài trí trong văn phòng, quán cafe, phòng khách…mà không phải lo về ngũ hành tương sinh, tương khắc.",Cao 100-120 cm,Dễ chăm sóc,"Nắng tán xạ, chịu được nắng trực tiếp","Ít nước, 2 – 3 lần/tuần",,,,,,,
CCNPLT0399,DRAC401,https://mowgarden.com/cay-huyet-du-kiem-chau-xi-mang-da-mai-drac401/,Cây huyết dụ kiếm chậu xi măng đá mài DRAC401,Dracaena marginata Tricolor,Cây huyết dụ kiếm,420000,"Cây huyết Dụ là một loại cây phong thủy có tác dụng mang lại may mắn, giữ tiền của và tài lộc cho gia chủ. Bên cạnh đó, cây huyết dụ được trồng hòng để ngăn chặn, xua đuổi tà ma tấn công vào nhà.",Chiều cao 120 cm,Dễ chăm sóc,"Nắng tán xạ, chịu được nắng trực tiếp","Ít nước, 2 – 3 lần/tuần",,,,,,,
CCNPLT0400,SANS034,https://mowgarden.com/cay-luoi-ho-xanh-chau-da-xi-mang-vang-sans034/,Cây lưỡi hổ xanh chậu đá xi măng vàng SANS034,Sansevieria zeylanica,Lưỡi hổ xanh,950000,"Lưỡi hổ có lẽ là loại cây nội thất quen thuộc nhất đối với những người yêu cây cảnh. Loài cây này có khả năng chịu nóng, chịu hạn tốt, sống được trong bóng râm và đặc biệt nó có khả năng lọc không khí rất tuyệt vời.",Chiều cao cây + chậu: 140 – 160 cm,Dễ chăm sóc,"Nắng tán xạ, chịu được thiếu nắng","Ít nước, 2 – 3 lần/tuần",,,,,,,
CCNPLT0401,PHIL026,https://mowgarden.com/cay-cung-dan-chau-dat-nung-de-ban-phil026/,Cây cung đàn chậu đất nung để bàn PHIL026,Philodendron Ring of Fire,Cây cung đàn xanh,260000,Cung đàn xanh là loại cây nội thất được săn đón ráo riết bởi cộng đồng kiểng lá trên thế giới bởi hình dáng lá răng cưa khá thú vị của nó. Nếu bạn đang muốn làm đa dạng bộ sưu tập cây trong nhà của mình thì em nó là một sự lựa chọn rất tuyệt vời.,Chiều cao cây + chậu: 14 cm,Dễ chăm sóc,"Nắng tán xạ, chịu được thiếu nắng","Ít nước, 2 – 3 lần/tuần",,,,,,,
CCNPLT0402,SANS006,https://mowgarden.com/cay-luoi-ho-vang-chau-xi-mang-sans006/,Cây lưỡi hổ vàng chậu xi măng SANS006,Sansevieria trifasciata,Lưỡi hổ ta,860000,"Lưỡi hổ có lẽ là loại cây nội thất quen thuộc nhất đối với những người yêu cây cảnh. Loài cây này có khả năng chịu nóng, chịu hạn tốt, sống được trong bóng râm và đặc biệt nó có khả năng lọc không khí rất tuyệt vời.",Chiều cao cây + chậu: 140cm,Dễ chăm sóc,"Nắng tán xạ, chịu được thiếu nắng","Ít nước, 2 – 3 lần/tuần",,,,,,,
CCNPLT0403,CHRY007,https://mowgarden.com/cay-cau-vang-nhat-ban-co-trung-chau-xi-mang-chry007/,Cây cau vàng Nhật Bản cỡ trung chậu xi măng xi măng CHRY007,Chrysalidocarpus lutescens Wendl,Cau vàng Nhật Bản,1200000,"Cây Cau Nhật là loại cây cảnh đẹp ngoài việc dùng làm trang trí nội thất, ngoại thất làm tô điểm cho không gian sống thì cây còn có khả năng hấp thụ các độc tố hóa học và có một ý nghĩa vô cùng đặc biệt trong việc lọc khí độc, trừ tà.","Chiều cao cây: 80 – 100cm
Chiều cao chậu cây: 160 –180cm",Dễ chăm sóc,"Nắng tán xạ, chịu được nắng trực tiếp","Ít nước, 2 – 3 lần/tuần",,,,,,,
CCNPLT0404,SANS005,https://mowgarden.com/cay-luoi-ho-vang-chau-da-mai-sans005/,Cây lưỡi hổ vàng chậu đá mài trụ tròn SANS005,Sansevieria trifasciata,Lưỡi hổ ta,780000,"Lưỡi hổ có lẽ là loại cây nội thất quen thuộc nhất đối với những người yêu cây cảnh. Loài cây này có khả năng chịu nóng, chịu hạn tốt, sống được trong bóng râm và đặc biệt nó có khả năng lọc không khí rất tuyệt vời.",Chiều cao cây + chậu: 160cm,Dễ chăm sóc,"Nắng tán xạ, chịu được thiếu nắng","Ít nước, 2 – 3 lần/tuần",,,,,,,
CCNPLT0405,LYRA023,https://mowgarden.com/cay-bang-singapore-cao-2m-dang-tree-chau-su-lyra023/,Cây bàng Singapore cao 2m dáng tree chậu sứ LYRA023,Ficus lyrata,Cây bàng Singapore,2200000,Bàng Singapore là loại cây nội thất đang được ưa chuộng nhất hiện nay bởi cây có khả năng cải thiện chất lượng không khí mang lại sự xanh mát và sang trọng cho không gian.,"• Kích thước chậu: 42×60 cm (DxC)
• Chiều cao cây + chậu: 190 – 200cm",Dễ chăm sóc,"Nắng tán xạ, chịu được nắng trực tiếp",Tưới nước 2 – 3 lần/tuần,,,,,,,
CCNPLT0406,MIX002,https://mowgarden.com/cay-van-phong-cay-qua-tang-mix002/,Cây văn phòng – cây quà tặng MIX002,,Cây văn phòng - cây quà tặng,1550000,"Chậu cây văn phòng MIX002 là sản phẩm được MOW phối trộn với nhau một cách hài hòa và hợp lý.
Phát Tài Núi dáng tree làm chủ đạo, dưới chân là Vạn Lộc đỏ và thường xuân bao quanh gốc làm điểm tựa cho cây Phát Tài Núi phát triển cũng như sự phát triển Tài Lộc của gia chủ.
Với chậu cây văn phòng Mix002 này chúng ta có thể dễ dàng bài trí trong văn phòng, quán cafe, phòng khách…mà không phải lo về ngũ hành tương sinh, tương khắc.",Cao 120-140 cm,Dễ chăm sóc,"Nắng tán xạ, chịu được nắng trực tiếp","Ít nước, 2 – 3 lần/tuần",,,,,,,
CCNPLT0407,ALOCA007,https://mowgarden.com/cay-rong-bac-de-ban-alocasia-baginda-silver-dragon-aloca007/,Cây Rồng Bạc để bàn – Alocasia Baginda Silver Dragon – ALOCA007,Alocasia Silver Dragon,Rồng bạc,280000,Bạn không cần dành quá nhiều thời gian cho Rồng Bạc nhưng vẫn ngắm nhìn được vẻ đẹp của nó mỗi ngày.,Cao 15 – 20 cm,Dễ chăm sóc,Nắng tán xạ,"Ít nước, 2 – 3 lần/tuần",,,,,,,
CCNPLT0408,PHIL010,https://mowgarden.com/cay-trau-ba-tim-xanh-de-ban-philodendron-scandens-phil010/,Cây Trầu Bà Tim Xanh để bàn – Philodendron Scandens – PHIL010,Philodendron scandens,Trầu bà tim xanh,180000,"Trầu bà tim xanh (Philodendron scandens) sở hữu những chiếc lá màu xanh bóng hình trái tim quyến rũ, có thể trồng theo phong cách thả xuống trên kệ trang trí, trên tủ sách hoặc được treo lơ lửng, cũng có thể được gắn vào cột leo đẹp mắt. Chúng có khả năng sinh trưởng nhanh chóng và rất dễ chăm sóc, chỉ cần tưới một lần một tuần.",Chiều cao: 30 – 40cm,Dễ chăm sóc,Ánh sáng tán xạ,Ít tưới (1 – 2 lần/tuần),,,,,,,
CCNPLT0409,ALOCA006,https://mowgarden.com/cay-mon-quan-am-de-ban-alocasia-polly-aloca006/,Cây Môn quan âm để bàn – Alocasia Polly – ALOCA006,Alocasia Amazonica Polly,Môn quan âm,250000,"Điểm nổi bật nhất ở Môn Quan Âm là hình dáng lá độc đáo. Với những chiếc lá hình tim, nổi bật lên bề mặt lá là những đường gân dày, hòa cùng sắc tím trông vô cùng bắt mắt, độc đáo.",Cao 30 – 40 cm,Dễ chăm sóc,Nắng tán xạ,"Ít nước, 2 – 3 lần/tuần",,,,,,,
CCNPLT0410,PHIL009,https://mowgarden.com/cay-trau-ba-de-vuong-vang-phil009/,Cây trầu bà đế vương vàng chậu xi măng PHIL009,Philodendron imperial Golden,Trầu Bà Đế Vương Vàng,450000,"Trầu bà đế vương vàng có kích thước lá to nên rất thích hợp để trang trí trong phòng khách, quầy tiếp tân, quán cafe, nhà hàng… màu vàng của lá vừa đẹp, vừa sang và vừa mang ý nghĩa phong thủy rất tốt.",Chiều cao: 65cm – Tán: 25cm,Dễ chăm sóc,Ánh sáng tán xạ; Chịu được khuất sáng,Vừa phải (2 lần/tuần),,,,,,,
CCNPLT0411,LYRA031,https://mowgarden.com/bang-singapore-chau-da-mai-ficus-lyrata-cbs005/,Cây bàng Singapore 2 thân chậu đá mài LYRA031,Ficus lyrata,Cây bàng Singapore,800000,Là loại cây nội thất đang được ưa chuộng nhất hiện nay bởi cây có khả năng cải thiện chất lượng không khí mang lại sự xanh mát và sang trọng cho không gian.,"Kích thước chậu: 30×50 (DxC)
Chiều cao tổng: 120 – 140cm",Dễ chăm sóc,"Nắng tán xạ, chịu được nắng trực tiếp","Ít nước, 2 – 3 lần/tuần",,,,,,,
CCNPLT0412,SAZE001,https://mowgarden.com/cay-luoi-ho-xanh-zeylanica-chau-uom-saze001/,Cây lưỡi hổ xanh ‘Zeylanica’ chậu ươm SAZE001,Sansevieria zeylanica,Lưỡi hổ xanh,150000,"Lưỡi hổ có lẽ là loại cây nội thất quen thuộc nhất đối với những người yêu cây cảnh. Loài cây này có khả năng chịu nóng, chịu hạn tốt, sống được trong bóng râm và đặc biệt nó có khả năng lọc không khí rất tuyệt vời.",Chiều cao 50 – 60 cm,Rất dễ chăm sóc,"Nắng tán xạ, chịu được thiếu nắng",Tưới nước 2 – 3 lần/tuần,,,,,,,
CCNPLT0413,CHP004,https://mowgarden.com/cay-hanh-phuc-chau-bau-den-chp004/,Cây hạnh phúc chậu bầu đen CHP004,Radermachera Sinica,Cây hạnh phúc,990000,Cây dễ sinh trưởng phát triển mọi diều kiện thời tiết khác nhau nên rất dễ trồng và chăm sóc. Cây sống tốt trong điều kiện có điều hoà và môi trường thiếu sáng nên chúng ta có thể dễ dàng lựa chọn cây trang trí để bàn cho không gian làm việc trở nên xanh mát và ấm áp.,Cao 80 – 120 cm,Dễ chăm sóc,"Nắng tán xạ, chịu được nắng trực tiếp","Ít nước, 2 – 3 lần/tuần",,,,,,,
CCNPLT0414,CALA009,https://mowgarden.com/cay-duoi-cong-tao-xanh-de-ban-chau-su-cala009/,Cây đuôi công táo xanh để bàn chậu sứ CALA009,Calathea Orbifolia,Đuôi công táo xanh,320000,"Với tán lá tròn trịa xoè rộng phủ xanh cả khu vườn nhỏ, bạn chỉ cần trồng vài cây Orbifolia là không khí tropical mát mẻ đã về với không gian nhà rồi đó.",Cao 35 – 45 cm,Dễ chăm sóc,"Nắng tán xạ, chịu được nắng trực tiếp","Ít nước, 2 – 3 lần/tuần",,,,,,,
CCNPLT0415,EANJ004,https://mowgarden.com/cay-trau-ba-cam-thach-njoy-chau-su-eanj004/,Cây trầu bà cẩm thạch ‘Njoy’ chậu sứ EANJ004,Epipremnum ‘Njoy’,Cây trầu bà cẩm thạch,160000,"Cây trầu bà cẩm thạch (Epipremnum ‘Njoy’) là một dòng trầu bà mới được du nhập, có bộ lá màu loang kem xanh độc đáo. Cũng tương tự cây trầu bà, nó cũng là giống cây có sức sống cực kỳ khỏe mạnh, với bộ lá xanh quanh năm và tốc độ phát triển khá nhanh.","• Kích thước chậu: 11×11 cm (DxC)
• Chiều dài 20 – 30 cm",Rất dễ chăm sóc,Nắng tán xạ,Tưới nước 2 – 3 lần/tuần,,,,,,,
CCNPLT0416,RHAP002,https://mowgarden.com/cay-monstera-form-thai-mini-chau-gom-rhaphidophora-tetrasperma-rhap002/,Cây Monstera form Thái mini chậu gốm Rhaphidophora Tetrasperma RHAP002,Rhaphidophora tetrasperma,Trầu bà lá xẻ mini form Thái,350000,Thường bị nhầm lẫn với Monstera deliciosa phiên bản mini vì hình dáng lá trông khá tương đồng.,Cao 60 – 70 cm,Dễ chăm sóc,Nắng tán xạ,"Ít nước, 2 – 3 lần/tuần",,,,,,,
CCNPLT0417,scin001,https://mowgarden.com/cay-trau-ba-lua-chau-gom-de-ban-scindapsus-pictus-exotica-scin001/,Cây Trầu bà lụa chậu gốm để bàn Scindapsus pictus Exotica SCIN001,Scindapsus pictus Exotica,Trầu bà lụa,250000,"Dễ dàng được lòng những người thích cây treo, cây leo hoặc các giống cây quý hiếm vì nó có hoa văn và màu sắc đẹp.",Cao 10 – 20 cm,Dễ chăm sóc,Nắng tán xạ,"Ít nước, 2 – 3 lần/tuần",,,,,,,
CCNPLT0418,DRSU001,https://mowgarden.com/cay-truc-nhat-vang-de-ban-chau-dat-nung-drsu001/,Cây trúc Nhật vàng để bàn chậu đất nung DRSU001,Dracaena Surculosa,Trúc Nhật vàng,145000,"Với kích thước nhỏ gọn, Trúc Nhật vàng rất thích hợp đặt trên bàn làm việc, kệ trang trí hoặc văn phòng. Trúc Nhật thuộc có đặc điểm phát triển như thân tre, với tán lá màu vàng đốm rất đẹp mắt, giúp tăng thêm sức sống cho không gian sống của bạn.","Kích thước chậu: 14x14cm (DxC)
• Chiều cao 25 – 35 cm",Dễ chăm sóc,"Nắng tán xạ, chịu được nắng trực tiếp",Tưới nước 2 – 3 lần/tuần,,,,,,,
CCNPLT0419,sans002-1-1,https://mowgarden.com/cay-truc-phat-tai-chau-su-de-ban-drac001/,Cây phát lộc chậu sứ để bàn DRAC001,Dracaena sanderiana,Cây phát lộc,135000,"Cây phát lộc là loại cây phong thủy để bàn có khả năng đem lại vận khí tốt cho sức khỏe, tình yêu và sự thịnh vượng. Loại cây này rất thích hợp dùng để làm quà tặng, bởi nó mang ý nghĩa như lời chúc phát triển sự nghiệp dành cho người được tặng.",Cao 20 – 30 cm,Dễ chăm sóc,"Nắng tán xạ, chịu được thiếu nắng","Ít nước, 2 – 3 lần/tuần",,,,,,,
CCNPLT0420,mons009,https://mowgarden.com/cay-trau-ba-nam-my-monstera-nhieu-than-chau-xi-mang-den-mons009/,Cây Trầu bà Nam Mỹ Monstera nhiều thân chậu xi măng đen MONS009,Monstera Deliciosa,Trầu bà lá xẻ,1200000,"Là loài cây sở hữu cho mình những chiếc lá được tạo nét như trái tim, càng lớn lá bắt đầu xuất hiện các đường xẻ một cách ngẫu nhiên.",Cao 80 – 100 cm,Dễ chăm sóc,Nắng tán xạ.,"Ít nước, 2 – 3 lần/tuần",,,,,,,
CCNPLT0421,cala008,https://mowgarden.com/cay-duoi-cong-nu-than-xanh-de-ban-green-goddess-cala008/,Cây Đuôi công nữ thần xanh để bàn Green Goddess CALA008,Calathea Roseopicta Green Goddess,Đuôi công nữ thần xanh,350000,"Loài cây đuôi công này được trồng rất phổ biến trong nội thất với mục đích trang trí, tạo thêm mảnh xanh và thanh lọc không khí.",Cao 35 – 45 cm,Dễ chăm sóc,"Nắng tán xạ, chịu được nắng trực tiếp","Ít nước, 2 – 3 lần/tuần",,,,,,,
CCNPLT0422,CATH047,https://mowgarden.com/cay-duoi-cong-dom-chau-men-su-de-ban-calathea-makoyana-cath047/,Cây Đuôi công đốm chậu men sứ để bàn Calathea Makoyana CATH047,Calathea Makoyana,Đuôi công lá đốm,350000,"Loài cây đuôi công này được trồng rất phổ biến trong nội thất với mục đích trang trí, tạo thêm mảnh xanh và thanh lọc không khí.",Cao 35 – 45 cm,Dễ chăm sóc,"Nắng tán xạ, chịu được nắng trực tiếp","Ít nước, 2 – 3 lần/tuần",,,,,,,
CCNPLT0423,dief003,https://mowgarden.com/cay-danh-du-chau-xi-mang-da-mai-dieffenbachia-sp-dief003/,Cây Danh dự chậu xi măng đá mài Dieffenbachia sp DIEF003,Dieffenbachia Sp,Danh dự,400000,"Là một trong các loại cây được nhiều người ưa thích bởi mang lại nhiều tác dụng hữu ích, không những thế còn có nghĩa phong thủy tốt.",Cao 60cm – 80 cm,Dễ chăm sóc,Ánh sáng tán xạ; Chịu được khuất sáng,Vừa phải (2 lần/tuần),,,,,,,
CCNPLT0424,cdvd003,https://mowgarden.com/cay-trau-ba-de-vuong-do-chau-men-den-bong-cdvd003/,Cây Trầu bà đế vương đỏ chậu men đen bóng CDVD003,Philodendron Imperial Red,Đế vương đỏ,550000,"Thân dạng thảo lớn, trong tự nhiên cây có thể leo được, nhưng đa số khi trồng chậu thì thân vươn thẳng chắc chắn, cao khoảng dưới 1m5.",Cao 80 – 120 cm,Dễ chăm sóc,"Nắng tán xạ, chịu được nắng trực tiếp","Ít nước, 2 – 3 lần/tuần",,,,,,,
CCNPLT0425,phil008,https://mowgarden.com/cay-trau-ba-canh-en-de-ban-chau-mini-philodendron-squamiferum-phil008/,Cây Trầu bà cánh én để bàn chậu mini Philodendron Squamiferum PHIL008,Philodendron Squamiferum,Trầu bà cánh én,250000,"Ngoài vẻ đẹp và làm cảnh, trong một số nền văn hóa, cây Philodendron tượng trưng cho sức khỏe và sự dồi dào. Nó được biết đến là một dấu hiệu của sự may mắn.",Cao 20 – 30 cm,Dễ chăm sóc,Nắng tán xạ,"Ít nước, 2 – 3 lần/tuần",,,,,,,
CCNPLT0426,CHAM002,https://mowgarden.com/cay-cau-tieu-tram-mini-chau-dat-nung-cham003/,Cây cau tiểu trâm mini chậu đất nung CHAM003,Chamaedorea elegans,Cau tiểu trâm,220000,"Công việc đòi hỏi bạn phải tiếp xúc hằng ngày với các thiết bị hiện đại có nhiều bức xạ điện tử như máy tính, máy in, điện thoại khiến cho tình trạng sức khỏe bị ảnh hưởng, dẫn đến giảm chất lượng công việc.",Chiều cao: 10 cm,Dễ chăm sóc,Ánh sáng tán xạ,Ít tưới (1 – 2 lần/tuần),,,,,,,
CCNPLT0427,agla006,https://mowgarden.com/cay-ngan-hau-chau-su-aglaonema-marantifolium-agla006/,Cây Ngân hậu chậu sứ Aglaonema Marantifolium AGLA006,Aglaonema Marantifolium,Ngân hậu; Minh Ty Rằn,580000,"Cây ngân hậu đại diện cho sự sang chảnh, quyền cao quý tộc giống như cái tên hoàng gia của nó vậy.",Cao 30 – 40 cm,Dễ chăm sóc,Nắng tán xạ,"Ít nước, 2 – 3 lần/tuần",,,,,,,
CCNPLT0428,CHPD002,https://mowgarden.com/cay-huyet-phat-du-chau-gom-de-ban-chpd002/,Cây huyết phất dụ chậu sứ để bàn CHPD002,Cordyline fruticosa,Cây ánh dương,350000,"Là cây thân gỗ mọc theo bụi thường xanh, dáng thân và tán lá rất đẹp thu hút người nhìn.","• Kích thước chậu: 20x20cm (DxC)
• Chiều cao tổng 40 – 50 cm",Dễ chăm sóc,"Nắng tán xạ, chịu được nắng trực tiếp",Tưới nước 2 – 3 lần/tuần,,,,,,,
CCNPLT0429,phil007,https://mowgarden.com/cay-trau-ba-ty-phu-chau-gom-de-ban-philodendron-burle-marx-phil007/,Cây Trầu bà tỷ phú chậu gốm để bàn Philodendron Burle Marx PHIL007,Philodendron Burle Marx,Trầu bà tỷ phú,300000,Thường bị nhầm lẫn với Monstera deliciosa phiên bản mini vì hình dáng lá trông khá tương đồng.,Cao 30 – 40 cm,Dễ chăm sóc,Nắng tán xạ,"Ít nước, 2 – 3 lần/tuần",,,,,,,
CCNPLT0430,rhap001,https://mowgarden.com/cay-la-xe-form-thai-mini-chau-gom-rhaphidophora-tetrasperma-rhap001/,Cây lá xẻ form Thái mini chậu gốm Rhaphidophora Tetrasperma RHAP001,Rhaphidophora tetrasperma,Trầu bà lá xẻ mini form Thái,500000,Thường bị nhầm lẫn với Monstera deliciosa phiên bản mini vì hình dáng lá trông khá tương đồng.,Cao 60 – 70 cm,Dễ chăm sóc,Nắng tán xạ,"Ít nước, 2 – 3 lần/tuần",,,,,,,
CCNPLT0431,SANS003,https://mowgarden.com/cay-luoi-ho-ta-chau-dat-nung-sansevieria-trifasciata-laurentii-sans003/,Cây lưỡi hổ ta chậu đất nung Sansevieria trifasciata Laurentii SANS003,Sansevieria trifasciata Laurentii,Lưỡi hổ ta,150000,"Lưỡi hổ có lẽ là loại cây nội thất quen thuộc nhất đối với những người yêu cây cảnh. Loài cây này có khả năng chịu nóng, chịu hạn tốt, sống được trong bóng râm và đặc biệt nó có khả năng lọc không khí rất tuyệt vời.",Cao 50 – 60 cm,Dễ chăm sóc,"Nắng tán xạ, chịu được thiếu nắng","Ít nước, 2 – 3 lần/tuần",,,,,,,
CCNPLT0432,phil006,https://mowgarden.com/cay-philodendron-mayoi-chau-gom-mini-de-ban-phil006/,Cây Philodendron Mayoi chậu gốm mini để bàn PHIL006,Philodendron Mayoi,Mayoi,450000,Là một trong những philodendron được yêu thích gần đây bởi vẻ đẹp của những chiếc lá khi trồng trong nhà hay ngoài trời,Cao 30 – 40 cm,Dễ chăm sóc,Nắng tán xạ,"Ít nước, 2 – 3 lần/tuần",,,,,,,
CCNPLT0433,aloca005,https://mowgarden.com/cay-mon-quan-am-chau-gom-den-de-ban-alocasia-amazonica-polly-aloca005/,Cây Môn quan âm chậu gốm đen để bàn Alocasia Amazonica Polly ALOCA005,Alocasia Amazonica Polly,Môn quan âm,500000,"Điểm nổi bật nhất ở Môn Quan Âm là hình dáng lá độc đáo. Với những chiếc lá hình tim, nổi bật lên bề mặt lá là những đường gân dày, hòa cùng sắc tím trông vô cùng bắt mắt, độc đáo.",Cao 30 – 40 cm,Dễ chăm sóc,Nắng tán xạ,"Ít nước, 2 – 3 lần/tuần",,,,,,,
CCNPLT0434,PINA001,https://mowgarden.com/cay-tuyet-tung-chau-su-trang-de-ban-pina001/,Cây tuyết tùng chậu sứ trắng để bàn PINA001,Cedrus,Cây tuyết tùng,200000,"Tuyết tùng là một trong những loại cây phong thủy để bàn được nhiều người yêu thích bởi vẻ đẹp mộc mạc, cùng những ý nghĩa tốt đẹp mà nó mang lại. Lá tuyết tùng thon gọn, ôm lấy nhau và rủ xuống tựa như những bông tuyết đang đọng lại trên lá","• Kích thước chậu:
• Chiều cao tổng: 15 – 20cm gồm chậu",Dễ chăm sóc,"Nắng tán xạ, chịu được nắng trực tiếp",Tưới nước 2 – 3 lần/tuần,,,,,,,
CCNPLT0435,aloca004,https://mowgarden.com/cay-ray-voi-lon-chau-xi-mang-da-mai-alocasia-macrorrhizos-aloca004/,Cây ráy voi lớn chậu xi măng đá mài Alocasia Macrorrhizos ALOCA004,Alocasia Macrorrhizos,Ráy voi,520000,"Cây nội thất xu hướng mới của lĩnh vực decor hiện nay, được nhiều các bạn trẻ chưng diện trong các shop, quán cà phê",Cao 120 – 140 cm,Dễ chăm sóc,Nắng tán xạ,"Ít nước, 2 – 3 lần/tuần",,,,,,,
CCNPLT0436,,https://mowgarden.com/cay-o-rong-treo-tuong-staghorn-fern-stag002/,Cây Ổ Rồng treo tường Staghorn Fern STAG002,Platycerium grande,Cây Ổ Rồng,450000,Cây Ổ Rồng được dùng để làm đẹp khoảng không ở khu vườn. Loài cây không thể thiếu cho những ai muốn tạo nên một khu rừng nhiệt đới thực thụ.,Lá dài 10 – 15cm,Dễ chăm sóc,"Nắng tán xạ, ánh nắng gián tiếp","Ít nước, 2 – 3 lần/tuần",,,,,,,
CCNPLT0437,LYRA015,https://mowgarden.com/cay-bang-singapore-de-ban-chau-men-su-lyra015/,Cây bàng Singapore để bàn chậu men sứ LYRA015,Ficus lyrata,Cây bàng Singapore,280000,Bàng Singapore là loại cây nội thất đang được ưa chuộng nhất hiện nay bởi cây có khả năng cải thiện chất lượng không khí mang lại sự xanh mát và sang trọng cho không gian.,"Kích thước chậu: 20×20 cm
Chiều cao tổng: 40 – 50 cm",Dễ chăm sóc,"Nắng tán xạ, chịu được nắng trực tiếp","Ít nước, 2 – 3 lần/tuần",,,,,,,
CCNPLT0438,MONS008,https://mowgarden.com/cay-trau-ba-lo-de-ban-monstera-adansonii-monkey-mask-mons008/,Cây Trầu Bà Lỗ để bàn Monstera adansonii Monkey Mask – MONS008,Monstera adansonii,Cây Trầu Bà Lỗ,350000,"Monstera adansonii là cây thân thảo, thích nghi với bóng râm hoàn toàn, vì vậy chúng thường được trồng trong nhà, sức sống mạnh mẽ, dễ dàng chăm sóc và có thể tồn tại trong nhiều môi trường khác nhau, gốc nhiều nhánh và đốt.
Với những chiếc lá xanh tươi, thân hình nhỏ nhắn trông rất dễ thương có thể sẽ rất phù hợp với các bạn nữ, nhân viên văn phòng trong lúc mệt mỏi có thể ngắm nhìn để giải tỏa phần nào áp lực công việc, cuộc sống.",,Vừa phải,Nắng tán xạ,"Ít nước, 2 – 3 lần/tuần",Cao 30 – 40 cm,,,,Tính axit,Có khả năng hấp thu chất độc hại,
CCNPLT0439,ZAMI011,https://mowgarden.com/cay-kim-tien-co-trung-chau-su-zami011/,Cây kim tiền cỡ trung chậu sứ ZAMI011,Zamioculcas Zamiifolia,Cây kim tiền,650000,"Cây kim tiền là loài thực vật họ nhà Araceae, có lá hình xương cá màu xanh mướt. Loài này rất dễ sống phát triển mạnh ở những nơi có độ ẩm cao, thường được trồng để trang trí trong phòng khách, làm quà tặng tân gia, khai trương cửa hàng.","Kích thước chậu: 31×25 cm
Chiều cao tổng: 80 ~ 90 cm",Dễ chăm sóc,"Nắng tán xạ, chịu được nắng trực tiếp","Ít nước, 2 – 3 lần/tuần",,,,,,,
CCNPLT0440,DVX002,https://mowgarden.com/cay-trau-ba-de-vuong-xanh-de-ban-dvx002/,Cây Trầu Bà Đế Vương Xanh Để Bàn DVX002,Philodendron Imperial Green,Cây Trầu Bà Đế Vương Xanh,350000,"Trầu Bà Đế Vương có tên tiếng Anh là Philodendron Imperial thuộc họ Araceae (Ráy). Nguồn gốc của cây từ đảo Solomon, nguyên sinh ở Indonesia, là dòng cây thân thảo, trong tự nhiên dòng cây này có thể cao hơn 1.5m, nhưng với mục đích trang trí thì MOW sẽ gửi đến các bạn cây với kích cỡ nhỏ để tiện đặt ở bất cứ đâu mình thích.",,Vừa phải,Nắng tán xạ,"Ít nước, 2 – 3 lần/tuần",Cao 20 – 40 cm,,,,Tính axit,Có khả năng hấp thu chất độc hại,
CCNPLT0441,CDBD002,https://mowgarden.com/cay-da-bup-do-de-ban-cdbd002/,Cây đa búp đỏ để bàn 3 thân chậu sứ CDBD002,Ficus elastica,Đa búp đỏ,550000,"Từ lâu cây Đa luôn là biểu tượng của sự trường tồn, sức sống dẻo dai, nơi chứa đựng thần quyền và tâm linh của con người. Chính lẽ đó mà trong phong thủy, Đa Búp Đỏ cũng mang ý nghĩa của sự may mắn, an lành.",Chiều cao 40 – 50cm,Rất dễ chăm sóc,Ánh sáng tán xạ; Bóng râm,"Vừa phải, 2 – 3 lần/tuần",,,,,,,
CCNPLT0442,RADE008,https://mowgarden.com/cay-hanh-phuc-de-ban-chau-su-rade008/,Cây hạnh phúc để bàn chậu sứ RADE008,Radermachera Sinica,Cây hạnh phúc,150000,Cây dễ sinh trưởng phát triển mọi diều kiện thời tiết khác nhau nên rất dễ trồng và chăm sóc. Cây sống tốt trong điều kiện có điều hoà và môi trường thiếu sáng nên chúng ta có thể dễ dàng lựa chọn cây trang trí để bàn cho không gian làm việc trở nên xanh mát và ấm áp.,"• Kích thước chậu: 18x18cm (DxC)
• Chiều cao 30 – 40cm",Dễ chăm sóc,"Nắng tán xạ, chịu được nắng trực tiếp","Tưới nước, 3 – 4 lần/tuần",,,,,,,
CCNPLT0443,TBTX003,https://mowgarden.com/cay-trau-ba-thanh-xuan-chau-gom-tbtx003/,Cây trầu bà thanh xuân chậu gốm TBTX003,Thaumatophyllum bipinnatifidum,Cây trầu bà thanh xuân / Cây trầu bà tay Phật,500000,"Trầu bà thanh xuân là loại cây trong nhà độc đáo được mọi người ưa thích và trưng bày trang trí. Trầu Bà Thanh Xuân có ý nghĩa về mặt phong thủy nó còn có ý nghĩa may mắn, đem lại tài lộc, gia tăng vận khí, thể hiện ý chí vươn lên của gia chủ.",Chiều cao tổng 50 – 60cm,Dễ chăm sóc,Nắng tán xạ / Bóng râm,"Ít tưới nước, 2 – 3 lần/tuần",,,,,,,
CCNPLT0444,LONI011,https://mowgarden.com/cay-kim-ngan-de-ban-chau-su-trang-ckn003/,Cây kim ngân một thân trụ lớn chậu sứ trắng LONI011,Pachira aquatica,Cây kim ngân,450000,"Cây Kim Ngân là loại cây cảnh trong nhà được trồng phổ biến trên khắp thế giới, nó có sức ảnh hưởng tới mức mà hầu như ai cũng tin rằng khi trồng có thể mang lại nhiều may mắn trong cuộc sống, công việc hoặc làm ăn.",Chiều cao 50 cm,Dễ chăm sóc,Ánh sáng tán xạ; Nắng trực tiếp,Vừa phải (2 lần/tuần),,,,,,,
CCNPLT0445,CTN001,https://mowgarden.com/cay-thanh-ngan-hoang-hau-de-ban-ctn001/,Cây thanh ngân – hoàng hậu để bàn CTN001,Aglaonema Diamond Bay,"Cây hoàng hậu, cây thanh ngân",250000,"Cây Thanh Lam thường mọc thành bụi lớn và có tán lá rộng. Thân và lá của cây mọc vươn thẳng. Phần thân của cây có màu trắng, phần lá có có màu xanh trắng. Phần rìa lá có màu xanh đậm, phần chính giữa lá có màu trắng. Lá cây có hình bầu dục với các gân và sống lá rõ.",Chiều cao: 30-40cm,Dễ chăm sóc,"Nắng tán xạ, chịu được nắng trực tiếp","Ít nước, 2 – 3 lần/tuần",,,,,,,
CCNPLT0446,ZAMI021,https://mowgarden.com/cay-kim-tien-chau-xi-mang-da-mai-mau-den-ckt006/,Cây kim tiền cỡ trung chậu men sứ heritage ZAMI021,Zamioculcas Zamiifolia,Cây kim tiền,650000,"Cây kim tiền là loài thực vật họ nhà Araceae, có lá hình xương cá màu xanh mướt. Loài này rất dễ sống phát triển mạnh ở những nơi có độ ẩm cao, thường được trồng để trang trí trong phòng khách, làm quà tặng tân gia, khai trương cửa hàng.","Chiều cao cây: 30x27cm
Chiều cao tổng: 90~100 cm",Dễ chăm sóc,"Nắng tán xạ, chịu được nắng trực tiếp","Ít nước, 2 – 3 lần/tuần",,,,,,,
CCNPLT0447,agla005,https://mowgarden.com/cay-ngan-hau-chau-men-su-aglaonema-marantifolium-agla005/,Cây Ngân hậu chậu men sứ Aglaonema Marantifolium AGLA005,Aglaonema Marantifolium,Ngân hậu; Minh Ty Rằn,380000,"Cây ngân hậu đại diện cho sự sang chảnh, quyền cao quý tộc giống như cái tên hoàng gia của nó vậy.",Cao 30 – 40 cm,Dễ chăm sóc,Nắng tán xạ,"Ít nước, 2 – 3 lần/tuần",,,,,,,
CCNPLT0448,TBDV401,https://mowgarden.com/cay-trau-ba-de-vuong-vang-chau-uom-tbdv401/,Cây trầu bà đế vương vàng chậu ươm TBDV401,Philodendron Imperial Golden,Cây trầu bà đế vương vàng,180000,"Trầu Bà Đế Vương có tên tiếng Anh là Philodendron Imperial thuộc họ Araceae (Ráy), là dòng cây thân thảo, trong tự nhiên dòng cây này có thể cao hơn 1,5 m nhưng với mục đích trang trí thì MOW sẽ gửi đến các bạn cây với kích cỡ nhỏ để tiện đặt ở bất cứ đâu mình thích.","• Kích thước chậu: 22×24 (DxC)
• Chiều cao tổng: 40 – 45cm",Dễ chăm sóc,Nắng tán xạ / Bóng râm,Tưới nước 2 – 3 lần/tuần,,,,,,,
CCNPLT0449,sans002,https://mowgarden.com/cay-luoi-ho-kim-cuong-den-de-ban-sansevieria-trifasciata-black-diamond-sans002/,Cây Lưỡi hổ kim cương đen để bàn Sansevieria Trifasciata Black Diamond SANS002,Sansevieria trifasciata Black Diamond,Lưỡi hổ Thái kim cương đen,320000,"Lưỡi hổ “Black Diamond” không có nhiều vằn như những loại lưỡi hổ khác, nhưng nó lại sở hữu bộ lá màu xanh lá bóng mượt ấn tượng, mang lại nét cứng cáp tự nhiên cho không gian nội thất.",Cao 20 – 25 cm,Dễ chăm sóc,Nắng tán xạ,"Ít nước, 2 – 3 lần/tuần",,,,,,,
CCNPLT0450,sans001,https://mowgarden.com/cay-nga-voi-chau-gom-de-ban-sansevireria-cylindrica-sans001/,Cây Ngà voi chậu gốm để bàn Sansevireria Cylindrica SANS001,Sansevireria Cylindrica,Ngà voi,320000,"Hình dáng bên ngoài độc đáo như chính tên gọi, bởi giống như những chiếc ngà voi vươn thẳng lên cao.",Cao 20 – 25 cm,Dễ chăm sóc,Nắng tán xạ,"Ít nước, 2 – 3 lần/tuần",,,,,,,
CCNPLT0451,CATH546,https://mowgarden.com/cay-duoi-cong-xuong-ca-calathea-burle-marxii-cath546/,Cây Đuôi công xương cá Calathea burle-marxii CATH546,Calathea burle-marxii,Đuôi công xương cá,360000,"Cây đuôi công thường được chọn để mang lại không gian xanh mát cho phòng làm việc, phòng làm việc, văn phòng, quán cafe,… Bởi loài cây có những đường vân sọc độc đáo, cùng màu xanh dễ chịu giúp căn phòng trở nên tươi mát và sang trọng hơn.",Chiều cao: 45cm – Tán: 25cm,Dễ chăm sóc,Ánh sáng tán xạ; Chịu được khuất sáng,Tưới nước 5 – 6 lần/tuần,,,,,,,
CCNPLT0452,chob001,https://mowgarden.com/cay-canh-buom-xanh-de-ban-chau-gom-hoa-tiet-christia-obcordata-chob001/,Cây Cánh bướm xanh để bàn chậu gốm họa tiết Christia Obcordata CHOB001,Christia Obcordata,Cánh bướm xanh,350000,"Hiện đang rất được ưa chuộng nhờ vẻ đẹp hoang dại với những sọc đỏ tía trên nền xanh hình tam giác , tạo tổng thể như những cánh bướm phất phơ trước gió.",Cao 20 – 30 cm,Dễ chăm sóc,Nắng tán xạ.,"Ít nước, 2 – 3 lần/tuần",,,,,,,
CCNPLT0453,,https://mowgarden.com/cay-dai-de-kim-cuong-de-ban-philodendron-birkin-phil004/,Cây trầu bà đế vương kim cương để bàn PHIL201,Philodendron Birkin,Trầu bà đế vương kim cương,350000,"Gây ấn tượng với những đường sọc trắng đẹp mắt, mang ý nghĩa phong thủy may mắn và tiền tại cho chủ sở hữu.",Cao 30 – 40 cm,Dễ chăm sóc,Nắng tán xạ,"Ít nước, 2 – 3 lần/tuần",,,,,,,
CCNPLT0454,bego001,https://mowgarden.com/cay-thu-hai-duong-bang-gia-de-ban-begonia-ice-storm-bego001/,Cây Thu hải đường băng giá để bàn Begonia Ice Storm BEGO001,Begonia ice storm,Thu hải đường,480000,Những đốm trắng nổi rõ trên mặt lá như những giọt nước dưới cái lạnh mùa đông kết tinh thành băng đá.,Cao 20 – 30 cm,Dễ chăm sóc,Nắng tán xạ.,"Ít nước, 2 – 3 lần/tuần",,,,,,,
CCNPLT0455,DITS002,https://mowgarden.com/cay-van-nien-thanh-chau-su-cao-dieffenbachia-amoena-dief002/,Cây vạn niên thanh ‘Tropic Snow’ chậu sứ cao DITS002,Dieffenbachia ‘Tropic Snow’,Vạn niên thanh,650000,"Với bộ lá rực rỡ, có nền màu xanh đậm, bên trong là những đốm sáng tựa như những ngôi sao nên cây sao sáng thường được trồng để trang hoàng cho không gian nội thất. Loại cây này còn được xem là biểu tượng của sự may mắn, nguồn năng lượng tích cực, tài lộc và sự thịnh vượng.",Chiều cao: 80 – 100 cm,Dễ chăm sóc,Ánh sáng tán xạ; Chịu được khuất sáng,Tưới nước 3 – 4 lần/tuần,,,,,,,
CCNPLT0456,aloca002,https://mowgarden.com/cay-mon-nhung-chau-gom-de-ban-alocasia-micholitziana-frydek-aloca002/,Cây Môn Nhung chậu gốm để bàn Alocasia Micholitziana Frydek ALOCA002,Alocasia Micholitziana Frydek,Môn nhung,1400000,"Làm cho ngôi nhà, khu vườn của bạn sinh động thêm với những chiếc lá rộng và mượt như nhung, kèm theo đó là những đường gân trắng nổi bật.",Cao 40 – 60 cm,Dễ chăm sóc,Nắng tán xạ.,"Ít nước, 2 – 3 lần/tuần",,,,,,,
CCNPLT0457,PTDL003,https://mowgarden.com/cay-phat-tai-dai-loan-de-ban-chau-su-geometric-ptdl003/,Cây phát tài Đài Loan để bàn chậu sứ Geometric PTDL003,Dracaena fragrans,Cây phát tài đài loan,240000,"Cây phát tài Đài Loan lá dài màu xanh sọc vàng, mặt lá bóng, mép lá nguyên, bẹ lá ôm sát thân. Thân gỗ nhỏ sống lâu năm, chịu bóng râm tốt, sống được ngoài trời. Phát triển chậm và ít khi phân nhánh ngang","• Kích thước chậu: 20×18 cm (DxC)
• Chiều cao tổng 30 – 35 cm",Dễ chăm sóc,"Nắng tán xạ, chịu được nắng trực tiếp",Tưới nước 2 – 3 lần/tuần,,,,,,,
CCNPLT0458,ZAMI014,https://mowgarden.com/cay-kim-tien-co-lon-chau-remy-mau-den-zami014/,Cây kim tiền cỡ lớn chậu xi măng remy màu đen ZAMI014,Zamioculcas Zamiifolia,Cây kim tiền / Kim phát tài,850000,"Cây kim tiền là loài thực vật họ nhà Araceae, có lá hình xương cá màu xanh mướt. Loài này rất dễ sống phát triển mạnh ở những nơi có độ ẩm cao, thường được trồng để trang trí trong phòng khách, làm quà tặng tân gia, khai trương cửa hàng.","Kích thước chậu: 42×42 cm
Chiều cao tổng: 90 ~ 110 cm",Dễ chăm sóc,"Nắng tán xạ, chịu được nắng trực tiếp","Ít nước, 2 – 3 lần/tuần",,,,,,,
CCNPLT0459,RADE007,https://mowgarden.com/cay-hanh-phuc-mot-than-co-trung-chau-da-mai-rade007/,Cây hạnh phúc một thân cỡ trung chậu đá mài RADE007,Radermachera Sinica,Cây hạnh phúc,990000,"Cây hạnh phúc là dòng cây cảnh đẹp, sức sống khỏe mạnh, dễ chăm sóc. Trên cây có những tán lá xanh tươi, mượt mà thể hiện cho sự hi vọng và niềm tin mạnh mẽ. Với ý nghĩa may mắn hạnh phúc và dễ chăm sóc mà cây được chọn để làm cây trưng trong nhà hay làm quà tặng.","• Kích thước chậu: 40×60 (phủ bì)
• Kích thước tổng: 150 – 160 cm",Dễ chăm sóc,"Nắng tán xạ, chịu được nắng trực tiếp",Tưới nước 2 – 3 lần/tuần,,,,,,,
CCNPLT0460,agsc001,https://mowgarden.com/cay-thanh-tam-chau-gom-aglaonema-modestum-schott-agsc001/,Cây Thanh tâm chậu gốm Aglaonema Modestum Schott AGSC001,Aglaonema modestum Engl,Thanh tâm,400000,Một trong những loại cây cảnh trong nhà rất có giá trị về mặt phong thủy đang được nhiều người đam mê cây cảnh săn đón.,Cao 40 – 50 cm,Dễ chăm sóc,Nắng tán xạ.,"Ít nước, 2 – 3 lần/tuần",,,,,,,
CCNPLT0461,phil005,https://mowgarden.com/cay-hac-cam-de-ban-chau-xi-mang-da-mai-philodenron-billietiae-phil005/,Cây Hạc cam để bàn chậu xi măng đá mài Philodenron Billietiae PHIL005,Philodenron Billietiae,Hồng hạc cam,2000000,Với chiếc lá gây ấn tượng khá mạnh với nhiều người chơi kiểng nên hiện tại Billietiae đang dần phổ biến tại Việt Nam.,Lá lớn nhất 40 – 45cm ; 6 – 8 lá,Dễ chăm sóc,Nắng tán xạ.,"Ít nước, 2 – 3 lần/tuần",,,,,,,
CCNPLT0462,BMHT002,https://mowgarden.com/cay-bach-ma-hoang-tu-chau-trang-bmht002/,Cây Bạch mã hoàng tử chậu trắng BMHT002,Aglaonema Pseudobracteatum,Bạch mã hoàng tử,450000,"Là loại cây nội thất đẹp thường được trồng để trang trí trong văn phòng, nhà ở, quán cafe, phòng làm việc với nhiều ý nghĩa phong thủy tốt đẹp.",Cao 60-80 cm,Dễ chăm sóc,"Nắng tán xạ, chịu được nắng trực tiếp","Ít nước, 2 – 3 lần/tuần",,,,,,,
CCNPLT0463,SPI002,https://mowgarden.com/cay-co-lan-chi-de-ban-chau-gom-trang-spi002/,Cây cỏ lan chi để bàn chậu gốm trắng SPI002,Chlorophytum laxum,Cây cỏ lan chi / cây dây nhện,125000,"Cỏ Lan Chi (hay còn gọi là Cỏ Nhện) là loại cây rất dễ sống với điều kiện khí hậu nóng tại Việt Nam. Đặc biệt, nó nằm trong top các loại cây lọc không khí rất hiệu quả, có thể đặt trong phòng ngủ giúp bạn có giấc ngủ trong lành hơn.",,Rất dễ chăm sóc,Nắng tán xạ / Chịu râm mát,Tưới nước 2 – 3 lần/tuần,Chiều cao 30 – 40 cm,,,,,,
CCNPLT0464,AGLV004,https://mowgarden.com/cay-van-loc-de-ban-chau-gom-aglaonema-rotundum-pink-agla004/,Cây vạn lộc ‘Valentine’ để bàn chậu sứ trắng AGLV004,Aglaonema Lady Valentine,Cây vạn lộc,120000,"Cây vạn lộc là dòng cây cảnh nội thất dễ chăm sóc, có thể sống được trong điều kiện ánh sáng thấp. Với một hình dạng lá độc đáo, bên trên là những họa tiết đẹp mắt giống như tranh vẽ giúp tạo thêm điểm nhấn cho không gian nội thất.","• Kích thước chậu: 12x12cm (DxC)
• Chiều cao tổng 20 – 30 cm",Rất dễ chăm sóc,Nắng tán xạ / Chịu râm mát,Tưới nước 2 – 3 lần/tuần,,,,,,,
CCNPLT0465,CTBC003-1,https://mowgarden.com/cay-trau-ba-xanh-de-ban-chau-gom-ctbc004/,Cây trầu bà xanh để bàn chậu gốm CTBC004,Epipremnum aureum,Trầu bà xanh,140000,"Cây trầu bà để bàn có tác dụng thanh lọc không khí trong nhà mà còn chứa đựng ý nghĩa phong thủy rất tốt, mang dáng vẻ thanh lịch và sang trọng.",Cao 30-40cm,Dễ chăm sóc,"Nắng tán xạ, chịu được nắng trực tiếp","Ít nước, 2 – 3 lần/tuần",,,,,,,
CCNPLT0466,SCHE002,https://mowgarden.com/cay-ngu-gia-bi-mini-chau-dat-nung-sche005/,Cây ngũ gia bì mini chậu đất nung SCHE005,Scheffera Octophylla,Ngũ gia bì,140000,"Cây ngũ gia bì còn được gọi là cây Chân chim, có dáng đẹp, sống khỏe, dễ uốn tỉa nên thường được trồng làm cây cảnh văn phòng, trang trí trong nhà.",Chiều cao 20 – 30 cm,Dễ chăm sóc,"Nắng tán xạ, chịu được nắng trực tiếp","Ít nước, 2 – 3 lần/tuần",,,,,,,
CCNPLT0467,phil004,https://mowgarden.com/cay-hac-cam-chau-xi-mang-da-mai-philodenron-billietiae-phil004/,Cây Hạc cam chậu xi măng đá mài Philodenron Billietiae PHIL004,Philodenron Billietiae,Hồng hạc cam,5000000,Với chiếc lá gây ấn tượng khá mạnh với nhiều người chơi kiểng nên hiện tại Billietiae đang dần phổ biến tại Việt Nam.,Lá lớn nhất 45 – 50cm ; 10 – 12 lá,Dễ chăm sóc,Nắng tán xạ.,"Ít nước, 2 – 3 lần/tuần",,,,,,,
CCNPLT0468,LONI010,https://mowgarden.com/cay-kim-ngan-de-ban-chau-gom-trang-ckn002/,Cây kim ngân để bàn chậu sứ tuổi Tuất LONI010,Lonicera periclymenum,Cây kim ngân,250000,"Kim ngân là loại cây mang ý nghĩa may mắn, tài lộc và thường được làm quà biếu trong các dịp khai trương, tân gia, lên chức… như lời cầu chúc vạn sự may mắn, tấn tài tấn lộc đến người nhận.Chọn vị trí đặt cây cũng khá quan trọng để thu hút sự thịnh vượng và may mắn cho gia chủ.",Cao 30 – 40 cm,Dễ chăm sóc,"Nắng tán xạ, chịu được nắng trực tiếp","Ít nước, 2 – 3 lần/tuần",,,,,,,
CCNPLT0469,AGLA003,https://mowgarden.com/cay-phu-quy-de-ban-chau-gom-aglaonema-siam-aurora-chau-su-de-ban-agla003/,Cây Phú quý để bàn chậu gốm Aglaonema Siam Aurora chậu sứ để bàn AGLA003,Aglaonema ‘Siam Aurora’,Cây Phú Quý,180000,"Cây Phú Quý có ý nghĩa mang lại may mắn, phú quý, đại cát đại lợi, bình an cho chủ nhân. Để Trúc Phú Quý mang lại ý nghĩa trọn vẹn bạn lưu ý về vị trí đặt theo hướng hợp với bản mệnh của mình.",Chiều cao: 45cm,Dễ chăm sóc,Ánh sáng tán xạ; Chịu được khuất sáng,Vừa phải (2 lần/tuần),,,,,,,
CCNPLT0470,MONS006,https://mowgarden.com/cay-trau-ba-nam-my-monstera-nhieu-than-chau-gom-den-mons006/,Cây Trầu bà Nam Mỹ Monstera nhiều thân chậu gốm đen MONS006,Monstera Deliciousa,Trầu bà lá xẻ,650000,"Là loài cây sở hữu cho mình những chiếc lá được tạo nét như trái tim, càng lớn lá bắt đầu xuất hiện các đường xẻ một cách ngẫu nhiên.",Cao 80 – 100 cm,Dễ chăm sóc,Nắng tán xạ.,"Ít nước, 2 – 3 lần/tuần",,,,,,,
CCNPLT0471,CTBH004,https://mowgarden.com/cay-truc-bach-hop-chau-xi-mang-xam-ctbh004/,Cây trúc bách hợp chậu xi măng xám CTBH004,Dracaena reflexa,Trúc bách hợp,750000,"Cây trúc bách hợp thường được làm quà tặng nhân dịp khánh thành, khai trương, tân gia, như là lời chúc may mắn đến với người nhận.",Cao 80-100cm,Dễ chăm sóc,"Nắng tán xạ, chịu được nắng trực tiếp","Ít nước, 2 – 3 lần/tuần",,,,,,,
CCNPLT0472,mons005,https://mowgarden.com/cay-trau-ba-nam-my-monstera-nhieu-than-chau-xi-mang-mons005/,Cây Trầu bà Nam Mỹ Monstera nhiều thân chậu xi măng MONS005,Monstera Deliciousa,Trầu bà lá xẻ,1200000,"Là loài cây sở hữu cho mình những chiếc lá được tạo nét như trái tim, càng lớn lá bắt đầu xuất hiện các đường xẻ một cách ngẫu nhiên.",Cao 80 – 100 cm,Dễ chăm sóc,Nắng tán xạ.,"Ít nước, 2 – 3 lần/tuần",,,,,,,
CCNPLT0473,CNN002,https://mowgarden.com/cay-ngoc-ngan-de-ban-chau-gom-size-trung-aglaonema-snow-white-cnn002/,Cây Ngọc Ngân để bàn chậu gốm size Trung – Aglaonema Snow White CNN002,Aglaonema Snow White,Cây ngọc ngân,450000,"Cây ngọc ngân thuộc dòng thân thảo, họ nhà Araceae, lá hình bầu, thuôn nhọn dần về đuôi. Lá cây mềm, màu xanh đốm trắng khá đặc trưng, viền lá màu xanh đậm và mướt. Cây ngọc ngân thuộc giống cây ưa bóng và sinh trưởng mạnh ở nơi mát mẻ rất thích hợp trồng cửa sổ phòng ngủ, phòng khách và trang trí cho cảnh quan văn phòng, quán cafe.",Cao 30 – 40 cm,Rất dễ chăm sóc,Nắng tán xạ,Tưới nước 1-2 lần/ tuần,,,,,,,
CCNPLT0474,ancr001,https://mowgarden.com/cay-hong-mon-anthurium-crystallinum-de-ban-ancr001/,Cây Hồng môn Anthurium Crystallinum để bàn ANCR001,Anthurium Crystallinum,Hồng môn lá tim,1200000,"Crystallinum đẻ nhánh, tốc độ ra lá và để nhánh nhanh nhưng size lá không quá to.",Cao 20 – 30 cm,Dễ chăm sóc,"Nắng tán xạ, chịu được nắng trực tiếp","Ít nước, 2 – 3 lần/tuần",,,,,,,
CCNPLT0475,CNN001,https://mowgarden.com/cay-ngoc-ngan-de-ban-chau-dat-nung-agla004/,Cây ngọc ngân để bàn chậu đất nung AGLA004,Aglaonema Snow White,Cây ngọc ngân,120000,"Cây ngọc ngân là là cây trong nhà được đánh giá cao về phong thuỷ, người ta quan niệm rằng cây Ngọc ngân mang đến tài lộc, may mắn khi đặt trên bàn làm việc hay trang trí trong văn phòng. Về mặt tinh thần cây Ngọc ngân rất thích hợp làm quà tặng tình yêu.",Cao 30 – 40 cm,Rất dễ chăm sóc,Nắng tán xạ,Tưới nước 1-2 lần/ tuần,,,,,,,
CCNPLT0476,TBTX005,https://mowgarden.com/cay-trau-ba-thanh-xuan-lon-chau-su-trang-tbtx005/,Cây trầu bà thanh xuân lớn chậu sứ trắng TBTX005,Thaumatophyllum bipinnatifidum,Cây trầu bà thanh xuân / Cây trầu bà tay Phật,650000,"Trầu bà thanh xuân là loại cây trong nhà độc đáo được mọi người ưa thích và trưng bày trang trí. Trầu Bà Thanh Xuân có ý nghĩa về mặt phong thủy nó còn có ý nghĩa may mắn, đem lại tài lộc, gia tăng vận khí, thể hiện ý chí vươn lên của gia chủ.",Chiều cao tổng 100 – 120cm,Dễ chăm sóc,Nắng tán xạ / Bóng râm,Tưới nước 2 – 3 lần/tuần,,,,,,,
CCNPLT0477,CATH065,https://mowgarden.com/cay-duoi-cong-soc-calathea-vittata-chau-gom-cath065/,Cây Đuôi công sọc Calathea Vittata chậu gốm CATH065,Calathea Vittata,Đuôi công sọc,350000,Nếu bạn đang tìm một chiếc cây để bàn thật bắt mắt hay một món quà khai trương văn phòng mới cho những người bạn trân trọng thì đừng ngần ngại mà chọn ngay một chiếc Đuôi Công xinh xắn này nhé.,Cao 35 – 45 cm,Dễ chăm sóc,"Nắng tán xạ, chịu được nắng trực tiếp","Ít nước, 2 – 3 lần/tuần",,,,,,,
CCNPLT0478,TBTX001,https://mowgarden.com/cay-trau-ba-thanh-xuan-co-lon-chau-uom-tbtx002/,Cây trầu bà thanh xuân cỡ lớn chậu ươm TBTX002,Thaumatophyllum bipinnatifidum,Cây trầu bà thanh xuân / Cây trầu bà tay Phật,550000,"Trầu bà thanh xuân là loại cây trong nhà độc đáo được mọi người ưa thích và trưng bày trang trí. Trầu Bà Thanh Xuân có ý nghĩa về mặt phong thủy nó còn có ý nghĩa may mắn, đem lại tài lộc, gia tăng vận khí, thể hiện ý chí vươn lên của gia chủ.",Chiều cao 80 – 100cm bao gồm chậu,Dễ chăm sóc,Nắng tán xạ / Bóng râm,"Ít tưới nước, 2 – 3 lần/tuần",,,,,,,
CCNPLT0479,ALOCA001,https://mowgarden.com/cay-mon-rong-bac-alocasia-baginda-silver-dragon-chau-su-trang-aloca001/,Cây Môn Rồng Bạc Alocasia Baginda Silver Dragon chậu sứ trắng  ALOCA001,Alocasia Baginda Silver Dragon,"• Môn Rồng Bạc
• Alocasia Baginda
• Silver Dragon",650000,"Một viên ngọc đến từ họ nhà Alocasia, kích thích mọi ánh nhìn, Alocasia Baginda Silver Dragon nổi tiếng và đầy mê hoặc. Nó có thể tồn tại khá tốt trong nhà lẫn ngoài trời.",,Trung Bình,"• Ánh sáng tán xạ
• Tránh ánh nắng trực tiếp","• Vừa phải, 2 – 3 lần/tuần
• Đất trồng thông thoáng",,,,,,,
CCNPLT0480,CDBD001,https://mowgarden.com/cay-da-bup-do-3-than-chau-su-trang-cdbd001/,Cây đa búp đỏ 3 thân chậu sứ trắng CDBD001,Ficus elastica,Đa búp đỏ,350000,"Từ lâu cây Đa luôn là biểu tượng của sự trường tồn, sức sống dẻo dai, nơi chứa đựng thần quyền và tâm linh của con người. Chính lẽ đó mà trong phong thủy, Đa Búp Đỏ cũng mang ý nghĩa của sự may mắn, an lành.",Chiều cao 40 – 50cm,Rất dễ chăm sóc,Ánh sáng tán xạ; Bóng râm,"Vừa phải, 2 – 3 lần/tuần",,,,,,,
CCNPLT0481,dief001,https://mowgarden.com/cay-sao-sang-dieffenbachia-camille-chau-su-de-ban-dief001/,Cây Sao sáng Dieffenbachia Camille chậu sứ để bàn DIEF001,Dieffenbachia Camille,Sao sáng,450000,"Có nguồn gốc từ vùng Caribê và Nam Mỹ, chúng được trồng rộng rãi để làm cây trang trí.",Cao: 45cm – 55cm,Dễ chăm sóc,Ánh sáng tán xạ; Chịu được khuất sáng,Vừa phải (2 lần/tuần),,,,,,,
CCNPLT0482,agla002,https://mowgarden.com/cay-phu-quy-aglaonema-siam-aurora-chau-su-de-ban-agla002/,Cây Phú quý Aglaonema Siam Aurora chậu sứ để bàn AGLA002,Aglaonema ‘Siam Aurora’,Cây Phú Quý,390000,"Cây Phú Quý có ý nghĩa mang lại may mắn, phú quý, đại cát đại lợi, bình an cho chủ nhân. Để Trúc Phú Quý mang lại ý nghĩa trọn vẹn bạn lưu ý về vị trí đặt theo hướng hợp với bản mệnh của mình.",Chiều cao: 45cm,Dễ chăm sóc,Ánh sáng tán xạ; Chịu được khuất sáng,Vừa phải (2 lần/tuần),,,,,,,
CCNPLT0483,SCHE026,https://mowgarden.com/cay-ngu-gia-bi-cam-thach-bonsai-chau-su-sche026/,Cây Ngũ gia bì cẩm thạch bonsai chậu sứ SCHE026,Scheffera Octophylla,Ngũ gia bì cẩm thạch,450000,"Còn được gọi là cây Chân chim, có dáng đẹp, sống khỏe, dễ uốn tỉa nên thường được trồng làm cây cảnh văn phòng, trang trí trong nhà.",Chiều cao 40 – 50 cm,Dễ chăm sóc,"Nắng tán xạ, chịu được nắng trực tiếp","Ít nước, 2 – 3 lần/tuần",,,,,,,
CCNPLT0484,ZAMI017,https://mowgarden.com/cay-kim-tien-chau-xi-mang-vuong-cao-tru-cao-zami017/,Cây kim tiền cỡ trung chậu xi măng trụ vuông ZAMI017,Zamioculcas Zamiifolia,Cây kim tiền / Kim phát tài,750000,"Cây kim tiền là loài thực vật họ nhà Araceae, có lá hình xương cá màu xanh mướt. Loài này rất dễ sống phát triển mạnh ở những nơi có độ ẩm cao, thường được trồng để trang trí trong phòng khách, làm quà tặng tân gia, khai trương cửa hàng. Chúng được đặt tại trước đại sảnh, lối ra vào cổng chính hoặc trưng bày vào những dịp đặc biệt.","Kích thước chậu: 30×60
Chiều cao tổng: 90 ~ 100 cm",Dễ chăm sóc,"Nắng tán xạ, chịu được nắng trực tiếp",Tưới nước 2 lần/tuần,,,,,,,
CCNPLT0485,cala004,https://mowgarden.com/cay-duoi-cong-la-tim-soc-xanh-calathea-bachemiana-de-ban-cala004/,Cây đuôi công lá tím sọc xanh Calathea Bachemiana để bàn CALA004,Calathea bachemiana,Đuôi công lá tím,390000,"Có lá thuông dài, bề mặt dưới lá màu tím. Chúng thường được gọi là calatheas hoặc cây cầu nguyện.",Cao 35 – 50 cm,Dễ chăm sóc,"Nắng tán xạ, chịu được nắng trực tiếp","Ít nước, 2 – 3 lần/tuần",,,,,,,
CCNPLT0486,cupr001,https://mowgarden.com/cay-tung-thom-cupressus-macrocarpa-chau-xi-mang-nho-de-ban-cupr001/,Cây Tùng thơm Cupressus Macrocarpa chậu xi măng nhỏ để bàn CUPR001,Cupressus Macrocarpa,Tùng thơm,420000,Còn được biết đến với cái tên Tùng chanh,Cao 60-80 cm,Dễ chăm sóc,"Nắng tán xạ, chịu được nắng trực tiếp","Ít nước, 2 – 3 lần/tuần",,,,,,,
CCNPLT0487,cala003,https://mowgarden.com/cay-duoi-cong-tao-xanh-calathea-orbifolia-chau-gom-de-ban-cala003/,Cây đuôi công táo xanh Calathea Orbifolia chậu gốm để bàn CALA003,Calathea Orbifolia,Đuôi công táo xanh,400000,"Với tán lá tròn trịa xoè rộng phủ xanh cả khu vườn nhỏ, bạn chỉ cần trồng vài cây Orbifolia là không khí tropical mát mẻ đã về với không gian nhà rồi đó.",Cao 35 – 45 cm,Dễ chăm sóc,"Nắng tán xạ, chịu được nắng trực tiếp","Ít nước, 2 – 3 lần/tuần",,,,,,,
CCNPLT0488,CPTDL002,https://mowgarden.com/cay-phat-tai-dai-loan-chau-tru-su-cptdl002/,Cây phát tài Đài Loan chậu trụ sứ CPTDL002,:Dracaena fragrans,Cây phát tài đài loan,680000,"Cây phát tài Đài Loan lá dài màu xanh sọc vàng, mặt lá bóng, mép lá nguyên, bẹ lá ôm sát thân. Thân gỗ nhỏ
sống lâu năm, chịu bóng râm tốt, sống được ngoài trời. Phát triển chậm và ít khi phân nhánh ngang",Cao 120 – 150 cm,Dễ chăm sóc,"Nắng tán xạ, chịu được nắng trực tiếp","Ít nước, 2 – 3 lần/tuần",,,,,,,
CCNPLT0489,mons004,https://mowgarden.com/cay-trau-ba-lo-leo-cot-chau-gom-trang-mons004/,Cây Trầu bà lỗ leo cột chậu gốm trắng MONS004,Monstera Adansonii,Trầu bà lỗ,700000,"Có khả năng sống trong bóng râm, dễ thích nghi với nhiều điều kiện khác nhau, đặc biệt là những ngóc ngách ít ánh sáng như môi trường trong nhà.",Cao 60 – 80 cm,Dễ chăm sóc,Nắng tán xạ.,"Ít nước, 2 – 3 lần/tuần",,,,,,,
CCNPLT0490,LYRA022,https://mowgarden.com/bang-singapore-ficus-lyrata-3-nhanh-chau-gom-hoa-tiet-cbs003/,Cây bàng Singapore lớn chậu gốm sứ LYRA022,Ficus lyrata,Cây bàng Singapore,2200000,Bàng Singapore là loại cây nội thất đang được ưa chuộng nhất hiện nay bởi cây có khả năng cải thiện chất lượng không khí mang lại sự xanh mát và sang trọng cho không gian.,"Kích thước chậu: 42×35 cm (DxC)
Chiều cao 180 – 220 cm",Dễ chăm sóc,"Nắng tán xạ, chịu được nắng trực tiếp","Ít nước, 2 – 3 lần/tuần",,,,,,,
CCNPLT0491,leuc001,https://mowgarden.com/cay-tuyet-son-phi-hong-chau-xi-mang-mau-den-leuc001/,Cây Tuyết sơn phi hồng chậu xi măng màu đen LEUC001,Leucophyllum frutescens,Tuyết sơn phi hồng,800000,"Thuộc loại cây bụi, còn có tên gọi khác là Bạch Tuyết Sơn, Tuyết Sơn Phi Hồ",Cao 80 – 100 cm,Dễ chăm sóc,"Nắng tán xạ, chịu được nắng trực tiếp","Ít nước, 2 – 3 lần/tuần",,,,,,,
CCNPLT0492,cbct003,https://mowgarden.com/cay-bang-nhat-cam-thach-dang-tree-chau-xi-mang-hoa-tiet-cbct003/,Cây Bàng Nhật cẩm thạch dáng tree chậu xi măng họa tiết CBCT003,Bucida sp.variegata,Bàng cẩm thạch,950000,"Là dòng cây bóng mát có tán lá xếp tầng mang vẻ đẹp hiện đại, có tốc độ phát triển nhanh.",Cao 70 – 80 cm,Dễ chăm sóc,"Nắng tán xạ, chịu được nắng trực tiếp","Ít nước, 2 – 3 lần/tuần",,,,,,,
CCNPLT0493,drac001,https://mowgarden.com/cay-dai-loc-chau-xi-mang-da-mai-den-drac001/,Cây Đại lộc chậu xi măng đá mài đen DRAC001,Dracaena Draco L,Đại lộc,5500000,"Góp phần thư giản, giảm căng thẳng, mệt mỏi. thanh lọc bầu không khí xung quanh hiệu quả, mang đến không gian trong lành hơn, và giúp chủ nhân của nó hứng lộc.",Cao 150 – 170 cm,Dễ chăm sóc,"Nắng tán xạ, chịu được nắng trực tiếp","Ít nước, 2 – 3 lần/tuần",,,,,,,
CCNPLT0494,stm001,https://mowgarden.com/cay-luoi-ho-bac-chau-gom-mini-de-ban-stm001/,Cây lưỡi hổ bạc chậu gốm mini để bàn STM001,Sansevieria trifasciata Moonshine,Lưỡi hổ bạc,300000,"Đây sẽ là món quà ý nghĩa để tặng đối tác, bạn bè, người thân vào những dịp đặc biệt như mừng sinh nhật, tân gia, mừng năm mới.",Cao 20 – 30 cm,Dễ chăm sóc,"Nắng tán xạ, chịu được nắng trực tiếp","Ít nước, 2 – 3 lần/tuần",,,,,,,
CCNPLT0495,PEAC004,https://mowgarden.com/cay-lan-y-chau-co-lon-de-ban-chau-su-trang-peac004/,Cây Lan ý chậu cỡ lớn để bàn chậu sứ trắng PEAC004,Spathiphyllum Wallisii,Lan ý,240000,"Những bông hoa trắng tinh khiết vươn lên đầy kiêu hãnh,phần còn lại phải kể đến vẻ đẹp được tạo từ những chiếc lá xanh tươi, tràn đầy sức sống.",Cao 30 – 40 cm,Dễ chăm sóc,"Nắng tán xạ, chịu được nắng trực tiếp","Ít nước, 2 – 3 lần/tuần",,,,,,,
CCNPLT0496,adia001,https://mowgarden.com/cay-toc-than-ve-nu-chau-gom-trang-de-ban-adia001/,Cây Tóc thần vệ nữ chậu gốm trắng để bàn ADIA001,Adiantum cadatum,Tóc thần vệ nữ,450000,"Một loại dương xỉ sống ở vùng ẩm, hơi lạnh, thường thấy ở dọc bờ suối, còn có tên gọi khác là cây tóc tiên, cỏ dây thép…",Cao 40 – 50 cm,Dễ chăm sóc,"Nắng tán xạ, chịu được nắng trực tiếp","Ít nước, 2 – 3 lần/tuần",,,,,,,
CCNPLT0497,LYRA021,https://mowgarden.com/bang-singapore-ficus-lyrata-2-nhanh-chau-gom-hoa-tiet-cbs002/,Cây bàng Singapore 2 nhánh chậu gốm sứ LYRA021,Ficus lyrata,Cây bàng Singapore,650000,Là loại cây nội thất đang được ưa chuộng nhất hiện nay bởi cây có khả năng cải thiện chất lượng không khí mang lại sự xanh mát và sang trọng cho không gian.,"Kích thước chậu: 30×30 cm (DxC)
Chiều cao tổng: 140 – 150 cm",Dễ chăm sóc,"Nắng tán xạ, chịu được nắng trực tiếp","Ít nước, 2 – 3 lần/tuần",,,,,,,
CCNPLT0498,CTBC003,https://mowgarden.com/cay-trau-ba-cot-chau-da-mai-tru-vuong-ctbc003/,Cây trầu bà cột chậu đá mài trụ vuông CTBC003,Epipremnum aureum,Trầu bà xanh,1250000,"Có tác dụng thanh lọc không khí trong nhà mà còn chứa đựng ý nghĩa phong thủy rất tốt, mang dáng vẻ thanh lịch và sang trọng.",Cao 140 – 160 cm,Dễ chăm sóc,"Nắng tán xạ, chịu được nắng trực tiếp","Ít nước, 2 – 3 lần/tuần",,,,,,,
CCNPLT0499,BUBU002,https://mowgarden.com/cay-bang-dai-loan-cam-thach-chau-da-mai-bubu002/,Cây bàng Đài Loan cẩm thạch chậu đá mài BUBU002,Bucida sp.variegata,Bàng cẩm thạch,750000,"Là dòng cây bóng mát có tán lá xếp tầng mang vẻ đẹp hiện đại, đang trở thành cây “hot trend” được nhiều người săn đón.",Cao 70 – 80 cm,Dễ chăm sóc,"Nắng tán xạ, chịu được nắng trực tiếp","Ít nước, 2 – 3 lần/tuần",,,,,,,
CCNPLT0500,cptn002,https://mowgarden.com/cay-phat-tai-nui-chau-xi-mang-da-mai-mau-den-co-hoa-tiet-cptn002/,Cây phát tài núi hai tầng chậu xi măng đá mài CPTN002,Dracaena draco L,Phát tài núi,1950000,"Cây phát tài núi rất thường được lựa chọn để làm quà tặng vào những dịp khai trương, lên nhà mới, văn phòng mới… với mong muốn đem lại nhiều tài lộc và may mắn cho người được tặng.",Cao 100 – 120 cm,Dễ chăm sóc,"Nắng tán xạ, chịu được nắng trực tiếp","Ít nước, 2 – 3 lần/tuần",,,,,,,
CCNPLT0501,ASPL101,https://mowgarden.com/cay-rang-to-yen-chau-gom-co-hoa-tiet-mau-den-aspl002/,Cây ráng tổ yến chậu gốm có họa tiết màu đen ASPL002,Asplenium antiquum,Tổ yến,490000,"Tổ yến góp phần lọc không khí, tạo mảng xanh trong ngôi nhà, khu vườn của bạn.",Cao 30 – 40 cm,Dễ chăm sóc,"Nắng tán xạ, chịu được nắng trực tiếp","Ít nước, 2 – 3 lần/tuần",,,,,,,
CCNPLT0502,cht001,https://mowgarden.com/cay-huong-thao-chau-gom-xanh-co-hoa-tiet-cht001/,Cây hương thảo chậu gốm xanh có họa tiết CHT001,Rosmarinus Officinalis,Hương thảo,490000,Có một mùi thơm rất dễ chịu. Thân cây phân nhánh và mọc thành bụi rậm rạp với rất nhiều chiếc lá xanh mướt phủ xung quanh.,Cao 30 – 40 cm,Dễ chăm sóc,Nắng tán xạ,"Ít nước, 2 – 3 lần/tuần",,,,,,,
CCNPLT0503,cala002,https://mowgarden.com/cay-mon-trang-la-to-chau-gom-de-ban-cala002/,Cây môn trắng lá to chậu gốm để bàn CALA002,Caladium White Christmas,Môn giáng sinh trắng,490000,"Là 1 trong những loại Caladium nổi bật nhất, được mọi người biết đến nhiều nhất, cũng như được đánh giá có độ trang trí cao.",Cao 50 – 70 cm,Dễ chăm sóc,"Nắng tán xạ, chịu được nắng trực tiếp","Ít nước, 2 – 3 lần/tuần",,,,,,,
CCNPLT0504,ZAMI019,https://mowgarden.com/cay-kim-tien-co-lon-chau-xi-mang-hinh-lu-zami019/,Cây kim tiền cỡ lớn chậu xi măng hình lu ZAMI019,Zamioculcas Zamiifolia,Cây kim tiền / Kim phát tài,850000,Các nhánh thân mọc thành từng bụi với chiều dài trung bình từ 18 đến 45 cm phù hợp để trồng chậu đặt trong phòng hoặc ở những nơi sang trọng.,"Kích thước chậu: 35×40 cm (DxC)
Chiều cao tổng: 90 ~ 100 cm",Dễ chăm sóc,"Nắng tán xạ, chịu được nắng trực tiếp","Ít nước, 2 – 3 lần/tuần",,,,,,,
CCNPLT0505,PHIL003,https://mowgarden.com/cay-trau-ba-de-vuong-chau-su-phil003/,Cây trầu bà đế vương chậu sứ trắng PHIL003,Philodendron Imperial Red,Cây trầu bà đế vương,460000,"Cây Trầu Bà Đế Vương được xem là biểu tượng của bậc đế vương, mang ý nghĩa giúp đem lại sự thịnh vượng, may mắn, thành công tới cho gia chủ. Bên cạnh đó, nó còn có khả năng hấp thu các loại khí thải … giúp không khi trong lành hơn",Chiều cao: 45cm – Tán: 55cm,Dễ chăm sóc,Ánh sáng tán xạ mạnh,Vừa phải (2 lần/tuần),,,,,,,
CCNPLT0506,CADI001,https://mowgarden.com/cay-mon-trang-la-nho-chau-su-de-ban-cadi001/,Cây môn trắng lá nhỏ chậu sứ để bàn CADI001,Caladium humboldtii,Cây môn trắng,220000,"Đặt một chậu cây môn trắng nhỏ nhắn trên bàn làm việc sẽ giúp bạn thư giãn khi đang làm việc. Với kích thước vừa vặn, không chiếm dụng quá nhiều diện tích nên rất thích với dân văn phòng. Đặc biệt, loại cây này có sức sống rất mãnh liệt nên rất dễ chăm sóc.",Chiều cao: 15cm – Tán: 15cm,Dễ chăm sóc,Ánh sáng tán xạ mạnh,Vừa phải (2 lần/tuần),,,,,,,
CCNPLT0507,ASPL142,https://mowgarden.com/cay-rang-to-phung-de-ban-chau-su-aspl142/,Cây ráng tổ phụng để bàn chậu sứ ASPL142,Asplenium nidus,Ráng ổ phụng,240000,"Ráng ổ phụng là loại cây thuộc họ dương xỉ, có sức sống rất mãnh liệt, loài này có hình hài rất giống với tổ chim nên nó được xem là biểu tượng cho sự ấm áp, hạnh phúc và xum vầy trong gia đình.",Chiều cao: 35cm – Tán: 25cm,Dễ chăm sóc,Ánh sáng tán xạ; Chịu được khuất sáng,Tưới nước 2 – 3 lần/tuần,,,,,,,
CCNPLT0508,cdvd,https://mowgarden.com/cay-trau-ba-de-vuong-do-chau-xi-mang-mau-dong-cdvd001/,Cây Trầu bà đế vương đỏ chậu xi măng màu đồng CDVD001,Philodendron Imperial Red,Đế vương đỏ,700000,"Thân dạng thảo lớn, trong tự nhiên cây có thể leo được, nhưng đa số khi trồng chậu thì thân vươn thẳng chắc chắn, cao khoảng dưới 1m5.",Cao 80 – 120 cm,Dễ chăm sóc,"Nắng tán xạ, chịu được nắng trực tiếp","Ít nước, 2 – 3 lần/tuần",,,,,,,
CCNPLT0509,CLH,https://mowgarden.com/cay-luoi-ho-nhieu-than-chau-gom-den-bong-clh001/,Cây lưỡi hổ nhiều thân chậu gốm đen bóng CLH001,Sansevieria Trifasciata,Lưỡi hổ,900000,"Đây sẽ là món quà ý nghĩa để tặng đối tác, bạn bè, người thân vào những dịp đặc biệt như mừng sinh nhật, tân gia, mừng năm mới.",Cao 80 – 100 cm,Dễ chăm sóc,"Nắng tán xạ, chịu được nắng trực tiếp","Ít nước, 2 – 3 lần/tuần",,,,,,,
CCNPLT0510,ZAMI016,https://mowgarden.com/cay-kim-tien-chau-xi-mang-da-mai-xam-ckt001/,Cây Kim tiền chậu xi măng đá hình lu ZAMI016,Zamioculcas zamiifolia,Cây kim tiền / Kim phát tài,850000,Các nhánh thân mọc thành từng bụi với chiều dài trung bình từ 18 đến 45 cm phù hợp để trồng chậu đặt trong phòng.,"Kích thước chậu: 37×50
Chiều cao tổng: 90 ~ 100 cm",Dễ chăm sóc,"Nắng tán xạ, chịu được nắng trực tiếp","Ít nước, 2 – 3 lần/tuần",,,,,,,
CCNPLT0511,LONI012,https://mowgarden.com/cay-kim-ngan-de-ban-ckn001/,Cây kim ngân một thân cổ thụ chậu sứ xanh LONI012,Pachira aquatica,Cây kim ngân,480000,"Cây Kim Ngân là loại cây cảnh trong nhà được trồng phổ biến trên khắp thế giới, nó có sức ảnh hưởng tới mức mà hầu như ai cũng tin rằng khi trồng có thể mang lại nhiều may mắn trong cuộc sống, công việc hoặc làm ăn.","• Kích thước chậu:
• Chiều cao tổng: 50 cm",Dễ chăm sóc,Ánh sáng tán xạ / Nắng trực tiếp / Chịu râm mát,Tưới nước 2 – 3 lần/tuần,,,,,,,
CCNPLT0512,FITR005,https://mowgarden.com/cay-da-tam-phuc-cam-thach-chau-da-mai-xam-fitr005/,Cây đa tam phúc cẩm thạch chậu đá mài xám FITR005,Bucida sp.variegata,Đa Tam Phúc,1200000,"Có nguồn gốc từ miền nam Thái Lan. Loại cây này thường được trồng trang trí sân vườn, hoặc trồng chậu làm cây cảnh.","• Kích thước chậu: 32x52cm (DxC)
• Chiều cao tổng 140 – 150 cm",Dễ chăm sóc,"Nắng tán xạ, chịu được nắng trực tiếp",Tưới nước 4 – 5 lần/tuần,,,,,,,
CCNPLT0513,CPTN,https://mowgarden.com/cay-phat-tai-nui-chau-xi-mang-trang-hinh-lu-cptn001/,Cây Phát tài núi chậu xi măng trắng hình lu CPTN001,Dracaena draco L,Phát tài núi,1450000,"Thường xuyên được người ta đem tặng nhau trong những dịp khai trương, lên nhà mới… với mong muốn đem lại nhiều tài lộc và may mắn.",Cao 100 – 120 cm,Dễ chăm sóc,"Nắng tán xạ, chịu được nắng trực tiếp","Ít nước, 2 – 3 lần/tuần",,,,,,,
CCNPLT0514,CHPD,https://mowgarden.com/cay-huyet-phat-du-chau-gom-xanh-chpd001/,Cây huyết phất dụ chậu gốm xanh CHPD001,Cordyline terminalis Kanth,Huyết phất dụ,600000,"Là cây thân gỗ mọc theo bụi thường xanh, dáng thân và tán lá rất đẹp thu hút người nhìn.",Cao 80 – 100 cm,Dễ chăm sóc,"Nắng tán xạ, chịu được nắng trực tiếp","Ít nước, 2 – 3 lần/tuần",,,,,,,
CCNPLT0515,PHIL002,https://mowgarden.com/cay-trau-ba-de-vuong-vang-chau-su-de-ban-phil002/,Cây trầu bà đế vương vàng chậu sứ để bàn PHIL002,Philodendron imperial Golden,Trầu Bà Đế Vương Vàng,350000,"Trầu bà đế vương vàng có kích thước lá to nên rất thích hợp để trang trí trong phòng khách, quầy tiếp tân, quán cafe, nhà hàng… màu vàng của lá vừa đẹp, vừa sang và vừa mang ý nghĩa phong thủy rất tốt.",Chiều cao: 45cm – Tán: 25cm,Dễ chăm sóc,Ánh sáng tán xạ; Chịu được khuất sáng,Vừa phải (2 lần/tuần),,,,,,,
CCNPLT0516,PHIL001,https://mowgarden.com/cay-trau-ba-kim-cuong-chau-su-de-ban-phil001/,Cây trầu bà kim cương chậu sứ để bàn PHIL001,Philodendron birkin,Trầu Bà Kim Cương,380000,"Trầu bà đế vương kim cương sở hữu những chiếc lá to, hơi tròn đầy và những đường kẻ sáng màu sọc ngang từ gân lá ra mép lá rất độc đáo. Loại cây rât dễ chăm sóc, nhưng cần trồng nơi có nhiều ánh sáng tán xạ, không thích hợp đặt trong phòng tối, điều đó ảnh hưởng đến màu sắc của cây.",Chiều cao: 45cm – Tán: 25cm,Dễ chăm sóc,Ánh sáng tán xạ; Chịu được khuất sáng,Vừa phải (2 lần/tuần),,,,,,,
CCNPLT0517,AGLA103,https://mowgarden.com/cay-phu-quy-chau-su-de-ban-agla103/,Cây phú quý chậu sứ để bàn AGLA103,Aglaonema Red Siam,Cây Phú Quý,320000,"Cây Phú Quý có ý nghĩa mang lại may mắn, phú quý, đại cát đại lợi, bình an cho chủ nhân. Để Trúc Phú Quý mang lại ý nghĩa trọn vẹn bạn lưu ý về vị trí đặt theo hướng hợp với bản mệnh của mình.",Chiều cao: 45cm – Tán: 25cm,Dễ chăm sóc,Ánh sáng tán xạ; Chịu được khuất sáng,Vừa phải (2 lần/tuần),,,,,,,
CCNPLT0518,cala001,https://mowgarden.com/cay-duoi-cong-xuong-ca-chau-su-de-ban-cala001/,Cây đuôi công xương cá chậu xứ để bàn CALA001,Calathea concinna,Đuôi công xương cá,360000,"Cây đuôi công thường được chọn để mang lại không gian xanh mát cho phòng làm việc, phòng làm việc, văn phòng, quán cafe,… Bởi loài cây có những đường vân sọc độc đáo, cùng màu xanh dễ chịu giúp căn phòng trở nên tươi mát và sang trọng hơn.",Chiều cao: 45cm – Tán: 25cm,Dễ chăm sóc,Ánh sáng tán xạ; Chịu được khuất sáng,"• Vừa phải (2 lần/tuần)
• Đất trồng thông thoáng",,,,,,,
CCNPLT0519,CHRY005,https://mowgarden.com/cay-cau-vang-nhat-ban-co-lon-chau-da-mai-chry005/,Cây cau vàng Nhật Bản cỡ lớn chậu đá mài CHRY005,Chrysalidocarpus lutescens Wendl,Cau vàng Nhật Bản,950000,"Cây Cau Vàng Nhật là loại cây cảnh đẹp ngoài việc dùng làm trang trí nội thất, ngoại thất làm tô điểm cho không gian sống thì cây còn có khả năng hấp thụ các độc tố hóa học và có một ý nghĩa vô cùng đặc biệt trong việc lọc khí độc, trừ tà.","Kích thước chậu: 40×50 cm (DxC)
Chiều cao tổng ~180 cm",Dễ chăm sóc,"Nắng tán xạ, chịu được nắng trực tiếp","Ít nước, 2 – 3 lần/tuần",,,,,,,
CCNPLT0520,BMHT001,https://mowgarden.com/cay-bach-ma-hoang-tu-chau-xi-mang-den-bmht001/,Cây Bạch mã hoàng tử chậu xi măng đen BMHT001,Aglaonema Pseudobracteatum,Bạch mã hoàng tử,800000,"Là loại cây nội thất đẹp thường được trồng để trang trí trong văn phòng, nhà ở, quán cafe, phòng làm việc với nhiều ý nghĩa phong thủy tốt đẹp.",Cao 80 – 120 cm,Dễ chăm sóc,"Nắng tán xạ, chịu được nắng trực tiếp","Ít nước, 2 – 3 lần/tuần",,,,,,,
CCNPLT0521,CHRY008,https://mowgarden.com/cay-cau-vang-nhat-ban-co-lon-chau-su-xanh-chry008/,Cây Cau vàng Nhật Bản cỡ lớn chậu sứ xanh CHRY008,Chrysalidocarpus lutescens Wendl,Cau vàng Nhật Bản,950000,"Cây Cau Nhật là loại cây cảnh đẹp ngoài việc dùng làm trang trí nội thất, ngoại thất làm tô điểm cho không gian sống thì cây còn có khả năng hấp thụ các độc tố hóa học và có một ý nghĩa vô cùng đặc biệt trong việc lọc khí độc, trừ tà.","Kích thước chậu 40×40 cm
Chiều cao tổng 160 ~ 180 cm",Dễ chăm sóc,"Nắng tán xạ, chịu được nắng trực tiếp","Ít nước, 2 – 3 lần/tuần",,,,,,,
CCNPLT0522,mons003,https://mowgarden.com/cay-trau-ba-nam-my-monstera-chau-men-su-cao-mons003/,Cây trầu bà Nam Mỹ Monstera chậu men sứ cao MONS003,Monstera Delicious,Trầu bà Nam Mỹ Monstera,850000,"Monstera là loài cây sở hữu cho mình những chiếc lá được tạo nét như trái tim, càng lớn lá bắt đầu xuất hiện các đường xẻ một cách ngẫu nhiên. Vì thế đây được xem là điểm độc đáo mà các nhà thiết kế nội thất lựa chọn nó.",Cao 80 – 100 cm,Dễ chăm sóc,"Nắng tán xạ, chịu được nắng trực tiếp","Ít nước, 2 – 3 lần/tuần",,,,,,,
CCNPLT0523,ctbh002,https://mowgarden.com/cay-truc-bach-hop-chau-xi-mang-ctbh003/,Cây trúc bách hợp chậu xi măng CTBH003,Dracaena reflexa,Trúc bách hợp,950000,"Cây trúc bách hợp thường được làm quà tặng nhân dịp khánh thành, khai trương, tân gia, như là lời chúc may mắn đến với người nhận.",Cao 100 – 120 cm,Dễ chăm sóc,"Nắng tán xạ, chịu được nắng trực tiếp","Ít nước, 2 – 3 lần/tuần",,,,,,,
CCNPLT0524,CTBC002,https://mowgarden.com/cay-trau-ba-leo-cot-chau-xi-mang-ctbc002/,Cây trầu bà leo cột chậu xi măng CTBC002,Epipremnum aureum,Trầu bà xanh,1050000,"Cây trầu bà leo cột mang dáng vẻ thanh lịch và sang trọng, không chỉ có tác dụng thanh lọc không khí trong nhà mà còn chứa đựng ý nghĩa phong thủy rất tốt.","• Kích thước chậu: 30x60cm (DxC)
• Chiều cao tổng: 150 – 160cm",Dễ chăm sóc,Nắng tán xạ / Chịu được râm mát,Tưới nước 2 – 3 lần/tuần,,,,,,,
CCNPLT0525,CTBH006,https://mowgarden.com/cay-truc-bach-hop-chau-gom-su-trang-ctbh006/,Cây trúc bách hợp chậu gốm sứ trắng CTBH006,Dracaena reflexa,Trúc bách hợp,700000,"Còn được gọi là trúc phất dụ, mọc thành bụi sum sê, ở chính giữa tạo thành hình hoa thị và tua tủa ra xung quanh. Cây có thân cứng, lá thuôn nhọn ở đầu, mép nguyên, màu xanh bóng xen lần dải màu vàng tươi từ gốc tới ngọn","Kích thước chậu: 33x45cm
Chiều cao tổng: 100 – 130 cm",Dễ chăm sóc,"Nắng tán xạ, chịu được nắng trực tiếp","Ít nước, 2 – 3 lần/tuần",,,,,,,
CCNPLT0526,ctbc001,https://mowgarden.com/cay-trau-ba-leo-cot-chau-da-mai-ctbc001/,Cây trầu bà leo cột chậu đá mài CTBC001,Epipremnum aureum,Trầu bà xanh,1250000,"Cây trầu bà leo cột mang dáng vẻ thanh lịch và sang trọng, không chỉ có tác dụng thanh lọc không khí trong nhà mà còn chứa đựng ý nghĩa phong thủy rất tốt.",Cao 160 – 180 cm,Dễ chăm sóc,"Nắng tán xạ, chịu được nắng trực tiếp","Ít nước, 2 – 3 lần/tuần",,,,,,,
CCNPLT0527,mons001,https://mowgarden.com/cay-trau-ba-nam-my-monstera-chau-su-mons002/,Cây trầu bà Nam Mỹ Monstera chậu men sứ MONS002,Monstera Delicious,Trầu bà Nam Mỹ Monstera,620000,"Monstera là loài cây sở hữu cho mình những chiếc lá được tạo nét như trái tim, càng lớn lá bắt đầu xuất hiện các đường xẻ một cách ngẫu nhiên. Vì thế đây được xem là điểm độc đáo mà các nhà thiết kế nội thất lựa chọn nó.",Cao 60 – 70 cm,Dễ chăm sóc,"Nắng tán xạ, chịu được nắng trực tiếp","Ít nước, 2 – 3 lần/tuần",,,,,,,
CCNPLT0528,LYRA019,https://mowgarden.com/cay-bang-singapore-chau-su-cbs001/,Cây bàng Singapore để sàn chậu men sứ LYRA019,Ficus lyrata,Cây bàng Singapore,420000,"Bàng Singapore là loại cây nội thất đang được ưa chuộng nhất hiện nay bởi cây có khả năng cải thiện chất lượng không khí mang lại sự xanh mát và sang trọng cho không gian. Cây rất được yêu chuộng sử dụng trang trí phòng khách, văn phòng, quán cafe hay shop hoặc làm quà tặng dịp khai trương, tân gia.","Kích thước: 31×25 cm (DxH)
Chiều cao: 100 – 110 cm",Dễ chăm sóc,"Nắng tán xạ, chịu được nắng trực tiếp","Ít nước, 2 – 3 lần/tuần",,,,,,,
CCNPLT0529,,https://mowgarden.com/cay-ray-dot-bien-alocasia-macrorrhiza-variegata/,Cây Ráy Đột Biến Alocasia Macrorrhiza Variegata,Alocasia Macrorrhiza Variegata,Cây Ráy,500000,,,,,,,,,,,,
CCNPLT0530,,https://mowgarden.com/cay-philodendron-paraiso-verde/,Cây Philodendron Paraiso Verde,Philodendron Paraiso Verde,Paraiso,450000,Nếu lúc trước muốn được sở hữu 1 Paraiso đẹp thì giá không hề dễ chịu. Nhưng hiện nay Paraiso gọi là cây quốc dân bất kể ai cũng có thể săn đón dễ dàng.,"• Size nhỏ: Lá 10 cm  – 15 cm
• Size trung: Lá 20 cm – 25 cm
• Size lớn: Lá 30 cm – 35 cm",Trung bình,Ánh sáng tán xạ; Tránh ánh nắng trực tiếp,"• Vừa phải
• Đất trồng thông thoáng",,,,,,,
CCNPLT0531,,https://mowgarden.com/cay-philodendron-melanochrysum/,Cây Philodendron Melanochrysum,Philodendron Melanochrysum,Melanochrysum,1100000,Một cây kiểng lá sang đẹp decor đẹp bất chấp. Mặt lá nhung và lá hình mũi tên dài. Khi trưởng thành nó có thể leo cao . Cây rễ khoẻ lá lớn (hơn 10cm) và vài lá con.,"• Size nhỏ: Lá 5 cm  – 10 cm
• Size trung: Lá 15 cm – 20 cm
• Size lớn: Lá 25 cm – 30 cm",Trung bình,"• Ánh sáng tán xạ
• Tránh ánh nắng trực tiếp","• Vừa phải
• Đất trồng thông thoáng",,,,,,,
CCNPLT0532,,https://mowgarden.com/cay-trau-ba-philodendron-sodiroi/,Cây Trầu Bà Philodendron Sodiroi,Philodendron Sodiroi,Trầu Bà Sodiroi,1700000,"Là loài bản xứ của French Guiana và cũng có thể tìm thấy ở một số quốc gia Nam Mỹ như Venezuela, Brazil và Colombia. Philodendron Sodiroi có phiến lá hình tim bầu bĩnh và các nếp gấp phồng đều theo các đường đường gân, lá màu xanh bạc, sáng bóng và các vết đốm màu xám bạc.",Cao 20 – 30 cm – Lá 10 – 15 cm,Dễ chăm sóc,"• Ánh nắng gián tiếp
• Ánh sáng tán xạ","• Vừa phải, 2 – 3 lần/tuần
• Đất trồng thông thoáng",,,,,,,
CCNPLT0533,,https://mowgarden.com/cay-hong-mon-thuy-sinh/,Cây hồng môn thủy sinh để bàn ANTH002,Anthurium andreanum,Cây hồng môn,250000,"Cây hồng môn được biết tới là một loại cây cảnh mang lại điều tốt lành, có thể giúp điều hòa khí phong thủy trong nhà, có khả năng thu hút những dòng khí tích cực và làm tiêu bớt dòng khí tiêu cực cho môi trường xung quanh, trồng cây hồng môn trong nhà sẽ giúp không gian sống trở nên hài hòa và bình yên hơn.",Chiều cao 40 – 60 cm,Dễ chăm sóc,Nắng tán xạ / Chịu râm mát,Thay nước 2 – 3 lần/tháng,,,,,,,
CCNPLT0534,POTH252,https://mowgarden.com/cay-trau-ba-cam-thach-thuy-sinh/,Cây Trầu Bà Cẩm Thạch Thủy Sinh Njoy Pothos POTH252,Epipremnum Aureum ‘Njoy Pothos’,Cây trầu bà cẩm thạch / Trầu bà sữa,160000,"Cây trầu bà cẩm thạch (Epipremnum ‘Njoy’) là một dòng trầu bà mới được du nhập, có bộ lá màu loang kem xanh độc đáo. Cũng tương tự cây trầu bà, nó cũng là giống cây có sức sống cực kỳ khỏe mạnh, với bộ lá xanh quanh năm và tốc độ phát triển khá nhanh.",Cao 30 – 40 cm,Rất dễ chăm sóc,Nắng tán xạ,Thay nước 2 – 3 tháng/lần,,,,,,,
CCNPLT0535,PEOB002,https://mowgarden.com/cay-truong-sinh-thuy-sinh/,Cây Trường Sinh Thủy Sinh Peperomia obtusifolia PEOB002,Peperomia obtusifolia,Cây trường sinh,140000,"Cây trường sinh (Peperomia obtusifolia) là một loại cây cảnh trong nhà đẹp mắt, với bộ lá luôn xanh mát, sức sống mãnh liệt, dễ chăm sóc. Đây cũng là loại cây phong thủy với tác dụng mang đến sức khỏe, may mắn và tiền tài tới cho gia chủ. Người ta thường hay tặng cây trường sinh vào những dịp đặc biệt như là một lời chúc phúc tới người nhận.",,Dễ chăm sóc,Nắng tán xạ / Chịu râm mát,Thay nước 2 – 3 lần/tháng,Cao 40 – 60 cm,,,,,,
CCNPLT0536,LONI005,https://mowgarden.com/cay-kim-ngan-thuy-sinh/,Cây kim ngân thủy sinh để bàn LONI005,Pachira aquatica,Cây kim ngân,150000,"Cây Kim Ngân (Pachira aquatica) là dòng cây nội thất được ưu chuộng và phổ biến nhất trên thế giới, nó được biết đến là loại cây phong thủy giúp mang lại những điều tốt lành, vận may và tiền tài tới cho gia chủ.",,Dễ chăm sóc,Nắng tán xạ / Chịu râm mát,Thay nước 2 – 3 lần/tháng,Cao 40 – 60 cm,,,,,,
CCNPLT0537,PLTS001,https://mowgarden.com/cay-phat-loc-thuy-sinh/,Cây phát lộc thủy sinh Dracaena sanderiana PLTS001,Dracaena sanderiana,Cây phát lộc,140000,"Cây phát lộc (Dracaena sanderiana) là một loại cây phong thủy được xem là có tác dụng chiêu tài, giúp gia tăng vượng khí cho gia chủ, xua đuổi tà khí và mang đến sự may mắn, tài lộc. Đây cũng là loại cây thích hợp để làm quà tặng giúp với ý nghĩa chúc phúc cho người được nhận.",,Dễ chăm sóc,Nắng tán xạ / Chịu râm mát,Thay nước 2 – 3 lần/tháng,Cao 40 – 60 cm,,,,,,
CCNPLT0538,,https://mowgarden.com/cay-hong-loc-phat-thuy-sinh/,Cây Hồng Lộc Phát Thủy Sinh Aglaonema Red Valentine,Aglaonema Red Valentine,Cây hồng lộc phát,180000,"Cây hồng lộc phát (Aglaonema Red Valentine) là dòng cây cảnh nội thất dễ chăm sóc, có thể sống được trong điều kiện ánh sáng thấp. Với một hình dạng lá độc đáo, bên trên là những họa tiết đẹp mắt giống như tranh vẽ giúp tạo thêm điểm nhấn cho không gian nội thất. Kích thước nhỏ gọn của cây hồng lộc phát thủy sinh rất thích hợp để đặt trang trí trên bàn hoặc trên tủ kệ.",,Dễ chăm sóc,Nắng tán xạ / Chịu râm mát,Thay nước 2 – 3 lần/tháng,Cao 40 – 60 cm,,,,,,
CCNPLT0539,CAMA003,https://mowgarden.com/cay-duoi-cong-khong-tuoc-thuy-sinh/,Cây đuôi công khổng tước thủy sinh CAMA003,Calathea makoyana,Đuôi công khổng tước,140000,"Cau đuôi công khổng tước (Calathea makoyana) là một trong những loại cây cảnh nội thất rất được ưa chuộng hiện nay. Với tán lá xanh mượt mà, trên đó là những đốm xanh đặc sắc như đuôi công giúp tạo điểm nhấn cho không gian rất tuyệt vời. Cây đuôi công còn giúp mang lại không khí tự nhiên xanh mát, và là biểu tượng cho quyền quý, may mắn nên được lựa chọn làm món quà tặng trong các dịp sinh nhật, lễ tết, ngày đặc biệt…",,Dễ chăm sóc,Nắng tán xạ / Chịu râm mát,Thay nước 2 – 3 lần/tháng,Cao 40 – 60 cm,,,,,,
CCNPLT0540,,https://mowgarden.com/cay-cau-tieu-tram-thuy-sinh-de-ban-cham002/,Cây cau tiểu trâm thủy sinh để bàn CHAM002,Chamaedorea elegans,Cây tiểu trâm,280000,"Cau tiểu trâm hay còn được gọi là dừa tụ thân là một trong những loại cây cảnh nội thất rất được ưa chuộng hiện nay. Với tán lá xanh mượt và đặc tính lọc sạch các chất khí độc, cau tiểu trâm mang lại không khí trong lành, bởi vậy cau tiểu trâm được lựa chọn làm món quà tặng trong các dịp sinh nhật, lễ tết, ngày đặc biệt…",,Dễ chăm sóc,Nắng tán xạ / Chịu râm mát,Thay nước 2 – 3 lần/tháng,Cao 40 – 50 cm,,,,,,
CCNPLT0541,,https://mowgarden.com/cay-mini-monstera-thai-rhaphidophora-tetrasperma/,Cây Mini Monstera Thái Rhaphidophora Tetrasperma,Rhaphidophora Tetrasperma,"• Monstera Thái Leo
• Monstera Mini Thái
• Rhaphidophora Tetrasperma sp Thailand",500000,"Rhaphidophora Tetrasperma là phiên bản nhỏ của những chiếc lá Monstera đã quá quen thuộc. Lá cây mang nét hiện đại, trẻ trung, sẽ càng lớn,xẻ sâu khi được leo cao.",Cao 20 – 30 cm,Dễ chăm sóc,"• Ánh nắng gián tiếp
• Ánh sáng tán xạ","• Vừa phải, 2 – 3 lần/tuần
• Đất trồng thông thoáng",,,,,,,
CCNPLT0542,,https://mowgarden.com/cay-trang-nguyen-euphorbia-pulcherrima/,Cây Trạng Nguyên Euphorbia Pulcherrima,Euphorbia Pulcherrima,"• Trạng Nguyên
• Nhất Phẩm Hồng",200000,"Euphorbia Pulcherrima mang những chiếc lá non màu đỏ tươi khi còn non, sau đó sẽ chuyển dần sang xanh đậm.",Cao 30 – 40 cm,Dễ chăm sóc,"• Ánh nắng gián tiếp
• Ánh sáng tán xạ","• Vừa phải, 2 – 3 lần/tuần
• Đất trồng thông thoáng",,,,,,,
CCNPLT0543,,https://mowgarden.com/cay-troc-bac-syngonium-milk-confetti/,Cây Tróc Bạc Syngonium Milk Confetti,Syngonium Milk Confetti,Tróc Bạc Đốm Hồng,750000,"Syngonium Milk Confetti sở hữu những chiếc lá xẻ thành nhiều thùy, nền lá xanh nhạt phụ đạo cho những mảng hồng đốm thêm nổi bật.",Cao 15 – 25 cm,Dễ chăm sóc,"• Ánh nắng gián tiếp
• Ánh sáng tán xạ","• Vừa phải, 2 – 3 lần/tuần
• Đất trồng thông thoáng",,,,,,,
CCNPLT0544,,https://mowgarden.com/cay-philodendron-pink-princess/,Cây Công Chúa Hồng Philodendron Pink Princess,Philodendron Pink Princess,"• Công chúa hồng
• Pink Princess",350000,"Philodendron Pink Princess với những mảng var màu hồng, mỗi chiếc lá với sự phân bổ màu sắc khác nhau chắc chắn sẽ được lòng mọi người.","• Size nhỏ: Lá 5 cm  – 8 cm
• Size trung: Lá 9 cm – 12 cm
• Size lớn: Lá 13 cm – 17 cm",Trung bình,Ánh sáng tán xạ; Tránh ánh nắng trực tiếp,"• Vừa phải
• Đất trồng thông thoáng",,,,,,,
CCNPLT0545,,https://mowgarden.com/cay-trau-ba-monstera-dubia/,Cây Trầu Bà Monstera Dubia,Monstera Dubia,Trầu Bà Dubia,550000,Monstera Dubia là cái tên mới nổi gần đây với những chiếc lá dạng trái tim sẽ “biến hình” khi trưởng thành. Một loài cây thử thách lòng kiên nhẫn của người trồng.,Cao 20 – 30 cm,Dễ chăm sóc,"• Ánh nắng gián tiếp
• Ánh sáng tán xạ","• Vừa phải, 2 – 3 lần/tuần
• Đất trồng thông thoáng",,,,,,,
CCNPLT0546,CKNL010,https://mowgarden.com/cay-kim-ngan-luong-trang-tri-tet-chau-su-cao-cknl010/,Cây kim ngân lượng trang trí tết chậu sứ cao CKNL010,Ardisia crenata,Kim ngân lượng,650000,"Cây kim ngân lượng mang vẻ đẹp lộng lẫy với chùm quả đỏ tươi xum xuê, mang hàm ý về tiền tài và phú quý. Trưng cây kim ngân lượng vào những dịp đầu năm là một cách để chiêu tài, may mắn trong dịp Tết. Những người làm ăn kinh doanh khi trồng kim ngân lượng sẽ giúp công việc buôn bán suôn sẻ và thuận lợi.","Kích thước chậu: 32×50 cm
Chiều cao tổng: 110 – 120 cm",Dễ chăm sóc,"Nắng tán xạ, chịu được nắng trực tiếp",Tưới nước 2 – 3 lần/tuần,,,,,,,
CCNPLT0547,,https://mowgarden.com/7242/,Cây Trầu Bà Epipremnum Manjula,Epipremnum Manjula,"• Manjula Pothos
• Trầu Bà Manjula",200000,Nhiều bạn nhầm lẫn loại này với trầu bà sữa nhưng Manjula Pothos là loại trầu bà đặc biệt với form lá ú tròn hơn gần giống như hình trái tim nhìn rất lạ mắt.,Cao 20 cm,Rất dễ chăm sóc,"• Ánh nắng gián tiếp
• Ánh sáng tán xạ","• Vừa phải, 2 – 3 lần/tuần
• Đất trồng thông thoáng",,,,,,,
CCNPLT0548,,https://mowgarden.com/cay-bang-dai-loan-cam-thach-chau-xi-mang-bubu003/,Cây bàng Đài Loan cẩm thạch chậu xi măng BUBU003,Bucida Buceras Variegated,Bàng Đài Loan cẩm thạch,550000,"Cây Bàng Đài Loan Cẩm Thạch có lá nhỏ xinh và sắc xanh, viền trắng hồng rất khác biệt và nổi bật, giúp không gian trở nên độc đáo và sang trọng","• Kích thước chậu: 30×30 cm (DxC)
• Chiều cao tổng: 80 – 100 cm",Dễ chăm sóc,Nắng trực tiếp / Nắng tán xạ,Tưới nước 2 – 3 lần/tuần,,,,,,,
CCNPLT0549,PINA101,https://mowgarden.com/cay-thong-noel-mini-de-ban-trang-tri-giang-sinh-pina101/,Cây thông noel mini để bàn trang trí giáng sinh PINA101,Cedrus,Cây tuyết tùng,240000,"Tuyết tùng là một trong những loại cây phong thủy để bàn được nhiều người yêu thích bởi vẻ đẹp mộc mạc, cùng những ý nghĩa tốt đẹp mà nó mang lại. Lá tuyết tùng thon gọn, ôm lấy nhau và rủ xuống tựa như những bông tuyết đang đọng lại trên lá",Cao 15-20cm gồm chậu,Dễ chăm sóc,"Nắng tán xạ, chịu được nắng trực tiếp","Ít nước, 2 – 3 lần/tuần",,,,,,,
CCNPLT0550,PINA100,https://mowgarden.com/cay-thong-noel-mini-de-ban-trang-tri-giang-sinh-pina100/,Cây thông noel mini để bàn trang trí giáng sinh PINA100,Cedrus,Cây tuyết tùng,300000,"Tuyết tùng là một trong những loại cây phong thủy để bàn được nhiều người yêu thích bởi vẻ đẹp mộc mạc, cùng những ý nghĩa tốt đẹp mà nó mang lại. Lá tuyết tùng thon gọn, ôm lấy nhau và rủ xuống tựa như những bông tuyết đang đọng lại trên lá",Chiều cao 50 – 60cm,Dễ chăm sóc,"Nắng tán xạ, chịu được nắng trực tiếp",Tưới nước 2 – 3 lần/tuần,,,,,,,
CCNPLT0551,CKNL011,https://mowgarden.com/cay-kim-ngan-luong-trang-tri-tet-goi-vai-vang-cknl011/,Cây kim ngân lượng trang trí tết gói vải vàng CKNL011,Ardisia crenata,Kim ngân lượng,1050000,"Cây kim ngân lượng mang vẻ đẹp lộng lẫy với chùm quả đỏ tươi xum xuê, mang hàm ý về tiền tài và phú quý. Trưng cây kim ngân lượng vào những dịp đầu năm là một cách để chiêu tài, may mắn trong dịp Tết. Những người làm ăn kinh doanh khi trồng kim ngân lượng sẽ giúp công việc buôn bán suôn sẻ và thuận lợi.",Chiều cao tổng: 100 – 120 cm,Dễ chăm sóc,"Nắng tán xạ, chịu được nắng trực tiếp",Tưới nước 2 – 3 lần/tuần,,,,,,,
CCNPLT0552,,https://mowgarden.com/cay-o-rong-staghorn-fern-stag001/,Cây Ổ Rồng Staghorn Fern STAG001,Staghorn Fern,Cây Ổ Rồng,1100000,Cây Ổ Rồng được dùng để làm đẹp khoảng không ở khu vườn. Loài cây không thể thiếu cho những ai muốn tạo nên một khu rừng nhiệt đới thực thụ.,Lá dài 20 – 30cm,Dễ chăm sóc,"Nắng tán xạ, ánh nắng gián tiếp","Ít nước, 2 – 3 lần/tuần",,,,,,,
CCNPLT0553,TBDV500,https://mowgarden.com/cay-trau-ba-de-vuong-kim-cuong-mini-philodendron-birkin/,Cây trầu bà đế vương kim cương ‘Birkin’ TBDV500,Philodendron Birkin,"• Trầu bà hoàng kim
• Trầu bà kim cương
• Trầu bà đế vương sọc",120000,Trầu Bà Đế Vương Kim Cương là một làn gió mới trong kiểng lá khi nói đến các loại cây trồng trong nhà đang thịnh hành và nó chắc chắn sẽ trêu ngươi bất kỳ người đam mê cây cảnh nào. Birkin phát triển để trở thành một loại cây nhỏ gọn với những chiếc lá tròn trịa với những đường loang lổ hình sọc ấn tượng trên bề mặt của chúng.,Cao 25 cm,Dễ chăm sóc,Nắng tán xạ,"Ít nước, 2 – 3 lần/tuần",,,,,,,
CCNPLT0554,CKNL008,https://mowgarden.com/cay-kim-ngan-luong-trang-tri-tet-goi-vang-cknl008/,Cây kim ngân lượng trang trí tết gói vải vàng CKNL008,Ardisia crenata,Kim ngân lượng,550000,"Cây kim ngân lượng mang vẻ đẹp lộng lẫy với chùm quả đỏ tươi xum xuê, mang hàm ý về tiền tài và phú quý. Trưng cây kim ngân lượng vào những dịp đầu năm là một cách để chiêu tài, may mắn trong dịp Tết. Những người làm ăn kinh doanh khi trồng kim ngân lượng sẽ giúp công việc buôn bán suôn sẻ và thuận lợi.",Chiều cao tổng: 80 – 90 cm,Dễ chăm sóc,"Nắng tán xạ, chịu được nắng trực tiếp",Tưới nước 2 – 3 lần/tuần,,,,,,,
CCNPLT0555,,https://mowgarden.com/cay-trau-ba-thanh-xuan-mini-chau-uom-tbtx001/,Cây trầu bà thanh xuân mini chậu ươm TBTX001,Thaumatophyllum bipinnatifidum,Cây trầu bà thanh xuân,75000,"Trầu bà thanh xuân là loại cây trong nhà độc đáo được mọi người ưa thích và trưng bày trang trí. Trầu Bà Thanh Xuân có ý nghĩa về mặt phong thủy nó còn có ý nghĩa may mắn, đem lại tài lộc, gia tăng vận khí, thể hiện ý chí vươn lên của gia chủ.",Cao 20 – 25 cm,Dễ chăm sóc,Nắng tán xạ / Bóng râm,"Ít tưới nước, 2 – 3 lần/tuần",,,,,,,
CCNPLT0556,,https://mowgarden.com/cay-mon-caladium-baret/,Cây Môn Caladium Red Baret,Caladium Red Baret,• Môn Baret,950000,"Với những vệt loang màu đỏ tươi trên nền lá màu xanh kèm theo đốm trắng, Caladium Baret mang một vẻ đẹp không lẫn vào đâu được giữa các loại caladium khác.",,Dễ sống,Ít sáng / Bóng râm / Tán xạ,"Vừa phải, 2 – 3  lần/tuần",• Chiều cao 25 – 35 cm,,,,,,
CCNPLT0557,LONI004,https://mowgarden.com/cay-kim-ngan-binh-nho-pachira-aquatica/,Cây kim ngân bính nhỏ chậu ươm LONI004,Pachira aquatica,Cây kim ngân,120000,"Cây Kim Ngân là loại cây cảnh trong nhà được trồng phổ biến trên khắp thế giới, nó có sức ảnh hưởng tới mức mà hầu như ai cũng tin rằng khi trồng có thể mang lại nhiều may mắn trong cuộc sống, công việc hoặc làm ăn.",Chiều cao 50cm,Dễ chăm sóc,Ánh sáng tán xạ; Nắng trực tiếp,Vừa phải (2 lần/tuần),,,,,,,
CCNPLT0558,,https://mowgarden.com/caladium-moon-light/,Cây Môn Caladium Moon Light,Caladium Moon Light,• Môn Ánh Trăng,700000,Caladium Moon Light với đặc điểm lá trắng toàn bộ và các đường gân lá như đang “ẩn mình” trên những chiếc lá.,,Dễ sống,Ít sáng / Bóng râm / Tán xạ,"Vừa phải, 2 – 3  lần/tuần",• Chiều cao 25 – 35 cm,,,,,,
CCNPLT0559,,https://mowgarden.com/cay-truc-may-rhapis-palm/,Cây Trúc Mây Rhapis Palm,Rhapis Palm,"• Cây trúc mây
• Cây mật cật",160000,"Cây trúc mây (hay mật cật) là loại cây ưa nắng bán phần, có thể sinh trưởng và phát triển bình thường trong điều kiện ánh sáng yếu. Đồng thời nó có khả năng thanh lọc không khí và hạn chế bức xạ từ thiết bị điện tử, đem đến không gian trong lành.",,Dễ chăm sóc,Nắng trực tiếp / Ánh sáng tán xạ,"Ít nước, 2 – 3 lần/tuần","Cỡ nhỏ: 60 – 80 cm
Cỡ trung: Cao 80 – 100 cm
Cỡ lớn: Cao 100 – 120 cm",,,,,,
CCNPLT0560,LYRA025,https://mowgarden.com/cay-bang-singapore-lon-2-than-chau-xi-mang-lyra025/,Cây bàng Singapore lớn 2 thân chậu xi măng LYRA025,Ficus lyrata,Bàng Singapore / Sung tỳ bà,550000,"Cây Bàng Singapore Lớn có thể dễ dàng nhận ra ở những góc quán cafe, bàn làm việc công. Với những chiếc lá căng bóng hình đàn vĩ cầm rất lớn, nhiều gân là hình chân chim nổi bật và sức sống rất mạnh mẽ và chắc chắn sẽ là một sự bổ sung tuyệt đẹp cho những góc trang trí cho góc làm việc, căn phòng, ngôi nhà của bạn.",,Dễ chăm sóc,Nắng trực tiếp / Ánh sáng tán xạ,"Ít nước, 2 – 3 lần/tuần","Kích thước chậu: 35×28 cm (DxC)
Chiều cao 140 – 150 cm",,,,,,
CCNPLT0561,,https://mowgarden.com/cay-trau-ba-de-vuong-do-philodendron-imperial-red/,Cây Trầu Bà Đế Vương Đỏ Philodendron Imperial Red,Philodendron Imperial Golden,Cây trầu bà đế vương vàng,240000,"Trầu Bà Đế Vương có tên tiếng Anh là Philodendron Imperial thuộc họ Araceae (Ráy), là dòng cây thân thảo, trong tự nhiên dòng cây này có thể cao hơn 1.5m, nhưng với mục đích trang trí thì MOW sẽ gửi đến các bạn cây với kích cỡ nhỏ để tiện đặt ở bất cứ đâu mình thích.","• Cỡ nhỏ: Cao 30cm – Tán 25cm
• Cỡ trung: Cao 40cm – Tán 35cm
• Cỡ lớn: Cao 50cm – Tán 45cm",Dễ chăm sóc,Nắng tán xạ / Bóng râm,"Vừa phải , 2 – 3 lần/tuần",,,,,,,
CCNPLT0562,,https://mowgarden.com/cay-mon-caladium-white-queen/,Cây Môn Caladium White Queen,Caladium White Queen,• Môn Nữ Hoàng,500000,Caladium White Queen với những đường gân đỏ chạy dọc theo những chiếc lá nền trắng đã làm nên tên tuổi của nó – Môn Nữ Hoàng,"• Kích thước lá: 10 – 20cm
• Chiều cao: 30 – 40cm",Dễ chăm sóc,Ánh sáng tán xạ; Tránh ánh nắng trực tiếp,"• Vừa phải
• Đất trồng thông thoáng",,,,,,,
CCNPLT0563,,https://mowgarden.com/cay-trau-ba-de-vuong-philodendron-imperial-golden/,Cây Trầu Bà Đế Vương Vàng Philodendron Imperial Golden,Philodendron Imperial Golden,Cây trầu bà đế vương vàng,70000,"Trầu Bà Đế Vương có tên tiếng Anh là Philodendron Imperial thuộc họ Araceae (Ráy), là dòng cây thân thảo, trong tự nhiên dòng cây này có thể cao hơn 1,5 m nhưng với mục đích trang trí thì MOW sẽ gửi đến các bạn cây với kích cỡ nhỏ để tiện đặt ở bất cứ đâu mình thích.","• Cỡ nhỏ: Cao 25cm – Tán 25cm
• Cỡ trung: Cao 35cm – Tán 35cm
• Cỡ lớn: Cao 45cm – Tán 45cm",Dễ chăm sóc,Nắng tán xạ / Bóng râm,"Vừa phải , 2 – 3 lần/tuần",,,,,,,
CCNPLT0564,,https://mowgarden.com/cay-mon-caladium-desert-sunset/,Cây Môn Caladium Desert Sunset,Caladium Desert Sunset,"• Caladium Sunset
• Môn Hoàng Hôn",490000,"Dòng môn nổi bật với màu sắc đỏ rực, khi nhìn từ xa có thể sẽ khó thấy các đường gân lá.",,Dễ sống,Ít sáng / Bóng râm / Tán xạ,"Vừa phải, 2 – 3  lần/tuần",• Chiều cao 25 – 35 cm,,,,,,
CCNPLT0565,LYRA002,https://mowgarden.com/cay-bang-singapore-2-nhanh-cao-80cm-chau-uom-lyra002/,Cây bàng Singapore 2 nhánh cao 80cm chậu ươm LYRA002,Ficus lyrata,Cây bàng Singapore,140000,"Cây bàng Singapore đang loại cây trong nhà được nhiều người ưu chuộng với bộ lá màu xanh lá mượt mà, dáng thẳng đứng thanh lịch và sang trọng giúp cho không gian nhà bạn thêm phần sinh động. B",Chiều cao 80 ~ 100 cm,Dễ chăm sóc,"Nắng tán xạ, chịu được nắng trực tiếp","Ít nước, 2 – 3 lần/tuần",,,,,,,
CCNPLT0566,,https://mowgarden.com/caladium-hilo-beauty/,Cây Môn Caladium Hilo Beauty,Caladium Hilo Beauty,"• Môn rằn ri
• Môn lính",320000,"Dòng Caladium với họa tiết khá là bắt mắt, khá giống với họa tiết rằn ri thường xuất hiện trên áo lính.",,Dễ sống,Ít sáng / Bóng râm / Tán xạ,"Vừa phải, 2 – 3  lần/tuần",• Chiều cao 25 – 35 cm,,,,,,
CCNPLT0567,,https://mowgarden.com/cay-caladium-frog-in-a-blender/,Cây Môn Caladium Frog In A Blender,Caladium Frog in a Blender,• Caladium Frog,1800000,"Dòng cây chắc hẳn sẽ lấy được sự thích thú tò mò từ những người chơi Caladium lâu năm, màu sắc rất hoàn hảo như những cây đột biến.",,Dễ sống,Ít sáng / Bóng râm / Tán xạ,"Vừa phải, 2 – 3  lần/tuần",• Chiều cao 25 – 35 cm,,,,,,
CCNPLT0568,,https://mowgarden.com/cay-caladium-danasty-mon-do/,Cây Môn Caladium Danasty – Môn Đỏ,Caladium Danasty,• Môn đỏ,270000,Cây Môn Đỏ Caladium Danasty với màu sắc đỏ rực chắc chắn sẽ góp phần làm cho không gian của bạn thêm sinh động.,,Dễ sống,Ít sáng / Bóng râm / Tán xạ,"Vừa phải, 2 – 3  lần/tuần",• Chiều cao 25 – 35 cm,,,,,,
CCNPLT0569,,https://mowgarden.com/duoi-cong-dom-xanh-calathea-leopardina/,Cây Đuôi Công Đốm Xanh Calathea leopardina,Calathea leopardina,Đuôi công đốm xanh,180000,"Với các họa tiết đốm đặc trưng trên lá, giống cây đuôi công Calathea leopardina là một loại cây nội thất có tác dụng trang trí tuyệt vời cho không gian nội thất. Không giống như mọi loại đuôi công, giống đuôi công này “dễ chịu” hơn nhiều, có thể sống tại nơi ánh sáng yếu, ưu khí hậu mát mẻ, và chịu được hạn.",Chiều cao: 45cm – Tán: 25cm,Dễ chăm sóc,Ánh sáng tán xạ; Chịu được khuất sáng,"• Vừa phải (2 lần/tuần)
• Đất trồng thông thoáng",,,,,,,
CCNPLT0570,,https://mowgarden.com/cay-luoi-ho-thai-sansevieria-futura-superba-sans001/,Cây lưỡi hổ thái Sansevieria ‘Superba’ SANS001,Sansevieria trifasciata Futura Superba,Cây lưỡi Thái,125000,"Lưỡi hổ Thái “Futura Superba” là dòng cây cảnh mini có những chiếc lá nhỏ nhắn sọc vằn đẹp mắt, rất phù hợp để trồng trên bàn làm việc, kệ sách hoặc trang trí tiểu cảnh. Cây lưỡi hổ cũng được trồng với tác dụng phong thủy như là sự may mắn cho gia chủ.",Chiều cao: 40 cm – Tán 20 cm,Dễ chăm sóc,Ánh sáng tán xạ; Bóng râm; Chịu được bóng râm,Tưới ít (1 lần/tuần),,,,,,,
CCNPLT0571,,https://mowgarden.com/cay-caladium-aaron/,Cây Môn Caladium Aaron,Caladium Aaron,• Caladium Aaron,500000,,,Dễ sống,Ít sáng / Bóng râm / Tán xạ,"Vừa phải, 2 – 3  lần/tuần",Chiều cao 30 – 40 cm,,,,,,
CCNPLT0572,SANS701,https://mowgarden.com/cay-luoi-meo-thai-xanh-hahnii-green-chau-uom-sans007/,Cây lưỡi mèo Thái xanh ‘Hahnii Green’ chậu ươm SANS701,Sansevieria trifasciata Hahnii Green,Cây lưỡi mèo Thái xanh,140000,"Lưỡi hổ mèo “Hahnii Hort” là dòng cây cảnh mini có những chiếc lá nhỏ nhắn màu xanh chủ đạo đẹp mắt, rất phù hợp để trồng trên bàn làm việc, kệ sách hoặc trang trí tiểu cảnh. Cây lưỡi hổ cũng được trồng với tác dụng phong thủy như là sự may mắn cho gia chủ.","• Chiều cao: 10 cm – Tán 15 cm
• Số lượng: 4 Thân",Dễ chăm sóc,Ánh sáng tán xạ / Chịu được khuất sáng,Tưới nước 2 – 3 lần/tuần,,,,,,,
CCNPLT0573,SBGH001,https://mowgarden.com/cay-luoi-ho-thai-xanh-black-gold-chau-uom-sbgh001/,Cây lưỡi hổ Thái xanh ‘Black Gold’ chậu ươm SBGH001,Sansevieria Black Golden Hahnii,Cây lưỡi hổ Thái xanh,120000,"Lưỡi hổ Thái xanh “Black Gold” là dòng cây cảnh mini có những chiếc lá nhỏ nhắn màu xanh đen chủ đạo đẹp mắt, rất phù hợp để trồng trên bàn làm việc, kệ sách hoặc trang trí tiểu cảnh. Cây lưỡi hổ cũng được trồng với tác dụng phong thủy như là sự may mắn cho gia chủ.",Chiều cao: 10 cm – Tán 15 cm,Dễ chăm sóc,Ánh sáng tán xạ; Bóng râm; Chịu được bóng râm,Tưới ít (1 lần/tuần),,,,,,,
CCNPLT0574,STGH002,https://mowgarden.com/cay-luoi-ho-vang-mini-golden-hahnii-chau-uom-stgh002/,Cây lưỡi hổ vàng mini ‘Golden Hahnii’ chậu ươm STGH002,Sansevieria trifasciata Golden Hahnii,Cây lưỡi hổ Thái vàng mini,180000,"Lưỡi hổ Thái vàng “Golden Hahnii” là dòng cây cảnh mini với những chiếc lá nhỏ nhắn có màu vàng sáng sọc xanh đẹp mắt, rất phù hợp để trồng trên bàn làm việc, kệ sách hoặc trang trí tiểu cảnh. Cây lưỡi hổ cũng được trồng với tác dụng phong thủy như là sự may mắn cho gia chủ.",Chiều cao: 10 cm – Tán 15 cm,Dễ chăm sóc,Ánh sáng tán xạ; Bóng râm; Chịu được bóng râm,Tưới ít (1 lần/tuần),,,,,,,
CCNPLT0575,,https://mowgarden.com/cay-luoi-ho-hoang-kim-sansevieria-trifasciata-gold-flame/,Cây Lưỡi Hổ Hoàng Kim Sansevieria trifasciata Gold Flame,Sansevieria trifasciata Gold Flame,Cây lưỡi hổ hoàng kim,180000,"Lưỡi hổ Gold Flame là dòng “cây cảnh quốc dân” được nhiều người lựa chọn để trồng trang trí trong nhà. Nó không những dễ sống đến mức “gần như bất tử” mà còn giúp mang lại vẻ đẹp tự nhiên, trên lá có những sọc vằn ấn tượng, lá cứng cáp và hình tượng rõ ràng, phù hợp để trồng trong mọi không gian nội thất. Bện cạnh đó, cây lưỡi hổ còn được xem là dòng cây phong thủy mang lại nhiều ý nghĩa cho gia chủ.",Chiều cao: 60 cm – Tán 35 cm,Dễ chăm sóc,Ánh sáng tán xạ; Bóng râm; Chịu được bóng râm,Tưới ít (1 lần/tuần),,,,,,,
CCNPLT0576,,https://mowgarden.com/cay-caladium-strawberry-star/,Cây Môn Dâu Caladium Strawberry Star,Caladium Strawberry Star,"• Môn Dâu
• Strawberry Star",250000,"Cây Caladium Strawberry Star với màu nền lá tông trắng làm chủ đạo, được tô điểm thêm những chấm đỏ làm cây thêm nổi bật.","• Size nhỏ: Cao 10 cm – 15 cm
• Size trung: Cao 20 cm – 25 cm
• Size lớn: Cao 25 cm – 35 cm",Trung bình,Ánh sáng tán xạ; Tránh ánh nắng trực tiếp,"• Vừa phải
• Đất trồng thông thoáng",,,,,,,
CCNPLT0577,,https://mowgarden.com/cay-trau-ba-tim-nau-philodendron-hederaceum-micans/,Cây Trầu Bà Tim Nâu Philodendron hederaceum Micans,Philodendron hederaceum Micans,"• Trầu bà tim nâu
• Trầu bà Micans",70000,"Trầu bà tim nâu (Philodendron hederaceum Micans) sở hữu những chiếc lá màu xanh nâu hình trái tim quyến rũ, có thể trồng theo phong cách thả xuống trên kệ trang trí, trên tủ sách hoặc được treo lơ lửng, cũng có thể được gắn vào cột leo đẹp mắt. Chúng có khả năng sinh trưởng nhanh chóng và rất dễ chăm sóc, chỉ cần tưới một lần một tuần.",Dài: 30 – 40 cm,Dễ chăm sóc,Ánh sáng tán xạ; Bóng râm,Ít tưới (1 – 2 lần/tuần),,,,,,,
CCNPLT0578,,https://mowgarden.com/cay-trau-ba-tim-brazil-philodendron-scandens-brazil/,Cây Trầu Bà Tim Brazil Philodendron scandens ‘Brazil’,Philodendron scandens Brazil,Trầu bà Brazil,90000,"Trầu bà Brazil (Philodendron scandens Brazil) sở hữu những chiếc lá màu xanh bóng hình trái tim quyến rũ, có thể trồng theo phong cách thả xuống trên kệ trang trí, trên tủ sách hoặc được treo lơ lửng, cũng có thể được gắn vào cột leo đẹp mắt. Chúng có khả năng sinh trưởng nhanh chóng và rất dễ chăm sóc, chỉ cần tưới một lần một tuần.",Chiều cao: 25 – 30 cm,Dễ chăm sóc,Ánh sáng tán xạ; Bóng râm,Ít tưới (1 – 2 lần/tuần),,,,,,,
CCNPLT0579,,https://mowgarden.com/cay-trau-ba-tim-xanh-philodendron-scandens/,Cây Trầu Bà Tim Xanh Philodendron scandens,Philodendron scandens,Trầu bà tim xanh,65000,"Trầu bà tim xanh (Philodendron scandens) sở hữu những chiếc lá màu xanh bóng hình trái tim quyến rũ, có thể trồng theo phong cách thả xuống trên kệ trang trí, trên tủ sách hoặc được treo lơ lửng, cũng có thể được gắn vào cột leo đẹp mắt. Chúng có khả năng sinh trưởng nhanh chóng và rất dễ chăm sóc, chỉ cần tưới một lần một tuần.",Chiều cao: 30 – 40cm,Dễ chăm sóc,Ánh sáng tán xạ,Ít tưới (1 – 2 lần/tuần),,,,,,,
CCNPLT0580,LONI002,https://mowgarden.com/cay-kim-ngan-than-xoan-3-than/,Cây kim ngân 3 thân để bàn chậu ươm LONI002,Pachira aquatica,"• Cây kim ngân
• Money Tree
• Money Plant",120000,"Cây kim ngân thân xoắn với dáng cao độc đáo rất phù hợp để trang trí trong nhà, như là trong phòng khách, kệ trang trí hoặc bàn làm việc. Nà là giống cây cảnh nội thất có sức ảnh hưởng tới mức mà hầu như ai cũng tin rằng khi trồng có thể mang lại nhiều may mắn trong cuộc sống, công việc hoặc làm ăn.",Chiều cao: 50cm,Dễ chăm sóc,Ánh sáng tán xạ; Nắng trực tiếp,Vừa phải (2 lần/tuần),,,,,,,
CCNPLT0581,,https://mowgarden.com/cay-luoi-ho-vang-dai-sansevieria-trifasciata-laurentii/,Cây Lưỡi Hổ Vàng Dài Sansevieria trifasciata Laurentii,Sansevieria trifasciata Laurentii,Cây lưỡi hổ,160000,"Lưỡi hổ “Laurentii” là dòng “cây cảnh quốc dân” được nhiều người lựa chọn để trồng trang trí trong nhà. Nó không những dễ sống đến mức “gần như bất tử” mà còn giúp mang lại vẻ đẹp tự nhiên, trên lá có những sọc vằn ấn tượng, lá cứng cáp và hình tượng rõ ràng, phù hợp để trồng trong mọi không gian nội thất. Bện cạnh đó, cây lưỡi hổ còn được xem là dòng cây phong thủy mang lại nhiều ý nghĩa cho gia chủ.",Chiều cao: 60 cm – Tán 35 cm,Dễ chăm sóc,Ánh sáng tán xạ; Bóng râm; Chịu được bóng râm,Tưới ít (1 lần/tuần),,,,,,,
CCNPLT0582,,https://mowgarden.com/cay-alocasia-pink-dragon/,Cây Môn Rồng Hồng Alocasia Pink Dragon,Alocasia Pink Dragon,"• Môn Rồng Hồng
• Pink Dragon",200000,"Ngoài những cái tên được nhắc đến khá nhiều như Dragon Scale, Silver Dragon thì Alocasia Pink Dragon cũng đang là một cái tên mà mọi người nên bổ sung vào bộ sưu tập Alocasia.","• Size nhỏ: Lá 5 cm – 8 cm
• Size trung: Lá 9 cm – 12 cm
• Size lớn: Lá 13 cm – 17 cm",Trung bình,Ánh sáng tán xạ; Tránh ánh nắng trực tiếp,"• Vừa phải
• Đất trồng thông thoáng",,,,,,,
CCNPLT0583,,https://mowgarden.com/alocasia-baginda-dragon-scale/,Cây Môn Rồng Xanh Alocasia Baginda Dragon Scale,Alocasia Baginda Dragon Scale,"• Alocasia Dragon Scale
• Môn Rồng xanh",300000,Những chiếc lá gây ấn tượng mạnh khi nhìn rất giống những chiếc vảy rồng lớn với những thớ lá gân guốc cùng với sự tương phản giữa lớp nền lá màu xanh bạc với những đường gân lá xanh đậm bên trên. Loại môn này thực sự xứng đáng với tên tuổi và sự nổi tiếng của nó.,"• Size nhỏ: Lá 5 cm – 8 cm
• Size trung: Lá 9 cm – 12 cm
• Size lớn: Lá 13 cm – 17 cm",Trung bình,Ánh sáng tán xạ; Tránh ánh nắng trực tiếp,"• Vừa phải
• Đất trồng thông thoáng",,,,,,,
CCNPLT0584,PINA112,https://mowgarden.com/cay-thong-cao-150cm-trang-tri-giang-sinh-pina112/,Cây thông cao 150cm trang trí giáng sinh PINA112,Cedrus,Cây tuyết tùng,950000,"Tuyết tùng là một trong những loại cây phong thủy để bàn được nhiều người yêu thích bởi vẻ đẹp mộc mạc, cùng những ý nghĩa tốt đẹp mà nó mang lại. Lá tuyết tùng thon gọn, ôm lấy nhau và rủ xuống tựa như những bông tuyết đang đọng lại trên lá",Chiều cao 150 – 160cm,Dễ chăm sóc,"Nắng tán xạ, chịu được nắng trực tiếp",Tưới nước 2 – 3 lần/tuần,,,,,,,
CCNPLT0585,PINA111,https://mowgarden.com/cay-thong-noel-mini-trang-tri-giang-sinh-pina111/,Cây thông noel mini trang trí giáng sinh PINA111,Cedrus,Cây tuyết tùng,500000,"Tuyết tùng là một trong những loại cây phong thủy để bàn được nhiều người yêu thích bởi vẻ đẹp mộc mạc, cùng những ý nghĩa tốt đẹp mà nó mang lại. Lá tuyết tùng thon gọn, ôm lấy nhau và rủ xuống tựa như những bông tuyết đang đọng lại trên lá",Chiều cao 90 – 100cm,Dễ chăm sóc,"Nắng tán xạ, chịu được nắng trực tiếp",Tưới nước 2 – 3 lần/tuần,,,,,,,
CCNPLT0586,PINA110,https://mowgarden.com/cay-thong-noel-mini-trang-tri-giang-sinh-pina110/,Cây thông noel mini trang trí giáng sinh PINA110,Cedrus,Cây tuyết tùng,650000,"Tuyết tùng là một trong những loại cây phong thủy để bàn được nhiều người yêu thích bởi vẻ đẹp mộc mạc, cùng những ý nghĩa tốt đẹp mà nó mang lại. Lá tuyết tùng thon gọn, ôm lấy nhau và rủ xuống tựa như những bông tuyết đang đọng lại trên lá",Chiều cao 90 – 100cm,Dễ chăm sóc,"Nắng tán xạ, chịu được nắng trực tiếp",Tưới nước 2 – 3 lần/tuần,,,,,,,
CCNPLT0587,PINA109,https://mowgarden.com/cay-thong-noel-mini-trang-tri-giang-sinh-pina109/,Cây thông noel mini trang trí giáng sinh PINA109,Cedrus,Cây tuyết tùng,200000,"Tuyết tùng là một trong những loại cây phong thủy để bàn được nhiều người yêu thích bởi vẻ đẹp mộc mạc, cùng những ý nghĩa tốt đẹp mà nó mang lại. Lá tuyết tùng thon gọn, ôm lấy nhau và rủ xuống tựa như những bông tuyết đang đọng lại trên lá",Chiều cao 30 – 40cm,Dễ chăm sóc,"Nắng tán xạ, chịu được nắng trực tiếp",Tưới nước 2 – 3 lần/tuần,,,,,,,
CCNPLT0588,PINA108,https://mowgarden.com/cay-thong-noel-mini-trang-tri-giang-sinh-pina108/,Cây thông noel mini trang trí giáng sinh PINA108,Cedrus,Cây tuyết tùng,550000,"Tuyết tùng là một trong những loại cây phong thủy để bàn được nhiều người yêu thích bởi vẻ đẹp mộc mạc, cùng những ý nghĩa tốt đẹp mà nó mang lại. Lá tuyết tùng thon gọn, ôm lấy nhau và rủ xuống tựa như những bông tuyết đang đọng lại trên lá",Chiều cao 90 – 100cm,Dễ chăm sóc,"Nắng tán xạ, chịu được nắng trực tiếp","Ít nước, 2 – 3 lần/tuần",,,,,,,
CCNPLT0589,PINA107,https://mowgarden.com/cay-thong-noel-lon-trang-tri-giang-sinh-pina107/,Cây thông noel cao 150cm trang trí giáng sinh PINA107,Cedrus,Cây tuyết tùng,1500000,"Tuyết tùng là một trong những loại cây phong thủy để bàn được nhiều người yêu thích bởi vẻ đẹp mộc mạc, cùng những ý nghĩa tốt đẹp mà nó mang lại. Lá tuyết tùng thon gọn, ôm lấy nhau và rủ xuống tựa như những bông tuyết đang đọng lại trên lá",Chiều cao 140 – 150cm,Dễ chăm sóc,"Nắng tán xạ, chịu được nắng trực tiếp","Ít nước, 2 – 3 lần/tuần",,,,,,,
CCNPLT0590,PINA106,https://mowgarden.com/cay-thong-noel-mini-de-ban-trang-tri-giang-sinh-pina106/,Cây thông noel mini để bàn trang trí giáng sinh PINA106,Cedrus,Cây tuyết tùng,550000,"Tuyết tùng là một trong những loại cây phong thủy để bàn được nhiều người yêu thích bởi vẻ đẹp mộc mạc, cùng những ý nghĩa tốt đẹp mà nó mang lại. Lá tuyết tùng thon gọn, ôm lấy nhau và rủ xuống tựa như những bông tuyết đang đọng lại trên lá",Chiều cao 90 – 100cm,Dễ chăm sóc,"Nắng tán xạ, chịu được nắng trực tiếp","Ít nước, 2 – 3 lần/tuần",,,,,,,
CCNPLT0591,PINA105,https://mowgarden.com/cay-thong-noel-mini-de-ban-trang-tri-giang-sinh-pina105/,Cây thông noel mini để bàn trang trí giáng sinh PINA105,Cedrus,Cây tuyết tùng,260000,"Tuyết tùng là một trong những loại cây phong thủy để bàn được nhiều người yêu thích bởi vẻ đẹp mộc mạc, cùng những ý nghĩa tốt đẹp mà nó mang lại. Lá tuyết tùng thon gọn, ôm lấy nhau và rủ xuống tựa như những bông tuyết đang đọng lại trên lá",Cao 15-20cm gồm chậu,Dễ chăm sóc,"Nắng tán xạ, chịu được nắng trực tiếp","Ít nước, 2 – 3 lần/tuần",,,,,,,
CCNPLT0592,PINA104,https://mowgarden.com/cay-thong-mini-de-ban-trang-tri-pina104/,Cây thông mini để bàn trang trí PINA104,Cedrus,Cây tuyết tùng,360000,"Tuyết tùng là một trong những loại cây phong thủy để bàn được nhiều người yêu thích bởi vẻ đẹp mộc mạc, cùng những ý nghĩa tốt đẹp mà nó mang lại. Lá tuyết tùng thon gọn, ôm lấy nhau và rủ xuống tựa như những bông tuyết đang đọng lại trên lá",Cao 15-20cm gồm chậu,Dễ chăm sóc,"Nắng tán xạ, chịu được nắng trực tiếp","Ít nước, 2 – 3 lần/tuần",,,,,,,
CCNPLT0593,PINA103,https://mowgarden.com/cay-thong-noel-mini-de-ban-trang-tri-giang-sinh-pina103/,Cây thông noel mini để bàn trang trí giáng sinh PINA103,Cedrus,Cây tuyết tùng,240000,"Tuyết tùng là một trong những loại cây phong thủy để bàn được nhiều người yêu thích bởi vẻ đẹp mộc mạc, cùng những ý nghĩa tốt đẹp mà nó mang lại. Lá tuyết tùng thon gọn, ôm lấy nhau và rủ xuống tựa như những bông tuyết đang đọng lại trên lá",Cao 15-20cm gồm chậu,Dễ chăm sóc,"Nắng tán xạ, chịu được nắng trực tiếp","Ít nước, 2 – 3 lần/tuần",,,,,,,
CCNPLT0594,PINA102,https://mowgarden.com/cay-thong-noel-mini-de-ban-trang-tri-giang-sinh-pina102/,Cây thông noel mini để bàn trang trí giáng sinh PINA102,Cedrus,Cây tuyết tùng,260000,"Tuyết tùng là một trong những loại cây phong thủy để bàn được nhiều người yêu thích bởi vẻ đẹp mộc mạc, cùng những ý nghĩa tốt đẹp mà nó mang lại. Lá tuyết tùng thon gọn, ôm lấy nhau và rủ xuống tựa như những bông tuyết đang đọng lại trên lá",Cao 15-20cm gồm chậu,Dễ chăm sóc,"Nắng tán xạ, chịu được nắng trực tiếp","Ít nước, 2 – 3 lần/tuần",,,,,,,
CCNPLT0595,CKNL004,https://mowgarden.com/cay-kim-ngan-luong-de-ban-trang-tri-tet-chau-su-cknl004/,Cây kim ngân lượng để bàn trang trí tết chậu sứ CKNL004,Ardisia crenata,Kim ngân lượng,300000,"Cây kim ngân lượng mang vẻ đẹp lộng lẫy với chùm quả đỏ tươi xum xuê, mang hàm ý về tiền tài và phú quý. Trưng cây kim ngân lượng vào những dịp đầu năm là một cách để chiêu tài, may mắn trong dịp Tết. Những người làm ăn kinh doanh khi trồng kim ngân lượng sẽ giúp công việc buôn bán suôn sẻ và thuận lợi.",Chiều cao tổng: 100 – 120 cm,Dễ chăm sóc,"Nắng tán xạ, chịu được nắng trực tiếp",Tưới nước 2 – 3 lần/tuần,,,,,,,
CCNPLT0596,CKNL009,https://mowgarden.com/cay-kim-ngan-luong-trang-tri-tet-goi-vai-do-cknl009/,Cây kim ngân lượng trang trí tết gói vải đỏ CKNL009,Ardisia crenata,Kim ngân lượng,550000,"Cây kim ngân lượng mang vẻ đẹp lộng lẫy với chùm quả đỏ tươi xum xuê, mang hàm ý về tiền tài và phú quý. Trưng cây kim ngân lượng vào những dịp đầu năm là một cách để chiêu tài, may mắn trong dịp Tết. Những người làm ăn kinh doanh khi trồng kim ngân lượng sẽ giúp công việc buôn bán suôn sẻ và thuận lợi.",Chiều cao tổng: 80 – 90 cm,Dễ chăm sóc,"Nắng tán xạ, chịu được nắng trực tiếp",Tưới nước 2 – 3 lần/tuần,,,,,,,
CCNPLT0597,CKNL007,https://mowgarden.com/cay-kim-ngan-luong-chau-su-trang-tri-tet-cknl007/,Cây kim ngân lượng chậu sứ trang trí tết CKNL007,Ardisia crenata,Kim ngân lượng,950000,"Cây kim ngân lượng mang vẻ đẹp lộng lẫy với chùm quả đỏ tươi xum xuê, mang hàm ý về tiền tài và phú quý. Trưng cây kim ngân lượng vào những dịp đầu năm là một cách để chiêu tài, may mắn trong dịp Tết. Những người làm ăn kinh doanh khi trồng kim ngân lượng sẽ giúp công việc buôn bán suôn sẻ và thuận lợi.","Kích thước chậu: 22×22 cm
Chiều cao tổng: 90 – 100 cm",Dễ chăm sóc,"Nắng tán xạ, chịu được nắng trực tiếp",Tưới nước 2 – 3 lần/tuần,,,,,,,
CCNPLT0598,CKNL006,https://mowgarden.com/cay-kim-ngan-luong-chau-su-trang-tri-tet-cknl006/,Cây kim ngân lượng chậu sứ trang trí tết CKNL006,Ardisia crenata,Kim ngân lượng,550000,"Cây kim ngân lượng mang vẻ đẹp lộng lẫy với chùm quả đỏ tươi xum xuê, mang hàm ý về tiền tài và phú quý. Trưng cây kim ngân lượng vào những dịp đầu năm là một cách để chiêu tài, may mắn trong dịp Tết. Những người làm ăn kinh doanh khi trồng kim ngân lượng sẽ giúp công việc buôn bán suôn sẻ và thuận lợi.","Kích thước chậu: 22×22 cm
Chiều cao tổng: 90 – 100 cm",Dễ chăm sóc,"Nắng tán xạ, chịu được nắng trực tiếp",Tưới nước 2 – 3 lần/tuần,,,,,,,
CCNPLT0599,,https://mowgarden.com/cay-thiet-moc-lan-de-ban/,Cây Thiết Mộc Lan Để Bàn,,Cây Thiết Mộc Lan,180000,,,,,,,,,,,,
CCNPLT0600,,https://mowgarden.com/cay-ngoc-bich-de-ban/,Cây Ngọc Bích Để Bàn,,Cây Ngọc Bích,250000,,,,,,,,,,,,
CCNPLT0601,CHAM001,https://mowgarden.com/cay-cau-tieu-tram-mini-chau-uom-cham001/,Cây cau tiểu trâm mini để bàn chậu ươm CHAM001,Chamaedorea elegans,Cau tiểu trâm,120000,"Công việc đòi hỏi bạn phải tiếp xúc hằng ngày với các thiết bị hiện đại có nhiều bức xạ điện tử như máy tính, máy in, điện thoại khiến cho tình trạng sức khỏe bị ảnh hưởng, dẫn đến giảm chất lượng công việc.",Chiều cao: 10 cm,Dễ chăm sóc,Ánh sáng tán xạ,Ít tưới (1 – 2 lần/tuần),,,,,,,
CCNPLT0602,,https://mowgarden.com/cay-ngu-gia-bi-xanh-mini-chau-su-sche004-2/,Cây ngũ gia bì xanh mini chậu sứ SCHE004,Schefflera heptaphylla,Cây ngũ gia bì,180000,"Cây ngũ gia bì phù hợp để trồng trong nhà trang trí phòng khách, phòng ngủ, văn phòng. Đảm bảo cây nhận được đủ ánh sáng như gần cửa hay dưới ánh đèn giúp cây có thể quang hợp.",,Dễ chăm sóc,Nắng tán xạ,Tưới nước 2 – 3 lần/tuần,Chiều cao 40 – 50 cm,,,,,,
CCNPLT0603,,https://mowgarden.com/cay-kim-tien-de-ban/,Cây kim tiền nhỏ để bàn chậu sứ ZAMI003,Zamioculcas zamiifolia,Cây kim tiền / Cây kim phát tài,185000,"Cây kim tiền được đánh giá rất cao là loại cây phong thủy đem đến tài lộc, thịnh vượng, giàu sang, sức khỏe cho gia chủ.Đặc biệt khi kim tiền nở hoa gia chủ càng đắc lộc.",Chiều cao 20 – 30cm,Dễ chăm sóc,Nắng tán xạ hoặc trực tiếp,"Ít nước, 2 – 3 lần/tuần",,,,,,,
CCNPLT0604,LONI008,https://mowgarden.com/set-cay-kim-ngan-de-ban-1-than-pachira-aquatica/,Cây kim ngân một thân để bàn chậu sứ LONI008,Pachira aquatica,Cây kim ngân,280000,"Cây Kim Ngân là loại cây cảnh trong nhà được trồng phổ biến trên khắp thế giới, nó có sức ảnh hưởng tới mức mà hầu như ai cũng tin rằng khi trồng có thể mang lại nhiều may mắn trong cuộc sống, công việc hoặc làm ăn.",Chiều cao 40cm,Dễ chăm sóc,Ánh sáng tán xạ; Nắng trực tiếp,Vừa phải (2 lần/tuần),,,,,,,
CCNPLT0605,CATH220,https://mowgarden.com/cay-duoi-cong-hong-calathea-rosy-thai-cath220/,Cây đuôi công Calathea Rosy Thai CATH220,,Cây đuôi công,140000,"Calathea roseopicta Rosy là loài thực vật thân thảo, có lá hình thuôn tròn, màu hồng. Loài này rất dễ sống, thường được trồng để trang trí trong nhà, thanh lọc không khí và mang ý nghĩa đem lại may mắn, thành công và thịnh vượng.",,Trung bình,Nắng tán xạ / Chịu râm mát,Tưới nước 4 – 5 lần/tuần,Chiều cao 20 – 30 cm,,,,,,
CCNPLT0606,CATH120,https://mowgarden.com/cay-duoi-cong-hong-calathea-crimson-cath120/,Cây đuôi công hồng Calathea Crimson CATH120,Calathea roseopicta Crimson,Cây đuôi công hồng,140000,"Calathea roseopicta Crimson là loài thực vật thân thảo, có lá hình thuôn tròn, màu hồng, hay được gọi với tên là Cây Đuôi Công Hồng. Loài này rất dễ sống, thường được trồng để trang trí trong nhà, thanh lọc không khí và mang ý nghĩa đem lại may mắn, thành công và thịnh vượng.",,Trung bình,Nắng tán xạ / Chịu râm mát,"Ít nước, 2 – 3 lần/tuần",Chiều cao 20 – 30 cm,,,,,,
CCNPLT0607,,https://mowgarden.com/cay-van-loc-thuy-sinh/,Cây Vạn Lộc Thủy Sinh Aglaonema Lady Valentine,Aglaonema Lady Valentine,Cây vạn lộc,220000,"Cây vạn lộc (Aglaonema Lady Valentine) là dòng cây cảnh nội thất dễ chăm sóc, có thể sống được trong điều kiện ánh sáng thấp. Với một hình dạng lá độc đáo, bên trên là những họa tiết đẹp mắt giống như tranh vẽ giúp tạo thêm điểm nhấn cho không gian nội thất. Kích thước nhỏ gọn của cây vạn lộc thủy sinh rất thích hợp để đặt trang trí trên bàn hoặc trên tủ kệ.",Cao 40 – 50 cm,Rất dễ chăm sóc,Nắng tán xạ / Chịu râm mát,Thay nước 2 – 3 lần/tháng,,,,,,,
CCNPLT0608,ZAMI006,https://mowgarden.com/cay-kim-tien-thuy-sinh/,Cây kim tiền thủy sinh để bàn chậu thủy tinh ZAMI006,Zamioculcas zamiifolia,Cây Kim Tiền,180000,"Kim Tiền được biết tới là một loại cây phong thủy có tác dụng chiêu tài rất tốt khi được trồng trong nhà. Đặt một chậu cây kim tiền thủy sinh nhỏ trên bàn làm việc sẽ giúp bạn thêm tài lộc, vận may, sức khỏe và giàu sang. Nếu trồng cây kim tiền nở hoa thì gia chủ lại càng đắc lộc.",,Dễ chăm sóc,Nắng tán xạ,Thay nước 1 tháng/lần,Chiều cao 30 – 40 cm,,,,,,
CCNPLT0609,PEAC003,https://mowgarden.com/cay-lan-y-thuy-sinh/,Cây lan ý thủy sinh để bàn chậu nhựa PEAC003,Spathiphyllum wallisii,Cây Lan Ý,185000,"Cây lan ý thuộc giống cây rất dễ sống, thường được trồng để trang trí trong nhà cần ít ánh sáng, thanh lọc không khí. Nó cũng loại bỏ nhiều chất độc từ không khí trong nhà bao gồm cả formaldehyde và amoniac. Ngoài ra Cây Lan Ý mang ý nghĩa đem lại may mắn, thành công và thịnh vượng, hợp với người mệnh Kim và Thủy",,Rất dễ chăm sóc,Nắng tán xạ,Thay nước định kỳ 1 – 2 tháng/lần,Chiều cao 40 – 50 cm,,,,,,
CCNPLT0610,,https://mowgarden.com/cay-ngoc-ngan-thuy-sinh/,Cây Ngọc Ngân Thủy Sinh Aglaonema Snow White AGLA003,Aglaonema Snow White,Cây ngọc ngân,240000,"Cây ngọc ngân là là cây trong nhà được đánh giá cao về phong thuỷ, người ta quan niệm rằng cây Ngọc ngân mang đến tài lộc, may mắn khi đặt trên bàn làm việc hay trang trí trong văn phòng. Về mặt tinh thần cây Ngọc ngân rất thích hợp làm quà tặng tình yêu.",Chiều cao 40 – 50 cm,Rất dễ chăm sóc,Nắng tán xạ,Thay nước 2 – 3 lần/tháng,,,,,,,
CCNPLT0611,SCHE003,https://mowgarden.com/cay-ngu-gia-bi-thuy-sinh/,Cây ngũ gia bì thủy sinh để bàn SCHE003,Schefflera heptaphylla,Cây ngũ gia bì,220000,"Cây ngũ gia bì phù hợp để trồng trong nhà trang trí phòng khách, phòng ngủ, văn phòng. Đảm bảo cây nhận được đủ ánh sáng như gần cửa hay dưới ánh đèn giúp cây có thể quang hợp.",,Dễ chăm sóc,Nắng tán xạ,Thay nước 2 – 3 lần/tháng,Chiều cao 40 – 50 cm,,,,,,
CCNPLT0612,AGAU004,https://mowgarden.com/cay-phu-quy-thuy-sinh/,Cây Phú Quý Thủy Sinh Để Bàn Aglaonema ‘Aurora’ chậu thủy tinh AGAU004,Aglaonema Siam Aurora,Cây phú quý viền đỏ,160000,"Cây phú quý là dòng cây cảnh nội thất dễ chăm sóc, có thể sống được trong điều kiện ánh sáng thấp. Với một bộ lá độc đáo, trên đó là những họa tiết đẹp như tranh vẽ và bề mặt lá bóng bắt sáng giúp tạo thêm điểm nhấn cho không gian nội thất. Kích thước nhỏ gọn của cây phú quý thủy sinh rất thích hợp để đặt trang trí trên bàn hoặc trên tủ kệ.",,Dễ chăm sóc,Nắng tán xạ / Chịu râm mát,Thay nước 2 – 3 lần/tháng,Chiều cao 40 – 50 cm,,,,,,
CCNPLT0613,,https://mowgarden.com/cay-sao-sang-thuy-sinh/,Cây Sao Sáng Thủy Sinh Dieffenbachia Camilla,Dieffenbachia Camilla,Cây sao sáng,160000,"Cây sao sáng (Dieffenbachia Camilla) là dòng cây cảnh nội thất dễ chăm sóc, có thể sống được trong điều kiện ánh sáng thấp. Với một bộ lá độc đáo, trên đó là những họa tiết đẹp như tranh vẽ giúp tạo thêm điểm nhấn cho không gian nội thất. Kích thước nhỏ gọn của cây sao sáng thủy sinh rất thích hợp để đặt trang trí trên bàn hoặc trên tủ kệ.",,Dễ chăm sóc,Nắng tán xạ / Chịu râm mát,Thay nước 2 – 3 lần/tháng,Cao 40 – 50 cm,,,,,,
CCNPLT0614,EPAU004,https://mowgarden.com/cay-trau-ba-thuy-sinh/,Cây Trầu Bà Thủy Sinh Epipremnum aureum chậu thủy tinh EPAU004,Epipremnum aureum,Cây Trầu Bà Xanh,140000,"Cây Trầu Bà là một cái tên khá quen thuộc với đa số người Việt Nam, đến bất cứ đâu chúng ta cũng có thể bắt gặp hình bóng của loài cây này vì nó là một loại cây cảnh trong nhà cực kỳ khỏe mạnh, với bộ lá xanh quanh năm và tuổi thọ khá cao.",,Rất dễ chăm sóc,Nắng tán xạ,Thay nước 1 tháng/lần,Chiều cao tổng 30 – 35 cm,,,,,,
CCNPLT0615,,https://mowgarden.com/cay-luoi-ho-thuy-sinh/,Cây Lưỡi Hổ Thủy Sinh Sansevieria trifasciata,Sansevieria trifasciata Futura Superba,Cây lưỡi hổ,160000,"Cây lưỡi hổ có thể được gọi là loài cây “quốc dân”, hầu như ở mỗi gia đình tại Việt Nam chúng ta đều dễ dàng bắt gặp loài cây này. Với đặc tính dễ chăm sóc, sức sống khỏe, ít khi bị bệnh, giá thành bình dân. Một điều rất thú vị khi trồng dưới dạng thủy sinh là chúng ta có thể quan sát trọn vẹn quá trình bén rễ của cây.",Cao 30 – 50 cm,Rất dễ chăm sóc,Nắng tán xạ / Nơi râm mát,Thay nước 2 – 3 lần/tháng,,,,,,,
CCNPLT0616,RADE004,https://mowgarden.com/cay-hanh-phuc-than-co-thu-de-ban-rade004/,Cây hạnh phúc thân cổ thụ để bàn RADE004,Radermachera Sinica,Cây hạnh phúc,360000,Cây dễ sinh trưởng phát triển mọi diều kiện thời tiết khác nhau nên rất dễ trồng và chăm sóc. Cây sống tốt trong điều kiện có điều hoà và môi trường thiếu sáng nên chúng ta có thể dễ dàng lựa chọn cây trang trí để bàn cho không gian làm việc trở nên xanh mát và ấm áp.,Cao 40 – 50 cm,Dễ chăm sóc,"Nắng tán xạ, chịu được nắng trực tiếp","Ít nước, 2 – 3 lần/tuần",,,,,,,
CCNPLT0617,FICU059,https://mowgarden.com/cay-da-tam-phuc-mot-than-chau-uom-ficu059/,Cây đa tam phúc một thân chậu ươm FICU059,,Cây hạnh phúc,380000,Ficus Triangularis Variegata còn gọi là Si Thái cẩm thạch hay Đa tam phúc.,,,,,,,,,,,
CCNPLT0618,,https://mowgarden.com/callisia-repens-pink-lady/,Callisia Repens “Pink Lady” ,Callisia Repens “Pink Lady”,Callisia Repens,165000,"Callisia Repens “Pink Lady” thuộc họ thài lài, là cây thường xanh sống lâu năm, cây mọng nước, thân cao chỉ khoảng 10cm, với những cuống lá đầy những chiếc lá nhỏ.",,,,,,,,,,,
CCNPLT0619,CKNL005,https://mowgarden.com/cay-kim-ngan-luong-chau-su-trang-tri-tet-cknl005/,Cây kim ngân lượng chậu sứ trang trí tết CKNL005,Ardisia crenata,Kim ngân lượng,550000,"Cây kim ngân lượng mang vẻ đẹp lộng lẫy với chùm quả đỏ tươi xum xuê, mang hàm ý về tiền tài và phú quý. Trưng cây kim ngân lượng vào những dịp đầu năm là một cách để chiêu tài, may mắn trong dịp Tết. Những người làm ăn kinh doanh khi trồng kim ngân lượng sẽ giúp công việc buôn bán suôn sẻ và thuận lợi.","Kích thước chậu: 22×22 cm
Chiều cao tổng: 90 – 100 cm",Dễ chăm sóc,"Nắng tán xạ, chịu được nắng trực tiếp",Tưới nước 2 – 3 lần/tuần,,,,,,,
CCNPLT0620,,https://mowgarden.com/cay-trau-ba-leo-cot-epipremnum-aureum/,Cây Trầu Bà Leo Cột Epipremnum Aureum,Epipremnum Aureum,Cây Trầu Bà,650000,"Cây trầu bà leo cột còn có tên gọi khác là Cây Trầu Bà Xanh, cây Hoàng kim, Với kích thước khá lớn, đây chắc hẳn là một trong những công cụ đắc lực để tạo thêm mảng xanh cho không gian của bạn. Với sức sống mãnh liệt, dễ sinh tồn, trong phong thủy nó có ý nghĩa mang đến bình an, sung túc, may mắn, thể hiện sự mạnh mẽ và ý chí vươn lên của gia chủ.",,Dễ chăm sóc,"Nắng tán xạ, bóng râm","Ít nước, 2 – 3 lần/tuần",Cao 150 – 160 cm,,,,,Có khả năng hấp thu chất độc hại,
CCNPLT0621,,https://mowgarden.com/trau-ba-lua-scindapsus-pictus-exotica/,Trầu Bà Lụa – Scindapsus Pictus ‘Exotica’,Satin Pothos,Hoàng Tâm Diệp,180000,"Scindapsus Pictus ‘Exotica’ là một loài thực vật có nguồn gốc từ các vùng ấm và ẩm ướt, dễ dàng được lòng những người thích cây treo, cây leo hoặc các giống cây quý hiếm vì nó có hoa văn và màu sắc đẹp. Đặt Trầu bà lụa của bạn xa vật nuôi và trẻ em vì chúng rất độc nếu ăn phải.",,Vừa phải,Nắng tán xạ,"Ít nước, 2 – 3 lần/tuần",Cao 40 – 50 cm,,,,Tính axit,Có khả năng hấp thu chất độc hại,
CCNPLT0622,SANS400,https://mowgarden.com/luoi-ho-bac-sansevieria-moonshine-sans400/,Lưỡi Hổ Bạc Sansevieria ‘Moonshine’ SANS400,Sansevieria trifasciata Moonshine,Cây Trầu Bà Lụa,125000,"Khác với với những dòng cây lưỡi hổ mà ta thường thấy, loại lưỡi hổ Moonshine thì không có nhiều vằn ấn tượng như vậy, bù lại nó sở hữu một màu bạc xanh tươi sáng, thanh lịch và nhẹ nhàng. Nếu bạn là một người yêu thích tính đơn giản mà tinh tế thì cây lưỡi hộ bạc (hay lưỡi hổ bạch kim) là một sự lựa chọn rất tuyệt vời.",Chiều cao: 40cm – Tán: 15cm,Rất dễ chăm sóc,"• Ánh nắng trực tiếp
• Ánh sáng tán xạ
• Dưới bóng râm","• Vừa phải, 2 – 3 lần/tuần
• Đất trồng thông thoáng",,,,,,,
CCNPLT0623,,https://mowgarden.com/cay-luoi-ho-sansevieria-metallica-siam-silver/,Cây Lưỡi Hổ Sansevieria Metallica Siam Silver,,"• Lưỡi hổ bạc
• Lưỡi hổ bạch kim",450000,,,,,,,,,,,,
CCNPLT0624,,https://mowgarden.com/tung-van-nien-mini-podocarpus-brevifolius/,Tùng Vạn Niên Mini Podocarpus Brevifolius,,Tùng Vạn Niên,145000,,,,,,,,,,,,
CCNPLT0625,,https://mowgarden.com/cay-la-bac-pilea-cadierei/,Cây Lá Bạc Pilea Cadierei,,Cây Lá Bạc ,160000,,,,,,,,,,,,
CCNPLT0626,,https://mowgarden.com/cay-kiem-bac-philodendron-hastatum/,Cây Kiếm Bạc Philodendron Hastatum,Philodendron Hastatum,Kiếm bạc,180000,"Philodendron Hastatum mang một nét đặc trưng khó nhầm lẫn, lá mang hình dáng của thanh gươm màu xanh lơ pha bạc, là một loài cây khá dễ chịu với tốc độ phát triển khá ổn định.",Cao 22 cm – Tán: 22 cm,Dễ chăm sóc,"• Ánh nắng gián tiếp
• Ánh sáng tán xạ","• Vừa phải, 2 – 3 lần/tuần
• Đất trồng thông thoáng",,,,,,,
CCNPLT0627,,https://mowgarden.com/cay-philodendron-gloriosum/,Cây Philodendron Gloriosum,Philodendron Gloriosum,Gloriosum,975000,"Philodendron Gloriosum khác biệt với đa phần các cây trong họ Philodendron vì khả năng bò ngang thay vì leo lên trên, có thể sống trong môi trường ánh sáng tán xạ như gần cửa sổ hoặc balcony.","• Size nhỏ: Lá 5 cm  – 8 cm
• Size trung: Lá 9 cm – 12 cm
• Size lớn: Lá 13 cm – 17 cm",Trung bình,Ánh sáng tán xạ; Tránh ánh nắng trực tiếp,"• Vừa phải
• Đất trồng thông thoáng",,,,,,,
CCNPLT0628,,https://mowgarden.com/philodendron-brandtianum/,Philodendron Brandtianum,,Philodendron Brandtianum,400000,,,,,,,,,,,,
CCNPLT0629,,https://mowgarden.com/philodendron-bob-cee/,Philodendron Bob Cee,,Philodendron Bob Cee,550000,,,,,,,,,,,,
CCNPLT0630,TBDV502,https://mowgarden.com/cay-trau-ba-de-vuong-kim-cuong-philodendron-birkin-chau-uom-tbdv502/,Cây trầu bà đế vương kim cương lớn chậu ươm TBDV502,Philodendron Birkin,Trầu bà kim cương,320000,Cây Đế Vương Kim Cương đang trở thành loại cây nội thất phổ biến bởi vẻ đẹp lạ mắt mà nó mang lại. Trồng loại cây này trong nhà sẽ giúp mang chút điểm nhấn với viền sọc trắng xanh trên những chiếc lá cứng cáp. Đây cũng là loại cây phong thủy rất thích hợp để trên bàn làm việc.,Chiều cao 35 – 40 cm,Dễ chăm sóc,Nắng tán xạ / Nơi râm mát,Tưới nước 2 – 3 lần/tuần,,,,,,,
CCNPLT0631,,https://mowgarden.com/la-hot-xoan-peperomia-puteolata/,Lá Hột Xoàn Peperomia Puteolata,,Lá Hột Xoàn,155000,,,,,,,,,,,,
CCNPLT0632,,https://mowgarden.com/cay-buom-dem-oxalis-triangularis/,Cây Bướm Đêm Oxalis Triangularis,,Cây Bướm Đêm,145000,,,,,,,,,,,,
CCNPLT0633,,https://mowgarden.com/trau-ba-la-xe-monstera-deliciosa-cay-con/,Trầu bà lá xẻ Monstera Deliciosa cây con,Monstera Deliciosa,"• Trầu bà lá xẻ
• Trầu bà Nam Mỹ
• Trầu bà Monstera
• Monstera Deliciosa",150000,"Cây trầu bà lá xẻ (hay Monstera Deliciosa) là một loài cây kiểng lá “quốc dân”, được ưu chuộng khắp nơi trên thế giới. Nhờ sở hữu một bộ lá ấn tượng, trang nhã và sang trong mà chúng luôn trở thành tâm điểm điểm của những hình ảnh đại diện cho các nhãn hàng, thương hiệu cho tới cá nhân trên các trang mạng xã hội.","• Kích thước lá: 15 – 30cm
• Chiều cao: 50 – 60cm",Dễ chăm sóc,Ánh sáng tán xạ; Tránh ánh nắng trực tiếp,"• Vừa phải, 2 – 3 lần/tuần
• Đất trồng thông thoáng",,,,,,,
CCNPLT0634,MOAD001,https://mowgarden.com/cay-trau-ba-lo-monstera-adansonii-chau-uom-moad001/,Cây trầu bà lỗ Monstera adansonii chậu ươm MOAD001,Monstera adansonii,Cây trầu bà lỗ,80000,"Trầu bà lỗ có tên khoa học là, Monstera adansonii, hay còn được gọi là Swiss Cheese Vine, với bộ lá xanh mát hình chóp và dễ sống trong nhà nên loại cây này rất được ưu chuộng. Mỗi chiếc lá có đầy những lỗ hình bầu dục tự nhiên trông rất lạ mắt giúp nó khó nhầm lẫn với các loại cây khác.",,Vừa phải,Nắng tán xạ / Bóng râm,"Tưới nước, 4 – 5 lần/tuần",Chiều cao 30 – 40 cm,,,,,,
CCNPLT0635,MARA100,https://mowgarden.com/cay-cau-nguyen-maranta-massangeana-mara100/,Cây cầu nguyện Maranta leuconeura ‘massangeana’ MARA100,Maranta leuconeura ‘massangeana’,Cây cầu nguyên,160000,"Maranta leuconeura ‘massangeana’ là một loại cây nội thất có tác dụng trang trí tuyệt vời cho không gian nội thất. Loại này khá dễ chăm sóc, có thể sống tại nơi ánh sáng yếu, ưu khí hậu mát mẻ, và chịu được hạn.",Đường kính tán: 25cm,Dễ chăm sóc,Ánh sáng tán xạ / Chịu được râm mát,Tưới nước 4 – 5 lần/tuần,,,,,,,
CCNPLT0636,,https://mowgarden.com/maranta-leuconeura-kerchoviana%e2%80%ac-variegata/,Maranta Leuconeura Kerchoviana‬ Variegata,,Maranta Leuconeura Kerchoviana‬ Variegata,1250000,,,,,,,,,,,,
CCNPLT0637,MARA001,https://mowgarden.com/duoi-cong-dom-xanh-maranta-leuconeura-mara001/,Cây đuôi công đốm xanh Maranta Leuconeura‬ MARA001,Maranta leuconeura kerchoveana,Đuôi công đốm xanh,120000,"Cây đuôi công có tên khoa học là Maranta leuconeura kerchoveana là một loại cây nội thất có tác dụng trang trí tuyệt vời cho không gian nội thất. Không giống như mọi loại đuôi công, giống đuôi công này “dễ chịu” hơn nhiều, có thể sống tại nơi ánh sáng yếu, ưu khí hậu mát mẻ, và chịu được hạn.",Chiều cao: 20cm – Tán: 25cm,Dễ chăm sóc,Ánh sáng tán xạ; Chịu được râm mát,Tưới nước 4 – 5 lần/tuần,,,,,,,
CCNPLT0638,,https://mowgarden.com/cay-duoi-cong-maranta-leuconeura/,Cây Đuôi Công Maranta Leuconeura,,Cây Đuôi Công,390000,,,,,,,,,,,,
CCNPLT0639,MARA200,https://mowgarden.com/duoi-cong-maranta-lemon-lime/,Cây cầu nguyện Maranta Lemon Lime MARA200,Maranta Lemon Lime,Cây cầu nguyên,220000,"Maranta lemon Lime là một loại cây nội thất có tác dụng trang trí tuyệt vời cho không gian nội thất. Loại này khá dễ chăm sóc, có thể sống tại nơi ánh sáng yếu, ưu khí hậu mát mẻ, và chịu được hạn.",Đường kính tán: 25cm,Dễ chăm sóc,Ánh sáng tán xạ / Chịu được râm mát,Tưới nước 4 – 5 lần/tuần,,,,,,,
CCNPLT0640,,https://mowgarden.com/maranta-arundinacea-variegata/,Maranta Arundinacea Variegata,,Maranta Arundinacea Variegata,380000,,,,,,,,,,,,
CCNPLT0641,,https://mowgarden.com/duong-xi-toc-than-la-nhuyen-maidenhair-fern/,Dương Xỉ Tóc Thần Lá Nhuyễn Maidenhair Fern,,Dương Xỉ Tóc Thần Lá Nhuyễn,260000,,,,,,,,,,,,
CCNPLT0642,,https://mowgarden.com/kaempferia-pulchra/,Kaempferia Pulchra,,Kaempferia Pulchra,260000,,,,,,,,,,,,
CCNPLT0643,BDCT001,https://mowgarden.com/da-bup-do-cam-thach-chau-uom-bdct001/,Cây đa búp đỏ cẩm thạch chậu ươm BDCT001,Ficus Elastica Tineke,Đa búp đỏ cẩm thạch,60000,"Từ lâu cây Đa luôn là biểu tượng của sự trường tồn, sức sống dẻo dai, nơi chứa đựng thần quyền và tâm linh của con người. Chính lẽ đó mà trong phong thủy, Đa Búp Đỏ cũng mang ý nghĩa của sự may mắn, an lành.",Chiều cao 10 – 15cm,Rất dễ chăm sóc,Ánh sáng tán xạ,Tưới nước 2 – 3 lần/tuần,,,,,,,
CCNPLT0644,CDBD006,https://mowgarden.com/da-bup-do-cam-thach-ficus-elastica-ruby/,Cây đa búp đỏ 3 thân chậu ươm CDBD006,Ficus elastica,Đa búp đỏ,160000,"Từ lâu cây Đa luôn là biểu tượng của sự trường tồn, sức sống dẻo dai, nơi chứa đựng thần quyền và tâm linh của con người. Chính lẽ đó mà trong phong thủy, Đa Búp Đỏ cũng mang ý nghĩa của sự may mắn, an lành.",Chiều cao 20 – 25 cm,Rất dễ chăm sóc,Ánh sáng tán xạ; Bóng râm,"Vừa phải, 2 – 3 lần/tuần",,,,,,,
CCNPLT0645,,https://mowgarden.com/ficus-altissima-variegata/,Cây Đa Búp Vàng Ficus Altissima Variegata,Calathea Makoyana,"• Cây đuôi công đốm
• Cây đuôi công",170000,"Cây Đuôi Công Đốm (Calathea Makoyana) có một bộ lá màu xanh, họa tiết màu xanh bên trong lá. Loài cây đuôi công này được trồng rất phổ biến trong nội thất với mục đích trang trí, tạo thêm mảnh xanh và thanh lọc không khí.","• Cỡ nhỏ: Cao 22 cm – Tán: 22 cm
• Cỡ trung: Cao 32 cm – Tán: 28 cm
• Cỡ lớn: Cao 45 – Tán: 40cm",Rất dễ chăm sóc,"• Ánh nắng gián tiếp
• Ánh sáng tán xạ","• Vừa phải, 2 – 3 lần/tuần
• Đất trồng thông thoáng",,,,,,,
CCNPLT0646,,https://mowgarden.com/cay-khuynh-diep-anh-bac-eucalyptus-true-blue/,Cây Khuynh Diệp Ánh Bạc Eucalyptus True Blue,,Cây Khuynh Diệp Ánh Bạc,300000,,,,,,,,,,,,
CCNPLT0647,,https://mowgarden.com/cay-chuoi-tim-ceropegia-woodii/,Cây Chuỗi Tim Ceropegia Woodii,,Cây Chuỗi Tim ,190000,,,,,,,,,,,,
CCNPLT0648,,https://mowgarden.com/cay-duong-xi-to-chim-crispy-wave-fern-aspl101/,Cây dương xỉ tổ chim Crispy Wave Fern ASPL101,Crispy Wave Fern,Cây dương xỉ tổ chim,360000,"Dương xỉ tổ chim có tán lá dài, uốn lượn sóng phần viền lá và xanh mướt. Loài này có bộ lá khá dày và cứng cáp, rất dễ chăm sóc, thích ánh sáng tán xạ và ẩm môi trường trung bình.",Chiều cao 30 ~ 40 cm,Rất dễ chăm sóc,Nắng tán xạ / Bóng râm,Tưới nước 2 – 3 lần/tuần,,,,,,,
CCNPLT0649,CALA640,https://mowgarden.com/cay-duoi-cong-calathea-warscewiczii-cath640-2/,Cây đuôi công Calathea Warscewiczii CATH640,Calathea Warscewiczii,Cây đuôi công,120000,"Calathea Warscewiczii là loài thực vật thân thảo, có lá hình thuôn tròn, màu xanh đậm, họa tiết viền xanh nhạt. Loài này rất dễ sống, thường được trồng để trang trí trong nhà, thanh lọc không khí và mang ý nghĩa đem lại may mắn, thành công và thịnh vượng.",,Trung bình,Nắng tán xạ / Chịu râm mát,Tưới nước 5 – 6 lần/tuần,Chiều cao 40 – 50 cm,,,,,,
CCNPLT0650,,https://mowgarden.com/cay-duoi-cong-calathea-thai-beauty/,Cây Đuôi Công Calathea Thai Beauty,Calathea Thai Beauty,Cây Đuôi Công Calathea,680000,"Calathea Thai Beauty là loài thực vật thân thảo, có lá hình thuôn tròn, màu xanh đậm, họa tiết viền xanh nhạt. Loài này rất dễ sống, thường được trồng để trang trí trong nhà, thanh lọc không khí và mang ý nghĩa đem lại may mắn, thành công và thịnh vượng.",,Vừa phải,Nắng tán xạ,"Ít nước, 2 – 3 lần/tuần",Cao 30 cm,,,,Tính axit,Có khả năng hấp thu chất độc hại,
CCNPLT0651,CATH143,https://mowgarden.com/cay-duoi-cong-tim-calathea-roseopicta-dottie-chau-su-cath143/,Cây đuôi công tím Calathea roseopicta chậu sứ CATH143,Calathea roseopicta Dottie,Cây đuôi công tím,240000,"Calathea Roseopicta Dottie là loài thực vật thân thảo, có lá hình thuôn tròn, màu hồng. Hay được gọi với tên là Cây Đuôi Công Tím. Loài này rất dễ sống, thường được trồng để trang trí trong nhà, thanh lọc không khí và mang ý nghĩa đem lại may mắn, thành công và thịnh vượng.",,Trung bình,"Nắng tán xạ, chịu râm mát",4 – 5 lần/tuần,Chiều cao 10 – 20 cm,,,,,,
CCNPLT0652,CATH240,https://mowgarden.com/cay-duoi-cong-calathea-roseopicta-cora-cath240/,Cây đuôi công Calathea roseopicta Cora CATH240,Calathea roseopicta Cora,Cây Đuôi Công,140000,"Calathea Roseopicta Cora là loài thực vật thân thảo, có lá hình thuôn tròn, màu xanh đậm, có họa tiết. Loài này rất dễ sống, thường được trồng để trang trí trong nhà, thanh lọc không khí và mang ý nghĩa đem lại may mắn, thành công và thịnh vượng.",,Trung bình,Nắng tán xạ / Chịu râm mát,Tưới nước 4 – 5 lần/tuần,Chiều cao 20 – 30 cm,,,,,,
CCNPLT0653,CALA020,https://mowgarden.com/cay-duoi-cong-calathea-roseopicta-marion-cala020/,Cây đuôi công Calathea roseopicta Marion CALA020,Calathea Roseopicta ‘Marion’,Cây đuôi công,140000,"Calathea Roseopicta Marion là loài thực vật thân thảo, có lá hình thuôn tròn, màu xanh đậm, họa tiết viền xanh nhạt. Loài này rất dễ sống, thường được trồng để trang trí trong nhà, thanh lọc không khí và mang ý nghĩa đem lại may mắn, thành công và thịnh vượng.",,Vừa phải,Nắng tán xạ,"Ít nước, 2 – 3 lần/tuần",Chiều cao 40 -–50 cm,,,,Tính axit,Có khả năng hấp thu chất độc hại,
CCNPLT0654,CATH722,https://mowgarden.com/cay-duoi-cong-calathea-musaica-chau-dat-nung-cath722/,Cây đuôi công ‘Network’ để bàn chậu đất nung CATH722,Calathea Musaica,Cây đuôi công ‘Network’,160000,Với những vân lá tạo nên hoạ tiết ô lưới ngẫu nhiên độc đáo như một bức tranh mosaic kì công. Calathea Network tạo nên sự khác biệt không thể tìm thấy với bất kỳ loại cây nào.,,Vừa phải,Nắng tán xạ / Nơi râm mát,Tưới nước 2 – 3 lần/tuần,Chiều cao 20 – 25 cm,,,,,,
CCNPLT0655,,https://mowgarden.com/cay-duoi-cong-calathea-makoyana/,Cây Đuôi Công Đốm Calathea Makoyana,Calathea Makoyana,"• Cây đuôi công đốm
• Cây đuôi công",110000,"Cây Đuôi Công Đốm (Calathea Makoyana) có một bộ lá màu xanh, họa tiết màu xanh bên trong lá. Loài cây đuôi công này được trồng rất phổ biến trong nội thất với mục đích trang trí, tạo thêm mảnh xanh và thanh lọc không khí.","• Cỡ nhỏ: Cao 22 cm – Tán: 22 cm
• Cỡ trung: Cao 32 cm – Tán: 28 cm
• Cỡ lớn: Cao 45 – Tán: 40cm",Rất dễ chăm sóc,"• Ánh nắng gián tiếp
• Ánh sáng tán xạ","• Vừa phải, 2 – 3 lần/tuần
• Đất trồng thông thoáng",,,,,,,
CCNPLT0656,CATH100,https://mowgarden.com/cay-duoi-phung-calathea-lancifolia-cath100/,Cây đuôi phụng Calathea Lancifolia CATH100,Calathea Lancifolia,Cây đuôi phụng,140000,"Calathea Lancifolia là loại cây trong nhà được ưu chuộng với bộ lá thuôn dài, bàu tròn mềm mại, bên trên là những họa tiết ấn tượng và quyến rũ. Vẻ đẹp độc đáo của loài cây này khiến cho người ta phải gọi nó bằng cái tên là cây đuôi phụng, và luôn là một sự lựa chọn tuyệt hảo để trang trí cho không gian thêm phần sinh động.","• Kích thước lá: 10 – 20cm
• Chiều cao: 25 – 40cm",Dễ chăm sóc,Ánh sáng tán xạ / Chịu được râm mát,Ít nước 2 – 3 lần/tuần,,,,,,,
CCNPLT0657,,https://mowgarden.com/cay-duoi-cong-calathea-fasciata-borrusica/,Cây Đuôi Công Calathea Fasciata Borrusica,Calathea Fasciata Borrusica,Cây Đuôi Công,450000,"Calathea Fasciata Borrusica là loài thực vật thân thảo, có lá hình thuôn tròn, màu xanh đậm, họa tiết viền xanh nhạt. Loài này rất dễ sống, thường được trồng để trang trí trong nhà, thanh lọc không khí và mang ý nghĩa đem lại may mắn, thành công và thịnh vượng.",,Vừa phải,Nắng tán xạ,"Ít nước, 2 – 3 lần/tuần",Cao 40 – 50 cm,,,,Tính axit,Có khả năng hấp thu chất độc hại,
CCNPLT0658,,https://mowgarden.com/cay-duoi-cong-calathea-compact-star/,Cây Đuôi Công Calathea Compact Star,Calathea Compact Star,Cây Đuôi Công,220000,"Calathea Compact Star là loài thực vật thân thảo, có lá hình thuôn tròn, màu xanh đậm, họa tiết viền xanh nhạt. Loài này rất dễ sống, thường được trồng để trang trí trong nhà, thanh lọc không khí và mang ý nghĩa đem lại may mắn, thành công và thịnh vượng.",,Vừa phải,Nắng tán xạ,"Ít nước, 2 – 3 lần/tuần",Cao 40 – 50 cm,,,,Tính axit,Có khả năng hấp thu chất độc hại,
CCNPLT0659,,https://mowgarden.com/cay-duoi-cong-calathea-bella-carlina/,Cây Đuôi Công Calathea Bella Carlina,Calathea Bella Carlina,Cây Đuôi Công,420000,"Calathea Bella Carlina là loài thực vật thân thảo, có lá hình thuôn tròn, màu xanh đậm, họa tiết viền xanh nhạt. Loài này rất dễ sống, thường được trồng để trang trí trong nhà, thanh lọc không khí và mang ý nghĩa đem lại may mắn, thành công và thịnh vượng.",,Vừa phải,Nắng tán xạ,"Ít nước, 2 – 3 lần/tuần",Cao 40 – 50 cm,,,,Tính axit,Có khả năng hấp thu chất độc hại,
CCNPLT0660,,https://mowgarden.com/caladium-white-christmas/,Cây Môn Caladium White Christmas,Caladium White Christmas,• Môn Giáng Sinh,420000,,,Dễ sống,Ít sáng / Bóng râm / Tán xạ,"Vừa phải, 2 – 3  lần/tuần",• Chiều cao 30 – 40 cm,,,,,,
CCNPLT0661,,https://mowgarden.com/cay-mon-tia-caladium-bubble-caladium-new-wave/,Cây Môn Tía – Caladium Bubble – Caladium New Wave,,Cây Môn Tía,360000,,,,,,,,,,,,
CCNPLT0662,,https://mowgarden.com/cay-thu-hai-duong-canh-thien-than-begonia-maculata-wightii-bego001/,Cây thu hải đường cánh thiên thần chậu ươm BEGO001,Begonia Maculata Wightii,Cây thu hải đường cánh thiên thần,240000,Trong họ Thu Hải Đường này thì loài lá đốm là loài nổi tiếng nhất và được trồng nhiều nhất. Hoa của chúng màu trắng hoặc hồng khá bền màu và bền hoa,Chiều cao: 30 – 40 cm,Rất dễ chăm sóc,Nắng tán xạ / Bóng râm,Tưới nước 3 – 4 lần/tuần,,,,,,,
CCNPLT0663,,https://mowgarden.com/cay-mon-nhung-alocasia-frydek/,Cây Môn Nhung Alocasia Micholitziana Frydek,Alocasia Micholitziana Frydek,"• Môn nhung lá xanh
• Alocasia Frydek",200000,"Cây Alocasia Micholitziana Frydek hay còn gọi là Alocasia Green Velvet, là một giống môn đang khá “hot” trong vài năm trở lại đây. Môn nhung Frydek biết cách làm cho ngôi nhà, khu vườn của bạn sinh động thêm với những chiếc lá rộng và mượt như nhung, kèm theo đó là những đường gân trắng nổi bật.","• Size nhỏ: Lá 5 cm  – 8 cm
• Size trung: Lá 9 cm – 12 cm
• Size lớn: Lá 13 cm – 17 cm",Trung bình,Ánh sáng tán xạ; Tránh ánh nắng trực tiếp,"• Vừa phải
• Đất trồng thông thoáng",,,,,,,
CCNPLT0664,,https://mowgarden.com/alocasia-black-velvet/,Cây Môn Nhung Lá Đen Alocasia Black Velvet,Alocasia Reginula Black Velvet,"• Alocasia Black Velvet
• Môn nhung lá đen",200000,"Cây Môn Nhung Lá Đen Alocasia Black Velvet hay còn gọi là Little Queen Alocasia, xuất thân từ các khu rừng rậm Đông Nam Á, trước đây khá hiếm nhưng đang dần phổ biến hơn nhờ công nghệ nuôi cấy mô.","• Size nhỏ: Lá 5 cm – 8 cm
• Size vừa: Lá 9 cm – 12 cm
• Size lớn : Lá 13 cm – 17cm",Trung bình,Ánh sáng tán xạ; Tránh ánh nắng trực tiếp,"• Vừa phải
• Đất trồng thông thoáng",,,,,,,
CCNPLT0665,,https://mowgarden.com/cay-alocasia-baginda-silver-dragon/,Cây Môn Rồng Bạc Alocasia Baginda Silver Dragon,Alocasia Baginda Silver Dragon,"• Môn Rồng Bạc
• Alocasia Baginda
• Silver Dragon",200000,"Một viên ngọc đến từ họ nhà Alocasia, kích thích mọi ánh nhìn, Alocasia Baginda Silver Dragon nổi tiếng và đầy mê hoặc. Nó có thể tồn tại khá tốt trong nhà lẫn ngoài trời.","• Size nhỏ : Lá 5 cm – 8 cm
• Size trung: Lá 8 cm – 12 cm
• Size lớn: Lá 13 cm – 17 cm",Trung Bình,"• Ánh sáng tán xạ
• Tránh ánh nắng trực tiếp","• Vừa phải, 2 – 3 lần/tuần
• Đất trồng thông thoáng",,,,,,,
CCNPLT0666,AGLA025,https://mowgarden.com/cay-van-loc-phat-chau-men-su-agla025/,Cây vạn lộc phát chậu men sứ AGLA025,Aglaonema Lady Valentine,Cây vạn lộc,320000,"Cây vạn lộc là dòng cây cảnh nội thất dễ chăm sóc, có thể sống được trong điều kiện ánh sáng thấp. Với một hình dạng lá độc đáo, bên trên là những họa tiết đẹp mắt giống như tranh vẽ giúp tạo thêm điểm nhấn cho không gian nội thất.",Cao 20 – 30 cm,Rất dễ chăm sóc,Nắng tán xạ / Chịu râm mát,Tưới nước 2 – 3 lần/lần,,,,,,,
CCNPLT0667,,https://mowgarden.com/cay-mon-quan-am-alocasia-amazonica/,Cây Môn Quan Âm Alocasia Amazonica Polly,Alocasia Amazonica Polly,"• Alocasia Polly
• Môn Quan Âm",200000,"Cây Alocasia Amazonica Polly ở Việt Nam người đam mê kiểng lá hay gọi là cây Môn Quan Âm, có sức sống khỏe, dễ trồng, dễ chăm sóc, thường được trồng trong chậu trang trí trong nhà lẫn ngoài trời.","• Size nhỏ: Lá 5 cm – 8 cm
• Size trung: Lá 9 cm – 12 cm
• Size lớn: Lá 13 cm – 17 cm",Trung bình,Ánh sáng tán xạ; Tránh ánh nắng trực tiếp,"• Vừa phải
• Đất trồng thông thoáng",,,,,,,
CCNPLT0668,,https://mowgarden.com/cay-hoa-sen-cao-37cm/,Cây Hoa Sen – Cao 37cm,,Cây Hoa Sen,140000,,,,,,,,,,,,
CCNPLT0669,,https://mowgarden.com/cay-bach-thuy-tien-thuy-cuc-tu-co-la-tim-cao-50cm/,Cây Bách Thủy Tiên/ Thủy Cúc/ Từ Cô Lá Tim – Cao 50cm,Echinodorus cordifolius,Cây Thủy Cúc,95000,"Cây Bách Thủy Tiên khởi nguồn từ Bắc Mỹ và miền bắc của Nam Mỹ, hay còn được gọi với cái tên Thủy Cúc, Từ Cô Lá Tim, tên khoa học là Echinodorus cordifolius thuộc họ thực vật Alismataceae.",,Dễ,"Nắng tán xạ, tránh nắng trực tiếp","Nhiều nước, 4 – 5 lần/tuần",Cao 40 – 60 cm,,,,Tính axit,Có khả năng hấp thu chất độc hại,
CCNPLT0670,,https://mowgarden.com/cay-le-ban/,Cây Lẻ Bạn – Cao 19cm,,Cây Lẻ Bạn,30000,,,,,,,,,,,,
CCNPLT0671,CHPD003,https://mowgarden.com/cay-huyet-du-do-chau-uom-drac601/,Cây huyết dụ đỏ chậu ươm CHPD003,Cordyline terminalis Kanth,Huyết phất dụ,135000,"Cây huyết dụ là loại cây thân gỗ mọc theo bụi thường xanh, có màu đỏ hồng, dáng thân và tán lá rất đẹp thu hút người nhìn.",Chiều cao 30 – 50 cm,Dễ chăm sóc,"Nắng tán xạ, chịu được nắng trực tiếp","Ít nước, 2 – 3 lần/tuần",,,,,,,
CCNPLT0672,SCHE010,https://mowgarden.com/cay-ngu-gia-bi-cam-thach-chau-uom-sche010/,Cây ngũ gia bì cẩm thạch chậu ươm SCHE010,Scheffera Octophylla,Ngũ gia bì cẩm thạch,250000,"Ngũ gia bì là loại cây mang lại tài vận, thịnh vượng và may mắn, trồng trong nhà sẽ mang đến một không gian thư thái, trong lành cho gia đình.",Chiều cao ~80 cm,Dễ chăm sóc,"Nắng tán xạ, chịu được nắng trực tiếp","Ít nước, 2 – 3 lần/tuần",,,,,,,
CCNPLT0673,MONS007,https://mowgarden.com/cay-trau-ba-lo-monstera-adansonii-monkey-mask/,Cây Trầu Bà Lỗ Monstera adansonii Monkey Mask – MONS007,Monstera adansonii,Cây Trầu Bà Lỗ,165000,"Monstera adansonii là cây thân thảo, thích nghi với bóng râm hoàn toàn, vì vậy chúng thường được trồng trong nhà, sức sống mạnh mẽ, dễ dàng chăm sóc và có thể tồn tại trong nhiều môi trường khác nhau, gốc nhiều nhánh và đốt.
Với những chiếc lá xanh tươi, thân hình nhỏ nhắn trông rất dễ thương có thể sẽ rất phù hợp với các bạn nữ, nhân viên văn phòng trong lúc mệt mỏi có thể ngắm nhìn để giải tỏa phần nào áp lực công việc, cuộc sống.",,Vừa phải,Nắng tán xạ,"Ít nước, 2 – 3 lần/tuần",Cao 30 – 40 cm,,,,Tính axit,Có khả năng hấp thu chất độc hại,
CCNPLT0674,CRYP001,https://mowgarden.com/cay-dua-hong-phung-cryptanthus-elain-chau-uom-cryp001/,Cây dứa hồng phụng Cryptanthus ‘Elaine’ chậu ươm CRYP001,Cryptanthus Fosterianus Elaine,Cây dứa hồng phụng / Lưỡi rồng,80000,"Với hoa văn độc đáo và màu sắc sặc sỡ, cây dứa hồng phụng rất thích hợp làm cây để bàn, hoặc là món quà tặng ý nghĩa nhân dịp lễ tết, mừng khai trương, thăng chức. Nếu trồng trong nhà, cây mang ý nghĩa giúp không khí tích cực, tăng cường tình yêu gia đình.",Chiều cao 20 – 30 cm,Rất dễ chăm sóc,Nắng tán xạ,Tưới nước 2 – 3 lần/tháng,,,,,,,
CCNPLT0675,,https://mowgarden.com/cay-co-nhat-nho-chau-uom-licu001/,Cây cọ nhật nhỏ chậu ươm LICU001,Licuala grandis,Cây cọ Nhật / Kè Nhật,250000,"Cọ Nhật là loại cây sở hữu bộ lá vừa to vừa xanh, chỉ cần trồng một cây là đủ để phủ xanh không gian sống. Bên cạnh đó loại cây này trong thủy được xem là có tác dụng sinh tài, giữ của, và giúp tạo nên sự sang trọng bởi vẻ ngoài thanh lịch của chúng.",Chiều cao: 60 – 80 cm,Rất dễ chăm sóc,Nắng tán xạ / Bóng râm,Tưới nước 3 – 4 lần/tuần,,,,,,,
CCNPLT0676,CTBH001,https://mowgarden.com/cay-truc-bach-hop-1-than-dracaena-reflexa-ctbh001/,Cây trúc bách hợp một thân Dracaena reflexa CTBH001,Dracaena reflexa,Cây trúc bách hợp,450000,,,Rất dễ,Cần nhiều ánh sáng; Nắng trực tiếp; Bóng râm,"• Ít tưới, 1 – 2 lần/tuần
• Chịu được hạn",Chiều cao: 80 – 100cm,,,,,,
CCNPLT0677,CPTDL001,https://mowgarden.com/cay-phat-tai-dai-loan-cao-70-cm/,Cây Phát Tài Đài Loan – Cao 70 Cm – Bầu ươm CPTDL001,,Cây Phát Tài Đài Loan,280000,,,,,,,,,,,,
CCNPLT0678,,https://mowgarden.com/cay-cung-dien-vang-chau-dat-nung/,Cây Cung Điện Vàng – Chậu Đất Nung,,Cây Cung Điện Vàng,220000,"Cây Cung Điện Vàng được tìm thấy ở những khu rừng khí hậu nhiệt đới gió mùa, thành ra chúng phát triển hoàn hảo với sinh nhưỡng của Việt Nam. Cây vô cùng khỏe, ưa môi trường mát có độ ẩm cao vì vậy cây cung điện là lựa chọn hoàn hảo cho decor phòng khách hoặc phòng ngủ hiện đại.",,,,,,,,,,,
CCNPLT0679,LYRA024,https://mowgarden.com/cay-bang-singapore-lon-ficus-lyrata-200cm/,Cây bàng Singapore một thân chậu xi măng LYRA024,Ficus lyrata,Cây bàng Singapore / Sung tỳ bà,400000,"Cây Bàng Singapore Lớn có thể dễ dàng nhận ra ở những góc quán cafe, bàn làm việc công. Với những chiếc lá căng bóng hình đàn vĩ cầm rất lớn, nhiều gân là hình chân chim nổi bật và sức sống rất mạnh mẽ.",,Dễ chăm sóc,Nắng trực tiếp / Ánh sáng tán xạ,"Ít nước, 2 – 3 lần/tuần","Kích thước chậu: 30×40
Chiều cao tổng 160 – 180 cm",,,,,,
CCNPLT0680,,https://mowgarden.com/cay-phat-tai-huy-hoang-phat-tai-nui-cao-60cm/,Cây Phát Tài Huy Hoàng/ Phát Tài Núi – Cao 60cm,,Cây Phát Tài Huy Hoàng/ Phát Tài Núi,350000,,,,,,,,,,,,
CCNPLT0681,ASPL140,https://mowgarden.com/cay-rang-to-phung-nho-chau-uom-aspl140/,Cây ráng tổ phụng nhỏ chậu ươm ASPL140,Asplenium nidus,Ráng ổ phụng,140000,"Ráng ổ phụng là loại cây thuộc họ dương xỉ, có sức sống rất mãnh liệt, loài này có hình hài rất giống với tổ chim nên nó được xem là biểu tượng cho sự ấm áp, hạnh phúc và xum vầy trong gia đình.",Chiều cao: 35cm – Tán: 25cm,Dễ chăm sóc,Ánh sáng tán xạ; Chịu được khuất sáng,Tưới nước 2 – 3 lần/tuần,,,,,,,
CCNPLT0682,,https://mowgarden.com/cay-lan-thanh-cao-40cm/,Cây Lan Thanh – Cao 40cm,,Cây Lan Thanh,120000,,,,,,,,,,,,
CCNPLT0683,,https://mowgarden.com/cay-ngan-hau-giong-moi-cao-41-cm/,Cây Ngân Hậu Giống Mới – Cao 41 Cm,,Cây Ngân Hậu,125000,,,,,,,,,,,,
CCNPLT0684,ZAMI004,https://mowgarden.com/cay-kim-tien-de-ban-chau-su-zami004/,Cây kim tiền để bàn chậu sứ ZAMI004,Zamioculcas zamiifolia,Cây kim tiền / Cây kim phát tài,150000,"Cây kim tiền được đánh giá rất cao là loại cây phong thủy đem đến tài lộc, thịnh vượng, giàu sang, sức khỏe cho gia chủ.Đặc biệt khi kim tiền nở hoa gia chủ càng đắc lộc.",Chiều cao 40 – 50cm,Dễ chăm sóc,Nắng tán xạ hoặc trực tiếp,"Ít nước, 2 – 3 lần/tuần",,,,,,,
CCNPLT0685,,https://mowgarden.com/cay-lan-tim-nhi-cay-khuc-thuy-cao-10cm/,Cây Lan Tim Nhí/ Cây Khúc Thủy – Cao 10cm,,Cây Lan Tim Nhí/ Cây Khúc Thủy,105000,,,,,,,,,,,,
CCNPLT0686,CPTK004,https://mowgarden.com/cay-phat-tai-khuc-bo-3-chau-su-trang-cptk004/,Cây phát tài khúc bộ 3 chậu sứ trắng CPTK004,,Cây phát tài khúc,180000,"Loài cây nội thất được đánh giá là đem lại nhiều sinh khí, may mắn và thịnh vượng cho gia chủ, nhất là khi cây nở hoa là dấu hiệu tiền tài đang đến với bạn. Hơn nữa, nếu bạn đặt cây theo hướng Đông hay Đông Nam của ngôi nhà thì sẽ đem tới nhiều may mắn bởi cây là đại diện cho hành Mộc.",,,,,,,,,,,
CCNPLT0687,,https://mowgarden.com/cay-truc-nhat-vang-cao-20cm/,Cây Trúc Nhật Vàng – Cao 20cm,,Cây Trúc Nhật Vàng,75000,,,,,,,,,,,,
CCNPLT0688,PEOB004,https://mowgarden.com/cay-truong-sinh-cam-thach-chau-dat-nung-peob004/,Cây trường sinh cẩm thạch chậu đất nung PEOB004,Peperomia obtusifolia var,Cây trường sinh cẩm thạch,160000,"Cây trường sinh cẩm thạch là một loại cây cảnh trong nhà đẹp mắt, với bộ lá luôn xanh mát, sức sống mãnh liệt, dễ chăm sóc. Đây cũng là loại cây phong thủy với tác dụng mang đến sức khỏe, may mắn và tiền tài tới cho gia chủ. Người ta thường hay tặng cây trường sinh vào những dịp đặc biệt như là một lời chúc phúc tới người nhận.",,Dễ chăm sóc,Nắng tán xạ / Chịu râm mát,Tưới nước 2 – 3 lần/tuần,"• Kích thước chậu: 12x11cm (DxC)
• Chiều cao 20 – 30 cm",,,,,,
CCNPLT0689,ZAMI005,https://mowgarden.com/cay-kim-tien-chau-dat-nung-hoa-tiet-tho-cam-zami002/,Cây kim tiền chậu đất nung họa tiết thổ cẩm ZAMI005,Zamioculcas zamiifolia,Cây kim tiền,185000,"Cây kim tiền rất dễ sống vì có thể trồng tại nơi có ít ánh sáng, và nó cũng không cần đến quá nhiều nước để phát triển. Loại cây này thường được lựa chọn để đặt trong nhà để tạo thêm mảng xanh, đồng thời được trồng với tác dụng phong thủy.",,Dễ sống,Ít sáng / Bóng râm / Tán xạ,"Vừa phải, 2 – 3  lần/tuần",Chiều cao 30 – 40 cm,,,,,,
CCNPLT0690,ZAMI009,https://mowgarden.com/cay-kim-tien-de-ban-chau-men-su-zami009/,Cây kim tiền để bàn chậu men sứ ZAMI009,Zamioculcas zamiifolia,Cây kim tiền,420000,"Cây kim tiền hay kim phát tài là loại cây phong thủy rất được ưu chuộng và lựa chọn, với mong muốn công việc làm ăn luôn gặp thuận lợi, dù to nhỏ cũng đều suôn sẻ như sức sống của cây vậy.",Chiều cao 45 cm,Dễ chăm sóc,"Nắng tán xạ, chịu được nắng trực tiếp","Ít nước, 2 – 3 lần/tuần",,,,,,,
CCNPLT0691,,https://mowgarden.com/cay-rau-ma-kieng-co-dong-tien-cao-18cm/,Cây Rau Má Kiểng/ Cỏ Đồng Tiền – Cao 18cm,,Cây Rau Má Kiểng/ Cỏ Đồng Tiền,45000,,,,,,,,,,,,
CCNPLT0692,AGLA050,https://mowgarden.com/cay-phu-quy-chau-gom-nung/,Cây phú quý viền đỏ ‘Red Siam’ chậu ươm AGLA050,Aglaonema Red Siam,Phú quý đỏ,75000,"Aglaonema Red là loại cây trong nhà có thân màu trắng hồng, lá màu xanh viền đỏ đẹp mắt, Loài này rất dễ sống, thường được trồng để trang trí trong nhà, thanh lọc không khí và cũng là loại cây phong thủy, tượng trưng cho tài lộc và may mắn.",,Dễ chăm sóc,Nắng tán xạ / Nơi râm mát,Tưới nước 2 – 3 lần/tuần,Chiều cao 20 – 30 cm,,,,,,
CCNPLT0693,AGLA001,https://mowgarden.com/cay-ngoc-ngan-aglaonema-snow-white-chau-uom-agla001/,Cây ngọc ngân ‘Snow White’ chậu ươm AGLA001,Aglaonema Snow White,Cây ngọc ngân,75000,"Cây ngọc ngân là là cây trong nhà được đánh giá cao về phong thuỷ, người ta quan niệm rằng cây Ngọc ngân mang đến tài lộc, may mắn khi đặt trên bàn làm việc hay trang trí trong văn phòng. Về mặt tinh thần cây Ngọc ngân rất thích hợp làm quà tặng tình yêu.",Chiều cao: 20 – 30cm,Dễ chăm sóc,Ánh sáng tán xạ; Tránh ánh nắng trực tiếp,Tưới nước 2 – 3 lần/tuần,,,,,,,
CCNPLT0694,,https://mowgarden.com/cay-cang-cua-cam-thach-peperomia-scandens-variegata/,Cây Càng Cua Cẩm Thạch Peperomia scandens Variegata – Cao 16 Cm,,Cây ngọc ngân,85000,"Cây Càng Cua Cẩm Thạch Peperomia scandens Variegata dây leo mỏng manh, có lá màu xanh nhạt, trắng sữa, hình trái tim và cuối cùng rụng xuống khi chúng trưởng thành. Một loại cây biểu trưng cho vui vẻ, nhẹ nhàng và tươi tốt chắc chắn sẽ mang lại nụ cười cho bạn.",,,,,,,,,,,
CCNPLT0695,ANTH001,https://mowgarden.com/cay-hong-mon-nho-de-ban-chau-uom-anth001/,Cây hồng môn nhỏ để bàn chậu ươm ANTH001,Anthurium andreanum,Cây hồng môn,180000,"Cây hồng môn được biết tới là một loại cây cảnh mang lại điều tốt lành, có thể giúp điều hòa khí phong thủy trong nhà, có khả năng thu hút những dòng khí tích cực và làm tiêu bớt dòng khí tiêu cực cho môi trường xung quanh, trồng cây hồng môn trong nhà sẽ giúp không gian sống trở nên hài hòa và bình yên hơn.",Chiều cao 20 – 30 cm,Dễ chăm sóc,Nắng tán xạ / Chịu râm mát,Tưới nước 2 – 3 lần/lần,,,,,,,
CCNPLT0696,,https://mowgarden.com/cay-hoa-lan-quan-tu-cao-38cm/,Cây Hoa Lan Quân Tử – Cao 38cm,,Cây Hoa Lan Quân Tử,220000,,,,,,,,,,,,
CCNPLT0697,PEAC001,https://mowgarden.com/cay-lan-y-chau-dat-nung-buom-trang-vy-hoa-trang-hue-hoa-binh/,Cây lan ý nhỏ chậu ươm PEAC001,Spathiphyllum wallisii,Cây lan ý / Cánh buồm / Huệ hòa bình,140000,"Cây lan ý thuộc giống cây rất dễ sống, thường được trồng để trang trí trong nhà cần ít ánh sáng, thanh lọc không khí. Nó cũng loại bỏ nhiều chất độc từ không khí trong nhà bao gồm cả formaldehyde và amoniac. Loại cây này còn mang ý nghĩa đem lại may mắn, thành công và thịnh vượng, hợp với người mệnh Kim và Thủy",,Dễ chăm sóc,Nắng tán xạ / Chịu bóng râm,Tưới nước 2 – 3 lần/tuần,Chiều cao 40 – 50 cm,,,,,,
CCNPLT0698,LYRA011,https://mowgarden.com/cay-bang-singapore-mini-chau-dat-nung-lyra011/,Cây bàng Singapore mini để bàn chậu đất nung LYRA011,Fiddle Leaf Fig,"Sung tì bà, sung tỳ bà hay sung lá đàn",120000,"Cây bàng Singapore đang loại cây trong nhà được nhiều người ưu chuộng. Với bộ lá màu xanh lá mượt mà, dáng thẳng đứng thanh lịch và sang trọng giúp cho không gian nhà bạn thêm phần sinh động. Cây cũng có khả năng thanh lọc không khí giúp không gian thêm trong lanh.",,Vừa phải,Chịu được nắng trực tiếp,"Ít nước, 2 – 3 lần/tuần","• Kích thước chậu:
• Chiều cao tổng: 17 cm",,,,,,
CCNPLT0699,HAWA001,https://mowgarden.com/cay-cau-hawaii-lon-chau-uom-hawa001/,Cây cau Hawaii lớn chậu ươm HAWA001,Chamaedorea elegans,Cau Hawaii,320000,"Cau Hawaii là một loại cây cây cảnh nội thất phổ biến, thích hợp để trưng bày trong các không gian nội thất sang trọng. Loại cây này có sức sống mãnh liệt, dễ chăm sóc, có bộ lá xanh mướt và mang ý nghĩa rất tốt trong phong thủy.",Chiều cao tổng: 120 – 130 cm,Dễ chăm sóc,Nắng tán xạ / Râm mát,Tưới nước 2 – 3 lần/tuần,,,,,,,
CCNPLT0700,PEOB001,https://mowgarden.com/cay-truong-sinh-de-ban/,Cây trường sinh để bàn chậu ươm PEOB001,Peperomia obtusifolia,Cây trường sinh,120000,"Cây trường sinh là một loại cây cảnh trong nhà đẹp mắt, với bộ lá luôn xanh mát, sức sống mãnh liệt, dễ chăm sóc. Đây cũng là loại cây phong thủy với tác dụng mang đến sức khỏe, may mắn và tiền tài tới cho gia chủ. Người ta thường hay tặng cây trường sinh vào những dịp đặc biệt như là một lời chúc phúc tới người nhận.",,Dễ chăm sóc,Nắng tán xạ / Chịu râm mát,Tưới nước 2 – 3 lần/tuần,Chiều cao 20 – 30 cm,,,,,,
CCNPLT0701,,https://mowgarden.com/cay-van-loc-thien-phu/,Cây Vạn Lộc/Thiên Phú,,Cây Vạn Lộc/Thiên Phú,115000,,,,,,,,,,,,
CCNPLT0702,HEDE001,https://mowgarden.com/cay-thuong-xuan-xanh-chau-treo-hede001/,Cây thường xuân xanh chậu treo HEDE001,English Ivy,Cây thường xuân,160000,"Cây thường xuân có bộ lá xanh tươi tốt, hình dáng ấn tượng giúp mang lại không gian xanh mát. Đây là dòng cây dễ chăm đang là “trend” được nhiều người lựa chọn trồng trang trí trong nhà rất đẹp.",,Trung bình,"Ít nắng, trồng nơi râm mát","Ít nước, 2 – 3 lần/tuần",Dài 60cm,,,,,,
CCNPLT0703,DVX001,https://mowgarden.com/cay-trau-ba-de-vuong-xanh-de-ban/,Cây Trầu Bà Đế Vương Xanh Để Bàn DVX001,Philodendron Imperial Green,Cây Trầu Bà Đế Vương Xanh,350000,"Trầu Bà Đế Vương có tên tiếng Anh là Philodendron Imperial thuộc họ Araceae (Ráy). Nguồn gốc của cây từ đảo Solomon, nguyên sinh ở Indonesia, là dòng cây thân thảo, trong tự nhiên dòng cây này có thể cao hơn 1.5m, nhưng với mục đích trang trí thì MOW sẽ gửi đến các bạn cây với kích cỡ nhỏ để tiện đặt ở bất cứ đâu mình thích.",,Vừa phải,Nắng tán xạ,"Ít nước, 2 – 3 lần/tuần",Cao 20 – 40 cm,,,,Tính axit,Có khả năng hấp thu chất độc hại,
CCNPLT0704,PODO002,https://mowgarden.com/cay-tung-la-han-thuy-sinh-de-ban-podo002/,Cây tùng la hán thủy sinh để bàn PODO002,Podocarpus brevifolius,Tùng la hán,140000,"Cây tùng trong phong thủy được coi là loài cây quý có linh khí rất tốt bởi chúng có thể sống hàng trăm năm, giúp cản gió độc, xua đuổi tà khí, tránh những điều xui xẻo và đem lại sự trường thọ gia chủ.",Chiều cao: 15 cm,Dễ chăm sóc,Ánh sáng tán xạ,Tưới nước 1 – 2 lần/tuần,,,,,,,
CCNPLT0705,CDBD004,https://mowgarden.com/cay-da-bup-do-de-ban-3-than-chau-su-trang-cdbd004/,Cây đa búp đỏ để bàn 3 thân chậu sứ trắng CDBD004,Ficus elastica,Đa búp đỏ,230000,"Từ lâu cây Đa luôn là biểu tượng của sự trường tồn, sức sống dẻo dai, nơi chứa đựng thần quyền và tâm linh của con người. Chính lẽ đó mà trong phong thủy, Đa Búp Đỏ cũng mang ý nghĩa của sự may mắn, an lành.",Chiều cao 20 – 25 cm,Rất dễ chăm sóc,Ánh sáng tán xạ; Bóng râm,"Vừa phải, 2 – 3 lần/tuần",,,,,,,
CCNPLT0706,RADE001,https://mowgarden.com/cay-hanh-phuc-de-ban-chau-uom-rade001/,Cây hạnh phúc để bàn chậu ươm RADE001,Radermachera Sinica,Cây hạnh phúc,250000,Cây dễ sinh trưởng phát triển mọi diều kiện thời tiết khác nhau nên rất dễ trồng và chăm sóc. Cây sống tốt trong điều kiện có điều hoà và môi trường thiếu sáng nên chúng ta có thể dễ dàng lựa chọn cây trang trí để bàn cho không gian làm việc trở nên xanh mát và ấm áp.,Cao 40 – 50 cm,Dễ chăm sóc,"Nắng tán xạ, chịu được nắng trực tiếp","Ít nước, 2 – 3 lần/tuần",,,,,,,
CCNPLT0707,SPID001,https://mowgarden.com/cay-co-lan-chi-de-ban-chau-uom-spi001/,Cây cỏ lan chi để bàn chậu ươm SPID001,Chlorophytum laxum,Cây cỏ lan chi / cây dây nhện,30000,"Cỏ Lan Chi (hay còn gọi là Cỏ Nhện) là loại cây rất dễ sống với điều kiện khí hậu nóng tại Việt Nam. Đặc biệt, nó nằm trong top các loại cây lọc không khí rất hiệu quả, có thể đặt trong phòng ngủ giúp bạn có giấc ngủ trong lành hơn.",,Rất dễ chăm sóc,Nắng tán xạ / Chịu râm mát,Tưới nước 2 – 3 lần/tuần,Chiều cao 30 – 40 cm,,,,,,
CCNPLT0708,CASA001,https://mowgarden.com/cay-duoi-cong-soc-calathea-sanderiana-chau-uom-casa001/,Cây đuôi công sọc Calathea Sanderiana chậu ươm CASA001,Cây đuôi công sọc,Calathea ornata Sanderiana,160000,"Calathea ornata Sanderiana là loài thực vật thân thảo, có lá hình thuôn tròn, sọc trắng xanh. Loài này rất dễ sống, thường được trồng để trang trí trong nhà, thanh lọc không khí và mang ý nghĩa đem lại may mắn, thành công và thịnh vượng.",,Dễ chăm sóc,Nhiều ánh sáng / tán xạ,Tưới nước 2 – 3 lần/tuần,"• Chiều cao 25 – 30cm
• Tán rộng: 20 – 25cm",,,,,,
CCNPLT0709,,https://mowgarden.com/cay-trau-ba-la-sua-epipremnum-pinnatum-njoy/,Cây Trầu Bà Lá Sữa Epipremnum pinnatum NJoy,Epipremnum Marble Queen,Cây trầu bà cẩm thạch,125000,"Cây Trầu Bà Sữa hay còn gọi là Trầu Bà Cẩm Thạch, là một người “anh em” của cây Trầu Bà thông thường nên nó sở hữu những đặc điểm và tính chất tương tự. Nó có tên khoa học là Epipremnum ‘Marble Queen’ hay có thể gọi với tên tiếng Anh là Epipremnum pinnatum ‘NJoy’, thuộc họ Ráy (Araceae), có nguồn gốc từ miền bắc Australia, Malaysia.",,Dễ chăm sóc,Nắng tán xạ,"Ít nước, 2 – 3 lần/tuần",Cao 20 – 40 cm,,,,,,
CCNPLT0710,CATH001,https://mowgarden.com/cay-duoi-cong-tao-xanh-calathea-orbifolia-chau-uom-cath001/,Cây đuôi công táo xanh Calathea Orbifolia chậu ươm CATH001,Calathea Orbifolia,Cây đuôi công táo xanh,180000,"Cây đuôi công táo xanh là loài thực vật thân thảo, có lá hình thuôn tròn, sọc trắng xanh. Hay được gọi với tên là Cây Đuôi Công Táo Xanh. Loài này rất dễ sống, thường được trồng để trang trí trong nhà, thanh lọc không khí và mang ý nghĩa đem lại may mắn, thành công và thịnh vượng.",,Dễ chăm sóc,Ít sáng / Bóng râm / Tán xạ,"Vừa phải, 2 – 3  lần/tuần","Chiều cao: 20 ~ 25 cm
Tán rộng 20 ~ 30 cm",,,,,,
CCNPLT0711,,https://mowgarden.com/cay-hoang-hau/,Cây hoàng hậu chậu sứ,,Cây hoàng hậu chậu sứ,270000,"Cây Hoàng Hậu có tên khoa học Aglaonema Diamond Bay, thuộc họ Araceae (ráy) có hoa, dòng Aglaonema phổ biến với các loại cây như: Vạn Lộc, Giữ Tiền, Bạch Mã Hoàng Tử, Phú Quý, Ngọc Ngân…Lá có chiều rộng trung bình khoảng 10cm, dài 20cm, rộng ở giữa và thuôn dần ở phía đầu, mặt sau của lá có màu xanh, lá mềm, nhẵn không có răng cưa hay gai.",,,,,,,,,,,
CCNPLT0712,PHIG003,https://mowgarden.com/cay-trau-ba-de-vuong-xanh-thuy-sinh/,Cây Trầu Bà Đế Vương Xanh Thủy Sinh ‘Imperial Green’ PHIG003,Philodendron Imperial Green,Trầu bà đế vương xanh,185000,"Trầu Bà Đế Vương Xanh (Philodendron Imperial Green) là một giống cây rất ưu chuộng để trồng với ý nghĩa phong thủy mà nó mang lại. Nên đặt cây tại các vị trí như trong phòng khách, phòng làm việc, văn phòng hoặc sảnh ra vào cơ quan.",,Rất dễ chăm sóc,Nắng tán xạ,Thay nước 1 – 2 lần/tháng,Chiều cao 15 – 25 cm,,,,,,
CCNPLT0713,,https://mowgarden.com/cay-ngu-gia-binh-thuy-sinh/,Cây ngũ gia bì xanh mini chậu ươm SCHE001,Scheffera Octophylla,Ngũ gia bì cẩm thạch,90000,"Ngũ gia bì là loại cây mang lại tài vận, thịnh vượng và may mắn, trồng trong nhà sẽ mang đến một không gian thư thái, trong lành cho gia đình.",Chiều cao 30 ~40 cm,Dễ chăm sóc,"Nắng tán xạ, chịu được nắng trực tiếp","Ít nước, 2 – 3 lần/tuần",,,,,,,
CCNPLT0714,LYRA001,https://mowgarden.com/cay-bang-singapore-mini/,Cây bàng Singapore mini chậu ươm LYRA001,Ficus lyrata,Cây bàng Singapore mini,90000,"Cây bàng Singapore mini là dòng cây cảnh mini có những chiếc lá nhỏ cừng cáp đẹp mắt, rất phù hợp để trồng trên bàn làm việc, kệ sách hoặc trang trí tiểu cảnh. Cây bàng Singapore cũng được trồng với tác dụng phong thủy như là sự may mắn cho gia chủ.","• Chiều cao: 15 cm
• Đường kính tán: 10 cm",Dễ chăm sóc,Ánh sáng tán xạ,Tưới nước 2 lần/tuần,,,,,,,
CCNPLT0715,TBDB,https://mowgarden.com/cay-trau-ba-de-ban/,Cây Trầu Bà Để Bàn TBDB,,Cây Trầu Bà,120000,"Cây trầu bà có ý nghĩa phong thủy mang lại những điều may mắn, hạnh phúc và ấm êm cho gia chủ. Bên cạnh đó cây trầu bà cũng là loại cây vô cùng dễ dàng chăm sóc và phát triển. Rất thích hợp được trang trí trên bàn làm việc, treo cửa sổ, bancony, góc phòng…",,,,,,,,,,,
CCNPLT0716,LYRA010,https://mowgarden.com/cay-bang-singapore-mini-de-ban-chau-su-lyra010/,Cây bàng Singapore mini để bàn chậu sứ LYRA010,Ficus lyrata,Cây bàng Singapore,160000,"Bàng Singapore đang loại cây trong nhà được nhiều người ưu chuộng. Với bộ lá màu xanh lá mượt mà, dáng thẳng đứng thanh lịch và sang trọng giúp cho không gian nhà bạn thêm phần sinh động.",Chiều cao 20 – 30 cm,Dễ chăm sóc,"Nắng tán xạ, chịu được nắng trực tiếp",Tưới nước 2 – 3 lần/tuần,,,,,,,
CCNPLT0717,ZAMI003,https://mowgarden.com/cay-kim-tien-kich-thuoc-lon-chau-uom-zami003/,Cây kim tiền kích thước lớn chậu ươm ZAMI003,Zamioculcas zamiifolia,Cây kim tiền / Cây kim phát tài,420000,"Cây kim tiền được đánh giá rất cao là loại cây phong thủy đem đến tài lộc, thịnh vượng, giàu sang, sức khỏe cho gia chủ.Đặc biệt khi kim tiền nở hoa gia chủ càng đắc lộc.",Chiều cao 60 – 80cm,Dễ chăm sóc,Nắng tán xạ hoặc trực tiếp,"Ít nước, 2 – 3 lần/tuần",,,,,,,
