PLANTID,TÊN KHOA HỌC,TÊN GỌI,QUY CÁCH SẢN PHẨM,ĐỘ KHÓ,YÊU CẦU ÁNH SÁNG,NHU CẦU NƯỚC,KÍCH THƯỚC CÂY,LOẠI HẠT,CHẤT LIỆU CHẬU,MÀU SẮC,ĐỘ PH CỦA ĐẤT,LỌC KHÔNG KHÍ,TƯỚI NƯỚC
CCNPLT0000,Podocarpus macrophyllus,Cây tùng bồng lai,"• Kích thước chậu: 20x20cm (DxC)
• Chiều cao tổng: 50 cm
• Độ rộng tán: 30 cm",Trung bình,Nắng trực tiếp / nắng tán xạ,Tưới nước 1-2 lần/tuần,,,,,,,
CCNPLT0001,Dracaena fragrans,Phát tài bộ – Thiết Mộc lan,"• Kích thước chậu: 30x30cm (DxC)
• Chiều cao tổng: 120 – 130 cm",Dễ chăm sóc,"Nắng tán xạ, chịu được nắng trực tiếp",Tưới nước 2 – 3 lần/tuần,,,,,,,
CCNPLT0002,Pachira aquatica,Cây kim ngân,"• Kích thước chậu: 12×8 (DxC)
• Chiều cao tổng: 25cm",Dễ chăm sóc,Ánh sáng tán xạ / Nắng trực tiếp / Chịu râm mát,Tưới nước 2 – 3 lần/tuần,,,,,,,
CCNPLT0003,Philodendron Imperial Green,Trầu bà đế vương xanh,,Rất dễ chăm sóc,Nắng tán xạ,Tưới nước 3 – 5 lần/tháng,"• Kích thước chậu: 18x14cm (DxC)
• Chiều cao tổng: 25 – 35 cm",,,,,,
CCNPLT0004,Chlorophytum laxum,Cây cỏ lan chi / cây dây nhện,,Rất dễ chăm sóc,Nắng tán xạ / Chịu râm mát,Tưới nước 2 – 3 lần/tuần,Chiều cao 30 cm,,,,,,
CCNPLT0005,Philodendron Imperial Red,Trầu bà đế vương đỏ,"• Kích thước chậu: 12x12cm (DxC)
• Chiều cao tổng: 30 cm
• Độ rộng tán: 25 cm",Dễ chăm sóc,"Nắng tán xạ, chịu được nắng trực tiếp",Tưới nước 2 – 3 lần/tuần,,,,,,,
CCNPLT0006,Sansevieria ‘hahnii’ Black Gold,Cây lưỡi hổ Thái xanh,• Chiều cao: 30 – 45 cm,Dễ chăm sóc,Ánh sáng tán xạ / Chịu bóng râm tốt,Thay nước 2 – 3 lần/tháng,,,,,,,
CCNPLT0007,Radermachera Sinica,Cây hạnh phúc,"• Kích thước chậu: 30x34cm (DxC)
• Chiều cao tổng: 150cm",Dễ chăm sóc,"Nắng tán xạ, chịu được nắng trực tiếp",Tưới nước 2 – 3 lần/tuần,,,,,,,
CCNPLT0008,Epipremnum aureum,Trầu bà xanh,"• Chiều cao 130 – 140 cm
• Kích thước chậu: 30x58cm (DxC)",Dễ chăm sóc,"Nắng tán xạ, chịu được nắng trực tiếp",Tưới nước 3 – 4 lần/tuần,,,,,,,
CCNPLT0009,Anthurium andreanum,Cây hồng môn,"• Kích thước chậu: 14×11.5 cm (DxC)
• Chiều cao tổng: 30 – 40cm",Dễ chăm sóc,Nắng tán xạ / Chịu râm mát,Tưới nước 2 – 3 lần/lần,,,,,,,
CCNPLT0010,Scheffera Octophylla,Ngũ gia bì cẩm thạch,Chiều cao tổng: 40 cm,Dễ chăm sóc,"Nắng tán xạ, chịu được nắng trực tiếp",Tưới nước 2 – 3 lần/tuần,,,,,,,
CCNPLT0011,Pachira aquatica,Cây kim ngân,"• Kích thước chậu: 20x18cm (DxC)
• Chiều cao tổng: 60cm",Dễ chăm sóc,Ánh sáng tán xạ / Nắng trực tiếp / Chịu râm mát,Tưới nước 2 – 3 lần/tuần,,,,,,,
CCNPLT0012,Livistona chinensis,Cọ lá xẻ,"• Kích thước chậu: 14x14cm (DxC)
• Chiều cao chậu + cây: 25cm",Dễ chăm sóc,"Nắng tán xạ, chịu được nắng trực tiếp",Tưới nước 2 – 3 lần/tuần,,,,,,,
CCNPLT0013,Radermachera Sinica,Cây hạnh phúc,"• Kích thước chậu: 25x25cm (DxC)
• Chiều cao tổng: 120cm",Dễ chăm sóc,"Nắng tán xạ, chịu được nắng trực tiếp",Tưới nước 2 – 3 lần/tuần,,,,,,,
CCNPLT0014,Radermachera Sinica,Cây hạnh phúc,"• Kích thước chậu: 23x23cm (DxC)
• Chiều cao tổng: 80-100cm",Dễ chăm sóc,"Nắng tán xạ, chịu được nắng trực tiếp",Tưới nước 2 – 3 lần/tuần,,,,,,,
CCNPLT0015,Pachira aquatica,Cây kim ngân,"• Kích thước chậu: 20x18cm (DxC)
• Chiều cao tổng: 60cm",Dễ chăm sóc,Ánh sáng tán xạ / Nắng trực tiếp / Chịu râm mát,Tưới nước 2 – 3 lần/tuần,,,,,,,
CCNPLT0016,Sansevieria ‘hahnii’ Black Gold,Cây lưỡi hổ Thái xanh,"• Kích thược 12×11 cm (DxC)
• Chiều cao: 10 – 15 cm",Dễ chăm sóc,Ánh sáng tán xạ / Chịu bóng râm tốt,Thay nước 2 – 3 lần/tháng,,,,,,,
CCNPLT0017,Spathiphyllum Wallisii,Lan ý,Cao 30 – 40 cm,Dễ chăm sóc,"Nắng tán xạ, chịu được nắng trực tiếp","Ít nước, 2 – 3 lần/tuần",,,,,,,
CCNPLT0018,Aglaonema Red Siam,Cây Phú Quý,Chiều cao: 50cm – Chậu 20x20cm,Dễ chăm sóc,Ánh sáng tán xạ; Chịu được khuất sáng,Vừa phải (2 lần/tuần),,,,,,,
CCNPLT0019,Philodendron Imperial Green,Trầu bà đế vương xanh,,Rất dễ chăm sóc,Nắng tán xạ,Tưới nước 3 – 5 lần/tháng,"• Kích thước chậu: 18x14cm (DxC)
• Chiều cao tổng: 25 – 35 cm",,,,,,
CCNPLT0020,Aglaonema Snow White,Cây ngọc ngân,"• Kích thước chậu: 18x16cm (DxC)
• Chiều cao: 20 – 30cm",Dễ chăm sóc,Ánh sáng tán xạ; Tránh ánh nắng trực tiếp,Tưới nước 2 – 3 lần/tuần,,,,,,,
CCNPLT0021,Pachira aquatica,Cây kim ngân,"• Kích thước chậu: 15x14cm (DxC)
• Chiều cao tổng: 30 – 35 cm",Dễ chăm sóc,Ánh sáng tán xạ / Nắng trực tiếp / Chịu râm mát,Tưới nước 2 – 3 lần/tuần,,,,,,,
CCNPLT0022,Bucida Buceras Variegated,Bàng Đài Loan cẩm thạch,"• Kích thước chậu: 42×47 cm (DxC)
• Chiều cao tổng: 130–140 cm",Dễ chăm sóc,Nắng trực tiếp / Nắng tán xạ,Tưới nước 4 – 5 lần/tuần,,,,,,,
CCNPLT0023,Radermachera Sinica,Cây hạnh phúc,"• Kích thước chậu: 20x15cm (DxC)
• Chiều cao tổng: 35 – 40cm",Dễ chăm sóc,"Nắng tán xạ, chịu được nắng trực tiếp",Tưới nước 2 – 3 lần/tuần,,,,,,,
CCNPLT0024,Ficus lyrata,Bàng Singapore / Sung tỳ bà,,Dễ chăm sóc,Nắng trực tiếp / Ánh sáng tán xạ,Tưới nước 2 – 3 lần/tuần,"• Kích thước chậu: 12×12 cm (DxC)
• Chiều cao tổng: 25 – 30 cm",,,,,,
CCNPLT0025,Radermachera Sinica,Cây hạnh phúc,"• Kích thước chậu: 17x17cm (DxC)
• Chiều cao tổng: 35 – 40cm",Dễ chăm sóc,"Nắng tán xạ, chịu được nắng trực tiếp",Tưới nước 2 – 3 lần/tuần,,,,,,,
CCNPLT0026,Zamioculcas Zamiifolia,Cây kim tiền / Kim phát tài,"• Kích thước chậu: 14×12 cm (DxC)
• Chiều cao tổng: 30 – 35 cm",Dễ chăm sóc,"Nắng tán xạ, chịu được nắng trực tiếp",Tưới nước 2 – 3 lần/tuần,,,,,,,
CCNPLT0027,Aglaonema ‘Red Anjamani’,Cây hồng phát lộc,"• Kích thước chậu: 9x12cm (DxC)
• Chiều cao: 30 – 35 cm",Dễ chăm sóc,Nắng tán xạ / Nơi râm mát,Tưới nước 2 – 3 lần/tuần,,,,,,,
CCNPLT0028,Peperomia obtusifolia,Cây trường sinh,,Dễ chăm sóc,Nắng tán xạ / Chịu râm mát,Tưới nước 2 – 3 lần/tuần,"• Kích thước chậu: 14×14 cm (DxC)
• Chiều cao tổng: 30 cm",,,,,,
CCNPLT0029,Philodendron Imperial Golden,Cây trầu bà đế vương vàng,"• Kích thước chậu: 15×12,5 (DxC)
• Chiều cao tổng: 35 – 40 cm",Dễ chăm sóc,Nắng tán xạ / Bóng râm,Tưới nước 2 – 3 lần/tuần,,,,,,,
CCNPLT0030,Aglaonema ‘Red Anjamani’,Cây hồng phát lộc,"• Kích thước chậu: 11x11cm
• Chiều cao: 30 – 35 cm",Dễ chăm sóc,Nắng tán xạ / Nơi râm mát,Tưới nước 2 – 3 lần/tuần,,,,,,,
CCNPLT0031,Pachira aquatica,Cây kim ngân,"• Kích thước chậu: cm (DxC)
• Chiều cao tổng: cm",Dễ chăm sóc,Ánh sáng tán xạ / Nắng trực tiếp / Chịu râm mát,Tưới nước 2 – 3 lần/tuần,,,,,,,
CCNPLT0032,Sansevieria futura Superba,Cây lưỡi hổ thái,"• Kích thước chậu: 20×18 cm (DxC)
• Chiều cao tổng: 30 – 40 cm",Dễ chăm sóc,"Nắng tán xạ, chịu được nắng trực tiếp",Tưới nước 2 – 3 lần/tuần,,,,,,,
CCNPLT0033,Thaumatophyllum bipinnatifidum,Cây trầu bà thanh xuân / Cây trầu bà tay Phật,"• Kích thước chậu: 32×40 cm (ĐxC)
• Chiều cao 120 – 140cm
• Kích thước tán 90 – 100cm",Dễ chăm sóc,Nắng tán xạ / Bóng râm,Tưới nước 2 – 3 lần/tuần,,,,,,,
CCNPLT0034,Scheffera Octophylla,Ngũ gia bì,"• Kích thước chậu: 20×18 cm (DxC)
• Chiều cao tổng: 40-50 cm",Dễ chăm sóc,"Nắng tán xạ, chịu được nắng trực tiếp",Tưới nước 2 – 3 lần/tuần,,,,,,,
CCNPLT0035,Dracaena draco,Phát tài núi,"• Kích thước chậu: 38.5x30cm (DxC)
• Chiều cao tổng: 120 – 130 cm",Dễ chăm sóc,"Nắng tán xạ, chịu được nắng trực tiếp",Tưới nước 2 – 3 lần/tuần,,,,,,,
CCNPLT0036,Podocarpus macrophyllus,Cây tùng bồng lai,"• Kích thước chậu: 35x15cm (DxC)
• Chiều cao tổng: 55 cm
• Độ rộng tán: 45 cm",Trung bình,Nắng trực tiếp / nắng tán xạ,Tưới nước 2 – 3 lần/tuần,,,,,,,
CCNPLT0037,Philodendron Imperial Red,Trầu bà đế vương đỏ,"• Kích thước chậu: cm (DxC)
• Chiều cao tổng:  cm
• Độ rộng tán: cm",Dễ chăm sóc,"Nắng tán xạ, chịu được nắng trực tiếp",Tưới nước 2 – 3 lần/tuần,,,,,,,
CCNPLT0038,Pachira aquatica,Cây kim ngân,"• Kích thước chậu: cm (DxC)
• Chiều cao tổng: cm",Dễ chăm sóc,Ánh sáng tán xạ / Nắng trực tiếp / Chịu râm mát,Tưới nước 2 – 3 lần/tuần,,,,,,,
CCNPLT0039,Hedera Helix,Cây thường xuân cẩm thạch,Chậu ươm 10×10,Trung bình,"Ít nắng, trồng nơi râm mát",Tưới nước 4 – 5 lần/tuần,,,,,,,
CCNPLT0040,Philodendron billietiae,Cây hồng hạc chân cam,"• Kích thước chậu: 32×25 cm (DxC)
• Kích thước lá: 35 ~ 40 cm",Dễ chăm sóc,"Nắng tán xạ, chịu được nắng trực tiếp","Ít nước, 2 – 3 lần/tuần",,,,,,,
CCNPLT0041,Ficus lyrata,Bàng Singapore / Sung tỳ bà,,Dễ chăm sóc,Nắng trực tiếp / Ánh sáng tán xạ,Tưới nước 2 – 3 lần/tuần,"• Kích thước chậu: 37×37 cm (DxC)
• Chiều cao tổng: 100 – 120 cm",,,,,,
CCNPLT0042,Ficus lyrata,Bàng Singapore / Sung tỳ bà,,Dễ chăm sóc,Nắng trực tiếp / Ánh sáng tán xạ,Tưới nước 2 – 3 lần/tuần,"• Kích thước chậu: 50×47 cm (DxC)
• Chiều cao tổng: 180 – 200 cm",,,,,,
CCNPLT0043,Ficus Elastica Tineke,Đa búp đỏ cẩm thạch,"• Kích thước chậu: 25x25cm (DxC)
• Chiều cao tổng: 110 – 120cm",Rất dễ chăm sóc,Ánh sáng tán xạ,Tưới nước 2 – 3 lần/tuần,,,,,,,
CCNPLT0044,Scheffera Octophylla,Ngũ gia bì,"• Kích thước chậu: 12x11cm (DxC)
• Chiều cao tổng: 20 – 24cm",Dễ chăm sóc,"Nắng tán xạ, chịu được nắng trực tiếp",Tưới nước 2 – 3 lần/tuần,,,,,,,
CCNPLT0045,Dracaena fragrans ‘Compacta’,Trúc mặt trời / Phát tài Nhật,"• Kích thước chậu: 11x11cm (DxC)
• Chiều cao tổng: 20 – 30 cm",Dễ chăm sóc,Nắng tán xạ / Nơi râm mát,Tưới nước 2 – 3 lần/tuần,,,,,,,
CCNPLT0046,Alocasia Dragon Scale,Môn vảy rồng,"• Kích thước chậu: 15x15cm (DxC)
• Chiều cao tổng: 30 – 32 cm",Dễ chăm sóc,Nắng tán xạ / Nơi râm mát,Tưới nước 2 – 3 lần/tuần,,,,,,,
CCNPLT0047,Peperomia obtusifolia,Cây trường sinh,,Dễ chăm sóc,Nắng tán xạ / Chịu râm mát,Tưới nước 2 – 3 lần/tuần,"• Kích thước chậu: 18×18 cm (DxC)
• Chiều cao tổng: 40 cm",,,,,,
CCNPLT0048,Pachira aquatica,Cây kim ngân,"• Kích thước chậu: 13,5x10cm (DxC)
• Chiều cao tổng: 35 – 40cm",Dễ chăm sóc,Ánh sáng tán xạ / Nắng trực tiếp / Chịu râm mát,Tưới nước 2 – 3 lần/tuần,,,,,,,
CCNPLT0049,Radermachera Sinica,Cây hạnh phúc,"• Kích thước chậu: 25x21cm (DxC)
• Chiều cao tổng: 80 – 90cm",Dễ chăm sóc,"Nắng tán xạ, chịu được nắng trực tiếp",Tưới nước 2 – 3 lần/tuần,,,,,,,
CCNPLT0050,Nageia fleuryi,Cây kim giao,"• Kích thước chậu: 15x12cm (DxC)
• Chiều cao tổng 25 – 30 cm",Dễ chăm sóc,Nắng tán xạ / Chịu được nắng trực tiếp,Tưới nước 2 – 3 lần/ngày,,,,,,,
CCNPLT0051,Dracaena ‘Green Jewel’,Cây phát tài xanh,,Dễ chăm sóc,Nắng tán xạ / Chịu râm mát,Tưới nước 2 – 3 lần/tuần,Chiều cao tổng 40 – 60 cm,,,,,,
CCNPLT0052,Pachira aquatica,Cây kim ngân,"• Kích thước chậu: 15x14cm (DxC)
• Chiều cao tổng: 35 – 40cm",Dễ chăm sóc,Ánh sáng tán xạ / Nắng trực tiếp / Chịu râm mát,Tưới nước 2 – 3 lần/tuần,,,,,,,
CCNPLT0053,Radermachera Sinica,Cây hạnh phúc,"• Kích thước chậu: 15×18,5cm (DxC)
• Chiều cao tổng: 40 – 45cm",Dễ chăm sóc,"Nắng tán xạ, chịu được nắng trực tiếp",Tưới nước 2 – 3 lần/tuần,,,,,,,
CCNPLT0054,Pachira aquatica,Cây kim ngân,"• Kích thước chậu: 14,5x12cm (DxC)
• Chiều cao tổng: 35 – 40cm",Dễ chăm sóc,Ánh sáng tán xạ / Nắng trực tiếp / Chịu râm mát,Tưới nước 2 – 3 lần/tuần,,,,,,,
CCNPLT0055,Sansevieria trifasciata Gold Flame,Cây lưỡi hổ hoàng kim,"• Kích thước chậu: 11×10 cm (DxC)
• Chiều cao: 40 cm
• Số lượng thân: 1 thân",Dễ chăm sóc,Ánh sáng tán xạ; Bóng râm; Chịu được bóng râm,Tưới nước 1 lần/tuần,,,,,,,
CCNPLT0056,Philodendron Imperial Green,Trầu bà đế vương xanh,,Rất dễ chăm sóc,Nắng tán xạ,Tưới nước 3 – 3 lần/tháng,"• Kích thước chậu: 18x14cm (DxC)
• Chiều cao tổng: 25 – 35 cm",,,,,,
CCNPLT0057,Philodendron Birkin,Trầu bà đế vương kim cương,"• Kích thước chậu: 18x18cm (DxC)
• Chiều cao tổng: 35 cm",Dễ chăm sóc,Nắng tán xạ / Râm mát,Tưới nước 2 – 3 lần/tuần,,,,,,,
CCNPLT0058,Dracaena dorado,Cây phát tài viền vàng,,Dễ chăm sóc,Nắng tán xạ / Chịu râm mát,Thay nước 2 – 3 lần/tháng,Chiều cao tổng 40 – 60 cm,,,,,,
CCNPLT0059,Pachira aquatica,Cây kim ngân,"• Kích thước chậu: 18x18cm (DxC)
• Chiều cao tổng: 30cm",Dễ chăm sóc,Ánh sáng tán xạ; Nắng trực tiếp,Tưới nước 2 lần/tuần,,,,,,,
CCNPLT0060,Licuala grandis,Cọ Nhật,"• Kích thước chậu: 20x20cm (DxC)
• Chiều cao chậu + cây: 60 cm",Dễ chăm sóc,"Nắng tán xạ, chịu được nắng trực tiếp",Tưới nước 2 – 3 lần/tuần,,,,,,,
CCNPLT0061,,Cỏ may mắn,"• Kích thước chậu: 11x11cm (DxC)
• Chiều cao tổng: 40cm",Dễ chăm sóc,Ánh sáng tán xạ,Tưới nước 2 – 3 lần/tuần,,Hạt thanh long,,,,,
CCNPLT0062,,Cỏ may mắn,"• Kích thước chậu: 11x11cm (DxC)
• Chiều cao tổng: 40cm",Dễ chăm sóc,Ánh sáng tán xạ,Tưới nước 2 – 3 lần/tuần,,Hạt thanh long,,,,,
CCNPLT0063,Chamaedorea elegans,Cau tiểu trâm,"• Kích thước chậu:  (DxC)
• Chiều cao tổng:",Dễ chăm sóc,Ánh sáng tán xạ,Tưới nước 2 – 3 lần/tuần),,,,,,,
CCNPLT0064,Livistona chinensis,Cọ lá xẻ / Kè ta,"• Kích thước chậu: 12x11cm (DxC)
• Chiều cao:",Dễ chăm sóc,Ánh sáng tán xạ,Tưới nước 2 – 3 lần/tuần),,,,,,,
CCNPLT0065,Philodendron Xanadu,Cây Trầu Bà Chân Vịt,,Dễ chăm sóc,Nắng tán xạ / Râm mát,Tưới nước 2 – 3 lần/tuần,"• Kích thước chậu: 18x18cm (DxC)
• Chiều cao tổng: ~40 cm",,,,,,
CCNPLT0066,Sansevieria trifasciata Golden Hahnii,Cây lưỡi hổ Thái vàng mini,"• Kích thước chậu: 12x11cm (DxC)
• Chiều cao: 10 cm – Tán 15 cm",Dễ chăm sóc,Ánh sáng tán xạ / Chịu được bóng râm,Tưới nước 1 – 2 lần/tuần),,,,,,,
CCNPLT0067,Anthurium andreanum,Cây hồng môn,"• Kích thước chậu: 12×12 cm (DxC)
• Chiều cao tổng: 30 – 40cm",Dễ chăm sóc,Nắng tán xạ / Chịu râm mát,Tưới nước 2 – 3 lần/lần,,,,,,,
CCNPLT0068,Pachira aquatica,Cây kim ngân bính,"• Kích thước chậu: 18x18cm (DxC)
• Chiều cao tổng: 30cm",Dễ chăm sóc,Ánh sáng tán xạ; Nắng trực tiếp,Tưới nước 2 lần/tuần,,,,,,,
CCNPLT0069,Peperomia obtusifolia var,Cây trường sinh cẩm thạch,,Dễ chăm sóc,Nắng tán xạ / Chịu râm mát,Tưới nước 2 – 3 lần/tuần,Chiều cao 40 – 60 cm,,,,,,
CCNPLT0070,Pachira aquatica,Cây kim ngân bính,"• Kích thước chậu: 18x18cm (DxC)
•Chiều cao tổng: 30cm",Dễ chăm sóc,Ánh sáng tán xạ; Nắng trực tiếp,Tưới nước 2 lần/tuần,,,,,,,
CCNPLT0071,Philodendron Birkin,Trầu bà đế vương kim cương,"• Kích thước chậu: 12x12cm (DxC)
• Chiều cao tổng: 25 cm",Dễ chăm sóc,Nắng tán xạ / Râm mát,Tưới nước 2 – 3 lần/tuần,,,,,,,
CCNPLT0072,Aglaonema ‘Pink Legacy’,Cây cung điện vàng,"• Kích thước chậu:  18×14 cm (DxC)
• Chiều cao tổng: 35 cm",Dê chăm sóc,Nắng tán xạ / Nơi râm mát,Thay nước 2 – 3 lần/tháng,,,,,,,
CCNPLT0073,Sansevieria ‘hahnii’ Black Gold,Cây lưỡi hổ Thái xanh,"• Kích thược 12×11 cm (DxC)
• Chiều cao: 10 – 15 cm",Dễ chăm sóc,Ánh sáng tán xạ / Chịu bóng râm tốt,Thay nước 2 – 3 lần/tháng,,,,,,,
CCNPLT0074,Ficus Elastica Tineke,Đa búp đỏ cẩm thạch,"• Kích thước chậu: 12x12cm (DxC)
• Chiều cao 10 – 15cm",Rất dễ chăm sóc,Ánh sáng tán xạ,Tưới nước 2 – 3 lần/tuần,,,,,,,
CCNPLT0075,Sansevieria futura Superba,Cây lưỡi hổ thái,"• Kích thước chậu: 20×18 cm (DxC)
• Chiều cao tổng: 30 – 40 cm",Dễ chăm sóc,"Nắng tán xạ, chịu được nắng trực tiếp",Tưới nước 2 – 3 lần/tuần,,,,,,,
CCNPLT0076,Sansevieria trifasciata ‘Laurentii’,Lưỡi hổ vàng,"• Kích thước chậu: 30×55 cm (DxC)
• Chiều cao tổng: 110 – 120 cm",Rất ễ chăm sóc,"Nắng tán xạ, chịu bóng râm cực tốt",Tưới nước 2 – 3 lần/tuần,,,,,,,
CCNPLT0077,Dracaena draco L,Phát tài núi,"• Kích thước chậu: 36x36cm (DxC)
• Chiều cao tổng: 150 – 160 cm",Dễ chăm sóc,"Nắng tán xạ, chịu được nắng trực tiếp",Tưới nước 2 – 3 lần/tuần,,,,,,,
CCNPLT0078,Chrysalidocarpus lutescens,Cau vàng Nhật Bản,Chiều cao 80 cm,Rất dễ chăm sóc,"Nắng tán xạ, bóng râm",Tưới nước 2 – 3 lần/tuần,,,,,,,
CCNPLT0079,Spathiphyllum Sensation,Lan ý Mỹ,"• Kích thước chậu: 18x30cm (DxC)
• Chiều cao tổng: 60 – 70cm",Dễ chăm sóc,Nắng tán xạ / Râm mát,Tưới nước 2 – 3 lần/tuần,,,,,,,
CCNPLT0080,Philodendron Birkin,Trầu bà đế vương kim cương,"• Kích thước chậu: 18x18cm (DxC)
• Chiều cao tổng: 35 cm",Dễ chăm sóc,Nắng tán xạ / Râm mát,Tưới nước 2 – 3 lần/tuần,,,,,,,
CCNPLT0081,Ficus Triangularis Variegata,Đa tam phúc,"• Kích thước chậu: 18x18cm (DxC)
• Chiều cao tổng: 30 – 40cm",Dễ chăm sóc,"Nắng tán xạ, chịu được nắng trực tiếp",Tưới nước 2 – 3 lần/tuần,,,,,,,
CCNPLT0082,Sansevieria ‘hahnii’ Black Gold,Cây lưỡi hổ Thái xanh,Chiều cao: 10 – 15 cm,Dễ chăm sóc,Ánh sáng tán xạ / Chịu được thiếu sáng,Thay nước 2 – 3 lần/tháng,,,,,,,
CCNPLT0083,Thaumatophyllum bipinnatifidum,Cây trầu bà thanh xuân / Cây trầu bà tay Phật,"• Kích thước chậu: 30×45 cm (ĐxC)
• Chiều cao 120 – 140cm
• Kích thước tán 90 – 100cm",Dễ chăm sóc,Nắng tán xạ / Bóng râm,Tưới nước 2 – 3 lần/tuần,,,,,,,
CCNPLT0084,Epipremnum aureum,Trầu bà xanh,"•Cao 160 – 170 cm
•Kích thước chậu: 40x60cm (DxC)",Dễ chăm sóc,"Nắng tán xạ, chịu được nắng trực tiếp","Ít nước, 2 – 3 lần/tuần",,,,,,,
CCNPLT0085,Dracaena draco L,Phát tài núi,Chiều cao 150 – 160 cm,Dễ chăm sóc,"Nắng tán xạ, chịu được nắng trực tiếp","Tưới nước, 2 – 3 lần/tuần",,,,,,,
CCNPLT0086,Radermachera Sinica,Cây hạnh phúc,"• Kích thước chậu: 20x20cm (DxC)
• Chiều cao tổng: 30 – 40cm",Dễ chăm sóc,"Nắng tán xạ, chịu được nắng trực tiếp",Tưới nước 2 – 3 lần/tuần,,,,,,,
CCNPLT0087,Dracaena draco L,Phát tài núi,Chiều cao 150 – 160 cm,Dễ chăm sóc,"Nắng tán xạ, chịu được nắng trực tiếp","Tưới nước, 2 – 3 lần/tuần",,,,,,,
CCNPLT0088,Pachira aquatica,Cây kim ngân bính,"• Kích thước chậu: 40x30cm (DxC)
•Chiều cao tổng: 150 – 160cm",Dễ chăm sóc,Ánh sáng tán xạ; Nắng trực tiếp,Tưới nước 2 lần/tuần,,,,,,,
CCNPLT0089,Pachira aquatica,Cây kim ngân bính,"• Kích thước chậu: 12x11cm (DxC)
• Chiều cao tổng: 15 – 20 cm",Dễ chăm sóc,Ánh sáng tán xạ; Nắng trực tiếp,Tưới nước 2 lần/tuần,,,,,,,
CCNPLT0090,Ficus lyrata,Bàng Singapore / Sung tỳ bà,,Dễ chăm sóc,Nắng trực tiếp / Ánh sáng tán xạ,"Ít nước, 2 – 3 lần/tuần","Kích thước chậu: 34×42 cm (DxC)
Chiều cao tổng: 90 – 100 cm",,,,,,
CCNPLT0091,Pachira aquatica,Cây kim ngân bính,"• Kích thước chậu: 20x20cm (DxC)
• Chiều cao tổng: 35 – 45cm",Dễ chăm sóc,Ánh sáng tán xạ; Nắng trực tiếp,Tưới nước 2 lần/tuần,,,,,,,
CCNPLT0092,Pachira aquatica,Cây kim ngân bính,"• Kích thước chậu: 40x30cm (DxC)
• Chiều cao tổng: 150 – 160cm",Dễ chăm sóc,Ánh sáng tán xạ; Nắng trực tiếp,Tưới nước 2 – 3 lần/tuần,,,,,,,
CCNPLT0093,Pachira aquatica,Cây kim ngân bính,"• Kích thước chậu: 30x30cm (DxC)
• Chiều cao tổng: 150 – 160cm",Dễ chăm sóc,Ánh sáng tán xạ / Nắng trực tiếp / Chịu râm mát,Tưới nước 2 – 3 lần/tuần,,,,,,,
CCNPLT0094,Ficus lyrata,Bàng Singapore / Sung tỳ bà,,Dễ chăm sóc,Nắng trực tiếp / Ánh sáng tán xạ,Tưới nước 2 – 3 lần/tuần,"• Kích thước chậu: 30×30 cm (DxC)
• Chiều cao tổng: 100– 120 cm",,,,,,
CCNPLT0095,Euphorbia Pulcherrima,"• Trạng Nguyên
• Nhất Phẩm Hồng",Cao 35 – 45 cm,Dễ chăm sóc,"• Ánh nắng gián tiếp
• Ánh sáng tán xạ","• Vừa phải, 2 – 3 lần/tuần
• Đất trồng thông thoáng",,,,,,,
CCNPLT0096,Euphorbia Pulcherrima,"• Trạng Nguyên
• Nhất Phẩm Hồng",Cao 35 – 45 cm,Dễ chăm sóc,"• Ánh nắng gián tiếp
• Ánh sáng tán xạ","• Vừa phải, 2 – 3 lần/tuần
• Đất trồng thông thoáng",,,,,,,
CCNPLT0097,Peperomia obtusifolia var,Cây trường sinh cẩm thạch,,Dễ chăm sóc,Nắng tán xạ / Chịu râm mát,Tưới nước 2 – 3 lần/tuần,Chiều cao 40 – 60 cm,,,,,,
CCNPLT0098,Aglaonema ‘White Lance’,Cây giữ tiền,Chiều cao: 30 – 40 cm,Rất dễ chăm sóc,Nắng tán xạ / Bóng râm,Tưới nước 3 – 4 lần/tuần,,,,,,,
CCNPLT0099,Aglaonema ‘White Lance’,Cây giữ tiền,Chiều cao: 30 – 40 cm,Rất dễ chăm sóc,Nắng tán xạ / Bóng râm,Tưới nước 3 – 4 lần/tuần,,,,,,,
CCNPLT0100,Aglaonema ‘White Lance’,Cây giữ tiền,Chiều cao: 30 – 40 cm,Rất dễ chăm sóc,Nắng tán xạ / Bóng râm,Tưới nước 3 – 4 lần/tuần,,,,,,,
CCNPLT0101,Sansevieria trifasciata Gold Flame,Cây lưỡi hổ hoàng kim,"• Kích thước chậu: 20x20cm (DxC)
• Chiều cao: 40 – 50 cm
• Số lượng thân: 3 thân",Dễ chăm sóc,Ánh sáng tán xạ; Bóng râm; Chịu được bóng râm,Tưới nước 1 lần/tuần,,,,,,,
CCNPLT0102,Radermachera Sinica,Cây hạnh phúc,"• Kích thước chậu: 30x30cm (DxC)
• Chiều cao tổng: 150 – 160cm",Dễ chăm sóc,"Nắng tán xạ, chịu được nắng trực tiếp",Tưới nước 2 – 3 lần/tuần,,,,,,,
CCNPLT0103,Pachira aquatica,Cây kim ngân bính,"• Kích thước chậu: 40x30cm (DxC)
•Chiều cao tổng: 170 – 180cm",Dễ chăm sóc,Ánh sáng tán xạ; Nắng trực tiếp,Tưới nước 2 lần/tuần,,,,,,,
CCNPLT0104,Ficus lyrata,Bàng Singapore / Sung tỳ bà,,Dễ chăm sóc,Nắng trực tiếp / Ánh sáng tán xạ,Tưới nước 2 – 3 lần/tuần,"• Kích thước chậu: 30×35 cm (DxC)
•Chiều cao tổng: 80 – 100 cm",,,,,,
CCNPLT0105,Scheffera Octophylla,Ngũ gia bì,"• Kích thước chậu: 30x50cm (DxC)
• Chiều cao tổng: 130 – 140cm",Dễ chăm sóc,"Nắng tán xạ, chịu được nắng trực tiếp",Tưới nước 2 – 3 lần/tuần,,,,,,,
CCNPLT0106,Monstera ‘Deliciosa’,Trầu bà Nam Mỹ,"• Chiều cao tổng chậu: 170cm
• Kích thước lá: 65 – 70 cm",Dễ chăm sóc,"Nắng tán xạ, chịu được nắng trực tiếp",Tưới nước 2 – 3 lần/tuần,,,,,,,
CCNPLT0107,Ficus lyrata,Bàng Singapore / Sung tỳ bà,,Dễ chăm sóc,Nắng trực tiếp / Ánh sáng tán xạ,"Ít nước, 2 – 3 lần/tuần","Kích thước chậu: 30×35 cm (DxC)
Chiều cao tổng: 80 – 100 cm",,,,,,
CCNPLT0108,Calathea Musaica,Cây đuôi công ‘Network’,"• Kích thước chậu: 15x15cm (DxC)
• Chiều cao tổng 25 – 30 cm",Dễ chăm sóc,Nắng tán xạ / Nơi râm mát,Tưới nước 2 – 3 lần/tuần,,,,,,,
CCNPLT0109,,Cây Đại phú gia / Trầu bà neon,"• Kích thước chậu: 40×52 cm (DxC)
• Chiều cao tổng: 140 – 150 cm",Dễ chăm sóc,Nắng tán xạ / Sáng vừa phải,Tưới nước 2 – 3 lần/tuần,,,Đá mài,Màu đen,,,
CCNPLT0110,Calathea ornata Sanderiana,Cây đuôi công sọc,,Dễ chăm sóc,Nhiều ánh sáng / tán xạ,Tưới nước 2 – 3 lần/tuần,"• Kích thước chậu: 20x18cm (DxC)
• Chiều cao tổng 25 – 30cm",,,,,,
CCNPLT0111,Aglaonema ‘Pink Lady’,Cây hồng phát lộc,"• Kích thước chậu: 11×12 cm (DxC)
• Chiều cao tổng: 25 – 30cm",Dễ chăm sóc,Nắng tán xạ / Nơi râm mát,Tưới nước 2 – 3 lần/tuần,,,,,,,
CCNPLT0112,Dracaena draco L,Phát tài núi,Chiều cao 150 – 160 cm,Dễ chăm sóc,"Nắng tán xạ, chịu được nắng trực tiếp","Tưới nước, 2 – 3 lần/tuần",,,,,,,
CCNPLT0113,Alocasia Silver Dragon,Rồng bạc,"• Kích thước chậu: 15x15cm (DxC)
• Chiều cao tổng: 30 – 32 cm",Dễ chăm sóc,Nắng tán xạ / Nơi râm mát,Tưới nước 2 – 3 lần/tuần,,,,,,,
CCNPLT0114,Pachira aquatica,Cây kim ngân bính,"• Kích thước chậu: 20x18cm (DxC)
• Chiều cao tổng: 30 – 35cm",Dễ chăm sóc,Ánh sáng tán xạ; Nắng trực tiếp,Tưới nước 2 lần/tuần,,,,,,,
CCNPLT0115,Philodendron Imperial Red,Trầu bà đế vương đỏ,"• Kích thước chậu: 18x18cm (DxC)
• Chiều cao tổng: 50 – 60 cm
• Độ rộng tán: 50 – 60 cm",Dễ chăm sóc,"Nắng tán xạ, chịu được nắng trực tiếp",Tưới nước 2 – 3 lần/tuần,,,,,,,
CCNPLT0116,Bucida Buceras Variegated,Bàng Đài Loan cẩm thạch,"• Kích thước chậu: 30×60 cm (DxC)
• Chiều cao tổng: 120–130 cm",Dễ chăm sóc,Nắng trực tiếp / Nắng tán xạ,Tưới nước 2 – 3 lần/tuần,,,,,,,
CCNPLT0117,Philodendron Birkin,Trầu bà đế vương kim cương,"• Kích thước chậu: 18x30cm (DxC)
• Chiều cao tổng: 60 – 70cm",Dễ chăm sóc,Nắng tán xạ / Râm mát,Tưới nước 2 – 3 lần/tuần,,,,,,,
CCNPLT0118,Chrysanthemum morifolium,Hoa cúc mâm xôi,"• Đường kính tán: 40cm (DxC)
• Chiều cao tổng: 40 – 50 cm",Dễ chăm sóc,"Nắng tán xạ, chịu được nắng trực tiếp",Tưới nước 1 lần/ngày,,,,,,,
CCNPLT0119,Aglaoocma SP,Đại phú gia,"• Kích thước chậu: 32x52cm (DxC)
• Chiều cao 120 – 140 cm",Dễ chăm sóc,Nắng tán xạ / Râm mát,Tưới nước 2 – 3 lần/tuần,,,,,,,
CCNPLT0120,Ficus Elastica Tineke,Đa búp đỏ cẩm thạch,Chiều cao 30 – 40cm,Rất dễ chăm sóc,Ánh sáng tán xạ,Tưới nước 2 – 3 lần/tuần,,,,,,,
CCNPLT0121,Aglaonema ‘Red Anjamani’,Cây hồng phát lộc,"• Kích thước tán: 35 – 40cm
• Chiều cao: 35 – 40cm",Dễ chăm sóc,Nắng tán xạ / Nơi râm mát,Tưới nước 2 – 3 lần/tuần,,,,,,,
CCNPLT0122,Podocarpus macrophyllus,Cây tùng bồng lai,Chiều cao 20 – 25 cm,Trung bình,Nắng trực tiếp / nắng tán xạ,Tưới nước 2 – 3 lần/tuần,,,,,,,
CCNPLT0123,Podocarpus macrophyllus,Cây tùng bồng lai,Chiều cao 20 – 25 cm,Trung bình,Nắng trực tiếp / nắng tán xạ,Tưới nước 2 – 3 lần/tuần,,,,,,,
CCNPLT0124,Radermachera Sinica,Cây hạnh phúc,"• Kích thước chậu: 30x32cm (DxC)
• Chiều cao tổng: 90–100cm",Dễ chăm sóc,"Nắng tán xạ, chịu được nắng trực tiếp",Tưới nước 2 – 3 lần/tuần,,,,,,,
CCNPLT0125,Chlorophytum laxum,Cây cỏ lan chi / cây dây nhện,,Rất dễ chăm sóc,Nắng tán xạ / Chịu râm mát,Tưới nước 2 – 3 lần/tuần,Chiều cao 30 – 40 cm,,,,,,
CCNPLT0126,Ficus lyrata,Cây bàng Singapore,"• Kích thước chậu: 30×25 cm (DxC)
• Chiều cao tổng: 100 – 100 cm",Dễ chăm sóc,"Nắng tán xạ, chịu được nắng trực tiếp",Tưới nước 2 – 3 lần/tuần,,,,,,,
CCNPLT0127,Philodendron Xanadu,Cây Trầu Bà Chân Vịt,,Vừa phải,Nắng tán xạ,"Ít nước, 2 – 3 lần/tuần",Cao 50 cm,,,,Tính axit,Có khả năng hấp thu chất độc hại,
CCNPLT0128,Zamioculcas Zamiifolia,Cây kim tiền / Kim phát tài,"• Kích thước chậu: 25×25 cm (DxC)
• Chiều cao tổng: 50 – 60 cm",Dễ chăm sóc,"Nắng tán xạ, chịu được nắng trực tiếp",Tưới nước 2 – 3 lần/tuần,,,,,,,
CCNPLT0129,Aglaonema Snow White,Cây ngọc ngân,"• Kích thước chậu: 17x17cm (DxC)
• Chiều cao: 20 – 30cm",Dễ chăm sóc,Ánh sáng tán xạ; Tránh ánh nắng trực tiếp,Tưới nước 2 – 3 lần/tuần,,,,,,,
CCNPLT0130,Pachira aquatica,Cây kim ngân bính,Chiều cao 35cm,Dễ chăm sóc,Ánh sáng tán xạ; Nắng trực tiếp,Vừa phải (2 lần/tuần),,,,,,,
CCNPLT0131,Radermachera Sinica,Cây hạnh phúc,"• Kích thước chậu: 12x11cm (DxC)
• Chiều cao tổng: 30 – 32cm",Dễ chăm sóc,"Nắng tán xạ, chịu được nắng trực tiếp",Tưới nước 2 – 3 lần/tuần,,,,,,,
CCNPLT0132,Anthurium andreanum,Cây hồng môn,"• Kích thước chậu: 20x20cm (DxC)
• Chiều cao tổng: 30 – 40cm",Dễ chăm sóc,Nắng tán xạ / Chịu râm mát,Tưới nước 2 – 3 lần/lần,,,,,,,
CCNPLT0133,Chrysanthemum morifolium,Hoa cúc mâm xôi,"• Đường kính tán: 40cm (DxC)
• Chiều cao tổng: 50 – 55cm",Dễ chăm sóc,"Nắng tán xạ, chịu được nắng trực tiếp",Tưới nước 4 – 5 lần/tuần,,,,,,,
CCNPLT0134,Dracaena reflexa,Trúc bách hợp,"• Kích thước chậu: 33×52 cm
• Chiều cao tổng: 120 – 130 cm",Dễ chăm sóc,"Nắng tán xạ, chịu được nắng trực tiếp",Tưới nước 2 – 3 lần/tuần,,,,,,,
CCNPLT0135,Pachira aquatica,Cây kim ngân,Chiều cao 120 – 140 cm,Dễ chăm sóc,Ánh sáng tán xạ; Nắng trực tiếp,Tưới nước 2 lần/tuần,,,,,,,
CCNPLT0136,Anthurium andreanum,Cây hồng môn,"• Kích thước chậu: 20x20cm (DxC)
• Chiều cao tổng: 30 – 40cm",Dễ chăm sóc,Nắng tán xạ / Chịu râm mát,Tưới nước 2 – 3 lần/lần,,,,,,,
CCNPLT0137,Pachira aquatica,Cây kim ngân,Chiều cao 20 – 25 cm,Dễ chăm sóc,Ánh sáng tán xạ; Nắng trực tiếp,Tưới ít nước 2 lần/tuần,,,,,,,
CCNPLT0138,Monstera adansonii,Cây trầu bà lỗ,,Vừa phải,Nắng tán xạ / Bóng râm,Tưới nước 4 – 5 lần/tuần,"• Kích thước chậu: 20x20cm (DxC)
• Chiều cao tổng: 30 – 40 cm",,,,,,
CCNPLT0139,Aglaonema red ‘Sumatra’,Cây bao thanh thiên,"• Kích thước chậu:
• Chiều cao tổng: 30 – 40 cm",Rất dễ chăm sóc,Nắng tán xạ / Bóng râm,Tưới nước 3 – 4 lần/tuần,,,,,,,
CCNPLT0140,,Cây cọ Nhật/ Thịnh vượng / Cung điện / Trầu bà,"• Kích thước chậu: 40×52 cm (DxC)
• Chiều cao tổng: 140 – 150 cm",Dễ chăm sóc,Nắng tán xạ / Sáng vừa phải,Tưới nước 2 – 3 lần/tuần,,,Đá mài,Màu đen,,,
CCNPLT0141,Radermachera Sinica,Cây hạnh phúc,"• Kích thước chậu: 28x34cm (DxC)
• Chiều cao tổng: 100 – 120cm",Dễ chăm sóc,"Nắng tán xạ, chịu được nắng trực tiếp",Tưới nước 2 – 3 lần/tuần,,,,,,,
CCNPLT0142,,Cây đại lộc / vạn lộc / ngọc ngân / đô la,"• Kích thước chậu: 40×52 cm (DxC)
• Chiều cao tổng: 220 – 240 cm",Dễ chăm sóc,Nắng tán nhiều / Nhiều sáng,Tưới nước 2 – 3 lần/tuần,,,Gốm sứ,Màu nâu sáng,,,
CCNPLT0143,Radermachera Sinica,Cây hạnh phúc,"• Kích thước chậu: 30x30cm (DxC)
• Chiều cao tổng: 150 – 160cm",Dễ chăm sóc,"Nắng tán xạ, chịu được nắng trực tiếp",Tưới nước 2 – 3 lần/tuần,,,,,,,
CCNPLT0144,Thaumatophyllum bipinnatifidum,Cây trầu bà thanh xuân / Cây trầu bà tay Phật,"• Kích thước chậu: 30x60cm (ĐxC)
• Chiều cao 140 – 150cm
• Kích thước tán 90 – 100cm",Dễ chăm sóc,Nắng tán xạ / Bóng râm,Tưới nước 2 – 3 lần/tuần,,,,,,,
CCNPLT0145,Aglaonema Snow White,Cây ngọc ngân,"• Kích thước chậu: 20x20cm (DxC)
• Chiều cao: 20 – 30cm",Dễ chăm sóc,Ánh sáng tán xạ; Tránh ánh nắng trực tiếp,Tưới nước 2 – 3 lần/tuần,,,,,,,
CCNPLT0146,,Cây hạnh phúc / vạn lộc / trúc Nhật / tróc bạc,"• Kích thước chậu: 32×52 cm (DxC)
• Chiều cao tổng: 110 – 120 cm",Dễ chăm sóc,Nắng tán xạ / Ít nắng,Tưới nước 2 – 3 lần/tuần,,,Xi măng nhẹ,Màu trắng,,,
CCNPLT0147,Monstera Borsigiana,Trầu bà Nam Mỹ,"• Kích thước chậu: 28x42cm (DxC)
• Chiều cao tổng: 100 – 100 cm",Dễ chăm sóc,"Nắng tán xạ, chịu được nắng trực tiếp",Tưới nước 2 – 3 lần/tuần,,,,,,,
CCNPLT0148,Radermachera Sinica,Cây hạnh phúc,Chiều cao: 70 – 80cm (DxC),Dễ chăm sóc,"Nắng tán xạ, chịu được nắng trực tiếp",Tưới nước 2 – 3 lần/tuần,,,,,,,
CCNPLT0149,Thaumatophyllum bipinnatifidum,Cây trầu bà thanh xuân / Cây trầu bà tay Phật,"• Chiều cao 90 – 110cm
• Kích thước tán 90 – 100cm",Dễ chăm sóc,Nắng tán xạ / Bóng râm,"Ít tưới nước, 2 – 3 lần/tuần",,,,,,,
CCNPLT0150,Pachira aquatica,Cây kim ngân,Chiều cao 20 – 25 cm,Dễ chăm sóc,Ánh sáng tán xạ; Nắng trực tiếp,Tưới ít nước 2 lần/tuần,,,,,,,
CCNPLT0151,Zamioculcas Zamiifolia,Cây kim tiền / Kim phát tài,"• Kích thước chậu: 25×25 cm (DxC)
• Chiều cao tổng: 90 – 100 cm",Dễ chăm sóc,"Nắng tán xạ, chịu được nắng trực tiếp",Tưới nước 2 – 3 lần/tuần,,,,,,,
CCNPLT0152,Epipremnum Marble Queen,Trầu bà lá sữa,"• Chiều cao 10 – 20 cm
• Đường kính tán: 25 – 30 cm",Rất dễ chăm sóc,Ánh nắng tán xạ,Tưới nước 2 – 3 lần/tuần,,,,,,,
CCNPLT0153,,Cây hạnh phúc / vạn lộc / ngọc ngân / thường xuân,"• Kích thước chậu: 32×52 cm (DxC)
• Chiều cao tổng: 100 – 110 cm",Dễ chăm sóc,Nắng tán xạ / Ít nắng,Tưới nước 2 – 3 lần/tuần,,,Xi măng nhẹ,Màu trắng / Xanh dương / Vàng 24k,,,
CCNPLT0154,Livistona chinensis,Cọ lá xẻ,"• Kích thước chậu: 14x14cm (DxC)
• Chiều cao chậu + cây: 25cm",Dễ chăm sóc,"Nắng tán xạ, chịu được nắng trực tiếp",Tưới nước 2 – 3 lần/tuần,,,,,,,
CCNPLT0155,Monstera Borsiagana,Trầu bà Nam Mỹ,"• Kích thước lá: 15 – 30cm
• Chiều cao: 50 – 60cm",Dễ chăm sóc,Ánh sáng tán xạ; Tránh ánh nắng trực tiếp,Tưới nước 2 – 3 lần/tuần,,,,,,,
CCNPLT0156,Aglaonema ‘Ivy Green’,Cây tiểu bạch mã hoàng tử,"• Kích thước tán: 20 – 25cm
• Chiều cao: 30 – 35 cm",Dễ chăm sóc,Nắng tán xạ / Nơi râm mát,Tưới nước 2 – 3 lần/tuần,,,,,,,
CCNPLT0157,Aglaonema ‘White Lance’,Cây giữ tiền,Chiều cao: 30 – 40 cm,Rất dễ chăm sóc,Nắng tán xạ / Bóng râm,Tưới nước 3 – 4 lần/tuần,,,,,,,
CCNPLT0158,,Cây đại phú gia / Vạn lộc / Ngọc ngân / May mắn,"• Kích thước chậu: 32×52 cm (DxC)
• Chiều cao tổng: 100 – 110 cm",Dễ chăm sóc,Nắng tán xạ / Ít nắng,Tưới nước 2 – 3 lần/tuần,,,Xi măng nhẹ,Màu đen,,,
CCNPLT0159,Monstera Borsigiana,Trầu bà Nam Mỹ,"• Kích thước chậu: 25x25cm (DxC)
• Chiều cao tổng: 60 – 70 cm",Dễ chăm sóc,"Nắng tán xạ, chịu được nắng trực tiếp",Tưới nước 2 – 3 lần/tuần,,,,,,,
CCNPLT0160,Radermachera Sinica,Cây hạnh phúc,Kích thước cây: 70 – 80 (cm),Dễ chăm sóc,"Nắng tán xạ, chịu được nắng trực tiếp",Tưới nước 2 – 3 lần/tuần,,,,,,,
CCNPLT0161,,Cây lưỡi hổ / Vạn lộc / Ngọc ngân / Phú quý,"• Kích thước chậu: 32×52 cm (DxC)
• Chiều cao tổng: 100 – 120 cm",Dễ chăm sóc,Nắng tán xạ / Ít nắng,Tưới nước 2 – 3 lần/tuần,,,Xi măng nhẹ,Màu vàng / Xanh dương / Trắng,,,
CCNPLT0162,,Cây đại phú gia / Đô la / May mắn,"• Kích thước chậu: 32×52 cm (DxC)
• Chiều cao tổng: 100 – 120 cm",Dễ chăm sóc,Nắng tán xạ / Ít nắng,Tưới nước 2 – 3 lần/tuần,,,Xi măng đá mài,Màu đen,,,
CCNPLT0163,Ficus elastica,Đa búp đỏ,Chiều cao: 80 – 100 cm,Dễ chăm sóc,Nắng tán xạ / Râm mát,Tưới nước 2 – 3 lần/tuần,,,,,,,
CCNPLT0164,Heliconia Psittacorum Variegated ‘Lady Di’,Cây chuối mỏ két đỏ / Thiên điểu cẩm thạch,Chiều cao: 50 – 70 cm,Dễ chăm sóc,Nắng tán xạ / Râm mát,Tưới nước 2 – 3 lần/tuần,,,,,,,
CCNPLT0165,Ficus lyrata,Cây bàng Singapore,"• Kích thước chậu: 20×20 cm (DxC)
• Chiều cao tổng: 40 – 50 cm",Dễ chăm sóc,"Nắng tán xạ, chịu được nắng trực tiếp",Tưới nước 2 – 3 lần/tuần,,,,,,,
CCNPLT0166,Radermachera Sinica,Cây hạnh phúc,"• Kích thước chậu: 12x12cm (DxC)
• Chiều cao tổng: 30 – 35 cm",Dễ chăm sóc,"Nắng tán xạ, chịu được nắng trực tiếp",Tưới nước 2 – 3 lần/tuần,,,,,,,
CCNPLT0167,Anthurium andreanum,Cây hồng môn,Chiều cao 30 – 40 cm,Dễ chăm sóc,Nắng tán xạ / Chịu râm mát,Tưới nước 2 – 3 lần/lần,,,,,,,
CCNPLT0168,Sansevieria zeylanica,Lưỡi hổ xanh,"• Kích thước chậu: 30×30 cm
• Chiều cao tổng: 80 – 90 cm",Rất dễ chăm sóc,"Nắng tán xạ, chịu được thiếu nắng",Tưới nước 2 – 3 lần/tuần,,,,,,,
CCNPLT0169,Bucida buceras Variegated,Bàng Đài Loan cẩm thạch,"• Kích thước chậu: 30x32cm (DxC)
• Chiều cao tổng: 80 – 100 cm",Dễ chăm sóc,Nắng tán xạ / Nắng trực tiếp,Tưới nước 2 – 3 lần/tuần,,,,,,,
CCNPLT0170,Phoenix roebelenii,Cây cau nga mi / Chà là cảnh,"• Kích thước cây: 150 – 160 cm
• Kích thước chậu: 40×40 cm (DxC)
• Chiều cao tổng: 180 ~ 190 cm",Dễ chăm sóc,"Nắng tán xạ, chịu được nắng trực tiếp",Tưới nước 2 – 3 lần/tuần,,,,,,,
CCNPLT0171,Chrysalidocarpus lutescens Wendl,Cau vàng Nhật Bản,Chiều cao ~160 cm,Dễ chăm sóc,"Nắng tán xạ, chịu được nắng trực tiếp","Ít nước, 2 – 3 lần/tuần",,,,,,,
CCNPLT0172,Radermachera Sinica,Cây hạnh phúc,"Kích thước chậu: 35x45cm (DxC)
Chiều cao tổng: 110 – 120 cm",Dễ chăm sóc,"Nắng tán xạ, chịu được nắng trực tiếp",Tưới nước 2 – 3 lần/tuần,,,,,,,
CCNPLT0173,Zamioculcas Zamiifolia,Cây kim tiền / Kim phát tài,"• Kích thước chậu: 40×40 cm (DxC)
• Chiều cao tổng: 90 ~ 100 cm",Dễ chăm sóc,"Nắng tán xạ, chịu được nắng trực tiếp",Tưới nước 2 – 3 lần/tuần,,,,,,,
CCNPLT0174,Epipremnum aureum,Trầu bà xanh,"Kích thước chậu: 30×50 cm (DxC)
Chiều cao tổng: 160 – 170 cm",Dễ chăm sóc,"Nắng tán xạ, chịu được nắng trực tiếp",Tưới nước 2 – 3 lần/tuần,,,,,,,
CCNPLT0175,Licuala grandis,Cọ Nhật,"• Kích thước chậu:
• Chiều cao chậu + cây: 130cm",Dễ chăm sóc,"Nắng tán xạ, chịu được nắng trực tiếp",Tưới nước 2 – 3 lần/tuần,,,,,,,
CCNPLT0176,Radermachera Sinica,Cây hạnh phúc,"Kích thước chậu: 35x45cm (DxC)
Chiều cao tổng: 110 – 120 cm",Dễ chăm sóc,"Nắng tán xạ, chịu được nắng trực tiếp",Tưới nước 2 – 3 lần/tuần,,,,,,,
CCNPLT0177,Radermachera Sinica,Cây hạnh phúc,"Kích thước chậu: 30x25cm (DxC)
Chiều cao tổng: 90 – 110 cm",Dễ chăm sóc,"Nắng tán xạ, chịu được nắng trực tiếp",Tưới nước 2 – 3 lần/tuần,,,,,,,
CCNPLT0178,,Cây lưỡi hổ / vạn lộc / trầu bà,"• Kích thước chậu: 30×50 cm (DxC)
• Chiều cao tổng: 80 – 100 cm",Dễ chăm sóc,Nắng tán xạ / Ít nắng,Tưới nước 2 – 3 lần/tuần,,,Gốm sứ,Xám khói,,,
CCNPLT0179,Ficus lyrata,Cây bàng Singapore,"• Kích thước chậu: 20×20 cm (DxC)
• Chiều cao tổng: 40 – 50 cm",Dễ chăm sóc,"Nắng tán xạ, chịu được nắng trực tiếp",Tưới nước 2 – 3 lần/tuần,,,,,,,
CCNPLT0180,Syngonium podophyllum ‘Albo Variegata’,Tróc bạc Albo,"• Kích thước chậu: 17×17 cm (DxC)
• Chiều cao tổng: 40 – 50 cm",Dễ chăm sóc,Ánh sáng tán xạ / Râm mát,Tưới nước 2 – 3 lần/tuần,,,,,,,
CCNPLT0181,Ficus lyrata,Cây bàng Singapore,"• Kích thước chậu: 25×25 cm (DxC)
• Chiều cao tổng: 80 – 90 cm",Dễ chăm sóc,"Nắng tán xạ, chịu được nắng trực tiếp",Tưới nước 2 – 3 lần/tuần,,,,,,,
CCNPLT0182,Syngonium podophyllum “Pink Spot”,Tróc bạc hồng,"• Kích thước chậu: 24×20 cm (DxC)
• Chiều cao tổng: 40 – 50 cm",Dễ chăm sóc,Ánh sáng tán xạ / Râm mát,Tưới nước 2 – 3 lần/tuần,,,,,,,
CCNPLT0183,Philodendron Warscewiczii Aurea Flavum,Cây trầu bà thanh xuân vàng,"• Kích thước chậu: 20×20 cm (DxC)
• Chiều cao tổng: 40 – 50 cm",Dễ chăm sóc,Ánh sáng tán xạ / Râm mát,Tưới nước 2 – 3 lần/tuần,,,,,,,
CCNPLT0184,Maranta leuconeura,Cây cầu nguyên,"• Kích thước chậu: 20×18 cm (DxC)
• Chiều cao: 10cm
• Đường kính tán: 25cm",Dễ chăm sóc,Ánh sáng tán xạ / Râm mát,Tưới nước 4 – 5 lần/tuần,,,,,,,
CCNPLT0185,Scheffera Octophylla,Ngũ gia bì,Chiều cao 30 ~ 40 cm,Dễ chăm sóc,"Nắng tán xạ, chịu được nắng trực tiếp",Tưới nước 2 – 3 lần/tuần,,,,,,,
CCNPLT0186,Cordyline fruticosa Mocha Latte,Huyết huyết dụ ‘Mocha Latte’,Chiều cao: 20 – 30 cm,Dễ chăm sóc,"Nắng tán xạ, chịu được nắng trực tiếp",Tưới nước 2 – 3 lần/tuần,,,,,,,
CCNPLT0187,Peperomia ‘Watermelon’,Cây dưa hấu,,Dễ chăm sóc,Nắng tán xạ / Chịu râm mát,Tưới nước 2 – 3 lần/tháng,Chiều cao 20 – 30 cm,,,,,,
CCNPLT0188,Chlorophytum orchidastrum,Cây phượng hoàng lửa / Lục thảo lan,"• Kích thước chậu: 20×24
• Chiều cao tổng: 45 – 50 cm",Rất dễ chăm sóc,Nắng tán xạ / Bóng râm,Tưới nước 3 – 4 lần/tuần,,,,,,,
CCNPLT0189,Ficus lyrata,Cây bàng Singapore,"• Kích thước chậu: 20×20 cm (DxC)
• Chiều cao tổng: 30 – 35 cm",Dễ chăm sóc,"Nắng tán xạ, chịu được nắng trực tiếp",Tưới nước 2 – 3 lần/tuần,,,,,,,
CCNPLT0190,Cordyline fruticosa ‘Waihee Rainbow’,Huyết phất dụ 7 sắc,"• Kích thước chậu: 17×17  cm (DxC)
• Chiều cao tổng: 50 cm",Dễ chăm sóc,"Nắng tán xạ, chịu được nắng trực tiếp",Tưới nước 2 – 3 lần/tuần,,,,,,,
CCNPLT0191,Licuala grandis,Cọ Nhật,"Chiều cao cây: 90cm
Chiều cao chậu + cây: 130cm",Dễ chăm sóc,"Nắng tán xạ, chịu được nắng trực tiếp",Tưới nước: 2 – 3 lần/tuần,,,,,,,
CCNPLT0192,Dracaena draco L,Phát tài núi,Chiều cao 150 – 160 cm,Dễ chăm sóc,"Nắng tán xạ, chịu được nắng trực tiếp","Tưới nước, 2 – 3 lần/tuần",,,,,,,
CCNPLT0193,Cordyline fruticosa ‘Waihee Rainbow’,Huyết phất dụ 7 sắc,Chiều cao 30 – 50 cm,Dễ chăm sóc,"Nắng tán xạ, chịu được nắng trực tiếp",Tưới nước 2 – 3 lần/tuần,,,,,,,
CCNPLT0194,Dieffenbachia Seguine ‘Tropic Snow’,Cây vạn niên thanh,"• Chiều cao: 60 – 80 cm
• Kích thước tán: 60 – 80 cm",Rất dễ chăm sóc,Nắng tán xạ / Bóng râm,Tưới nước 3 – 4 lần/tuần,,,,,,,
CCNPLT0195,Aglaonema Morodoklok,Cây sao sáng lá đậm,"• Kích thước chậu: 26×20 cm (DxC)
• Chiều cao: 30 – 40 cm
• Kích thước tán: 40 – 60 cm",Rất dễ chăm sóc,Nắng tán xạ / Bóng râm,Tưới nước 3 – 4 lần/tuần,,,,,,,
CCNPLT0196,Aglaonema ‘Pink Legacy’,Cây cung điện vàng,"• Kích thước chậu:  18×14 cm (DxC)
• Chiều cao tổng: 35 – 40 cm",Dê chăm sóc,Nắng tán xạ / Nơi râm mát,Thay nước 2 – 3 lần/tháng,,,,,,,
CCNPLT0197,Sansevieria futura Superba,Cây lưỡi hổ thái,"• Kích thước chậu
• Chiều cao tổng: 30 – 40 cm",Dễ chăm sóc,"Nắng tán xạ, chịu được nắng trực tiếp",Tưới nước 2 – 3 lần/tuần,,,,,,,
CCNPLT0198,Zamioculcas Zamiifolia,Cây kim tiền / Kim phát tài,Chiều cao tổng: 20~30 cm,Dễ chăm sóc,"Nắng tán xạ, chịu được nắng trực tiếp",Tưới nước 2 – 3 lần/tuần,,,,,,,
CCNPLT0199,Aglaonema ‘Pink Lady’,Cây hồng phát lộc,"• Kích thước chậu: 15×14 cm (DxC)
• Chiều cao tổng: 35 – 40cm",Dễ chăm sóc,Nắng tán xạ / Nơi râm mát,Tưới nước 2 – 3 lần/tuần,,,,,,,
CCNPLT0200,Anthurium andreanum,Cây hồng môn,Chiều cao 30 – 40 cm,Dễ chăm sóc,Nắng tán xạ / Chịu râm mát,Tưới nước 2 – 3 lần/lần,,,,,,,
CCNPLT0201,Zamioculcas Zamiifolia,Cây kim tiền / Kim phát tài,"• Kích thước chậu: 40×57 cm (DxC)
• Chiều cao tổng: 100 ~ 110 cm
• Đường kính tán: 60 ~ 70 cm",Dễ chăm sóc,"Nắng tán xạ, chịu được nắng trực tiếp",Tưới nước 2 – 3 lần/tuần,,,,,,,
CCNPLT0202,Epipremnum aureum,Trầu bà xanh,"Kích thước chậu: 40×57 cm (DxC)
Chiều cao tổng: 160 – 170 cm",Dễ chăm sóc,"Nắng tán xạ, chịu được nắng trực tiếp",Tưới nước 2 – 3 lần/tuần,,,,,,,
CCNPLT0203,Bucida buceras Variegated,Bàng Đài Loan cẩm thạch,Chiều cao 80 – 100 cm,Dễ chăm sóc,Nắng tán xạ / Nắng trực tiếp,Tưới nước 2 – 3 lần/tuần,,,,,,,
CCNPLT0204,Philodendron billietiae,Cây hồng hạc chân cam,"Kích thước chậu: 32×25 cm (DxC)
Kích thước lá: 45 ~ 50 cm",Dễ chăm sóc,"Nắng tán xạ, chịu được nắng trực tiếp","Ít nước, 2 – 3 lần/tuần",,,,,,,
CCNPLT0205,Sansevieria ‘hahnii’ Black Gold,Cây lưỡi hổ Thái xanh,Chiều cao: 10 – 15 cm,Dễ chăm sóc,Ánh sáng tán xạ / Chịu được thiếu sáng,Thay nước 2 – 3 lần/tháng,,,,,,,
CCNPLT0206,Sansevieria ‘superba’ Black Gold,Cây lưỡi hổ Thái xanh,Chiều cao: 25 – 30 cm,Dễ chăm sóc,Ánh sáng tán xạ / Chịu được thiếu sáng,Tưới nước 1 lần/tuần,,,,,,,
CCNPLT0207,Rosmarinus officinalis,Cây hương thảo,Chiều cao 40 – 45 cm,Trung bình,Nắng trực tiếp,Tưới nước hằng ngày,,,,,,,
CCNPLT0208,Podocarpus macrophyllus,Cây tùng bồng lai,Chiều cao 20 – 25 cm,Trung bình,Nắng trực tiếp / nắng tán xạ,Tưới nước 2 – 3 lần/tuần,,,,,,,
CCNPLT0209,Nageia fleuryi,Cây kim giao,Chiều cao 40 – 50 cm,Dễ chăm sóc,Nắng tán xạ / Chịu được nắng trực tiếp,Tưới nước 2 – 3 lần/ngày,,,,,,,
CCNPLT0210,Alocasia zebrina Sarian,Cây ráy ngựa vằn,Chiều cao 60 – 70 cm,Dễ chăm sóc,"Nắng tán xạ, chịu được nắng trực tiếp",Tưới nước 4 – 5 lần/ngày,,,,,,,
CCNPLT0211,Scheffera Octophylla,Ngũ gia bì,Chiều cao 30 ~ 40 cm,Dễ chăm sóc,"Nắng tán xạ, chịu được nắng trực tiếp","Ít nước, 2 – 3 lần/tuần",,,,,,,
CCNPLT0212,Monstera Borsigiana,Trầu bà Nam Mỹ,"Kích thước chậu: 30x40cm (DxC)
Chiều cao tổng: 60 – 70 cm",Dễ chăm sóc,"Nắng tán xạ, chịu được nắng trực tiếp",Tưới nước 2 – 3 lần/tuần,,,,,,,
CCNPLT0213,Radermachera Sinica,Cây hạnh phúc,"Kích thước chậu: 35x42cm (DxC)
Chiều cao tổng: 160 – 170 cm",Dễ chăm sóc,"Nắng tán xạ, chịu được nắng trực tiếp",Tưới nước 2 – 3 lần/tuần,,,,,,,
CCNPLT0214,Anthurium andreanum Pink,Cây hồng môn,Chiều cao 30 – 40 cm,Dễ chăm sóc,Nắng tán xạ / Chịu râm mát,Tưới nước 2 – 3 lần/lần,,,,,,,
CCNPLT0215,Yucca silver,Cây dứa diệp tiễn / Thùa bạc,"• Kích thước tán: 35 – 40cm
• Chiều cao: 35 – 40cm",Dễ chăm sóc,Nắng tán xạ / Nơi râm mát,Tưới nước 2 – 3 lần/tuần,,,,,,,
CCNPLT0216,Dieffenbachia seguine Mars,Cây sao sáng,"• Kích thước tán: 35 – 40cm
• Chiều cao: 35 – 40cm",Dễ chăm sóc,Nắng tán xạ / Nơi râm mát,Tưới nước 2 – 3 lần/tuần,,,,,,,
CCNPLT0217,Aglaonema ‘Pink Lady’,Cây hồng phát lộc,"• Kích thước tán: 35 – 40cm
• Chiều cao: 35 – 40cm",Dễ chăm sóc,Nắng tán xạ / Nơi râm mát,Tưới nước 2 – 3 lần/tuần,,,,,,,
CCNPLT0218,Aglaonema ‘Pink Lady’,Cây hồng phát lộc,"• Kích thước tán: 35 – 40cm
• Chiều cao: 35 – 40cm",Dễ chăm sóc,Nắng tán xạ / Nơi râm mát,Tưới nước 2 – 3 lần/tuần,,,,,,,
CCNPLT0219,Ficus Triangularis Variegata,Đa tam phúc,"• Kích thước tán: 35 – 40cm
• Chiều cao: 35 – 40cm",Dê chăm sóc,Nắng tán xạ / Nơi râm mát,Tưới nước 2 – 3 lần/tuần,,,,,,,
CCNPLT0220,Aglaonema ‘Red Stardust’,Cây như ý,"• Kích thước tán: 35 – 40cm
• Chiều cao: 35 – 40cm",Dê chăm sóc,Nắng tán xạ / Nơi râm mát,Thay nước 2 – 3 lần/tháng,,,,,,,
CCNPLT0221,Aglaonema ‘Pink Legacy’,Cây cung điện vàng,"• Kích thước tán: 35 – 40cm
• Chiều cao: 35 – 40cm",Dê chăm sóc,Nắng tán xạ / Nơi râm mát,Thay nước 2 – 3 lần/tháng,,,,,,,
CCNPLT0222,Aglaonema ‘Red Star’,Cây hồng phát lộc,"• Kích thước tán: 10 – 15 cm
• Chiều cao tổng: 30 – 35 cm",Trung bình,Nắng tán xạ / Nơi râm mát,Thay nước 2 – 3 lần/tháng,,,,,,,
CCNPLT0223,Aglaonema ‘Red Anjamani’,Cây hồng phát lộc,"• Kích thước tán: 35 – 40cm
• Chiều cao: 35 – 40cm",Dễ chăm sóc,Nắng tán xạ / Nơi râm mát,Tưới nước 2 – 3 lần/tuần,,,,,,,
CCNPLT0224,Aglaonema ‘Pink Lady’,Cây hồng phát lộc,"• Kích thước tán: 35 – 40cm
• Chiều cao: 35 – 40cm",Dễ chăm sóc,Nắng tán xạ / Nơi râm mát,Tưới nước 2 – 3 lần/tuần,,,,,,,
CCNPLT0225,Aglaonema ‘Pink Butterfly’,Cây thịnh vượng,"• Kích thước tán: 35 – 40cm
• Chiều cao: 35 – 40cm",Dễ chăm sóc,Nắng tán xạ / Nơi râm mát,Tưới nước 2 – 3 lần/tuần,,,,,,,
CCNPLT0226,Aglaonema ‘Red Panama,Cây hồng ngân,"• Kích thước tán: 35 – 40cm
• Chiều cao: 35 – 40cm",Dễ chăm sóc,Nắng tán xạ / Nơi râm mát,Tưới nước 2 – 3 lần/tuần,,,,,,,
CCNPLT0227,Aglaonema ‘Ivy Green’,Cây tiểu bạch mã hoàng tử,"• Kích thước tán: 40 – 50cm
• Chiều cao: 30 – 35 cm",Dễ chăm sóc,Nắng tán xạ / Nơi râm mát,Tưới nước 2 – 3 lần/tuần,,,,,,,
CCNPLT0228,Dieffenbachia ‘Tropic Marianne’,Cây thiên hoàng,"• Kích thước tán: 35 – 40cm
• Chiều cao: 35 – 40cm",Dễ chăm sóc,Nắng tán xạ / Nơi râm mát,Tưới nước 2 – 3 lần/tuần,,,,,,,
CCNPLT0229,Aglaonema ‘Ivy Green’,Cây tiểu bạch mã hoàng tử,"• Kích thước tán: 20 – 25cm
• Chiều cao: 30 – 35 cm",Dễ chăm sóc,Nắng tán xạ / Nơi râm mát,Tưới nước 2 – 3 lần/tuần,,,,,,,
CCNPLT0230,Ficus Elastica Tineke,Đa búp đỏ cẩm thạch,Chiều cao 30 – 40cm,Rất dễ chăm sóc,Ánh sáng tán xạ,Tưới nước 2 – 3 lần/tuần,,,,,,,
CCNPLT0231,Codiaeum variegatum,Cây cô tòng đuôi lươn,"• Kích thước tán: 30 – 40cm
• Chiều cao: 40 – 50 cm",Dễ chăm sóc,Nắng trực tiếp / Nắng tán xạ,"• Ngoài trời: Tưới nước hằng ngày
• Trong nhà: 3 – 4 lần/tuần",,,,,,,
CCNPLT0232,Codiaeum variegatum ‘Petra’,Cây cô tòng lá mít,"• Kích thước tán: 30cm
• Chiều cao: 30 – 40 cm",Dễ chăm sóc,Nắng trực tiếp / Nắng tán xạ,"• Ngoài trời: Tưới nước hằng ngày
• Trong nhà: 3 – 4 lần/tuần",,,,,,,
CCNPLT0233,Aglaonema ‘Suksom’,Cây vạn lộc đỏ,Chiều cao: 30 – 40 cm,Dễ chăm sóc,Nắng tán xạ / Bóng râm,Tưới nước 3 – 4 lần/tuần,,,,,,,
CCNPLT0234,Aglaonema Super White,Cây ngọc bích,Chiều cao: 20 – 30cm,Dễ chăm sóc,Ánh sáng tán xạ; Tránh ánh nắng trực tiếp,Tưới nước 2 – 3 lần/tuần,,,,,,,
CCNPLT0235,Scheffera Octophylla,Ngũ gia bì cẩm thạch,Chiều cao 20 – 30 cm,Dễ chăm sóc,"Nắng tán xạ, chịu được nắng trực tiếp",Tưới nước 2 – 3 lần/tuần,,,,,,,
CCNPLT0236,Radermachera Sinica,Cây hạnh phúc,Chiều cao: 60 – 80 cm,Dễ chăm sóc,"Nắng tán xạ, chịu được nắng trực tiếp",Tưới nước 2 – 3 lần/tuần,,,,,,,
CCNPLT0237,Aglaonema red ‘Sumatra’,Cây bao thanh thiên,Chiều cao: 30 – 40 cm,Rất dễ chăm sóc,Nắng tán xạ / Bóng râm,Tưới nước 3 – 4 lần/tuần,,,,,,,
CCNPLT0238,Philodendron Brazil Carnival,Trầu bà Brazil,"Chiều cao: 60 – 70 cm
Kích thước tán: 50 – 60 cm",Rất dễ chăm sóc,Nắng tán xạ / Bóng râm,Tưới nước 3 – 4 lần/tuần,,,,,,,
CCNPLT0239,Philodendron burle marx var,Trầu bà tỷ phú cẩm thạch,"Chiều cao: 60 – 70 cm
Kích thước tán: 50 – 60 cm",Rất dễ chăm sóc,Nắng tán xạ / Bóng râm,Tưới nước 3 – 4 lần/tuần,,,,,,,
CCNPLT0240,Aglaonema Morodoklok,Cây sao sáng lá đậm,"Chiều cao: 30 – 40 cm
Kích thước tán: 40 – 60 cm",Rất dễ chăm sóc,Nắng tán xạ / Bóng râm,Tưới nước 3 – 4 lần/tuần,,,,,,,
CCNPLT0241,Chlorophytum orchidastrum,Cây phượng hoàng lửa / Lục thảo lan,Chiều cao 30 – 40 cm,Rất dễ chăm sóc,Nắng tán xạ / Bóng râm,Tưới nước 3 – 4 lần/tuần,,,,,,,
CCNPLT0242,Philodendron Birkin,Trầu bà đế vương kim cương,Chiều cao 20 – 25 cm,Dễ chăm sóc,Nắng tán xạ,Tưới nước 2 – 3 lần/tuần,,,,,,,
CCNPLT0243,Philodendron Imperial ‘Rojo Congo’,Cây trầu bà đế vương vàng,"• Kích thước tán: 15 – 20cm
• Chiều cao: 15 – 20cm",Dễ chăm sóc,Nắng tán xạ / Bóng râm,Tưới nước 2 – 3 lần/tuần,,,,,,,
CCNPLT0244,Philodendron Imperial Green,Cây trầu bà đế vương vàng,"• Kích thước tán: 15 – 20cm
• Chiều cao: 15 – 20cm",Dễ chăm sóc,Nắng tán xạ / Bóng râm,Tưới nước 2 – 3 lần/tuần,,,,,,,
CCNPLT0245,Philodendron Imperial Golden,Cây trầu bà đế vương vàng,"• Kích thước tán: 15 – 20cm
• Chiều cao: 15 – 20cm",Dễ chăm sóc,Nắng tán xạ / Bóng râm,Tưới nước 2 – 3 lần/tuần,,,,,,,
CCNPLT0246,Philodendron Imperial Red,Cây trầu bà đế vương đỏ,"• Kích thước tán: 30 – 35 cm
• Chiều cao: 10 ~ 15 cm",Dễ chăm sóc,Nắng tán xạ / Bóng râm,Tưới nước 2 – 3 lần/tuần,,,,,,,
CCNPLT0247,Asplenium antiquum ‘Osaka’,Cây dương xỉ tổ chim Nhật Bản,"• Chiều cao 10 – 15 cm
• Đường kính tán 20 – 30cm",Rất dễ chăm sóc,Nắng tán xạ / Bóng râm,Tưới nước 2 – 3 lần/tuần,,,,,,,
CCNPLT0248,Calathea Musaica,Cây đuôi công ‘Network’,,Dễ chăm sóc,Nắng tán xạ / Nơi râm mát,Tưới nước 2 – 3 lần/tuần,Chiều cao 10 – 15 cm,,,,,,
CCNPLT0249,Calathea Orbifolia,Cây đuôi công táo xanh,,Dễ chăm sóc,Ít sáng / Bóng râm / Tán xạ,Thay nước 2 – 3  lần/tháng,"Chiều cao: 20 ~ 25 cm
Tán rộng 20 ~ 30 cm",,,,,,
CCNPLT0250,Ficus lyrata,Cây bàng Singapore,Chiều cao 50 – 60 cm,Dễ chăm sóc,"Nắng tán xạ, chịu được nắng trực tiếp",Tưới nước 2 – 3 lần/tuần,,,,,,,
CCNPLT0251,Ficus lyrata,Cây bàng Singapore,Chiều cao 20 ~ 30 cm,Dễ chăm sóc,"Nắng tán xạ, chịu được nắng trực tiếp",Tưới nước 2 – 3 lần/tuần,,,,,,,
CCNPLT0252,Radermachera Sinica,Cây hạnh phúc,"• Kích thước chậu: 28x42cm (DxC)
• Chiều cao tổng: 90 – 100 cm",Dễ chăm sóc,"Nắng tán xạ, chịu được nắng trực tiếp",Tưới nước 2 – 3 lần/tuần,,,,,,,
CCNPLT0253,Zamioculcas Zamiifolia,Cây kim tiền / Kim phát tài,Chiều cao tổng: 20~30 cm,Dễ chăm sóc,"Nắng tán xạ, chịu được nắng trực tiếp",Tưới nước 2 – 3 lần/tuần,,,,,,,
CCNPLT0254,Ficus Elastica Tineke,Đa búp đỏ cẩm thạch,Chiều cao 10 – 15cm,Rất dễ chăm sóc,Ánh sáng tán xạ,Tưới nước 2 – 3 lần/tuần,,,,,,,
CCNPLT0255,Radermachera Sinica,Cây hạnh phúc,"• Kích thước chậu: 33x45cm (DxC)
• Chiều cao tổng: 150 – 160 cm",Dễ chăm sóc,"Nắng tán xạ, chịu được nắng trực tiếp",Tưới nước 2 – 3 lần/tuần,,,,,,,
CCNPLT0256,Thaumatophyllum bipinnatifidum,Cây trầu bà thanh xuân / Cây trầu bà tay Phật,"Kích thước chậu: 35×42 cm (DxC)
Chiều cao tổng 150 – 160cm",Dễ chăm sóc,Nắng tán xạ / Bóng râm,"Ít tưới nước, 2 – 3 lần/tuần",,,,,,,
CCNPLT0257,Dracaena reflexa,Trúc bách hợp,"Kích thước chậu: 33×45 cm
Chiều cao tổng: 100 – 130 cm",Dễ chăm sóc,"Nắng tán xạ, chịu được nắng trực tiếp","Ít nước, 2 – 3 lần/tuần",,,,,,,
CCNPLT0258,Radermachera Sinica,Cây hạnh phúc,Chiều cao 120 – 140 cm,Dễ chăm sóc,"Nắng tán xạ, chịu được nắng trực tiếp",Tưới nước 2 – 3 lần/tuần,,,,,,,
CCNPLT0259,Radermachera Sinica,Cây hạnh phúc,Chiều cao 120 – 140 cm,Dễ chăm sóc,"Nắng tán xạ, chịu được nắng trực tiếp",Tưới nước 2 – 3 lần/tuần,,,,,,,
CCNPLT0260,Epipremnum Aureum ‘Njoy Pothos’,Cây trầu bà cẩm thạch / Trầu bà sữa,Chiều dài 40 – 50 cm,Dễ chăm sóc,Ánh sáng tán xạ; Chịu được khuất sáng,Tưới nước 2 – 3  lần/tuần,,,,,,,
CCNPLT0261,Dieffenbachia tiki,Cây tuyết trắng,Chiều cao 40cm,Dễ chăm sóc,Ánh sáng tán xạ; Chịu được khuất sáng,Tưới nước 2 – 3  lần/tuần,,,,,,,
CCNPLT0262,Philodendron Imperial Green,Cây trầu bà đế vương xanh,"Kích thước chậu: 35×40 cm (DxC)
Chiều cao tổng 80 ~ 90 cm",Dễ chăm sóc,Nắng tán xạ / Bóng râm,Tưới nước 2 – 3 lần/tuần,,,,,,,
CCNPLT0263,Philodendron Imperial Golden,Cây trầu bà đế vương vàng,"• Kích thước chậu: 22×24 (DxC)
• Chiều cao tổng: 40 – 45cm",Dễ chăm sóc,Nắng tán xạ / Bóng râm,Tưới nước 2 – 3 lần/tuần,,,,,,,
CCNPLT0264,Calathea Roseopicta ‘Marion’,Cây đuôi công,,Vừa phải,Nắng tán xạ / Chịu râm mát,Tưới nước 4 – 5 lần/tuần,"Kích thước chậu:
Chiều cao tổng: 40 -–50 cm",,,,,,
CCNPLT0265,Zamioculcas Zamiifolia,Cây kim tiền / Kim phát tài,"Kích thước châu: 15×16 cm
Chiều cao tổng: 40~50 cm",Dễ chăm sóc,"Nắng tán xạ, chịu được nắng trực tiếp","Ít nước, 2 – 3 lần/tuần",,,,,,,
CCNPLT0266,Maranta leuconeura,Cây cầu nguyên,"Chiều cao: 10cm
Đường kính tán: 25cm",Dễ chăm sóc,Ánh sáng tán xạ / Râm mát,Tưới nước 4 – 5 lần/tuần,,,,,,,
CCNPLT0267,Calathea burle-marxii var,Cây đuôi xương cá,,Dễ chăm sóc,Ít sáng / Bóng râm / Tán xạ,"Vừa phải, 2 – 3  lần/tuần","Chiều cao: 20 ~ 25 cm
Tán rộng 20 ~ 30 cm",,,,,,
CCNPLT0268,Calathea Warscewiczii,Cây đuôi công,,Trung bình,Nắng tán xạ / Chịu râm mát,Tưới nước 5 – 6 lần/tuần,Chiều cao 40 – 50 cm,,,,,,
CCNPLT0269,Calathea Roseopicta ‘Marion’,Cây đuôi công,,Vừa phải,Nắng tán xạ,"Ít nước, 2 – 3 lần/tuần",Chiều cao 40 -–50 cm,,,,,,
CCNPLT0270,Calathea roseopicta Dottie,Cây đuôi công tím,,Trung bình,Nắng tán xạ / Chịu râm mát,Tưới nước 4 – 5 lần/tuần,Cao 10 – 20 cm,,,,,,
CCNPLT0271,Calathea roseopicta Green Goddess,Đuôi công nữ thần xanh,Chiều cao 10 – 15 cm,Dễ chăm sóc,"Nắng tán xạ, chịu bóng mát",4 – 5 lần/tuần,,,,,,,
CCNPLT0272,Ficus lyrata ‘Bambino’,Cây bàng Singapore lá nhỏ,Chiều cao 70 ~ 80 cm,Dễ chăm sóc,"Nắng tán xạ, chịu được nắng trực tiếp","Ít nước, 2 – 3 lần/tuần",,,,,,,
CCNPLT0273,Philodendron billietiae,Cây hồng hạc chân cam,"Kích thước chậu: 32×25 cm (DxC)
Kích thước lá: 45 ~ 50 cm",Dễ chăm sóc,"Nắng tán xạ, chịu được nắng trực tiếp","Ít nước, 2 – 3 lần/tuần",,,,,,,
CCNPLT0274,Philodendron billietiae,Cây hồng hạc chân cam,"Chiều cao 40 ~ 50 cm
Kích thước lá: 45 ~ 50 cm",Dễ chăm sóc,"Nắng tán xạ, chịu được nắng trực tiếp","Ít nước, 2 – 3 lần/tuần",,,,,,,
CCNPLT0275,Anthurium andreanum,Cây hồng môn,Chiều cao 20 – 30 cm,Dễ chăm sóc,Nắng tán xạ / Chịu râm mát,Tưới nước 2 – 3 lần/lần,,,,,,,
CCNPLT0276,Nephrolepis cordifolia,Dương xỉ lá me / Ráng cốt cắt,Chiều cao: 30~40 cm,Rất dễ chăm sóc,"Nắng tán xạ, chịu được nắng trực tiếp","Ít nước, 2 – 3 lần/tuần",,,,,,,
CCNPLT0277,Nephrolepis cordifolia,Dương xỉ lá me / Ráng cốt cắt,Chiều cao: 30~40 cm,Rất dễ chăm sóc,"Nắng tán xạ, chịu được nắng trực tiếp","Ít nước, 2 – 3 lần/tuần",,,,,,,
CCNPLT0278,Chrysalidocarpus lutescens Wendl,Cau vàng Nhật Bản,Chiều cao ~160 cm,Dễ chăm sóc,"Nắng tán xạ, chịu được nắng trực tiếp","Ít nước, 2 – 3 lần/tuần",,,,,,,
CCNPLT0279,Chrysalidocarpus lutescens Wendl,Cau lụa vàng Nhật Bản,Chiều cao ~120 cm,Dễ chăm sóc,"Nắng tán xạ, chịu được nắng trực tiếp","Ít nước, 2 – 3 lần/tuần",,,,,,,
CCNPLT0280,Zamioculcas Zamiifolia,Cây kim tiền / Kim phát tài,"Kích thước châu: 30×60 cm
Chiều cao tổng: 110~120 cm",Dễ chăm sóc,"Nắng tán xạ, chịu được nắng trực tiếp","Ít nước, 2 – 3 lần/tuần",,,,,,,
CCNPLT0281,Araucaria angustifolia,Cây tùng bách tán,Chiều cao 30 ~ 40 cm,Dễ chăm sóc,"Nắng tán xạ, chịu được nắng trực tiếp","Ít nước, 2 – 3 lần/tuần",,,,,,,
CCNPLT0282,Philodendron billietiae,Cây hồng hạc chân cam,"Chiều cao 30 ~ 40 cm
Kích thước lá: 20 cm",Dễ chăm sóc,"Nắng tán xạ, chịu được nắng trực tiếp","Ít nước, 2 – 3 lần/tuần",,,,,,,
CCNPLT0283,Scheffera Octophylla,Ngũ gia bì,Chiều cao 30 ~ 40 cm,Dễ chăm sóc,"Nắng tán xạ, chịu được nắng trực tiếp","Ít nước, 2 – 3 lần/tuần",,,,,,,
CCNPLT0284,Ficus lyrata,Cây bàng Singapore,Chiều cao 70 ~ 80 cm,Dễ chăm sóc,"Nắng tán xạ, chịu được nắng trực tiếp","Ít nước, 2 – 3 lần/tuần",,,,,,,
CCNPLT0285,Radermachera Sinica,Cây hạnh phúc,"• Kích thước chậu: 30x40cm (DxC)
• Chiều cao tổng: 80 – 100 cm",Dễ chăm sóc,"Nắng tán xạ, chịu được nắng trực tiếp",Tưới nước 2 – 3 lần/tuần,,,,,,,
CCNPLT0286,Scheffera Octophylla,Ngũ gia bì,Chiều cao 30 ~ 40 cm,Dễ chăm sóc,"Nắng tán xạ, chịu được nắng trực tiếp","Ít nước, 2 – 3 lần/tuần",,,,,,,
CCNPLT0287,Scheffera Octophylla,Ngũ gia bì,Chiều cao 30 ~ 40 cm,Dễ chăm sóc,"Nắng tán xạ, chịu được nắng trực tiếp","Ít nước, 2 – 3 lần/tuần",,,,,,,
CCNPLT0288,Chrysalidocarpus lutescens Wendl,Cau lụa vàng Nhật Bản,Chiều cao ~160 cm,Dễ chăm sóc,"Nắng tán xạ, chịu được nắng trực tiếp","Ít nước, 2 – 3 lần/tuần",,,,,,,
CCNPLT0289,Chrysalidocarpus lutescens Wendl,Cau lụa vàng Nhật Bản,Chiều cao ~160 cm,Dễ chăm sóc,"Nắng tán xạ, chịu được nắng trực tiếp","Ít nước, 2 – 3 lần/tuần",,,,,,,
CCNPLT0290,Ficus lyrata,Cây bàng Singapore,Chiều cao 50 – 60 cm,Dễ chăm sóc,"Nắng tán xạ, chịu được nắng trực tiếp",Tưới nước 2 – 3 lần/tuần,,,,,,,
CCNPLT0291,Zamioculcas zamiifolia,Cây kim tiền / Cây kim phát tài,Chiều cao 60 – 80cm,Dễ chăm sóc,Nắng tán xạ hoặc trực tiếp,"Ít nước, 2 – 3 lần/tuần",,,,,,,
CCNPLT0292,Ficus lyrata,Bàng Singapore / Sung tỳ bà,,Dễ chăm sóc,Nắng trực tiếp / Ánh sáng tán xạ,"Ít nước, 2 – 3 lần/tuần",Chiều cao tổng: 100 – 120 cm,,,,,,
CCNPLT0293,Pachira aquatica,Cây kim ngân,Chiều cao 180 – 200 cm,Dễ chăm sóc,Ánh sáng tán xạ; Nắng trực tiếp,Tưới ít nước (2 lần/tuần),,,,,,,
CCNPLT0294,Pachira aquatica,Cây kim ngân,Chiều cao 40cm,Dễ chăm sóc,Ánh sáng tán xạ; Nắng trực tiếp,Tưới ít nước (2 lần/tuần),,,,,,,
CCNPLT0295,Pachira aquatica,Cây kim ngân,Chiều cao 40cm,Dễ chăm sóc,Ánh sáng tán xạ; Nắng trực tiếp,Tưới ít nước (2 lần/tuần),,,,,,,
CCNPLT0296,Pachira aquatica,Cây kim ngân,,Dễ chăm sóc,Nắng tán xạ / Chịu râm mát,Thay nước 2 – 3 lần/tháng,Chiều cao 50 – 60 cm,,,,,,
CCNPLT0297,Ficus lyrata,Bàng Singapore / Sung tỳ bà,,Dễ chăm sóc,Nắng trực tiếp / Ánh sáng tán xạ,"Ít nước, 2 – 3 lần/tuần","Kích thước chậu: 40×35 cm (DxC)
Chiều cao tổng: 150 – 160 cm",,,,,,
CCNPLT0298,Ficus lyrata,Bàng Singapore / Sung tỳ bà,,Dễ chăm sóc,Nắng trực tiếp / Ánh sáng tán xạ,"Ít nước, 2 – 3 lần/tuần","Kích thước chậu: 40×35 cm (DxC)
Chiều cao tổng: 150 – 160 cm",,,,,,
CCNPLT0299,Ficus lyrata,Bàng Singapore / Sung tỳ bà,,Dễ chăm sóc,Nắng trực tiếp / Ánh sáng tán xạ,"Ít nước, 2 – 3 lần/tuần","Kích thước chậu: 40×40 cm (DxC)
Chiều cao tổng: 160 – 180 cm",,,,,,
CCNPLT0300,Zamioculcas Zamiifolia,Cây kim tiền,"Kích thước châu: 35×51 cm
Chiều cao tổng: 90~100 cm",Dễ chăm sóc,"Nắng tán xạ, chịu được nắng trực tiếp","Ít nước, 2 – 3 lần/tuần",,,,,,,
CCNPLT0301,Ficus lyrata,Bàng Singapore / Sung tỳ bà,,Dễ chăm sóc,Nắng trực tiếp / Ánh sáng tán xạ,"Ít nước, 2 – 3 lần/tuần","Kích thước chậu: 30×30 cm (DxC)
Chiều cao 160 – 180 cm",,,,,,
CCNPLT0302,Ficus lyrata,Bàng Singapore / Sung tỳ bà,,Dễ chăm sóc,Nắng trực tiếp / Ánh sáng tán xạ,Tưới nước 2 – 3 lần/tuần,"• Kích thước chậu: 40×60 cm (DxC)
• Chiều cao tổng 120 – 130 cm",,,,,,
CCNPLT0303,Ficus lyrata,Cây bàng Singapore,"Kích thước: 34×45 cm (DxH)
Chiều cao tổng: 150 – 160 cm",Dễ chăm sóc,"Nắng tán xạ, chịu được nắng trực tiếp","Ít nước, 2 – 3 lần/tuần",,,,,,,
CCNPLT0304,Ficus lyrata,Cây bàng Singapore,"Kích thước chậu: 25×25 cm (DxH)
Chiều cao tổng: 90 – 100 cm",Dễ chăm sóc,"Nắng tán xạ, chịu được nắng trực tiếp",Tưới nước 2 – 3 lần/tuần,,,,,,,
CCNPLT0305,Ficus lyrata,Cây bàng Singapore,"Kích thước chậu: 23×21 cm (DxH)
Chiều cao tổng: 60 – 70 cm",Dễ chăm sóc,"Nắng tán xạ, chịu được nắng trực tiếp","Ít nước, 2 – 3 lần/tuần",,,,,,,
CCNPLT0306,Ficus lyrata,Cây bàng Singapore,"Kích thước chậu: 15×15 cm
Chiều cao tổng: ~40 cm",Dễ chăm sóc,"Nắng tán xạ, chịu được nắng trực tiếp","Ít nước, 2 – 3 lần/tuần",,,,,,,
CCNPLT0307,Ficus lyrata,Bàng singapore / Sung tỳ bà,,Dễ chăm sóc,Chịu được nắng trực tiếp,"Ít nước, 2 – 3 lần/tuần",Chiều cao ~20 cm,,,,,,
CCNPLT0308,Ficus lyrata,Bàng singapore / Sung tỳ bà,,Dễ chăm sóc,Chịu được nắng trực tiếp,"Ít nước, 2 – 3 lần/tuần",Chiều cao ~20 cm,,,,,,
CCNPLT0309,Ficus lyrata,Bàng singapore / Sung tỳ bà,,Dễ chăm sóc,Nắng tán xạ,Tưới nước 2 – 3 lần/tuần,"• Kích thước chậu: 12x11cm (DxC)
• Chiều cao ~20 cm",,,,,,
CCNPLT0310,Zamioculcas Zamiifolia,Cây kim tiền,"Kích thước chậu: 40×50
Chiều cao tổng: 110 ~ 120 cm",Dễ chăm sóc,"Nắng tán xạ, chịu được nắng trực tiếp","Ít nước, 2 – 3 lần/tuần",,,,,,,
CCNPLT0311,Zamioculcas zamiifolia,Cây kim tiền,"Kích thước chậu: 25×45 cm
Chiều cao chậu + cây: 110 ~ 120 cm",Dễ chăm sóc,"Nắng tán xạ, chịu được nắng trực tiếp","Ít nước, 2 – 3 lần/tuần",,,,,,,
CCNPLT0312,Zamioculcas zamiifolia,Cây kim tiền,"Kích thước chậu: 40×75 cm
Chiều cao chậu + cây: 110 ~ 120 cm",Dễ chăm sóc,"Nắng tán xạ, chịu được nắng trực tiếp","Ít nước, 2 – 3 lần/tuần",,,,,,,
CCNPLT0313,Zamioculcas zamiifolia,Cây kim tiền,"• Kích thước chậu: 20×15 cm (DxC)
• Chiều cao tổng: ~45 cm",Dễ chăm sóc,Nắng tán xạ / Chịu râm mát tốt,Tưới nước 2 – 3 lần/tuần,,,,,,,
CCNPLT0314,Zamioculcas zamiifolia,Cây kim tiền / Cây kim phát tài,Chiều cao 20 – 30cm,Dễ chăm sóc,Nắng tán xạ hoặc trực tiếp,"Ít nước, 2 – 3 lần/tuần",,,,,,,
CCNPLT0315,Zamioculcas zamiifolia,Cây kim tiền / Cây kim phát tài,Chiều cao 20 – 30cm,Dễ chăm sóc,Nắng tán xạ hoặc trực tiếp,"Ít nước, 2 – 3 lần/tuần",,,,,,,
CCNPLT0316,Zamioculcas zamiifolia,Cây kim tiền,,Dễ chăm sóc,Nắng tán xạ hoặc trực tiếp,"Ít nước, 2 – 3 lần/tuần",Chiều cao 20 – 30 cm,,,,,,
CCNPLT0317,Pachira aquatica,Cây kim ngân,"• Kích thước chậu: 12×11 cm (DxC)
• Chiều cao tổng: 30cm",Dễ chăm sóc,Ánh sáng tán xạ / Râm mát,Tưới nước 2 – 3 lần/tuần,,,,,,,
CCNPLT0318,Pachira aquatica,Cây kim ngân,,Dễ chăm sóc,Nắng tán xạ / Chịu râm mát,Tưới nước 2 – 3 lần/tuần,"• Kích thước chậu: 15x14cm (DxC)
• Chiều cao tổng: 35 – 40 cm",,,,,,
CCNPLT0319,Pachira aquatica,Cây kim ngân,,Dễ chăm sóc,Nắng tán xạ / Chịu râm mát,Thay nước 2 – 3 lần/tháng,Cao 40 – 60 cm,,,,,,
CCNPLT0320,Pachira aquatica,Cây kim ngân,Chiều cao 50cm,Dễ chăm sóc,Ánh sáng tán xạ; Nắng trực tiếp,Vừa phải (2 lần/tuần),,,,,,,
CCNPLT0321,Lonicera periclymenum,Cây kim ngân,Cao 30 – 40 cm,Dễ chăm sóc,"Nắng tán xạ, chịu được nắng trực tiếp","Ít nước, 2 – 3 lần/tuần",,,,,,,
CCNPLT0322,Calathea concinna,Đuôi công xương cá,Chiều cao: 45cm – Tán: 25cm,Dễ chăm sóc,Ánh sáng tán xạ; Chịu được khuất sáng,Tưới vừa phải (2 lần/tuần),,,,,,,
CCNPLT0323,Calathea concinna,Đuôi công xương cá,Chiều cao: 45cm – Tán: 25cm,Dễ chăm sóc,Ánh sáng tán xạ; Chịu được khuất sáng,Tưới vừa phải (2 lần/tuần),,,,,,,
CCNPLT0324,Syngonium podophyllum,Cây tróc bạc hồng,,Dễ chăm sóc,Nắng tán xạ / Chịu râm mát,Thay nước 2 – 3 lần/tháng,Chiều cao 30 – 40 cm,,,,,,
CCNPLT0325,Syngonium podophyllum,Cây tróc bạc xanh,,Dễ chăm sóc,Nắng tán xạ / Chịu râm mát,Thay nước 2 – 3 lần/tháng,Chiều cao 30 – 40 cm,,,,,,
CCNPLT0326,Epipremnum aureum,Cây trầu bà tỷ phú,,Dễ chăm sóc,Nắng tán xạ / Chịu râm mát,Thay nước 2 – 3 lần/tháng,Cao 30 – 40 cm,,,,,,
CCNPLT0327,Calathea roseopicta Dottie,Cây đuôi công tím,,Trung bình,Nắng tán xạ / Chịu râm mát,Thay nước 2 – 3 lần/tháng,Cao 20 – 30 cm,,,,,,
CCNPLT0328,Calathea merak,Cây đuôi công sọc xanh,,Dễ chăm sóc,Nắng tán xạ / Chịu râm mát,Thay nước 2 – 3 lần/tháng,Cao 40 – 60 cm,,,,,,
CCNPLT0329,Calathea makoyana,Cây đuôi công đốm,,Dễ chăm sóc,Nắng tán xạ / Chịu râm mát,Thay nước 2 – 3 lần/tháng,Cao 40 – 60 cm,,,,,,
CCNPLT0330,Dracaena marginata Tricolor,Cây huyết dụ kiếm,Chiều cao 80 cm,Dễ chăm sóc,"Nắng tán xạ, chịu được nắng trực tiếp","Ít nước, 2 – 3 lần/tuần",,,,,,,
CCNPLT0331,Alocasia Amazonica Polly,Môn quan âm,Cao 20 – 30 cm,Dễ chăm sóc,Nắng tán xạ,"Ít nước, 2 – 3 lần/tuần",,,,,,,
CCNPLT0332,Peperomia obtusifolia var,Cây trường sinh cẩm thạch,,Dễ chăm sóc,Nắng tán xạ / Chịu râm mát,Tưới nước 2 – 3 lần/tuần,"• Kích thước chậu: 12x11cm (DxC)
• Chiều cao 20 – 30 cm",,,,,,
CCNPLT0333,Philodendron Paraiso,Philodendron Paraiso,Cỡ lá 10 – 15 cm,Dễ chăm sóc,Nắng tán xạ,"Ít nước, 2 – 3 lần/tuần",,,,,,,
CCNPLT0334,Philodendron Gigas,Philodendron Gigas,Cỡ lá 10 – 15 cm,Dễ chăm sóc,Nắng tán xạ,"Ít nước, 2 – 3 lần/tuần",,,,,,,
CCNPLT0335,Licuala grandis,Cọ Nhật,Chiều cao cây: 90cm,Dễ chăm sóc,"Nắng tán xạ, chịu được nắng trực tiếp",Tưới nước: 2 – 3 lần/tuần,,,,,,,
CCNPLT0336,Syngonium Pink,Tróc bạc hồng,Cao 25 – 35 cm,Dễ chăm sóc,Nắng tán xạ.,"Ít nước, 2 – 3 lần/tuần",,,,,,,
CCNPLT0337,Aglaonema “Diamond Bay”,Cây hoàng hậu,Chiều cao 90 – 100 cm,Dễ chăm sóc,Nắng tán xạ,"Ít nước, 2 – 3 lần/tuần",,,,,,,
CCNPLT0338,Aglaonema “Diamond Bay”,Cây hoàng hậu,Cao 30 – 40 cm,Dễ chăm sóc,Nắng tán xạ,"Ít nước, 2 – 3 lần/tuần",,,,,,,
CCNPLT0339,Monstera Pinnatipartita,Trầu bà hạnh phúc,Cao 40 – 60 cm,Dễ chăm sóc,Nắng tán xạ.,"Ít nước, 2 – 3 lần/tuần",,,,,,,
CCNPLT0340,Asplenium pavati,Dương xỉ Hà Lan,"• Kích thước chậu: 15x14cm (DxC)
• Chiều cao: 25cm – Tán: 15cm",Dễ chăm sóc,"Nắng tán xạ, chịu được nắng trực tiếp","Ít nước, 2 – 3 lần/tuần",,,,,,,
CCNPLT0341,Calathea Orbifolia,Đuôi công táo xanh,Cao 35 – 45 cm,Dễ chăm sóc,"Nắng tán xạ, chịu được nắng trực tiếp","Ít nước, 2 – 3 lần/tuần",,,,,,,
CCNPLT0342,Calathea Concinna,Đuôi công xương cá,Chiều cao: 45cm – Tán: 25cm,Dễ chăm sóc,"Nắng tán xạ, chịu được nắng trực tiếp","Ít nước, 3 – 5 lần/tuần",,,,,,,
CCNPLT0343,Blechnum gibbum Silver Lady,Dương xỉ phượng hoàng,Chiều cao 90 – 100cm,Dễ chăm sóc,"Nắng tán xạ, chịu được nắng trực tiếp","Ít nước, 2 – 3 lần/tuần",,,,,,,
CCNPLT0344,Philodendron Mayoi,Philodendron Mayoi,Chiều cao 90 – 100cm,Dễ chăm sóc,"Nắng tán xạ, chịu được nắng trực tiếp","Ít nước, 2 – 3 lần/tuần",,,,,,,
CCNPLT0345,Aglaonema “Diamond Bay”,Cây hoàng hậu,Cao 30 – 40 cm,Dễ chăm sóc,Nắng tán xạ,"Ít nước, 2 – 3 lần/tuần",,,,,,,
CCNPLT0346,Chamaedorea elegans,Cau tiểu trâm,"• Kích thước chậu: 12x11cm (DxC)
• Chiều cao tổng: 30 – 35 cm",Dễ chăm sóc,Ánh sáng tán xạ,Tưới nước 2 – 3 lần/tuần),,,,,,,
CCNPLT0347,Calathea Orbifolia,Đuôi công táo xanh,Chiều cao 35 – 45 cm,Dễ chăm sóc,"Nắng tán xạ, chịu được nắng trực tiếp","Ít nước, 2 – 3 lần/tuần",,,,,,,
CCNPLT0348,Podocarpus brevifolius,Tùng la hán,Chiều cao: 15 cm,Dễ chăm sóc,Ánh sáng tán xạ,Tưới nước 1 – 2 lần/tuần,,,,,,,
CCNPLT0349,Sansevieria trifasciata,Lưỡi hổ vàng,Chiều cao cây + chậu: 40 – 50 cm,Dễ chăm sóc,"Nắng tán xạ, chịu được thiếu nắng","Ít nước, 2 – 3 lần/tuần",,,,,,,
CCNPLT0350,Cedrus,Cây tuyết tùng,Cao 15 – 20cm gồm chậu,Dễ chăm sóc,"Nắng tán xạ, chịu được nắng trực tiếp","Ít nước, 2 – 3 lần/tuần",,,,,,,
CCNPLT0351,Chamaedorea elegans,Cau tiểu trâm,Chiều cao: 10 cm,Dễ chăm sóc,Ánh sáng tán xạ,Ít tưới (1 – 2 lần/tuần),,,,,,,
CCNPLT0352,Calathea Makoyana,Đuôi công lá đốm,Cao 25 – 35 cm,Dễ chăm sóc,"Nắng tán xạ, chịu được nắng trực tiếp","Ít nước, 2 – 3 lần/tuần",,,,,,,
CCNPLT0353,Aglaonema Anjamani red,Cây vạn lộc son,Chiều cao 20 – 30 cm,"Trung bình, dễ thối lá",Nắng tán xạ / Nơi râm mát,Tưới nước 2 – 3 lần/lần,,,,,,,
CCNPLT0354,Calathea Makoyana,Đuôi công lá đốm,Cao 25 – 35 cm,Dễ chăm sóc,"Nắng tán xạ, chịu được nắng trực tiếp","Ít nước, 2 – 3 lần/tuần",,,,,,,
CCNPLT0355,,Cây quà tặng,"Kích thước chậu: 20cm
Kích thước cây: 25cm",Dễ chăm sóc,Ánh sáng tán xạ,,,,,,,,2 ~ 3 lần/tuần
CCNPLT0356,,Cây quà tặng,"Kích thước chậu: 20cm
Kích thước cây: 25cm",Dễ chăm sóc,Ánh sáng tán xạ,,,,,,,,2 ~ 3 lần/tuần
CCNPLT0357,,Cây quà tặng,"Kích thước chậu: 20cm
Kích thước cây: 25cm",Dễ chăm sóc,Ánh sáng tán xạ,,,,,,,,2 ~ 3 lần/tuần
CCNPLT0358,,Cây quà tặng,"Kích thước chậu: 20cm
Kích thước cây: 25cm",Dễ chăm sóc,Ánh sáng tán xạ,,,,,,,,2 ~ 3 lần/tuần
CCNPLT0359,Caladium Hilo Beauty,Môn lính,Cao 20 – 30 cm,Dễ chăm sóc,Nắng tán xạ,"Ít nước, 2 – 3 lần/tuần",,,,,,,
CCNPLT0360,Calathea Makoyana,Đuôi công lá đốm / Đuôi công khổng tước,"• Kích thước chậu: 14x14cm (DxC)
• Chiều cao 25 – 35 cm",Dễ chăm sóc / Chịu hạn tốt,Nắng tán xạ / Chịu râm mát,Tước nước 2 – 3 lần/tuần,,,,,,,
CCNPLT0361,Philodendron Golden Dragon,Trầu rồng,Chiều cao 40 – 50cm,Dễ chăm sóc,"Nắng tán xạ, chịu được nắng trực tiếp","Ít nước, 2 – 3 lần/tuần",,,,,,,
CCNPLT0362,Zamioculcas Zamiifolia,Cây kim tiền / Kim phát tài,"Kích thước chậu: 30×30 cm
Chiều cao tổng: 50-70 cm",Dễ chăm sóc,"Nắng tán xạ, chịu được nắng trực tiếp","Ít nước, 2 – 3 lần/tuần",,,,,,,
CCNPLT0363,Monstera Deliciosa,Trầu bà lá xẻ,Cao 80 – 100 cm,Dễ chăm sóc,Nắng tán xạ.,"Ít nước, 2 – 3 lần/tuần",,,,,,,
CCNPLT0364,Calathea Lancifolia,Cây đuôi phụng,"• Kích thước lá: 10 – 20cm
• Chiều cao: 25 – 40cm",Dễ chăm sóc,Ánh sáng tán xạ / Chịu được râm mát,Ít nước 2 3 lần/tuần,,,,,,,
CCNPLT0365,Calathea Makoyana,Đuôi công khổng tước,"• Kích thước chậu: 14×14 cm (DxC)
• Chiều cao tổng: 20 – 30 cm",Dễ chăm sóc / Chịu hạn tốt,Nắng tán xạ / Chịu râm mát tốt,Tưới nước 2 – 3 lần/tuần,,,,,,,
CCNPLT0366,Pride of Sumatra,Bao thanh thiên,Cao 30 – 40 cm,Dễ chăm sóc,Nắng tán xạ,"Ít nước, 2 – 3 lần/tuần",,,,,,,
CCNPLT0367,Philodendron Pink Princess,"• Công chúa hồng
• Pink Princess",Cao 40 – 50 cm,Trung bình,Ánh sáng tán xạ; Tránh ánh nắng trực tiếp,"• Vừa phải
• Đất trồng thông thoáng",,,,,,,
CCNPLT0368,Ravenala,Chuối kiểng,Cao 120 – 150 cm,Dễ chăm sóc,"Nắng tán xạ, chịu được nắng trực tiếp","Ít nước, 2 – 3 lần/tuần",,,,,,,
CCNPLT0369,Dracaena reflexa,Trúc bách hợp,Cao 80-100cm,Dễ chăm sóc,"Nắng tán xạ, chịu được nắng trực tiếp","Ít nước, 2 – 3 lần/tuần",,,,,,,
CCNPLT0370,Bucida Buceras Variegated,Bàng Đài Loan cẩm thạch,"• Kích thước chậu: 30×30 cm (DxC)
• Chiều cao tổng: 80 – 100 cm",Dễ chăm sóc,Nắng trực tiếp / Nắng tán xạ,Tưới nước 2 – 3 lần/tuần,,,,,,,
CCNPLT0371,Ravenala madagascariensis,Chuối rẻ quạt,Cao 120 – 150 cm,Dễ chăm sóc,"Nắng tán xạ, chịu được nắng trực tiếp","Ít nước, 2 – 3 lần/tuần",,,,,,,
CCNPLT0372,Dracaena draco,Phát tài núi,Cao 150 – 160 cm,Dễ chăm sóc,"Nắng tán xạ, chịu được nắng trực tiếp","Ít nước, 2 – 3 lần/tuần",,,,,,,
CCNPLT0373,Dracaena draco,Phát tài núi,Cao 150 – 160 cm,Dễ chăm sóc,"Nắng tán xạ, chịu được nắng trực tiếp","Ít nước, 2 – 3 lần/tuần",,,,,,,
CCNPLT0374,Monstera adansonii,Cây Trầu Bà Lỗ,,Vừa phải,Nắng tán xạ,"Ít nước, 2 – 3 lần/tuần",Cao 30 – 40 cm,,,,Tính axit,Có khả năng hấp thu chất độc hại,
CCNPLT0375,Sansevieria trifasciata,Lưỡi hổ ta,Chiều cao cây + chậu: 140cm,Dễ chăm sóc,"Nắng tán xạ, chịu được thiếu nắng","Ít nước, 2 – 3 lần/tuần",,,,,,,
CCNPLT0376,Licuala grandis,Cọ Nhật,"Chiều cao cây: 90cm
Chiều cao chậu + cây: 130cm",Dễ chăm sóc,"Nắng tán xạ, chịu được nắng trực tiếp","Ít nước, 2 – 3 lần/tuần",,,,,,,
CCNPLT0377,,Cây văn phòng - cây quà tặng,Cao 80-100 cm,Dễ chăm sóc,"Nắng tán xạ, chịu được nắng trực tiếp","Ít nước, 2 – 3 lần/tuần",,,,,,,
CCNPLT0378,Thaumatophyllum bipinnatifidum,Cây trầu bà thanh xuân / Cây trầu bà tay Phật,"Kích thước chậu: 24×18 cm (DxC)
Chiều cao tổng 50 – 60cm",Dễ chăm sóc,Nắng tán xạ / Bóng râm,"Ít tưới nước, 2 – 3 lần/tuần",,,,,,,
CCNPLT0379,Caladium lindenii,Cây môn thái,Chiều 50 – 60cm,Dễ chăm sóc,"Nắng tán xạ, chịu được nắng trực tiếp","Ít nước, 2 – 3 lần/tuần",,,,,,,
CCNPLT0380,Philodendron Imperial Red,Đế vương đỏ,Cao 80 – 120 cm,Dễ chăm sóc,"Nắng tán xạ, chịu được nắng trực tiếp","Ít nước, 2 – 3 lần/tuần",,,,,,,
CCNPLT0381,Dracaena draco L,Phát tài núi,"• Kích thước chậu: 25x25cm (DxC)
• Chiều cao tổng: 80 – 100 cm",Dễ chăm sóc,Nắng tán xạ / Chịu được nắng trực tiếp,Tưới nước 2 – 3 lần/tuần,,,,,,,
CCNPLT0382,Sansevieria trifasciata,Lưỡi hổ vàng,Chiều cao cây + chậu: 140 – 160 cm,Dễ chăm sóc,"Nắng tán xạ, chịu được thiếu nắng","Ít nước, 2 – 3 lần/tuần",,,,,,,
CCNPLT0383,Peperomia Caperata,Hạnh tiên thảo đỏ,Cao 15 – 25 cm,Dễ chăm sóc,"Nắng tán xạ, chịu được nắng trực tiếp","Ít nước, 2 – 3 lần/tuần",,,,,,,
CCNPLT0384,Ficus elastica,Đa búp đỏ,Chiều cao 60 – 80cm,Rất dễ chăm sóc,Ánh sáng tán xạ; Bóng râm,"Vừa phải, 2 – 3 lần/tuần",,,,,,,
CCNPLT0385,Cheilocostus speciosus,Môn chong chóng,Cao 30 – 40 cm,Dễ chăm sóc,Nắng tán xạ,"Ít nước, 2 – 3 lần/tuần",,,,,,,
CCNPLT0386,Monstera Deliciosa,Trầu bà lá xẻ,Cao 80 – 100 cm,Dễ chăm sóc,Nắng tán xạ.,"Ít nước, 2 – 3 lần/tuần",,,,,,,
CCNPLT0387,Philodendron Birkin,Trầu bà đế vương kim cương,"Kích thước chậu: 18×15 cm
Chiều cao 35 – 40 cm",Dễ chăm sóc,Nắng tán xạ,"Ít nước, 2 – 3 lần/tuần",,,,,,,
CCNPLT0388,Monstera Deliciosa,Trầu bà lá xẻ,Cao 80 – 100 cm,Dễ chăm sóc,Nắng tán xạ.,"Ít nước, 2 – 3 lần/tuần",,,,,,,
CCNPLT0389,Dracaena draco L,Phát tài núi,"• Kích thước chậu: 36×30 cm (DxC)
• Chiều cao: 150 – 160 cm",Dễ chăm sóc,"Nắng tán xạ, chịu được nắng trực tiếp",Tưới nước 2 – 3 lần/tuần,,,,,,,
CCNPLT0390,Philodendron splendid,Philodendron splendid,"Chiều cao cây: 100cm
Kích thước lá: 43cm",Trung bình,Nắng tán xạ,"Vừa phải, 4 – 5 lần/tuần",,,,,,,
CCNPLT0391,Monstera Borsigiana,Trầu bà lá xẻ,Cao 80 – 100 cm,Dễ chăm sóc,Nắng tán xạ.,"Ít nước, 2 – 3 lần/tuần",,,,,,,
CCNPLT0392,Chamaedorea elegans,Cau Hawaii,"• Kích thước chậu:30x30cm (DxC)
• Chiều cao tổng: 140 – 150 cm",Dễ chăm sóc,Nắng tán xạ / Râm mát,Tưới nước 2 – 3 lần/tuần,,,,,,,
CCNPLT0393,Dracaena draco L,Phát tài núi,"• Kích thước chậu: 32x52cm (DxC)
• Chiều cao tổng: 150 – 160 cm",Dễ chăm sóc,"Nắng tán xạ, chịu được nắng trực tiếp","Ít nước, 2 – 3 lần/tuần",,,,,,,
CCNPLT0394,Aglaonema Lady Valentine,Cây vạn lộc,Cao 20-30 cm,Rất dễ chăm sóc,Nắng tán xạ / Chịu râm mát,Thay nước 2 – 3 lần/tháng,,,,,,,
CCNPLT0395,Aglaonema Marantifolium,Ngân hậu; Minh Ty Rằn,Cao 30 – 40 cm,Dễ chăm sóc,Nắng tán xạ,"Ít nước, 2 – 3 lần/tuần",,,,,,,
CCNPLT0396,Aglaonema Marantifolium,Ngân hậu; Minh Ty Rằn,Cao 30 – 40 cm,Dễ chăm sóc,Nắng tán xạ,"Ít nước, 2 – 3 lần/tuần",,,,,,,
CCNPLT0397,,Cây phát tài / Vạn lộc / Ngọc ngân / Đô la / Trúc vàng,"• Kích thước chậu: 42×52 cm (DxC)
• Chiều cao tổng: 100 – 110 cm",Dễ chăm sóc,Nắng tán xạ / Nhiều sáng,Tưới nước 2 – 3 lần/tuần,,,Sứ trắng,Màu trắng,,,
CCNPLT0398,,Cây văn phòng,Cao 100-120 cm,Dễ chăm sóc,"Nắng tán xạ, chịu được nắng trực tiếp","Ít nước, 2 – 3 lần/tuần",,,,,,,
CCNPLT0399,Dracaena marginata Tricolor,Cây huyết dụ kiếm,Chiều cao 120 cm,Dễ chăm sóc,"Nắng tán xạ, chịu được nắng trực tiếp","Ít nước, 2 – 3 lần/tuần",,,,,,,
CCNPLT0400,Sansevieria zeylanica,Lưỡi hổ xanh,Chiều cao cây + chậu: 140 – 160 cm,Dễ chăm sóc,"Nắng tán xạ, chịu được thiếu nắng","Ít nước, 2 – 3 lần/tuần",,,,,,,
CCNPLT0401,Philodendron Ring of Fire,Cây cung đàn xanh,Chiều cao cây + chậu: 14 cm,Dễ chăm sóc,"Nắng tán xạ, chịu được thiếu nắng","Ít nước, 2 – 3 lần/tuần",,,,,,,
CCNPLT0402,Sansevieria trifasciata,Lưỡi hổ ta,Chiều cao cây + chậu: 140cm,Dễ chăm sóc,"Nắng tán xạ, chịu được thiếu nắng","Ít nước, 2 – 3 lần/tuần",,,,,,,
CCNPLT0403,Chrysalidocarpus lutescens Wendl,Cau vàng Nhật Bản,"Chiều cao cây: 80 – 100cm
Chiều cao chậu cây: 160 –180cm",Dễ chăm sóc,"Nắng tán xạ, chịu được nắng trực tiếp","Ít nước, 2 – 3 lần/tuần",,,,,,,
CCNPLT0404,Sansevieria trifasciata,Lưỡi hổ ta,Chiều cao cây + chậu: 160cm,Dễ chăm sóc,"Nắng tán xạ, chịu được thiếu nắng","Ít nước, 2 – 3 lần/tuần",,,,,,,
CCNPLT0405,Ficus lyrata,Cây bàng Singapore,"• Kích thước chậu: 42×60 cm (DxC)
• Chiều cao cây + chậu: 190 – 200cm",Dễ chăm sóc,"Nắng tán xạ, chịu được nắng trực tiếp",Tưới nước 2 – 3 lần/tuần,,,,,,,
CCNPLT0406,,Cây văn phòng - cây quà tặng,Cao 120-140 cm,Dễ chăm sóc,"Nắng tán xạ, chịu được nắng trực tiếp","Ít nước, 2 – 3 lần/tuần",,,,,,,
CCNPLT0407,Alocasia Silver Dragon,Rồng bạc,Cao 15 – 20 cm,Dễ chăm sóc,Nắng tán xạ,"Ít nước, 2 – 3 lần/tuần",,,,,,,
CCNPLT0408,Philodendron scandens,Trầu bà tim xanh,Chiều cao: 30 – 40cm,Dễ chăm sóc,Ánh sáng tán xạ,Ít tưới (1 – 2 lần/tuần),,,,,,,
CCNPLT0409,Alocasia Amazonica Polly,Môn quan âm,Cao 30 – 40 cm,Dễ chăm sóc,Nắng tán xạ,"Ít nước, 2 – 3 lần/tuần",,,,,,,
CCNPLT0410,Philodendron imperial Golden,Trầu Bà Đế Vương Vàng,Chiều cao: 65cm – Tán: 25cm,Dễ chăm sóc,Ánh sáng tán xạ; Chịu được khuất sáng,Vừa phải (2 lần/tuần),,,,,,,
CCNPLT0411,Ficus lyrata,Cây bàng Singapore,"Kích thước chậu: 30×50 (DxC)
Chiều cao tổng: 120 – 140cm",Dễ chăm sóc,"Nắng tán xạ, chịu được nắng trực tiếp","Ít nước, 2 – 3 lần/tuần",,,,,,,
CCNPLT0412,Sansevieria zeylanica,Lưỡi hổ xanh,Chiều cao 50 – 60 cm,Rất dễ chăm sóc,"Nắng tán xạ, chịu được thiếu nắng",Tưới nước 2 – 3 lần/tuần,,,,,,,
CCNPLT0413,Radermachera Sinica,Cây hạnh phúc,Cao 80 – 120 cm,Dễ chăm sóc,"Nắng tán xạ, chịu được nắng trực tiếp","Ít nước, 2 – 3 lần/tuần",,,,,,,
CCNPLT0414,Calathea Orbifolia,Đuôi công táo xanh,Cao 35 – 45 cm,Dễ chăm sóc,"Nắng tán xạ, chịu được nắng trực tiếp","Ít nước, 2 – 3 lần/tuần",,,,,,,
CCNPLT0415,Epipremnum ‘Njoy’,Cây trầu bà cẩm thạch,"• Kích thước chậu: 11×11 cm (DxC)
• Chiều dài 20 – 30 cm",Rất dễ chăm sóc,Nắng tán xạ,Tưới nước 2 – 3 lần/tuần,,,,,,,
CCNPLT0416,Rhaphidophora tetrasperma,Trầu bà lá xẻ mini form Thái,Cao 60 – 70 cm,Dễ chăm sóc,Nắng tán xạ,"Ít nước, 2 – 3 lần/tuần",,,,,,,
CCNPLT0417,Scindapsus pictus Exotica,Trầu bà lụa,Cao 10 – 20 cm,Dễ chăm sóc,Nắng tán xạ,"Ít nước, 2 – 3 lần/tuần",,,,,,,
CCNPLT0418,Dracaena Surculosa,Trúc Nhật vàng,"Kích thước chậu: 14x14cm (DxC)
• Chiều cao 25 – 35 cm",Dễ chăm sóc,"Nắng tán xạ, chịu được nắng trực tiếp",Tưới nước 2 – 3 lần/tuần,,,,,,,
CCNPLT0419,Dracaena sanderiana,Cây phát lộc,Cao 20 – 30 cm,Dễ chăm sóc,"Nắng tán xạ, chịu được thiếu nắng","Ít nước, 2 – 3 lần/tuần",,,,,,,
CCNPLT0420,Monstera Deliciosa,Trầu bà lá xẻ,Cao 80 – 100 cm,Dễ chăm sóc,Nắng tán xạ.,"Ít nước, 2 – 3 lần/tuần",,,,,,,
CCNPLT0421,Calathea Roseopicta Green Goddess,Đuôi công nữ thần xanh,Cao 35 – 45 cm,Dễ chăm sóc,"Nắng tán xạ, chịu được nắng trực tiếp","Ít nước, 2 – 3 lần/tuần",,,,,,,
CCNPLT0422,Calathea Makoyana,Đuôi công lá đốm,Cao 35 – 45 cm,Dễ chăm sóc,"Nắng tán xạ, chịu được nắng trực tiếp","Ít nước, 2 – 3 lần/tuần",,,,,,,
CCNPLT0423,Dieffenbachia Sp,Danh dự,Cao 60cm – 80 cm,Dễ chăm sóc,Ánh sáng tán xạ; Chịu được khuất sáng,Vừa phải (2 lần/tuần),,,,,,,
CCNPLT0424,Philodendron Imperial Red,Đế vương đỏ,Cao 80 – 120 cm,Dễ chăm sóc,"Nắng tán xạ, chịu được nắng trực tiếp","Ít nước, 2 – 3 lần/tuần",,,,,,,
CCNPLT0425,Philodendron Squamiferum,Trầu bà cánh én,Cao 20 – 30 cm,Dễ chăm sóc,Nắng tán xạ,"Ít nước, 2 – 3 lần/tuần",,,,,,,
CCNPLT0426,Chamaedorea elegans,Cau tiểu trâm,Chiều cao: 10 cm,Dễ chăm sóc,Ánh sáng tán xạ,Ít tưới (1 – 2 lần/tuần),,,,,,,
CCNPLT0427,Aglaonema Marantifolium,Ngân hậu; Minh Ty Rằn,Cao 30 – 40 cm,Dễ chăm sóc,Nắng tán xạ,"Ít nước, 2 – 3 lần/tuần",,,,,,,
CCNPLT0428,Cordyline fruticosa,Cây ánh dương,"• Kích thước chậu: 20x20cm (DxC)
• Chiều cao tổng 40 – 50 cm",Dễ chăm sóc,"Nắng tán xạ, chịu được nắng trực tiếp",Tưới nước 2 – 3 lần/tuần,,,,,,,
CCNPLT0429,Philodendron Burle Marx,Trầu bà tỷ phú,Cao 30 – 40 cm,Dễ chăm sóc,Nắng tán xạ,"Ít nước, 2 – 3 lần/tuần",,,,,,,
CCNPLT0430,Rhaphidophora tetrasperma,Trầu bà lá xẻ mini form Thái,Cao 60 – 70 cm,Dễ chăm sóc,Nắng tán xạ,"Ít nước, 2 – 3 lần/tuần",,,,,,,
CCNPLT0431,Sansevieria trifasciata Laurentii,Lưỡi hổ ta,Cao 50 – 60 cm,Dễ chăm sóc,"Nắng tán xạ, chịu được thiếu nắng","Ít nước, 2 – 3 lần/tuần",,,,,,,
CCNPLT0432,Philodendron Mayoi,Mayoi,Cao 30 – 40 cm,Dễ chăm sóc,Nắng tán xạ,"Ít nước, 2 – 3 lần/tuần",,,,,,,
CCNPLT0433,Alocasia Amazonica Polly,Môn quan âm,Cao 30 – 40 cm,Dễ chăm sóc,Nắng tán xạ,"Ít nước, 2 – 3 lần/tuần",,,,,,,
CCNPLT0434,Cedrus,Cây tuyết tùng,"• Kích thước chậu:
• Chiều cao tổng: 15 – 20cm gồm chậu",Dễ chăm sóc,"Nắng tán xạ, chịu được nắng trực tiếp",Tưới nước 2 – 3 lần/tuần,,,,,,,
CCNPLT0435,Alocasia Macrorrhizos,Ráy voi,Cao 120 – 140 cm,Dễ chăm sóc,Nắng tán xạ,"Ít nước, 2 – 3 lần/tuần",,,,,,,
CCNPLT0436,Platycerium grande,Cây Ổ Rồng,Lá dài 10 – 15cm,Dễ chăm sóc,"Nắng tán xạ, ánh nắng gián tiếp","Ít nước, 2 – 3 lần/tuần",,,,,,,
CCNPLT0437,Ficus lyrata,Cây bàng Singapore,"Kích thước chậu: 20×20 cm
Chiều cao tổng: 40 – 50 cm",Dễ chăm sóc,"Nắng tán xạ, chịu được nắng trực tiếp","Ít nước, 2 – 3 lần/tuần",,,,,,,
CCNPLT0438,Monstera adansonii,Cây Trầu Bà Lỗ,,Vừa phải,Nắng tán xạ,"Ít nước, 2 – 3 lần/tuần",Cao 30 – 40 cm,,,,Tính axit,Có khả năng hấp thu chất độc hại,
CCNPLT0439,Zamioculcas Zamiifolia,Cây kim tiền,"Kích thước chậu: 31×25 cm
Chiều cao tổng: 80 ~ 90 cm",Dễ chăm sóc,"Nắng tán xạ, chịu được nắng trực tiếp","Ít nước, 2 – 3 lần/tuần",,,,,,,
CCNPLT0440,Philodendron Imperial Green,Cây Trầu Bà Đế Vương Xanh,,Vừa phải,Nắng tán xạ,"Ít nước, 2 – 3 lần/tuần",Cao 20 – 40 cm,,,,Tính axit,Có khả năng hấp thu chất độc hại,
CCNPLT0441,Ficus elastica,Đa búp đỏ,Chiều cao 40 – 50cm,Rất dễ chăm sóc,Ánh sáng tán xạ; Bóng râm,"Vừa phải, 2 – 3 lần/tuần",,,,,,,
CCNPLT0442,Radermachera Sinica,Cây hạnh phúc,"• Kích thước chậu: 18x18cm (DxC)
• Chiều cao 30 – 40cm",Dễ chăm sóc,"Nắng tán xạ, chịu được nắng trực tiếp","Tưới nước, 3 – 4 lần/tuần",,,,,,,
CCNPLT0443,Thaumatophyllum bipinnatifidum,Cây trầu bà thanh xuân / Cây trầu bà tay Phật,Chiều cao tổng 50 – 60cm,Dễ chăm sóc,Nắng tán xạ / Bóng râm,"Ít tưới nước, 2 – 3 lần/tuần",,,,,,,
CCNPLT0444,Pachira aquatica,Cây kim ngân,Chiều cao 50 cm,Dễ chăm sóc,Ánh sáng tán xạ; Nắng trực tiếp,Vừa phải (2 lần/tuần),,,,,,,
CCNPLT0445,Aglaonema Diamond Bay,"Cây hoàng hậu, cây thanh ngân",Chiều cao: 30-40cm,Dễ chăm sóc,"Nắng tán xạ, chịu được nắng trực tiếp","Ít nước, 2 – 3 lần/tuần",,,,,,,
CCNPLT0446,Zamioculcas Zamiifolia,Cây kim tiền,"Chiều cao cây: 30x27cm
Chiều cao tổng: 90~100 cm",Dễ chăm sóc,"Nắng tán xạ, chịu được nắng trực tiếp","Ít nước, 2 – 3 lần/tuần",,,,,,,
CCNPLT0447,Aglaonema Marantifolium,Ngân hậu; Minh Ty Rằn,Cao 30 – 40 cm,Dễ chăm sóc,Nắng tán xạ,"Ít nước, 2 – 3 lần/tuần",,,,,,,
CCNPLT0448,Philodendron Imperial Golden,Cây trầu bà đế vương vàng,"• Kích thước chậu: 22×24 (DxC)
• Chiều cao tổng: 40 – 45cm",Dễ chăm sóc,Nắng tán xạ / Bóng râm,Tưới nước 2 – 3 lần/tuần,,,,,,,
CCNPLT0449,Sansevieria trifasciata Black Diamond,Lưỡi hổ Thái kim cương đen,Cao 20 – 25 cm,Dễ chăm sóc,Nắng tán xạ,"Ít nước, 2 – 3 lần/tuần",,,,,,,
CCNPLT0450,Sansevireria Cylindrica,Ngà voi,Cao 20 – 25 cm,Dễ chăm sóc,Nắng tán xạ,"Ít nước, 2 – 3 lần/tuần",,,,,,,
CCNPLT0451,Calathea burle-marxii,Đuôi công xương cá,Chiều cao: 45cm – Tán: 25cm,Dễ chăm sóc,Ánh sáng tán xạ; Chịu được khuất sáng,Tưới nước 5 – 6 lần/tuần,,,,,,,
CCNPLT0452,Christia Obcordata,Cánh bướm xanh,Cao 20 – 30 cm,Dễ chăm sóc,Nắng tán xạ.,"Ít nước, 2 – 3 lần/tuần",,,,,,,
CCNPLT0453,Philodendron Birkin,Trầu bà đế vương kim cương,Cao 30 – 40 cm,Dễ chăm sóc,Nắng tán xạ,"Ít nước, 2 – 3 lần/tuần",,,,,,,
CCNPLT0454,Begonia ice storm,Thu hải đường,Cao 20 – 30 cm,Dễ chăm sóc,Nắng tán xạ.,"Ít nước, 2 – 3 lần/tuần",,,,,,,
CCNPLT0455,Dieffenbachia ‘Tropic Snow’,Vạn niên thanh,Chiều cao: 80 – 100 cm,Dễ chăm sóc,Ánh sáng tán xạ; Chịu được khuất sáng,Tưới nước 3 – 4 lần/tuần,,,,,,,
CCNPLT0456,Alocasia Micholitziana Frydek,Môn nhung,Cao 40 – 60 cm,Dễ chăm sóc,Nắng tán xạ.,"Ít nước, 2 – 3 lần/tuần",,,,,,,
CCNPLT0457,Dracaena fragrans,Cây phát tài đài loan,"• Kích thước chậu: 20×18 cm (DxC)
• Chiều cao tổng 30 – 35 cm",Dễ chăm sóc,"Nắng tán xạ, chịu được nắng trực tiếp",Tưới nước 2 – 3 lần/tuần,,,,,,,
CCNPLT0458,Zamioculcas Zamiifolia,Cây kim tiền / Kim phát tài,"Kích thước chậu: 42×42 cm
Chiều cao tổng: 90 ~ 110 cm",Dễ chăm sóc,"Nắng tán xạ, chịu được nắng trực tiếp","Ít nước, 2 – 3 lần/tuần",,,,,,,
CCNPLT0459,Radermachera Sinica,Cây hạnh phúc,"• Kích thước chậu: 40×60 (phủ bì)
• Kích thước tổng: 150 – 160 cm",Dễ chăm sóc,"Nắng tán xạ, chịu được nắng trực tiếp",Tưới nước 2 – 3 lần/tuần,,,,,,,
CCNPLT0460,Aglaonema modestum Engl,Thanh tâm,Cao 40 – 50 cm,Dễ chăm sóc,Nắng tán xạ.,"Ít nước, 2 – 3 lần/tuần",,,,,,,
CCNPLT0461,Philodenron Billietiae,Hồng hạc cam,Lá lớn nhất 40 – 45cm ; 6 – 8 lá,Dễ chăm sóc,Nắng tán xạ.,"Ít nước, 2 – 3 lần/tuần",,,,,,,
CCNPLT0462,Aglaonema Pseudobracteatum,Bạch mã hoàng tử,Cao 60-80 cm,Dễ chăm sóc,"Nắng tán xạ, chịu được nắng trực tiếp","Ít nước, 2 – 3 lần/tuần",,,,,,,
CCNPLT0463,Chlorophytum laxum,Cây cỏ lan chi / cây dây nhện,,Rất dễ chăm sóc,Nắng tán xạ / Chịu râm mát,Tưới nước 2 – 3 lần/tuần,Chiều cao 30 – 40 cm,,,,,,
CCNPLT0464,Aglaonema Lady Valentine,Cây vạn lộc,"• Kích thước chậu: 12x12cm (DxC)
• Chiều cao tổng 20 – 30 cm",Rất dễ chăm sóc,Nắng tán xạ / Chịu râm mát,Tưới nước 2 – 3 lần/tuần,,,,,,,
CCNPLT0465,Epipremnum aureum,Trầu bà xanh,Cao 30-40cm,Dễ chăm sóc,"Nắng tán xạ, chịu được nắng trực tiếp","Ít nước, 2 – 3 lần/tuần",,,,,,,
CCNPLT0466,Scheffera Octophylla,Ngũ gia bì,Chiều cao 20 – 30 cm,Dễ chăm sóc,"Nắng tán xạ, chịu được nắng trực tiếp","Ít nước, 2 – 3 lần/tuần",,,,,,,
CCNPLT0467,Philodenron Billietiae,Hồng hạc cam,Lá lớn nhất 45 – 50cm ; 10 – 12 lá,Dễ chăm sóc,Nắng tán xạ.,"Ít nước, 2 – 3 lần/tuần",,,,,,,
CCNPLT0468,Lonicera periclymenum,Cây kim ngân,Cao 30 – 40 cm,Dễ chăm sóc,"Nắng tán xạ, chịu được nắng trực tiếp","Ít nước, 2 – 3 lần/tuần",,,,,,,
CCNPLT0469,Aglaonema ‘Siam Aurora’,Cây Phú Quý,Chiều cao: 45cm,Dễ chăm sóc,Ánh sáng tán xạ; Chịu được khuất sáng,Vừa phải (2 lần/tuần),,,,,,,
CCNPLT0470,Monstera Deliciousa,Trầu bà lá xẻ,Cao 80 – 100 cm,Dễ chăm sóc,Nắng tán xạ.,"Ít nước, 2 – 3 lần/tuần",,,,,,,
CCNPLT0471,Dracaena reflexa,Trúc bách hợp,Cao 80-100cm,Dễ chăm sóc,"Nắng tán xạ, chịu được nắng trực tiếp","Ít nước, 2 – 3 lần/tuần",,,,,,,
CCNPLT0472,Monstera Deliciousa,Trầu bà lá xẻ,Cao 80 – 100 cm,Dễ chăm sóc,Nắng tán xạ.,"Ít nước, 2 – 3 lần/tuần",,,,,,,
CCNPLT0473,Aglaonema Snow White,Cây ngọc ngân,Cao 30 – 40 cm,Rất dễ chăm sóc,Nắng tán xạ,Tưới nước 1-2 lần/ tuần,,,,,,,
CCNPLT0474,Anthurium Crystallinum,Hồng môn lá tim,Cao 20 – 30 cm,Dễ chăm sóc,"Nắng tán xạ, chịu được nắng trực tiếp","Ít nước, 2 – 3 lần/tuần",,,,,,,
CCNPLT0475,Aglaonema Snow White,Cây ngọc ngân,Cao 30 – 40 cm,Rất dễ chăm sóc,Nắng tán xạ,Tưới nước 1-2 lần/ tuần,,,,,,,
CCNPLT0476,Thaumatophyllum bipinnatifidum,Cây trầu bà thanh xuân / Cây trầu bà tay Phật,Chiều cao tổng 100 – 120cm,Dễ chăm sóc,Nắng tán xạ / Bóng râm,Tưới nước 2 – 3 lần/tuần,,,,,,,
CCNPLT0477,Calathea Vittata,Đuôi công sọc,Cao 35 – 45 cm,Dễ chăm sóc,"Nắng tán xạ, chịu được nắng trực tiếp","Ít nước, 2 – 3 lần/tuần",,,,,,,
CCNPLT0478,Thaumatophyllum bipinnatifidum,Cây trầu bà thanh xuân / Cây trầu bà tay Phật,Chiều cao 80 – 100cm bao gồm chậu,Dễ chăm sóc,Nắng tán xạ / Bóng râm,"Ít tưới nước, 2 – 3 lần/tuần",,,,,,,
CCNPLT0479,Alocasia Baginda Silver Dragon,"• Môn Rồng Bạc
• Alocasia Baginda
• Silver Dragon",,Trung Bình,"• Ánh sáng tán xạ
• Tránh ánh nắng trực tiếp","• Vừa phải, 2 – 3 lần/tuần
• Đất trồng thông thoáng",,,,,,,
CCNPLT0480,Ficus elastica,Đa búp đỏ,Chiều cao 40 – 50cm,Rất dễ chăm sóc,Ánh sáng tán xạ; Bóng râm,"Vừa phải, 2 – 3 lần/tuần",,,,,,,
CCNPLT0481,Dieffenbachia Camille,Sao sáng,Cao: 45cm – 55cm,Dễ chăm sóc,Ánh sáng tán xạ; Chịu được khuất sáng,Vừa phải (2 lần/tuần),,,,,,,
CCNPLT0482,Aglaonema ‘Siam Aurora’,Cây Phú Quý,Chiều cao: 45cm,Dễ chăm sóc,Ánh sáng tán xạ; Chịu được khuất sáng,Vừa phải (2 lần/tuần),,,,,,,
CCNPLT0483,Scheffera Octophylla,Ngũ gia bì cẩm thạch,Chiều cao 40 – 50 cm,Dễ chăm sóc,"Nắng tán xạ, chịu được nắng trực tiếp","Ít nước, 2 – 3 lần/tuần",,,,,,,
CCNPLT0484,Zamioculcas Zamiifolia,Cây kim tiền / Kim phát tài,"Kích thước chậu: 30×60
Chiều cao tổng: 90 ~ 100 cm",Dễ chăm sóc,"Nắng tán xạ, chịu được nắng trực tiếp",Tưới nước 2 lần/tuần,,,,,,,
CCNPLT0485,Calathea bachemiana,Đuôi công lá tím,Cao 35 – 50 cm,Dễ chăm sóc,"Nắng tán xạ, chịu được nắng trực tiếp","Ít nước, 2 – 3 lần/tuần",,,,,,,
CCNPLT0486,Cupressus Macrocarpa,Tùng thơm,Cao 60-80 cm,Dễ chăm sóc,"Nắng tán xạ, chịu được nắng trực tiếp","Ít nước, 2 – 3 lần/tuần",,,,,,,
CCNPLT0487,Calathea Orbifolia,Đuôi công táo xanh,Cao 35 – 45 cm,Dễ chăm sóc,"Nắng tán xạ, chịu được nắng trực tiếp","Ít nước, 2 – 3 lần/tuần",,,,,,,
CCNPLT0488,:Dracaena fragrans,Cây phát tài đài loan,Cao 120 – 150 cm,Dễ chăm sóc,"Nắng tán xạ, chịu được nắng trực tiếp","Ít nước, 2 – 3 lần/tuần",,,,,,,
CCNPLT0489,Monstera Adansonii,Trầu bà lỗ,Cao 60 – 80 cm,Dễ chăm sóc,Nắng tán xạ.,"Ít nước, 2 – 3 lần/tuần",,,,,,,
CCNPLT0490,Ficus lyrata,Cây bàng Singapore,"Kích thước chậu: 42×35 cm (DxC)
Chiều cao 180 – 220 cm",Dễ chăm sóc,"Nắng tán xạ, chịu được nắng trực tiếp","Ít nước, 2 – 3 lần/tuần",,,,,,,
CCNPLT0491,Leucophyllum frutescens,Tuyết sơn phi hồng,Cao 80 – 100 cm,Dễ chăm sóc,"Nắng tán xạ, chịu được nắng trực tiếp","Ít nước, 2 – 3 lần/tuần",,,,,,,
CCNPLT0492,Bucida sp.variegata,Bàng cẩm thạch,Cao 70 – 80 cm,Dễ chăm sóc,"Nắng tán xạ, chịu được nắng trực tiếp","Ít nước, 2 – 3 lần/tuần",,,,,,,
CCNPLT0493,Dracaena Draco L,Đại lộc,Cao 150 – 170 cm,Dễ chăm sóc,"Nắng tán xạ, chịu được nắng trực tiếp","Ít nước, 2 – 3 lần/tuần",,,,,,,
CCNPLT0494,Sansevieria trifasciata Moonshine,Lưỡi hổ bạc,Cao 20 – 30 cm,Dễ chăm sóc,"Nắng tán xạ, chịu được nắng trực tiếp","Ít nước, 2 – 3 lần/tuần",,,,,,,
CCNPLT0495,Spathiphyllum Wallisii,Lan ý,Cao 30 – 40 cm,Dễ chăm sóc,"Nắng tán xạ, chịu được nắng trực tiếp","Ít nước, 2 – 3 lần/tuần",,,,,,,
CCNPLT0496,Adiantum cadatum,Tóc thần vệ nữ,Cao 40 – 50 cm,Dễ chăm sóc,"Nắng tán xạ, chịu được nắng trực tiếp","Ít nước, 2 – 3 lần/tuần",,,,,,,
CCNPLT0497,Ficus lyrata,Cây bàng Singapore,"Kích thước chậu: 30×30 cm (DxC)
Chiều cao tổng: 140 – 150 cm",Dễ chăm sóc,"Nắng tán xạ, chịu được nắng trực tiếp","Ít nước, 2 – 3 lần/tuần",,,,,,,
CCNPLT0498,Epipremnum aureum,Trầu bà xanh,Cao 140 – 160 cm,Dễ chăm sóc,"Nắng tán xạ, chịu được nắng trực tiếp","Ít nước, 2 – 3 lần/tuần",,,,,,,
CCNPLT0499,Bucida sp.variegata,Bàng cẩm thạch,Cao 70 – 80 cm,Dễ chăm sóc,"Nắng tán xạ, chịu được nắng trực tiếp","Ít nước, 2 – 3 lần/tuần",,,,,,,
CCNPLT0500,Dracaena draco L,Phát tài núi,Cao 100 – 120 cm,Dễ chăm sóc,"Nắng tán xạ, chịu được nắng trực tiếp","Ít nước, 2 – 3 lần/tuần",,,,,,,
CCNPLT0501,Asplenium antiquum,Tổ yến,Cao 30 – 40 cm,Dễ chăm sóc,"Nắng tán xạ, chịu được nắng trực tiếp","Ít nước, 2 – 3 lần/tuần",,,,,,,
CCNPLT0502,Rosmarinus Officinalis,Hương thảo,Cao 30 – 40 cm,Dễ chăm sóc,Nắng tán xạ,"Ít nước, 2 – 3 lần/tuần",,,,,,,
CCNPLT0503,Caladium White Christmas,Môn giáng sinh trắng,Cao 50 – 70 cm,Dễ chăm sóc,"Nắng tán xạ, chịu được nắng trực tiếp","Ít nước, 2 – 3 lần/tuần",,,,,,,
CCNPLT0504,Zamioculcas Zamiifolia,Cây kim tiền / Kim phát tài,"Kích thước chậu: 35×40 cm (DxC)
Chiều cao tổng: 90 ~ 100 cm",Dễ chăm sóc,"Nắng tán xạ, chịu được nắng trực tiếp","Ít nước, 2 – 3 lần/tuần",,,,,,,
CCNPLT0505,Philodendron Imperial Red,Cây trầu bà đế vương,Chiều cao: 45cm – Tán: 55cm,Dễ chăm sóc,Ánh sáng tán xạ mạnh,Vừa phải (2 lần/tuần),,,,,,,
CCNPLT0506,Caladium humboldtii,Cây môn trắng,Chiều cao: 15cm – Tán: 15cm,Dễ chăm sóc,Ánh sáng tán xạ mạnh,Vừa phải (2 lần/tuần),,,,,,,
CCNPLT0507,Asplenium nidus,Ráng ổ phụng,Chiều cao: 35cm – Tán: 25cm,Dễ chăm sóc,Ánh sáng tán xạ; Chịu được khuất sáng,Tưới nước 2 – 3 lần/tuần,,,,,,,
CCNPLT0508,Philodendron Imperial Red,Đế vương đỏ,Cao 80 – 120 cm,Dễ chăm sóc,"Nắng tán xạ, chịu được nắng trực tiếp","Ít nước, 2 – 3 lần/tuần",,,,,,,
CCNPLT0509,Sansevieria Trifasciata,Lưỡi hổ,Cao 80 – 100 cm,Dễ chăm sóc,"Nắng tán xạ, chịu được nắng trực tiếp","Ít nước, 2 – 3 lần/tuần",,,,,,,
CCNPLT0510,Zamioculcas zamiifolia,Cây kim tiền / Kim phát tài,"Kích thước chậu: 37×50
Chiều cao tổng: 90 ~ 100 cm",Dễ chăm sóc,"Nắng tán xạ, chịu được nắng trực tiếp","Ít nước, 2 – 3 lần/tuần",,,,,,,
CCNPLT0511,Pachira aquatica,Cây kim ngân,"• Kích thước chậu:
• Chiều cao tổng: 50 cm",Dễ chăm sóc,Ánh sáng tán xạ / Nắng trực tiếp / Chịu râm mát,Tưới nước 2 – 3 lần/tuần,,,,,,,
CCNPLT0512,Bucida sp.variegata,Đa Tam Phúc,"• Kích thước chậu: 32x52cm (DxC)
• Chiều cao tổng 140 – 150 cm",Dễ chăm sóc,"Nắng tán xạ, chịu được nắng trực tiếp",Tưới nước 4 – 5 lần/tuần,,,,,,,
CCNPLT0513,Dracaena draco L,Phát tài núi,Cao 100 – 120 cm,Dễ chăm sóc,"Nắng tán xạ, chịu được nắng trực tiếp","Ít nước, 2 – 3 lần/tuần",,,,,,,
CCNPLT0514,Cordyline terminalis Kanth,Huyết phất dụ,Cao 80 – 100 cm,Dễ chăm sóc,"Nắng tán xạ, chịu được nắng trực tiếp","Ít nước, 2 – 3 lần/tuần",,,,,,,
CCNPLT0515,Philodendron imperial Golden,Trầu Bà Đế Vương Vàng,Chiều cao: 45cm – Tán: 25cm,Dễ chăm sóc,Ánh sáng tán xạ; Chịu được khuất sáng,Vừa phải (2 lần/tuần),,,,,,,
CCNPLT0516,Philodendron birkin,Trầu Bà Kim Cương,Chiều cao: 45cm – Tán: 25cm,Dễ chăm sóc,Ánh sáng tán xạ; Chịu được khuất sáng,Vừa phải (2 lần/tuần),,,,,,,
CCNPLT0517,Aglaonema Red Siam,Cây Phú Quý,Chiều cao: 45cm – Tán: 25cm,Dễ chăm sóc,Ánh sáng tán xạ; Chịu được khuất sáng,Vừa phải (2 lần/tuần),,,,,,,
CCNPLT0518,Calathea concinna,Đuôi công xương cá,Chiều cao: 45cm – Tán: 25cm,Dễ chăm sóc,Ánh sáng tán xạ; Chịu được khuất sáng,"• Vừa phải (2 lần/tuần)
• Đất trồng thông thoáng",,,,,,,
CCNPLT0519,Chrysalidocarpus lutescens Wendl,Cau vàng Nhật Bản,"Kích thước chậu: 40×50 cm (DxC)
Chiều cao tổng ~180 cm",Dễ chăm sóc,"Nắng tán xạ, chịu được nắng trực tiếp","Ít nước, 2 – 3 lần/tuần",,,,,,,
CCNPLT0520,Aglaonema Pseudobracteatum,Bạch mã hoàng tử,Cao 80 – 120 cm,Dễ chăm sóc,"Nắng tán xạ, chịu được nắng trực tiếp","Ít nước, 2 – 3 lần/tuần",,,,,,,
CCNPLT0521,Chrysalidocarpus lutescens Wendl,Cau vàng Nhật Bản,"Kích thước chậu 40×40 cm
Chiều cao tổng 160 ~ 180 cm",Dễ chăm sóc,"Nắng tán xạ, chịu được nắng trực tiếp","Ít nước, 2 – 3 lần/tuần",,,,,,,
CCNPLT0522,Monstera Delicious,Trầu bà Nam Mỹ Monstera,Cao 80 – 100 cm,Dễ chăm sóc,"Nắng tán xạ, chịu được nắng trực tiếp","Ít nước, 2 – 3 lần/tuần",,,,,,,
CCNPLT0523,Dracaena reflexa,Trúc bách hợp,Cao 100 – 120 cm,Dễ chăm sóc,"Nắng tán xạ, chịu được nắng trực tiếp","Ít nước, 2 – 3 lần/tuần",,,,,,,
CCNPLT0524,Epipremnum aureum,Trầu bà xanh,"• Kích thước chậu: 30x60cm (DxC)
• Chiều cao tổng: 150 – 160cm",Dễ chăm sóc,Nắng tán xạ / Chịu được râm mát,Tưới nước 2 – 3 lần/tuần,,,,,,,
CCNPLT0525,Dracaena reflexa,Trúc bách hợp,"Kích thước chậu: 33x45cm
Chiều cao tổng: 100 – 130 cm",Dễ chăm sóc,"Nắng tán xạ, chịu được nắng trực tiếp","Ít nước, 2 – 3 lần/tuần",,,,,,,
CCNPLT0526,Epipremnum aureum,Trầu bà xanh,Cao 160 – 180 cm,Dễ chăm sóc,"Nắng tán xạ, chịu được nắng trực tiếp","Ít nước, 2 – 3 lần/tuần",,,,,,,
CCNPLT0527,Monstera Delicious,Trầu bà Nam Mỹ Monstera,Cao 60 – 70 cm,Dễ chăm sóc,"Nắng tán xạ, chịu được nắng trực tiếp","Ít nước, 2 – 3 lần/tuần",,,,,,,
CCNPLT0528,Ficus lyrata,Cây bàng Singapore,"Kích thước: 31×25 cm (DxH)
Chiều cao: 100 – 110 cm",Dễ chăm sóc,"Nắng tán xạ, chịu được nắng trực tiếp","Ít nước, 2 – 3 lần/tuần",,,,,,,
CCNPLT0529,Alocasia Macrorrhiza Variegata,Cây Ráy,,,,,,,,,,,
CCNPLT0530,Philodendron Paraiso Verde,Paraiso,"• Size nhỏ: Lá 10 cm  – 15 cm
• Size trung: Lá 20 cm – 25 cm
• Size lớn: Lá 30 cm – 35 cm",Trung bình,Ánh sáng tán xạ; Tránh ánh nắng trực tiếp,"• Vừa phải
• Đất trồng thông thoáng",,,,,,,
CCNPLT0531,Philodendron Melanochrysum,Melanochrysum,"• Size nhỏ: Lá 5 cm  – 10 cm
• Size trung: Lá 15 cm – 20 cm
• Size lớn: Lá 25 cm – 30 cm",Trung bình,"• Ánh sáng tán xạ
• Tránh ánh nắng trực tiếp","• Vừa phải
• Đất trồng thông thoáng",,,,,,,
CCNPLT0532,Philodendron Sodiroi,Trầu Bà Sodiroi,Cao 20 – 30 cm – Lá 10 – 15 cm,Dễ chăm sóc,"• Ánh nắng gián tiếp
• Ánh sáng tán xạ","• Vừa phải, 2 – 3 lần/tuần
• Đất trồng thông thoáng",,,,,,,
CCNPLT0533,Anthurium andreanum,Cây hồng môn,Chiều cao 40 – 60 cm,Dễ chăm sóc,Nắng tán xạ / Chịu râm mát,Thay nước 2 – 3 lần/tháng,,,,,,,
CCNPLT0534,Epipremnum Aureum ‘Njoy Pothos’,Cây trầu bà cẩm thạch / Trầu bà sữa,Cao 30 – 40 cm,Rất dễ chăm sóc,Nắng tán xạ,Thay nước 2 – 3 tháng/lần,,,,,,,
CCNPLT0535,Peperomia obtusifolia,Cây trường sinh,,Dễ chăm sóc,Nắng tán xạ / Chịu râm mát,Thay nước 2 – 3 lần/tháng,Cao 40 – 60 cm,,,,,,
CCNPLT0536,Pachira aquatica,Cây kim ngân,,Dễ chăm sóc,Nắng tán xạ / Chịu râm mát,Thay nước 2 – 3 lần/tháng,Cao 40 – 60 cm,,,,,,
CCNPLT0537,Dracaena sanderiana,Cây phát lộc,,Dễ chăm sóc,Nắng tán xạ / Chịu râm mát,Thay nước 2 – 3 lần/tháng,Cao 40 – 60 cm,,,,,,
CCNPLT0538,Aglaonema Red Valentine,Cây hồng lộc phát,,Dễ chăm sóc,Nắng tán xạ / Chịu râm mát,Thay nước 2 – 3 lần/tháng,Cao 40 – 60 cm,,,,,,
CCNPLT0539,Calathea makoyana,Đuôi công khổng tước,,Dễ chăm sóc,Nắng tán xạ / Chịu râm mát,Thay nước 2 – 3 lần/tháng,Cao 40 – 60 cm,,,,,,
CCNPLT0540,Chamaedorea elegans,Cây tiểu trâm,,Dễ chăm sóc,Nắng tán xạ / Chịu râm mát,Thay nước 2 – 3 lần/tháng,Cao 40 – 50 cm,,,,,,
CCNPLT0541,Rhaphidophora Tetrasperma,"• Monstera Thái Leo
• Monstera Mini Thái
• Rhaphidophora Tetrasperma sp Thailand",Cao 20 – 30 cm,Dễ chăm sóc,"• Ánh nắng gián tiếp
• Ánh sáng tán xạ","• Vừa phải, 2 – 3 lần/tuần
• Đất trồng thông thoáng",,,,,,,
CCNPLT0542,Euphorbia Pulcherrima,"• Trạng Nguyên
• Nhất Phẩm Hồng",Cao 30 – 40 cm,Dễ chăm sóc,"• Ánh nắng gián tiếp
• Ánh sáng tán xạ","• Vừa phải, 2 – 3 lần/tuần
• Đất trồng thông thoáng",,,,,,,
CCNPLT0543,Syngonium Milk Confetti,Tróc Bạc Đốm Hồng,Cao 15 – 25 cm,Dễ chăm sóc,"• Ánh nắng gián tiếp
• Ánh sáng tán xạ","• Vừa phải, 2 – 3 lần/tuần
• Đất trồng thông thoáng",,,,,,,
CCNPLT0544,Philodendron Pink Princess,"• Công chúa hồng
• Pink Princess","• Size nhỏ: Lá 5 cm  – 8 cm
• Size trung: Lá 9 cm – 12 cm
• Size lớn: Lá 13 cm – 17 cm",Trung bình,Ánh sáng tán xạ; Tránh ánh nắng trực tiếp,"• Vừa phải
• Đất trồng thông thoáng",,,,,,,
CCNPLT0545,Monstera Dubia,Trầu Bà Dubia,Cao 20 – 30 cm,Dễ chăm sóc,"• Ánh nắng gián tiếp
• Ánh sáng tán xạ","• Vừa phải, 2 – 3 lần/tuần
• Đất trồng thông thoáng",,,,,,,
CCNPLT0546,Ardisia crenata,Kim ngân lượng,"Kích thước chậu: 32×50 cm
Chiều cao tổng: 110 – 120 cm",Dễ chăm sóc,"Nắng tán xạ, chịu được nắng trực tiếp",Tưới nước 2 – 3 lần/tuần,,,,,,,
CCNPLT0547,Epipremnum Manjula,"• Manjula Pothos
• Trầu Bà Manjula",Cao 20 cm,Rất dễ chăm sóc,"• Ánh nắng gián tiếp
• Ánh sáng tán xạ","• Vừa phải, 2 – 3 lần/tuần
• Đất trồng thông thoáng",,,,,,,
CCNPLT0548,Bucida Buceras Variegated,Bàng Đài Loan cẩm thạch,"• Kích thước chậu: 30×30 cm (DxC)
• Chiều cao tổng: 80 – 100 cm",Dễ chăm sóc,Nắng trực tiếp / Nắng tán xạ,Tưới nước 2 – 3 lần/tuần,,,,,,,
CCNPLT0549,Cedrus,Cây tuyết tùng,Cao 15-20cm gồm chậu,Dễ chăm sóc,"Nắng tán xạ, chịu được nắng trực tiếp","Ít nước, 2 – 3 lần/tuần",,,,,,,
CCNPLT0550,Cedrus,Cây tuyết tùng,Chiều cao 50 – 60cm,Dễ chăm sóc,"Nắng tán xạ, chịu được nắng trực tiếp",Tưới nước 2 – 3 lần/tuần,,,,,,,
CCNPLT0551,Ardisia crenata,Kim ngân lượng,Chiều cao tổng: 100 – 120 cm,Dễ chăm sóc,"Nắng tán xạ, chịu được nắng trực tiếp",Tưới nước 2 – 3 lần/tuần,,,,,,,
CCNPLT0552,Staghorn Fern,Cây Ổ Rồng,Lá dài 20 – 30cm,Dễ chăm sóc,"Nắng tán xạ, ánh nắng gián tiếp","Ít nước, 2 – 3 lần/tuần",,,,,,,
CCNPLT0553,Philodendron Birkin,"• Trầu bà hoàng kim
• Trầu bà kim cương
• Trầu bà đế vương sọc",Cao 25 cm,Dễ chăm sóc,Nắng tán xạ,"Ít nước, 2 – 3 lần/tuần",,,,,,,
CCNPLT0554,Ardisia crenata,Kim ngân lượng,Chiều cao tổng: 80 – 90 cm,Dễ chăm sóc,"Nắng tán xạ, chịu được nắng trực tiếp",Tưới nước 2 – 3 lần/tuần,,,,,,,
CCNPLT0555,Thaumatophyllum bipinnatifidum,Cây trầu bà thanh xuân,Cao 20 – 25 cm,Dễ chăm sóc,Nắng tán xạ / Bóng râm,"Ít tưới nước, 2 – 3 lần/tuần",,,,,,,
CCNPLT0556,Caladium Red Baret,• Môn Baret,,Dễ sống,Ít sáng / Bóng râm / Tán xạ,"Vừa phải, 2 – 3  lần/tuần",• Chiều cao 25 – 35 cm,,,,,,
CCNPLT0557,Pachira aquatica,Cây kim ngân,Chiều cao 50cm,Dễ chăm sóc,Ánh sáng tán xạ; Nắng trực tiếp,Vừa phải (2 lần/tuần),,,,,,,
CCNPLT0558,Caladium Moon Light,• Môn Ánh Trăng,,Dễ sống,Ít sáng / Bóng râm / Tán xạ,"Vừa phải, 2 – 3  lần/tuần",• Chiều cao 25 – 35 cm,,,,,,
CCNPLT0559,Rhapis Palm,"• Cây trúc mây
• Cây mật cật",,Dễ chăm sóc,Nắng trực tiếp / Ánh sáng tán xạ,"Ít nước, 2 – 3 lần/tuần","Cỡ nhỏ: 60 – 80 cm
Cỡ trung: Cao 80 – 100 cm
Cỡ lớn: Cao 100 – 120 cm",,,,,,
CCNPLT0560,Ficus lyrata,Bàng Singapore / Sung tỳ bà,,Dễ chăm sóc,Nắng trực tiếp / Ánh sáng tán xạ,"Ít nước, 2 – 3 lần/tuần","Kích thước chậu: 35×28 cm (DxC)
Chiều cao 140 – 150 cm",,,,,,
CCNPLT0561,Philodendron Imperial Golden,Cây trầu bà đế vương vàng,"• Cỡ nhỏ: Cao 30cm – Tán 25cm
• Cỡ trung: Cao 40cm – Tán 35cm
• Cỡ lớn: Cao 50cm – Tán 45cm",Dễ chăm sóc,Nắng tán xạ / Bóng râm,"Vừa phải , 2 – 3 lần/tuần",,,,,,,
CCNPLT0562,Caladium White Queen,• Môn Nữ Hoàng,"• Kích thước lá: 10 – 20cm
• Chiều cao: 30 – 40cm",Dễ chăm sóc,Ánh sáng tán xạ; Tránh ánh nắng trực tiếp,"• Vừa phải
• Đất trồng thông thoáng",,,,,,,
CCNPLT0563,Philodendron Imperial Golden,Cây trầu bà đế vương vàng,"• Cỡ nhỏ: Cao 25cm – Tán 25cm
• Cỡ trung: Cao 35cm – Tán 35cm
• Cỡ lớn: Cao 45cm – Tán 45cm",Dễ chăm sóc,Nắng tán xạ / Bóng râm,"Vừa phải , 2 – 3 lần/tuần",,,,,,,
CCNPLT0564,Caladium Desert Sunset,"• Caladium Sunset
• Môn Hoàng Hôn",,Dễ sống,Ít sáng / Bóng râm / Tán xạ,"Vừa phải, 2 – 3  lần/tuần",• Chiều cao 25 – 35 cm,,,,,,
CCNPLT0565,Ficus lyrata,Cây bàng Singapore,Chiều cao 80 ~ 100 cm,Dễ chăm sóc,"Nắng tán xạ, chịu được nắng trực tiếp","Ít nước, 2 – 3 lần/tuần",,,,,,,
CCNPLT0566,Caladium Hilo Beauty,"• Môn rằn ri
• Môn lính",,Dễ sống,Ít sáng / Bóng râm / Tán xạ,"Vừa phải, 2 – 3  lần/tuần",• Chiều cao 25 – 35 cm,,,,,,
CCNPLT0567,Caladium Frog in a Blender,• Caladium Frog,,Dễ sống,Ít sáng / Bóng râm / Tán xạ,"Vừa phải, 2 – 3  lần/tuần",• Chiều cao 25 – 35 cm,,,,,,
CCNPLT0568,Caladium Danasty,• Môn đỏ,,Dễ sống,Ít sáng / Bóng râm / Tán xạ,"Vừa phải, 2 – 3  lần/tuần",• Chiều cao 25 – 35 cm,,,,,,
CCNPLT0569,Calathea leopardina,Đuôi công đốm xanh,Chiều cao: 45cm – Tán: 25cm,Dễ chăm sóc,Ánh sáng tán xạ; Chịu được khuất sáng,"• Vừa phải (2 lần/tuần)
• Đất trồng thông thoáng",,,,,,,
CCNPLT0570,Sansevieria trifasciata Futura Superba,Cây lưỡi Thái,Chiều cao: 40 cm – Tán 20 cm,Dễ chăm sóc,Ánh sáng tán xạ; Bóng râm; Chịu được bóng râm,Tưới ít (1 lần/tuần),,,,,,,
CCNPLT0571,Caladium Aaron,• Caladium Aaron,,Dễ sống,Ít sáng / Bóng râm / Tán xạ,"Vừa phải, 2 – 3  lần/tuần",Chiều cao 30 – 40 cm,,,,,,
CCNPLT0572,Sansevieria trifasciata Hahnii Green,Cây lưỡi mèo Thái xanh,"• Chiều cao: 10 cm – Tán 15 cm
• Số lượng: 4 Thân",Dễ chăm sóc,Ánh sáng tán xạ / Chịu được khuất sáng,Tưới nước 2 – 3 lần/tuần,,,,,,,
CCNPLT0573,Sansevieria Black Golden Hahnii,Cây lưỡi hổ Thái xanh,Chiều cao: 10 cm – Tán 15 cm,Dễ chăm sóc,Ánh sáng tán xạ; Bóng râm; Chịu được bóng râm,Tưới ít (1 lần/tuần),,,,,,,
CCNPLT0574,Sansevieria trifasciata Golden Hahnii,Cây lưỡi hổ Thái vàng mini,Chiều cao: 10 cm – Tán 15 cm,Dễ chăm sóc,Ánh sáng tán xạ; Bóng râm; Chịu được bóng râm,Tưới ít (1 lần/tuần),,,,,,,
CCNPLT0575,Sansevieria trifasciata Gold Flame,Cây lưỡi hổ hoàng kim,Chiều cao: 60 cm – Tán 35 cm,Dễ chăm sóc,Ánh sáng tán xạ; Bóng râm; Chịu được bóng râm,Tưới ít (1 lần/tuần),,,,,,,
CCNPLT0576,Caladium Strawberry Star,"• Môn Dâu
• Strawberry Star","• Size nhỏ: Cao 10 cm – 15 cm
• Size trung: Cao 20 cm – 25 cm
• Size lớn: Cao 25 cm – 35 cm",Trung bình,Ánh sáng tán xạ; Tránh ánh nắng trực tiếp,"• Vừa phải
• Đất trồng thông thoáng",,,,,,,
CCNPLT0577,Philodendron hederaceum Micans,"• Trầu bà tim nâu
• Trầu bà Micans",Dài: 30 – 40 cm,Dễ chăm sóc,Ánh sáng tán xạ; Bóng râm,Ít tưới (1 – 2 lần/tuần),,,,,,,
CCNPLT0578,Philodendron scandens Brazil,Trầu bà Brazil,Chiều cao: 25 – 30 cm,Dễ chăm sóc,Ánh sáng tán xạ; Bóng râm,Ít tưới (1 – 2 lần/tuần),,,,,,,
CCNPLT0579,Philodendron scandens,Trầu bà tim xanh,Chiều cao: 30 – 40cm,Dễ chăm sóc,Ánh sáng tán xạ,Ít tưới (1 – 2 lần/tuần),,,,,,,
CCNPLT0580,Pachira aquatica,"• Cây kim ngân
• Money Tree
• Money Plant",Chiều cao: 50cm,Dễ chăm sóc,Ánh sáng tán xạ; Nắng trực tiếp,Vừa phải (2 lần/tuần),,,,,,,
CCNPLT0581,Sansevieria trifasciata Laurentii,Cây lưỡi hổ,Chiều cao: 60 cm – Tán 35 cm,Dễ chăm sóc,Ánh sáng tán xạ; Bóng râm; Chịu được bóng râm,Tưới ít (1 lần/tuần),,,,,,,
CCNPLT0582,Alocasia Pink Dragon,"• Môn Rồng Hồng
• Pink Dragon","• Size nhỏ: Lá 5 cm – 8 cm
• Size trung: Lá 9 cm – 12 cm
• Size lớn: Lá 13 cm – 17 cm",Trung bình,Ánh sáng tán xạ; Tránh ánh nắng trực tiếp,"• Vừa phải
• Đất trồng thông thoáng",,,,,,,
CCNPLT0583,Alocasia Baginda Dragon Scale,"• Alocasia Dragon Scale
• Môn Rồng xanh","• Size nhỏ: Lá 5 cm – 8 cm
• Size trung: Lá 9 cm – 12 cm
• Size lớn: Lá 13 cm – 17 cm",Trung bình,Ánh sáng tán xạ; Tránh ánh nắng trực tiếp,"• Vừa phải
• Đất trồng thông thoáng",,,,,,,
CCNPLT0584,Cedrus,Cây tuyết tùng,Chiều cao 150 – 160cm,Dễ chăm sóc,"Nắng tán xạ, chịu được nắng trực tiếp",Tưới nước 2 – 3 lần/tuần,,,,,,,
CCNPLT0585,Cedrus,Cây tuyết tùng,Chiều cao 90 – 100cm,Dễ chăm sóc,"Nắng tán xạ, chịu được nắng trực tiếp",Tưới nước 2 – 3 lần/tuần,,,,,,,
CCNPLT0586,Cedrus,Cây tuyết tùng,Chiều cao 90 – 100cm,Dễ chăm sóc,"Nắng tán xạ, chịu được nắng trực tiếp",Tưới nước 2 – 3 lần/tuần,,,,,,,
CCNPLT0587,Cedrus,Cây tuyết tùng,Chiều cao 30 – 40cm,Dễ chăm sóc,"Nắng tán xạ, chịu được nắng trực tiếp",Tưới nước 2 – 3 lần/tuần,,,,,,,
CCNPLT0588,Cedrus,Cây tuyết tùng,Chiều cao 90 – 100cm,Dễ chăm sóc,"Nắng tán xạ, chịu được nắng trực tiếp","Ít nước, 2 – 3 lần/tuần",,,,,,,
CCNPLT0589,Cedrus,Cây tuyết tùng,Chiều cao 140 – 150cm,Dễ chăm sóc,"Nắng tán xạ, chịu được nắng trực tiếp","Ít nước, 2 – 3 lần/tuần",,,,,,,
CCNPLT0590,Cedrus,Cây tuyết tùng,Chiều cao 90 – 100cm,Dễ chăm sóc,"Nắng tán xạ, chịu được nắng trực tiếp","Ít nước, 2 – 3 lần/tuần",,,,,,,
CCNPLT0591,Cedrus,Cây tuyết tùng,Cao 15-20cm gồm chậu,Dễ chăm sóc,"Nắng tán xạ, chịu được nắng trực tiếp","Ít nước, 2 – 3 lần/tuần",,,,,,,
CCNPLT0592,Cedrus,Cây tuyết tùng,Cao 15-20cm gồm chậu,Dễ chăm sóc,"Nắng tán xạ, chịu được nắng trực tiếp","Ít nước, 2 – 3 lần/tuần",,,,,,,
CCNPLT0593,Cedrus,Cây tuyết tùng,Cao 15-20cm gồm chậu,Dễ chăm sóc,"Nắng tán xạ, chịu được nắng trực tiếp","Ít nước, 2 – 3 lần/tuần",,,,,,,
CCNPLT0594,Cedrus,Cây tuyết tùng,Cao 15-20cm gồm chậu,Dễ chăm sóc,"Nắng tán xạ, chịu được nắng trực tiếp","Ít nước, 2 – 3 lần/tuần",,,,,,,
CCNPLT0595,Ardisia crenata,Kim ngân lượng,Chiều cao tổng: 100 – 120 cm,Dễ chăm sóc,"Nắng tán xạ, chịu được nắng trực tiếp",Tưới nước 2 – 3 lần/tuần,,,,,,,
CCNPLT0596,Ardisia crenata,Kim ngân lượng,Chiều cao tổng: 80 – 90 cm,Dễ chăm sóc,"Nắng tán xạ, chịu được nắng trực tiếp",Tưới nước 2 – 3 lần/tuần,,,,,,,
CCNPLT0597,Ardisia crenata,Kim ngân lượng,"Kích thước chậu: 22×22 cm
Chiều cao tổng: 90 – 100 cm",Dễ chăm sóc,"Nắng tán xạ, chịu được nắng trực tiếp",Tưới nước 2 – 3 lần/tuần,,,,,,,
CCNPLT0598,Ardisia crenata,Kim ngân lượng,"Kích thước chậu: 22×22 cm
Chiều cao tổng: 90 – 100 cm",Dễ chăm sóc,"Nắng tán xạ, chịu được nắng trực tiếp",Tưới nước 2 – 3 lần/tuần,,,,,,,
CCNPLT0599,,Cây Thiết Mộc Lan,,,,,,,,,,,
CCNPLT0600,,Cây Ngọc Bích,,,,,,,,,,,
CCNPLT0601,Chamaedorea elegans,Cau tiểu trâm,Chiều cao: 10 cm,Dễ chăm sóc,Ánh sáng tán xạ,Ít tưới (1 – 2 lần/tuần),,,,,,,
CCNPLT0602,Schefflera heptaphylla,Cây ngũ gia bì,,Dễ chăm sóc,Nắng tán xạ,Tưới nước 2 – 3 lần/tuần,Chiều cao 40 – 50 cm,,,,,,
CCNPLT0603,Zamioculcas zamiifolia,Cây kim tiền / Cây kim phát tài,Chiều cao 20 – 30cm,Dễ chăm sóc,Nắng tán xạ hoặc trực tiếp,"Ít nước, 2 – 3 lần/tuần",,,,,,,
CCNPLT0604,Pachira aquatica,Cây kim ngân,Chiều cao 40cm,Dễ chăm sóc,Ánh sáng tán xạ; Nắng trực tiếp,Vừa phải (2 lần/tuần),,,,,,,
CCNPLT0605,,Cây đuôi công,,Trung bình,Nắng tán xạ / Chịu râm mát,Tưới nước 4 – 5 lần/tuần,Chiều cao 20 – 30 cm,,,,,,
CCNPLT0606,Calathea roseopicta Crimson,Cây đuôi công hồng,,Trung bình,Nắng tán xạ / Chịu râm mát,"Ít nước, 2 – 3 lần/tuần",Chiều cao 20 – 30 cm,,,,,,
CCNPLT0607,Aglaonema Lady Valentine,Cây vạn lộc,Cao 40 – 50 cm,Rất dễ chăm sóc,Nắng tán xạ / Chịu râm mát,Thay nước 2 – 3 lần/tháng,,,,,,,
CCNPLT0608,Zamioculcas zamiifolia,Cây Kim Tiền,,Dễ chăm sóc,Nắng tán xạ,Thay nước 1 tháng/lần,Chiều cao 30 – 40 cm,,,,,,
CCNPLT0609,Spathiphyllum wallisii,Cây Lan Ý,,Rất dễ chăm sóc,Nắng tán xạ,Thay nước định kỳ 1 – 2 tháng/lần,Chiều cao 40 – 50 cm,,,,,,
CCNPLT0610,Aglaonema Snow White,Cây ngọc ngân,Chiều cao 40 – 50 cm,Rất dễ chăm sóc,Nắng tán xạ,Thay nước 2 – 3 lần/tháng,,,,,,,
CCNPLT0611,Schefflera heptaphylla,Cây ngũ gia bì,,Dễ chăm sóc,Nắng tán xạ,Thay nước 2 – 3 lần/tháng,Chiều cao 40 – 50 cm,,,,,,
CCNPLT0612,Aglaonema Siam Aurora,Cây phú quý viền đỏ,,Dễ chăm sóc,Nắng tán xạ / Chịu râm mát,Thay nước 2 – 3 lần/tháng,Chiều cao 40 – 50 cm,,,,,,
CCNPLT0613,Dieffenbachia Camilla,Cây sao sáng,,Dễ chăm sóc,Nắng tán xạ / Chịu râm mát,Thay nước 2 – 3 lần/tháng,Cao 40 – 50 cm,,,,,,
CCNPLT0614,Epipremnum aureum,Cây Trầu Bà Xanh,,Rất dễ chăm sóc,Nắng tán xạ,Thay nước 1 tháng/lần,Chiều cao tổng 30 – 35 cm,,,,,,
CCNPLT0615,Sansevieria trifasciata Futura Superba,Cây lưỡi hổ,Cao 30 – 50 cm,Rất dễ chăm sóc,Nắng tán xạ / Nơi râm mát,Thay nước 2 – 3 lần/tháng,,,,,,,
CCNPLT0616,Radermachera Sinica,Cây hạnh phúc,Cao 40 – 50 cm,Dễ chăm sóc,"Nắng tán xạ, chịu được nắng trực tiếp","Ít nước, 2 – 3 lần/tuần",,,,,,,
CCNPLT0617,,Cây hạnh phúc,,,,,,,,,,,
CCNPLT0618,Callisia Repens “Pink Lady”,Callisia Repens,,,,,,,,,,,
CCNPLT0619,Ardisia crenata,Kim ngân lượng,"Kích thước chậu: 22×22 cm
Chiều cao tổng: 90 – 100 cm",Dễ chăm sóc,"Nắng tán xạ, chịu được nắng trực tiếp",Tưới nước 2 – 3 lần/tuần,,,,,,,
CCNPLT0620,Epipremnum Aureum,Cây Trầu Bà,,Dễ chăm sóc,"Nắng tán xạ, bóng râm","Ít nước, 2 – 3 lần/tuần",Cao 150 – 160 cm,,,,,Có khả năng hấp thu chất độc hại,
CCNPLT0621,Satin Pothos,Hoàng Tâm Diệp,,Vừa phải,Nắng tán xạ,"Ít nước, 2 – 3 lần/tuần",Cao 40 – 50 cm,,,,Tính axit,Có khả năng hấp thu chất độc hại,
CCNPLT0622,Sansevieria trifasciata Moonshine,Cây Trầu Bà Lụa,Chiều cao: 40cm – Tán: 15cm,Rất dễ chăm sóc,"• Ánh nắng trực tiếp
• Ánh sáng tán xạ
• Dưới bóng râm","• Vừa phải, 2 – 3 lần/tuần
• Đất trồng thông thoáng",,,,,,,
CCNPLT0623,,"• Lưỡi hổ bạc
• Lưỡi hổ bạch kim",,,,,,,,,,,
CCNPLT0624,,Tùng Vạn Niên,,,,,,,,,,,
CCNPLT0625,,Cây Lá Bạc ,,,,,,,,,,,
CCNPLT0626,Philodendron Hastatum,Kiếm bạc,Cao 22 cm – Tán: 22 cm,Dễ chăm sóc,"• Ánh nắng gián tiếp
• Ánh sáng tán xạ","• Vừa phải, 2 – 3 lần/tuần
• Đất trồng thông thoáng",,,,,,,
CCNPLT0627,Philodendron Gloriosum,Gloriosum,"• Size nhỏ: Lá 5 cm  – 8 cm
• Size trung: Lá 9 cm – 12 cm
• Size lớn: Lá 13 cm – 17 cm",Trung bình,Ánh sáng tán xạ; Tránh ánh nắng trực tiếp,"• Vừa phải
• Đất trồng thông thoáng",,,,,,,
CCNPLT0628,,Philodendron Brandtianum,,,,,,,,,,,
CCNPLT0629,,Philodendron Bob Cee,,,,,,,,,,,
CCNPLT0630,Philodendron Birkin,Trầu bà kim cương,Chiều cao 35 – 40 cm,Dễ chăm sóc,Nắng tán xạ / Nơi râm mát,Tưới nước 2 – 3 lần/tuần,,,,,,,
CCNPLT0631,,Lá Hột Xoàn,,,,,,,,,,,
CCNPLT0632,,Cây Bướm Đêm,,,,,,,,,,,
CCNPLT0633,Monstera Deliciosa,"• Trầu bà lá xẻ
• Trầu bà Nam Mỹ
• Trầu bà Monstera
• Monstera Deliciosa","• Kích thước lá: 15 – 30cm
• Chiều cao: 50 – 60cm",Dễ chăm sóc,Ánh sáng tán xạ; Tránh ánh nắng trực tiếp,"• Vừa phải, 2 – 3 lần/tuần
• Đất trồng thông thoáng",,,,,,,
CCNPLT0634,Monstera adansonii,Cây trầu bà lỗ,,Vừa phải,Nắng tán xạ / Bóng râm,"Tưới nước, 4 – 5 lần/tuần",Chiều cao 30 – 40 cm,,,,,,
CCNPLT0635,Maranta leuconeura ‘massangeana’,Cây cầu nguyên,Đường kính tán: 25cm,Dễ chăm sóc,Ánh sáng tán xạ / Chịu được râm mát,Tưới nước 4 – 5 lần/tuần,,,,,,,
CCNPLT0636,,Maranta Leuconeura Kerchoviana‬ Variegata,,,,,,,,,,,
CCNPLT0637,Maranta leuconeura kerchoveana,Đuôi công đốm xanh,Chiều cao: 20cm – Tán: 25cm,Dễ chăm sóc,Ánh sáng tán xạ; Chịu được râm mát,Tưới nước 4 – 5 lần/tuần,,,,,,,
CCNPLT0638,,Cây Đuôi Công,,,,,,,,,,,
CCNPLT0639,Maranta Lemon Lime,Cây cầu nguyên,Đường kính tán: 25cm,Dễ chăm sóc,Ánh sáng tán xạ / Chịu được râm mát,Tưới nước 4 – 5 lần/tuần,,,,,,,
CCNPLT0640,,Maranta Arundinacea Variegata,,,,,,,,,,,
CCNPLT0641,,Dương Xỉ Tóc Thần Lá Nhuyễn,,,,,,,,,,,
CCNPLT0642,,Kaempferia Pulchra,,,,,,,,,,,
CCNPLT0643,Ficus Elastica Tineke,Đa búp đỏ cẩm thạch,Chiều cao 10 – 15cm,Rất dễ chăm sóc,Ánh sáng tán xạ,Tưới nước 2 – 3 lần/tuần,,,,,,,
CCNPLT0644,Ficus elastica,Đa búp đỏ,Chiều cao 20 – 25 cm,Rất dễ chăm sóc,Ánh sáng tán xạ; Bóng râm,"Vừa phải, 2 – 3 lần/tuần",,,,,,,
CCNPLT0645,Calathea Makoyana,"• Cây đuôi công đốm
• Cây đuôi công","• Cỡ nhỏ: Cao 22 cm – Tán: 22 cm
• Cỡ trung: Cao 32 cm – Tán: 28 cm
• Cỡ lớn: Cao 45 – Tán: 40cm",Rất dễ chăm sóc,"• Ánh nắng gián tiếp
• Ánh sáng tán xạ","• Vừa phải, 2 – 3 lần/tuần
• Đất trồng thông thoáng",,,,,,,
CCNPLT0646,,Cây Khuynh Diệp Ánh Bạc,,,,,,,,,,,
CCNPLT0647,,Cây Chuỗi Tim ,,,,,,,,,,,
CCNPLT0648,Crispy Wave Fern,Cây dương xỉ tổ chim,Chiều cao 30 ~ 40 cm,Rất dễ chăm sóc,Nắng tán xạ / Bóng râm,Tưới nước 2 – 3 lần/tuần,,,,,,,
CCNPLT0649,Calathea Warscewiczii,Cây đuôi công,,Trung bình,Nắng tán xạ / Chịu râm mát,Tưới nước 5 – 6 lần/tuần,Chiều cao 40 – 50 cm,,,,,,
CCNPLT0650,Calathea Thai Beauty,Cây Đuôi Công Calathea,,Vừa phải,Nắng tán xạ,"Ít nước, 2 – 3 lần/tuần",Cao 30 cm,,,,Tính axit,Có khả năng hấp thu chất độc hại,
CCNPLT0651,Calathea roseopicta Dottie,Cây đuôi công tím,,Trung bình,"Nắng tán xạ, chịu râm mát",4 – 5 lần/tuần,Chiều cao 10 – 20 cm,,,,,,
CCNPLT0652,Calathea roseopicta Cora,Cây Đuôi Công,,Trung bình,Nắng tán xạ / Chịu râm mát,Tưới nước 4 – 5 lần/tuần,Chiều cao 20 – 30 cm,,,,,,
CCNPLT0653,Calathea Roseopicta ‘Marion’,Cây đuôi công,,Vừa phải,Nắng tán xạ,"Ít nước, 2 – 3 lần/tuần",Chiều cao 40 -–50 cm,,,,Tính axit,Có khả năng hấp thu chất độc hại,
CCNPLT0654,Calathea Musaica,Cây đuôi công ‘Network’,,Vừa phải,Nắng tán xạ / Nơi râm mát,Tưới nước 2 – 3 lần/tuần,Chiều cao 20 – 25 cm,,,,,,
CCNPLT0655,Calathea Makoyana,"• Cây đuôi công đốm
• Cây đuôi công","• Cỡ nhỏ: Cao 22 cm – Tán: 22 cm
• Cỡ trung: Cao 32 cm – Tán: 28 cm
• Cỡ lớn: Cao 45 – Tán: 40cm",Rất dễ chăm sóc,"• Ánh nắng gián tiếp
• Ánh sáng tán xạ","• Vừa phải, 2 – 3 lần/tuần
• Đất trồng thông thoáng",,,,,,,
CCNPLT0656,Calathea Lancifolia,Cây đuôi phụng,"• Kích thước lá: 10 – 20cm
• Chiều cao: 25 – 40cm",Dễ chăm sóc,Ánh sáng tán xạ / Chịu được râm mát,Ít nước 2 – 3 lần/tuần,,,,,,,
CCNPLT0657,Calathea Fasciata Borrusica,Cây Đuôi Công,,Vừa phải,Nắng tán xạ,"Ít nước, 2 – 3 lần/tuần",Cao 40 – 50 cm,,,,Tính axit,Có khả năng hấp thu chất độc hại,
CCNPLT0658,Calathea Compact Star,Cây Đuôi Công,,Vừa phải,Nắng tán xạ,"Ít nước, 2 – 3 lần/tuần",Cao 40 – 50 cm,,,,Tính axit,Có khả năng hấp thu chất độc hại,
CCNPLT0659,Calathea Bella Carlina,Cây Đuôi Công,,Vừa phải,Nắng tán xạ,"Ít nước, 2 – 3 lần/tuần",Cao 40 – 50 cm,,,,Tính axit,Có khả năng hấp thu chất độc hại,
CCNPLT0660,Caladium White Christmas,• Môn Giáng Sinh,,Dễ sống,Ít sáng / Bóng râm / Tán xạ,"Vừa phải, 2 – 3  lần/tuần",• Chiều cao 30 – 40 cm,,,,,,
CCNPLT0661,,Cây Môn Tía,,,,,,,,,,,
CCNPLT0662,Begonia Maculata Wightii,Cây thu hải đường cánh thiên thần,Chiều cao: 30 – 40 cm,Rất dễ chăm sóc,Nắng tán xạ / Bóng râm,Tưới nước 3 – 4 lần/tuần,,,,,,,
CCNPLT0663,Alocasia Micholitziana Frydek,"• Môn nhung lá xanh
• Alocasia Frydek","• Size nhỏ: Lá 5 cm  – 8 cm
• Size trung: Lá 9 cm – 12 cm
• Size lớn: Lá 13 cm – 17 cm",Trung bình,Ánh sáng tán xạ; Tránh ánh nắng trực tiếp,"• Vừa phải
• Đất trồng thông thoáng",,,,,,,
CCNPLT0664,Alocasia Reginula Black Velvet,"• Alocasia Black Velvet
• Môn nhung lá đen","• Size nhỏ: Lá 5 cm – 8 cm
• Size vừa: Lá 9 cm – 12 cm
• Size lớn : Lá 13 cm – 17cm",Trung bình,Ánh sáng tán xạ; Tránh ánh nắng trực tiếp,"• Vừa phải
• Đất trồng thông thoáng",,,,,,,
CCNPLT0665,Alocasia Baginda Silver Dragon,"• Môn Rồng Bạc
• Alocasia Baginda
• Silver Dragon","• Size nhỏ : Lá 5 cm – 8 cm
• Size trung: Lá 8 cm – 12 cm
• Size lớn: Lá 13 cm – 17 cm",Trung Bình,"• Ánh sáng tán xạ
• Tránh ánh nắng trực tiếp","• Vừa phải, 2 – 3 lần/tuần
• Đất trồng thông thoáng",,,,,,,
CCNPLT0666,Aglaonema Lady Valentine,Cây vạn lộc,Cao 20 – 30 cm,Rất dễ chăm sóc,Nắng tán xạ / Chịu râm mát,Tưới nước 2 – 3 lần/lần,,,,,,,
CCNPLT0667,Alocasia Amazonica Polly,"• Alocasia Polly
• Môn Quan Âm","• Size nhỏ: Lá 5 cm – 8 cm
• Size trung: Lá 9 cm – 12 cm
• Size lớn: Lá 13 cm – 17 cm",Trung bình,Ánh sáng tán xạ; Tránh ánh nắng trực tiếp,"• Vừa phải
• Đất trồng thông thoáng",,,,,,,
CCNPLT0668,,Cây Hoa Sen,,,,,,,,,,,
CCNPLT0669,Echinodorus cordifolius,Cây Thủy Cúc,,Dễ,"Nắng tán xạ, tránh nắng trực tiếp","Nhiều nước, 4 – 5 lần/tuần",Cao 40 – 60 cm,,,,Tính axit,Có khả năng hấp thu chất độc hại,
CCNPLT0670,,Cây Lẻ Bạn,,,,,,,,,,,
CCNPLT0671,Cordyline terminalis Kanth,Huyết phất dụ,Chiều cao 30 – 50 cm,Dễ chăm sóc,"Nắng tán xạ, chịu được nắng trực tiếp","Ít nước, 2 – 3 lần/tuần",,,,,,,
CCNPLT0672,Scheffera Octophylla,Ngũ gia bì cẩm thạch,Chiều cao ~80 cm,Dễ chăm sóc,"Nắng tán xạ, chịu được nắng trực tiếp","Ít nước, 2 – 3 lần/tuần",,,,,,,
CCNPLT0673,Monstera adansonii,Cây Trầu Bà Lỗ,,Vừa phải,Nắng tán xạ,"Ít nước, 2 – 3 lần/tuần",Cao 30 – 40 cm,,,,Tính axit,Có khả năng hấp thu chất độc hại,
CCNPLT0674,Cryptanthus Fosterianus Elaine,Cây dứa hồng phụng / Lưỡi rồng,Chiều cao 20 – 30 cm,Rất dễ chăm sóc,Nắng tán xạ,Tưới nước 2 – 3 lần/tháng,,,,,,,
CCNPLT0675,Licuala grandis,Cây cọ Nhật / Kè Nhật,Chiều cao: 60 – 80 cm,Rất dễ chăm sóc,Nắng tán xạ / Bóng râm,Tưới nước 3 – 4 lần/tuần,,,,,,,
CCNPLT0676,Dracaena reflexa,Cây trúc bách hợp,,Rất dễ,Cần nhiều ánh sáng; Nắng trực tiếp; Bóng râm,"• Ít tưới, 1 – 2 lần/tuần
• Chịu được hạn",Chiều cao: 80 – 100cm,,,,,,
CCNPLT0677,,Cây Phát Tài Đài Loan,,,,,,,,,,,
CCNPLT0678,,Cây Cung Điện Vàng,,,,,,,,,,,
CCNPLT0679,Ficus lyrata,Cây bàng Singapore / Sung tỳ bà,,Dễ chăm sóc,Nắng trực tiếp / Ánh sáng tán xạ,"Ít nước, 2 – 3 lần/tuần","Kích thước chậu: 30×40
Chiều cao tổng 160 – 180 cm",,,,,,
CCNPLT0680,,Cây Phát Tài Huy Hoàng/ Phát Tài Núi,,,,,,,,,,,
CCNPLT0681,Asplenium nidus,Ráng ổ phụng,Chiều cao: 35cm – Tán: 25cm,Dễ chăm sóc,Ánh sáng tán xạ; Chịu được khuất sáng,Tưới nước 2 – 3 lần/tuần,,,,,,,
CCNPLT0682,,Cây Lan Thanh,,,,,,,,,,,
CCNPLT0683,,Cây Ngân Hậu,,,,,,,,,,,
CCNPLT0684,Zamioculcas zamiifolia,Cây kim tiền / Cây kim phát tài,Chiều cao 40 – 50cm,Dễ chăm sóc,Nắng tán xạ hoặc trực tiếp,"Ít nước, 2 – 3 lần/tuần",,,,,,,
CCNPLT0685,,Cây Lan Tim Nhí/ Cây Khúc Thủy,,,,,,,,,,,
CCNPLT0686,,Cây phát tài khúc,,,,,,,,,,,
CCNPLT0687,,Cây Trúc Nhật Vàng,,,,,,,,,,,
CCNPLT0688,Peperomia obtusifolia var,Cây trường sinh cẩm thạch,,Dễ chăm sóc,Nắng tán xạ / Chịu râm mát,Tưới nước 2 – 3 lần/tuần,"• Kích thước chậu: 12x11cm (DxC)
• Chiều cao 20 – 30 cm",,,,,,
CCNPLT0689,Zamioculcas zamiifolia,Cây kim tiền,,Dễ sống,Ít sáng / Bóng râm / Tán xạ,"Vừa phải, 2 – 3  lần/tuần",Chiều cao 30 – 40 cm,,,,,,
CCNPLT0690,Zamioculcas zamiifolia,Cây kim tiền,Chiều cao 45 cm,Dễ chăm sóc,"Nắng tán xạ, chịu được nắng trực tiếp","Ít nước, 2 – 3 lần/tuần",,,,,,,
CCNPLT0691,,Cây Rau Má Kiểng/ Cỏ Đồng Tiền,,,,,,,,,,,
CCNPLT0692,Aglaonema Red Siam,Phú quý đỏ,,Dễ chăm sóc,Nắng tán xạ / Nơi râm mát,Tưới nước 2 – 3 lần/tuần,Chiều cao 20 – 30 cm,,,,,,
CCNPLT0693,Aglaonema Snow White,Cây ngọc ngân,Chiều cao: 20 – 30cm,Dễ chăm sóc,Ánh sáng tán xạ; Tránh ánh nắng trực tiếp,Tưới nước 2 – 3 lần/tuần,,,,,,,
CCNPLT0694,,Cây ngọc ngân,,,,,,,,,,,
CCNPLT0695,Anthurium andreanum,Cây hồng môn,Chiều cao 20 – 30 cm,Dễ chăm sóc,Nắng tán xạ / Chịu râm mát,Tưới nước 2 – 3 lần/lần,,,,,,,
CCNPLT0696,,Cây Hoa Lan Quân Tử,,,,,,,,,,,
CCNPLT0697,Spathiphyllum wallisii,Cây lan ý / Cánh buồm / Huệ hòa bình,,Dễ chăm sóc,Nắng tán xạ / Chịu bóng râm,Tưới nước 2 – 3 lần/tuần,Chiều cao 40 – 50 cm,,,,,,
CCNPLT0698,Fiddle Leaf Fig,"Sung tì bà, sung tỳ bà hay sung lá đàn",,Vừa phải,Chịu được nắng trực tiếp,"Ít nước, 2 – 3 lần/tuần","• Kích thước chậu:
• Chiều cao tổng: 17 cm",,,,,,
CCNPLT0699,Chamaedorea elegans,Cau Hawaii,Chiều cao tổng: 120 – 130 cm,Dễ chăm sóc,Nắng tán xạ / Râm mát,Tưới nước 2 – 3 lần/tuần,,,,,,,
CCNPLT0700,Peperomia obtusifolia,Cây trường sinh,,Dễ chăm sóc,Nắng tán xạ / Chịu râm mát,Tưới nước 2 – 3 lần/tuần,Chiều cao 20 – 30 cm,,,,,,
CCNPLT0701,,Cây Vạn Lộc/Thiên Phú,,,,,,,,,,,
CCNPLT0702,English Ivy,Cây thường xuân,,Trung bình,"Ít nắng, trồng nơi râm mát","Ít nước, 2 – 3 lần/tuần",Dài 60cm,,,,,,
CCNPLT0703,Philodendron Imperial Green,Cây Trầu Bà Đế Vương Xanh,,Vừa phải,Nắng tán xạ,"Ít nước, 2 – 3 lần/tuần",Cao 20 – 40 cm,,,,Tính axit,Có khả năng hấp thu chất độc hại,
CCNPLT0704,Podocarpus brevifolius,Tùng la hán,Chiều cao: 15 cm,Dễ chăm sóc,Ánh sáng tán xạ,Tưới nước 1 – 2 lần/tuần,,,,,,,
CCNPLT0705,Ficus elastica,Đa búp đỏ,Chiều cao 20 – 25 cm,Rất dễ chăm sóc,Ánh sáng tán xạ; Bóng râm,"Vừa phải, 2 – 3 lần/tuần",,,,,,,
CCNPLT0706,Radermachera Sinica,Cây hạnh phúc,Cao 40 – 50 cm,Dễ chăm sóc,"Nắng tán xạ, chịu được nắng trực tiếp","Ít nước, 2 – 3 lần/tuần",,,,,,,
CCNPLT0707,Chlorophytum laxum,Cây cỏ lan chi / cây dây nhện,,Rất dễ chăm sóc,Nắng tán xạ / Chịu râm mát,Tưới nước 2 – 3 lần/tuần,Chiều cao 30 – 40 cm,,,,,,
CCNPLT0708,Cây đuôi công sọc,Calathea ornata Sanderiana,,Dễ chăm sóc,Nhiều ánh sáng / tán xạ,Tưới nước 2 – 3 lần/tuần,"• Chiều cao 25 – 30cm
• Tán rộng: 20 – 25cm",,,,,,
CCNPLT0709,Epipremnum Marble Queen,Cây trầu bà cẩm thạch,,Dễ chăm sóc,Nắng tán xạ,"Ít nước, 2 – 3 lần/tuần",Cao 20 – 40 cm,,,,,,
CCNPLT0710,Calathea Orbifolia,Cây đuôi công táo xanh,,Dễ chăm sóc,Ít sáng / Bóng râm / Tán xạ,"Vừa phải, 2 – 3  lần/tuần","Chiều cao: 20 ~ 25 cm
Tán rộng 20 ~ 30 cm",,,,,,
CCNPLT0711,,Cây hoàng hậu chậu sứ,,,,,,,,,,,
CCNPLT0712,Philodendron Imperial Green,Trầu bà đế vương xanh,,Rất dễ chăm sóc,Nắng tán xạ,Thay nước 1 – 2 lần/tháng,Chiều cao 15 – 25 cm,,,,,,
CCNPLT0713,Scheffera Octophylla,Ngũ gia bì cẩm thạch,Chiều cao 30 ~40 cm,Dễ chăm sóc,"Nắng tán xạ, chịu được nắng trực tiếp","Ít nước, 2 – 3 lần/tuần",,,,,,,
CCNPLT0714,Ficus lyrata,Cây bàng Singapore mini,"• Chiều cao: 15 cm
• Đường kính tán: 10 cm",Dễ chăm sóc,Ánh sáng tán xạ,Tưới nước 2 lần/tuần,,,,,,,
CCNPLT0715,,Cây Trầu Bà,,,,,,,,,,,
CCNPLT0716,Ficus lyrata,Cây bàng Singapore,Chiều cao 20 – 30 cm,Dễ chăm sóc,"Nắng tán xạ, chịu được nắng trực tiếp",Tưới nước 2 – 3 lần/tuần,,,,,,,
CCNPLT0717,Zamioculcas zamiifolia,Cây kim tiền / Cây kim phát tài,Chiều cao 60 – 80cm,Dễ chăm sóc,Nắng tán xạ hoặc trực tiếp,"Ít nước, 2 – 3 lần/tuần",,,,,,,
