IMAGEID,PLANTID,IMAGEURL
CCNIMG0000,CCNPLT0000,https://mowgarden.com/wp-content/uploads/2024/03/tung-bong-lai-chu-su-de-ban-mowgarden.jpg
CCNIMG0001,CCNPLT0000,https://mowgarden.com/wp-content/uploads/2024/03/tung-bong-lai-chu-su-de-ban-mowgarden-01.jpg
CCNIMG0002,CCNPLT0001,https://mowgarden.com/wp-content/uploads/2023/07/cay-phat-tai-bo-mowgarden.jpg
CCNIMG0003,CCNPLT0001,https://mowgarden.com/wp-content/uploads/2023/07/cay-phat-tai-bo-mowgarden-02.jpg
CCNIMG0004,CCNPLT0002,https://mowgarden.com/wp-content/uploads/2023/07/cay-kim-ngan-3-than-mowgarden.jpg
CCNIMG0005,CCNPLT0002,https://mowgarden.com/wp-content/uploads/2023/07/cay-kim-ngan-3-than-chau-trang-mowgarden.jpg
CCNIMG0006,CCNPLT0002,https://mowgarden.com/wp-content/uploads/2022/09/cay-kim-ngan-mot-than-co-thu-chau-su-3.jpg
CCNIMG0007,CCNPLT0003,https://mowgarden.com/wp-content/uploads/2023/07/cay-trau-ba-de-vuong-xanh-mowgarden.jpg
CCNIMG0008,CCNPLT0003,https://mowgarden.com/wp-content/uploads/2023/03/12-cay-trau-ba-de-vuong-xanh-de-ban-chau-su-trang-2.jpg
CCNIMG0009,CCNPLT0004,https://mowgarden.com/wp-content/uploads/2023/07/co-lan-chi-de-ban-mowgaden.jpg
CCNIMG0010,CCNPLT0004,https://mowgarden.com/wp-content/uploads/2023/07/co-lan-chi-de-ban-mowgaden.jpg
CCNIMG0011,CCNPLT0005,https://mowgarden.com/wp-content/uploads/2023/07/trau-ba-de-vuong-do-de-ban-mowgarden.jpg
CCNIMG0012,CCNPLT0005,https://mowgarden.com/wp-content/uploads/2023/07/trau-ba-de-vuong-do-de-ban-mowgarden.jpg
CCNIMG0013,CCNPLT0006,https://mowgarden.com/wp-content/uploads/2023/04/cay-luoi-ho-bengar-1.jpg
CCNIMG0014,CCNPLT0006,https://mowgarden.com/wp-content/uploads/2023/04/cay-luoi-ho-bengar-2.jpg
CCNIMG0015,CCNPLT0007,https://mowgarden.com/wp-content/uploads/2023/04/cay-hanh-phuc-2-tang-chau-da-mai-tron-1.jpg
CCNIMG0016,CCNPLT0007,https://mowgarden.com/wp-content/uploads/2023/04/cay-hanh-phuc-2-tang-chau-da-mai-tron-2.jpg
CCNIMG0017,CCNPLT0007,https://mowgarden.com/wp-content/uploads/2022/10/cay-hanh-phuc-adermachera-Sinica.jpg
CCNIMG0018,CCNPLT0008,https://mowgarden.com/wp-content/uploads/2023/04/cay-trau-ba-cot-chau-xi-mang-van-soc-ngang-1.jpg
CCNIMG0019,CCNPLT0008,https://mowgarden.com/wp-content/uploads/2023/04/cay-trau-ba-cot-chau-xi-mang-van-soc-ngang-2.jpg
CCNIMG0020,CCNPLT0009,https://mowgarden.com/wp-content/uploads/2023/04/cay-hong-mon-de-ban-chau-su-1.jpg
CCNIMG0021,CCNPLT0009,https://mowgarden.com/wp-content/uploads/2023/04/cay-hong-mon-de-ban-chau-su-2.jpg
CCNIMG0022,CCNPLT0010,https://mowgarden.com/wp-content/uploads/2023/04/cay-ngu-gia-bi-cam-thach.jpg
CCNIMG0023,CCNPLT0010,https://mowgarden.com/wp-content/uploads/2023/04/cay-ngu-gia-bi-cam-thach-2.jpg
CCNIMG0024,CCNPLT0011,https://mowgarden.com/wp-content/uploads/2023/03/cay-kim-ngan-mot-than-chau-su-1.jpg
CCNIMG0025,CCNPLT0011,https://mowgarden.com/wp-content/uploads/2023/03/cay-kim-ngan-mot-than-chau-su-2.jpg
CCNIMG0026,CCNPLT0012,https://mowgarden.com/wp-content/uploads/2023/03/cay-co-la-xe-de-ban-chau-su-trang-1a.jpg
CCNIMG0027,CCNPLT0012,https://mowgarden.com/wp-content/uploads/2023/03/cay-co-la-xe-de-ban-chau-su-trang-1.jpg
CCNIMG0028,CCNPLT0013,https://mowgarden.com/wp-content/uploads/2023/03/cay-hanh-phuc-van-phong-2-tang-chau-su-hoa-tiet-mowgarden.jpg
CCNIMG0029,CCNPLT0013,https://mowgarden.com/wp-content/uploads/2023/03/cay-hanh-phuc-van-phong-2-tang-chau-su-hoa-tiet-mowgarden-01.jpg
CCNIMG0030,CCNPLT0013,https://mowgarden.com/wp-content/uploads/2022/10/cay-hanh-phuc-adermachera-Sinica.jpg
CCNIMG0031,CCNPLT0014,https://mowgarden.com/wp-content/uploads/2023/03/cay-hanh-phuc-de-san-chau-su-trang.jpg
CCNIMG0032,CCNPLT0014,https://mowgarden.com/wp-content/uploads/2023/03/cay-hanh-phuc-de-san-chau-su-2.jpg
CCNIMG0033,CCNPLT0015,https://mowgarden.com/wp-content/uploads/2023/03/cay-kim-ngan-that-binh-lon-de-san-chau-su.jpg
CCNIMG0034,CCNPLT0015,https://mowgarden.com/wp-content/uploads/2023/03/cay-kim-ngan-de-ban-that-binh-chau-su-mowgarden-02.jpg
CCNIMG0035,CCNPLT0016,https://mowgarden.com/wp-content/uploads/2023/03/luoi-ho-xanh-mini-mowgarden-01.jpg
CCNIMG0036,CCNPLT0016,https://mowgarden.com/wp-content/uploads/2023/03/luoi-ho-xanh-mini-mowgarden-02.jpg
CCNIMG0037,CCNPLT0017,https://mowgarden.com/wp-content/uploads/2023/03/cay-lan-y-de-ban-chau-su-mowgarden-01.jpg
CCNIMG0038,CCNPLT0017,https://mowgarden.com/wp-content/uploads/2023/03/cay-lan-y-de-ban-chau-su-mowgarden-02.jpg
CCNIMG0039,CCNPLT0018,https://mowgarden.com/wp-content/uploads/2023/03/cay-phu-quy-chau-su-tho-cam-mow-garden.jpg
CCNIMG0040,CCNPLT0018,https://mowgarden.com/wp-content/uploads/2023/03/cay-phu-quy-chau-su-tho-cam-mow-garden-02.jpg
CCNIMG0041,CCNPLT0018,https://mowgarden.com/wp-content/uploads/2023/03/cay-phu-quy-chau-su-tho-cam-mow-garden-01.jpg
CCNIMG0042,CCNPLT0019,https://mowgarden.com/wp-content/uploads/2023/03/12-cay-trau-ba-de-vuong-xanh-de-ban-chau-su-trang-1.jpg
CCNIMG0043,CCNPLT0019,https://mowgarden.com/wp-content/uploads/2023/03/12-cay-trau-ba-de-vuong-xanh-de-ban-chau-su-trang-2.jpg
CCNIMG0044,CCNPLT0020,https://mowgarden.com/wp-content/uploads/2023/03/10-cay-ngoc-ngan-nho-de-ban-chau-su-.jpg
CCNIMG0045,CCNPLT0020,https://mowgarden.com/wp-content/uploads/2023/03/10-cay-ngoc-ngan-nho-de-ban-chau-su-2.jpg
CCNIMG0046,CCNPLT0021,https://mowgarden.com/wp-content/uploads/2023/03/9-cay-kim-ngan-3-than-nho-de-ban-1.jpg
CCNIMG0047,CCNPLT0021,https://mowgarden.com/wp-content/uploads/2023/03/9-cay-kim-ngan-3-than-nho-de-ban-2.jpg
CCNIMG0048,CCNPLT0022,https://mowgarden.com/wp-content/uploads/2023/03/11-cay-bang-dai-loan-cam-thach-chau-su-trang-1.jpg
CCNIMG0049,CCNPLT0022,https://mowgarden.com/wp-content/uploads/2023/03/11-cay-bang-dai-loan-cam-thach-chau-su-trang-3.jpg
CCNIMG0050,CCNPLT0022,https://mowgarden.com/wp-content/uploads/2023/03/11-cay-bang-dai-loan-cam-thach-chau-su-trang-2.jpg
CCNIMG0051,CCNPLT0023,https://mowgarden.com/wp-content/uploads/2023/03/8-cay-hanh-phuc-de-ban-chau-su-1.jpg
CCNIMG0052,CCNPLT0023,https://mowgarden.com/wp-content/uploads/2023/03/8-cay-hanh-phuc-de-ban-chau-su-2.jpg
CCNIMG0053,CCNPLT0023,https://mowgarden.com/wp-content/uploads/2023/03/8-cay-hanh-phuc-de-ban-chau-su-3.jpg
CCNIMG0054,CCNPLT0024,https://mowgarden.com/wp-content/uploads/2023/03/7-cay-bang-singapore-nho-de-ban-chau-su-1.jpg
CCNIMG0055,CCNPLT0024,https://mowgarden.com/wp-content/uploads/2023/03/7-cay-bang-singapore-nho-de-ban-chau-su-2.jpg
CCNIMG0056,CCNPLT0025,https://mowgarden.com/wp-content/uploads/2023/03/5-cay-hanh-phuc-nho-de-ban-chau-su-1.jpg
CCNIMG0057,CCNPLT0025,https://mowgarden.com/wp-content/uploads/2023/03/5-cay-hanh-phuc-nho-de-ban-chau-su-3.jpg
CCNIMG0058,CCNPLT0025,https://mowgarden.com/wp-content/uploads/2023/03/5-cay-hanh-phuc-nho-de-ban-chau-su-2.jpg
CCNIMG0059,CCNPLT0026,https://mowgarden.com/wp-content/uploads/2023/03/4-cay-kim-tien-mini-de-ban-chau-su-1.jpg
CCNIMG0060,CCNPLT0026,https://mowgarden.com/wp-content/uploads/2023/03/4-cay-kim-tien-mini-de-ban-chau-su-2.jpg
CCNIMG0061,CCNPLT0027,https://mowgarden.com/wp-content/uploads/2023/03/3-cay-van-loc-son-chau-gom-1.jpg
CCNIMG0062,CCNPLT0027,https://mowgarden.com/wp-content/uploads/2023/03/3-cay-van-loc-son-chau-gom-2.jpg
CCNIMG0063,CCNPLT0028,https://mowgarden.com/wp-content/uploads/2023/03/2-cay-truong-sinh-de-ban-chau-su-1.jpg
CCNIMG0064,CCNPLT0028,https://mowgarden.com/wp-content/uploads/2023/03/2-cay-truong-sinh-de-ban-chau-su-2.jpg
CCNIMG0065,CCNPLT0029,https://mowgarden.com/wp-content/uploads/2023/03/1-cay-trau-ba-de-vuong-vang-chau-su-1.jpg
CCNIMG0066,CCNPLT0029,https://mowgarden.com/wp-content/uploads/2023/03/1-cay-trau-ba-de-vuong-vang-chau-su-2.jpg
CCNIMG0067,CCNPLT0030,https://mowgarden.com/wp-content/uploads/2023/03/cay-van-loc-son-de-ban-chau-su-1.jpg
CCNIMG0068,CCNPLT0030,https://mowgarden.com/wp-content/uploads/2023/03/cay-van-loc-son-de-ban-chau-su-2.jpg
CCNIMG0069,CCNPLT0031,https://mowgarden.com/wp-content/uploads/2023/03/cay-kim-ngan-no-de-ban-chau-su-trang-1.jpg
CCNIMG0070,CCNPLT0031,https://mowgarden.com/wp-content/uploads/2023/03/cay-kim-ngan-no-de-ban-chau-su-trang-2.jpg
CCNIMG0071,CCNPLT0032,https://mowgarden.com/wp-content/uploads/2023/03/cay-luoi-ho-thai-lun-de-ban-chau-su-1.jpg
CCNIMG0072,CCNPLT0032,https://mowgarden.com/wp-content/uploads/2023/03/cay-luoi-ho-thai-lun-de-ban-chau-su-2.jpg
CCNIMG0073,CCNPLT0033,https://mowgarden.com/wp-content/uploads/2023/03/cay-trau-ba-thanh-xuan-chau-su-xuat-khau-1.jpg
CCNIMG0074,CCNPLT0033,https://mowgarden.com/wp-content/uploads/2023/03/cay-trau-ba-thanh-xuan-chau-su-xuat-khau-2.jpg
CCNIMG0075,CCNPLT0034,https://mowgarden.com/wp-content/uploads/2023/03/cay-ngu-gia-bi-chau-su-hoa-tiet-trang-tri.jpg
CCNIMG0076,CCNPLT0035,https://mowgarden.com/wp-content/uploads/2023/03/cay-phat-tai-nui-chau-da-mai-wax-1.jpg
CCNIMG0077,CCNPLT0035,https://mowgarden.com/wp-content/uploads/2023/03/cay-phat-tai-nui-chau-da-mai-wax-2.jpg
CCNIMG0078,CCNPLT0036,https://mowgarden.com/wp-content/uploads/2023/03/cay-tung-bong-lai-bonsai-tieu-canh.jpg
CCNIMG0079,CCNPLT0036,https://mowgarden.com/wp-content/uploads/2023/03/cay-tung-bong-lai-bonsai-tieu-canh-2.jpg
CCNIMG0080,CCNPLT0036,https://mowgarden.com/wp-content/uploads/2023/03/cay-tung-bong-lai-bonsai-tieu-canh-1.jpg
CCNIMG0081,CCNPLT0037,https://mowgarden.com/wp-content/uploads/2023/03/cay-trau-ba-de-vuong-do-chau-su-hoa-tiet-1.jpg
CCNIMG0082,CCNPLT0037,https://mowgarden.com/wp-content/uploads/2023/03/cay-trau-ba-de-vuong-do.jpg
CCNIMG0083,CCNPLT0038,https://mowgarden.com/wp-content/uploads/2023/03/cay-kim-ngan-binh-chau-dat-nung-1.jpg
CCNIMG0084,CCNPLT0038,https://mowgarden.com/wp-content/uploads/2023/03/cay-kim-ngan-binh-chau-dat-nung-2.jpg
CCNIMG0085,CCNPLT0039,https://mowgarden.com/wp-content/uploads/2023/03/cay-thuong-xuan-cam-thach-chau-uom.jpg
CCNIMG0086,CCNPLT0040,https://mowgarden.com/wp-content/uploads/2023/03/cay-hong-hac-chan-cam-chau-trai-banh-1.jpg
CCNIMG0087,CCNPLT0041,https://mowgarden.com/wp-content/uploads/2023/03/cay-bang-singapore-chau-da-mai-tru-tron-1a.jpg
CCNIMG0088,CCNPLT0041,https://mowgarden.com/wp-content/uploads/2023/03/cay-bang-singapore-chau-da-mai-tru-tron-2.jpg
CCNIMG0089,CCNPLT0042,https://mowgarden.com/wp-content/uploads/2023/03/cay-bang-singapore-co-lon-chau-su-trang-1.jpg
CCNIMG0090,CCNPLT0042,https://mowgarden.com/wp-content/uploads/2023/03/cay-bang-singapore-co-lon-chau-su-trang-2.jpg
CCNIMG0091,CCNPLT0043,https://mowgarden.com/wp-content/uploads/2023/03/cay-da-bup-do-cam-thach-chau-su-tho-cam-1.jpg
CCNIMG0092,CCNPLT0044,https://mowgarden.com/wp-content/uploads/2023/03/cay-ngu-gia-bi-de-ban-chau-dat-nung.jpg
CCNIMG0093,CCNPLT0045,https://mowgarden.com/wp-content/uploads/2023/03/cay-phat-tai-bup-de-ban-chau-su-1.jpg
CCNIMG0094,CCNPLT0046,https://mowgarden.com/wp-content/uploads/2023/03/cay-mon-vay-rong-chau-trung-vo.jpg
CCNIMG0095,CCNPLT0046,https://mowgarden.com/wp-content/uploads/2023/03/cay-rong-xanh.jpg
CCNIMG0096,CCNPLT0047,https://mowgarden.com/wp-content/uploads/2023/03/cay-truong-sinh-chau-dat-nung.jpg
CCNIMG0097,CCNPLT0048,https://mowgarden.com/wp-content/uploads/2023/03/cay-kim-ngan-nho-de-ban-chau-luc-giac.jpg
CCNIMG0098,CCNPLT0049,https://mowgarden.com/wp-content/uploads/2023/03/cay-hanh-phuc-de-san-chau-su-1.jpg
CCNIMG0099,CCNPLT0049,https://mowgarden.com/wp-content/uploads/2023/03/cay-hanh-phuc-de-san-chau-su-2.jpg
CCNIMG0100,CCNPLT0050,https://mowgarden.com/wp-content/uploads/2023/03/cay-kim-giao-chau-su-trang.jpg
CCNIMG0101,CCNPLT0050,https://mowgarden.com/wp-content/uploads/2023/03/cay-kim-giao-nho-de-ban.jpg
CCNIMG0102,CCNPLT0051,https://mowgarden.com/wp-content/uploads/2023/03/cay-phat-tai-xanh-la-lon-green-jewel-1.jpg
CCNIMG0103,CCNPLT0051,https://mowgarden.com/wp-content/uploads/2023/03/cay-phat-tai-xanh-la-lon-green-jewel-2.jpg
CCNIMG0104,CCNPLT0052,https://mowgarden.com/wp-content/uploads/2023/03/cay-kim-ngan-tay-phat-chau-su-1.jpg
CCNIMG0105,CCNPLT0052,https://mowgarden.com/wp-content/uploads/2023/03/cay-kim-ngan-money-plant.jpg
CCNIMG0106,CCNPLT0053,https://mowgarden.com/wp-content/uploads/2023/03/cay-hanh-phuc-de-ban-chau-su.jpg
CCNIMG0107,CCNPLT0053,https://mowgarden.com/wp-content/uploads/2022/10/cay-hanh-phuc-adermachera-Sinica.jpg
CCNIMG0108,CCNPLT0054,https://mowgarden.com/wp-content/uploads/2023/03/cay-kim-ngan-de-ban-chau-su-1.jpg
CCNIMG0109,CCNPLT0054,https://mowgarden.com/wp-content/uploads/2023/03/cay-kim-ngan-de-ban-chau-su-2.jpg
CCNIMG0110,CCNPLT0054,https://mowgarden.com/wp-content/uploads/2023/03/cay-kim-ngan-de-ban-chau-su-3.jpg
CCNIMG0111,CCNPLT0055,https://mowgarden.com/wp-content/uploads/2023/03/cay-luoi-ho-hoang-kim-chau-su-1.jpg
CCNIMG0112,CCNPLT0055,https://mowgarden.com/wp-content/uploads/2021/11/luoi-ho-hoang-kim-goled-Sansevieria-trifasciata-Gold-Flame-2.jpg
CCNIMG0113,CCNPLT0056,https://mowgarden.com/wp-content/uploads/2023/03/cay-trau-ba-de-vuong-xanh-de-ban-chau-su.jpg
CCNIMG0114,CCNPLT0056,https://mowgarden.com/wp-content/uploads/2023/03/cay-trau-ba-de-vuong-xanh-de-ban-chau-su-1.jpg
CCNIMG0115,CCNPLT0057,https://mowgarden.com/wp-content/uploads/2023/03/cay-trau-ba-de-vuong-kim-cuong-chau-su-1.jpg
CCNIMG0116,CCNPLT0057,https://mowgarden.com/wp-content/uploads/2023/03/cay-trau-ba-de-vuong-kim-cuong-chau-su-2.jpg
CCNIMG0117,CCNPLT0058,https://mowgarden.com/wp-content/uploads/2023/03/cay-phat-tai-vien-vang-1.jpg
CCNIMG0118,CCNPLT0058,https://mowgarden.com/wp-content/uploads/2023/03/cay-phat-tai-vien-vang-2.jpg
CCNIMG0119,CCNPLT0059,https://mowgarden.com/wp-content/uploads/2023/03/cay-kim-ngan-phong-thuy-chau-su-mau-do-1.jpg
CCNIMG0120,CCNPLT0059,https://mowgarden.com/wp-content/uploads/2023/03/cay-kim-ngan-phong-thuy-chau-su-mau-do-2.jpg
CCNIMG0121,CCNPLT0060,https://mowgarden.com/wp-content/uploads/2023/03/cay-co-nhat-nho-de-san-1.jpg
CCNIMG0122,CCNPLT0060,https://mowgarden.com/wp-content/uploads/2023/03/cay-co-nhat-nho-de-san-2.jpg
CCNIMG0123,CCNPLT0061,https://mowgarden.com/wp-content/uploads/2023/03/cay-co-may-man-chau-su-1.jpg
CCNIMG0124,CCNPLT0061,https://mowgarden.com/wp-content/uploads/2023/03/cay-co-may-man-chau-su-2.jpg
CCNIMG0125,CCNPLT0061,https://mowgarden.com/wp-content/uploads/2023/03/cay-co-may-man-chau-su-3.jpg
CCNIMG0126,CCNPLT0062,https://mowgarden.com/wp-content/uploads/2023/03/cay-may-man-qua-tang-dang-tree-1.jpg
CCNIMG0127,CCNPLT0062,https://mowgarden.com/wp-content/uploads/2023/03/cay-may-man-qua-tang-dang-tree-2.jpg
CCNIMG0128,CCNPLT0062,https://mowgarden.com/wp-content/uploads/2023/03/cay-may-man-qua-tang-dang-tree-3.jpg
CCNIMG0129,CCNPLT0063,https://mowgarden.com/wp-content/uploads/2023/02/cay-cau-tieu-cham-de-ban-chau-dat-nung-1.jpg
CCNIMG0130,CCNPLT0063,https://mowgarden.com/wp-content/uploads/2023/02/cay-cau-tieu-cham-de-ban-chau-dat-nung-2.jpg
CCNIMG0131,CCNPLT0064,https://mowgarden.com/wp-content/uploads/2023/02/cay-co-la-xe-mini-de-ban-1.jpg
CCNIMG0132,CCNPLT0064,https://mowgarden.com/wp-content/uploads/2023/02/cay-co-la-xe-mini-de-ban-2.jpg
CCNIMG0133,CCNPLT0065,https://mowgarden.com/wp-content/uploads/2022/08/cay-trau-ba-thien-nga-chau-su-1.jpg
CCNIMG0134,CCNPLT0065,https://mowgarden.com/wp-content/uploads/2022/08/cay-trau-ba-thien-nga-chau-su-2.jpg
CCNIMG0135,CCNPLT0066,https://mowgarden.com/wp-content/uploads/2023/02/cay-luoi-ho-vang-mini-chau-su-trang-1-1.jpg
CCNIMG0136,CCNPLT0066,https://mowgarden.com/wp-content/uploads/2021/11/cay-luoi-ho-thai-vang-mini-2.jpg
CCNIMG0137,CCNPLT0067,https://mowgarden.com/wp-content/uploads/2023/02/cay-hong-mon-chau-dat-nung-1.jpg
CCNIMG0138,CCNPLT0067,https://mowgarden.com/wp-content/uploads/2023/02/cay-hong-mon-chau-dat-nung-2.jpg
CCNIMG0139,CCNPLT0068,https://mowgarden.com/wp-content/uploads/2023/02/cay-kim-ngan-mot-than-chau-su-trang-1.jpg
CCNIMG0140,CCNPLT0068,https://mowgarden.com/wp-content/uploads/2023/02/cay-kim-ngan-mot-than-chau-su-trang-2.jpg
CCNIMG0141,CCNPLT0068,https://mowgarden.com/wp-content/uploads/2023/02/cay-kim-ngan-mot-than-chau-su-trang-3.jpg
CCNIMG0142,CCNPLT0069,https://mowgarden.com/wp-content/uploads/2023/02/cay-truong-sinh-la-tim-chau-su-1.jpg
CCNIMG0143,CCNPLT0069,https://mowgarden.com/wp-content/uploads/2023/02/cay-truong-sinh-la-tim-chau-su-2-Peperomia-Red-Edge.jpg
CCNIMG0144,CCNPLT0070,https://mowgarden.com/wp-content/uploads/2023/02/cay-kim-ngan-chau-men-su-1.jpg
CCNIMG0145,CCNPLT0070,https://mowgarden.com/wp-content/uploads/2023/02/cay-kim-ngan-chau-men-su-2.jpg
CCNIMG0146,CCNPLT0070,https://mowgarden.com/wp-content/uploads/2023/02/cay-kim-ngan-chau-men-su-3.jpg
CCNIMG0147,CCNPLT0071,https://mowgarden.com/wp-content/uploads/2023/02/cay-trau-ba-de-vuong-kim-cuong-chau-su-trang-1.jpg
CCNIMG0148,CCNPLT0071,https://mowgarden.com/wp-content/uploads/2023/02/cay-trau-ba-de-vuong-kim-cuong-chau-su-trang-2.jpg
CCNIMG0149,CCNPLT0072,https://mowgarden.com/wp-content/uploads/2023/02/cay-thinh-vuong-chau-su-de-ban-1.jpg
CCNIMG0150,CCNPLT0072,https://mowgarden.com/wp-content/uploads/2023/02/cay-thinh-vuong-chau-su-de-ban-2.jpg
CCNIMG0151,CCNPLT0073,https://mowgarden.com/wp-content/uploads/2023/02/cay-luoi-ho-thai-xanh-mini-1.jpg
CCNIMG0152,CCNPLT0073,https://mowgarden.com/wp-content/uploads/2023/02/cay-luoi-ho-thai-xanh-mini-2.jpg
CCNIMG0153,CCNPLT0074,https://mowgarden.com/wp-content/uploads/2023/02/cay-da-bup-do-cam-thach-chau-su-trang-1-1.jpg
CCNIMG0154,CCNPLT0074,https://mowgarden.com/wp-content/uploads/2023/02/cay-da-bup-do-cam-thach-chau-su-trang-2.jpg
CCNIMG0155,CCNPLT0075,https://mowgarden.com/wp-content/uploads/2023/02/cay-luo-ho-thai-de-ban-2.jpg
CCNIMG0156,CCNPLT0076,https://mowgarden.com/wp-content/uploads/2023/02/cay-luoi-ho-vang-chau-su-trang-1.jpg
CCNIMG0157,CCNPLT0076,https://mowgarden.com/wp-content/uploads/2023/02/cay-luoi-ho-vang-chau-su-trang-2.jpg
CCNIMG0158,CCNPLT0077,https://mowgarden.com/wp-content/uploads/2023/02/cay-phat-tai-nui-chau-da-mai-den.jpg
CCNIMG0159,CCNPLT0078,https://mowgarden.com/wp-content/uploads/2023/02/cau-vang-nhat-ban-chau-uom-1.jpg
CCNIMG0160,CCNPLT0078,https://mowgarden.com/wp-content/uploads/2023/02/cau-vang-nhat-ban-chau-uom-2.jpg
CCNIMG0161,CCNPLT0079,https://mowgarden.com/wp-content/uploads/2023/02/cay-lan-y-my-Spathiphyllum-Sensation-1.jpg
CCNIMG0162,CCNPLT0079,https://mowgarden.com/wp-content/uploads/2023/02/cay-lan-y-my-Spathiphyllum-Sensation-2.jpg
CCNIMG0163,CCNPLT0080,https://mowgarden.com/wp-content/uploads/2023/02/cay-trau-ba-de-vuong-kim-cuong-1.jpg
CCNIMG0164,CCNPLT0080,https://mowgarden.com/wp-content/uploads/2023/02/cay-trau-ba-de-vuong-kim-cuong-2.jpg
CCNIMG0165,CCNPLT0081,https://mowgarden.com/wp-content/uploads/2022/08/cay-da-tam-phuc-nho-de-ban-chau-gom-1.jpg
CCNIMG0166,CCNPLT0081,https://mowgarden.com/wp-content/uploads/2022/08/cay-da-tam-phuc-nho-de-ban-chau-gom-2.jpg
CCNIMG0167,CCNPLT0082,https://mowgarden.com/wp-content/uploads/2023/02/cay-luoi-ho-xanh-mini-de-ban-1.jpg
CCNIMG0168,CCNPLT0082,https://mowgarden.com/wp-content/uploads/2023/02/cay-luoi-ho-xanh-mini-de-ban-2.jpg
CCNIMG0169,CCNPLT0083,https://mowgarden.com/wp-content/uploads/2023/01/cay-trau-ba-thanh-xuan-chau-dat-nung.jpg
CCNIMG0170,CCNPLT0083,https://mowgarden.com/wp-content/uploads/2023/01/cay-trau-ba-thanh-xuan-chau-dat-nung-2.jpg
CCNIMG0171,CCNPLT0084,https://mowgarden.com/wp-content/uploads/2023/01/traubacotmowgarden.jpg
CCNIMG0172,CCNPLT0084,https://mowgarden.com/wp-content/uploads/2022/08/cay-trau-ba-leo-cot-chau-da-mai-2.jpg
CCNIMG0173,CCNPLT0085,https://mowgarden.com/wp-content/uploads/2023/01/phattaituimowgarden3.jpg
CCNIMG0174,CCNPLT0086,https://mowgarden.com/wp-content/uploads/2023/01/hanhphucmowgarden1.jpg
CCNIMG0175,CCNPLT0086,https://mowgarden.com/wp-content/uploads/2023/01/hanhphucmowgarden2.jpg
CCNIMG0176,CCNPLT0087,https://mowgarden.com/wp-content/uploads/2023/01/phattainuimowgarden1.jpg
CCNIMG0177,CCNPLT0088,https://mowgarden.com/wp-content/uploads/2023/01/kimnganbinhmowgarden2.jpg
CCNIMG0178,CCNPLT0088,https://mowgarden.com/wp-content/uploads/2022/09/cay-kim-ngan-mot-than-tru-to-chau-su-de-ban-2.jpg
CCNIMG0179,CCNPLT0089,https://mowgarden.com/wp-content/uploads/2023/01/cay-kim-ngan-mot-than-chau-su-de-ban.jpg
CCNIMG0180,CCNPLT0090,https://mowgarden.com/wp-content/uploads/2023/01/bangsingmowgarden1.jpg
CCNIMG0181,CCNPLT0091,https://mowgarden.com/wp-content/uploads/2023/01/kimngan1than.jpg
CCNIMG0182,CCNPLT0091,https://mowgarden.com/wp-content/uploads/2022/02/cay-kim-ngan-mot-than-thuy-sinh-2.jpg
CCNIMG0183,CCNPLT0092,https://mowgarden.com/wp-content/uploads/2023/01/kimnganbinhmowgarden1.jpg
CCNIMG0184,CCNPLT0092,https://mowgarden.com/wp-content/uploads/2022/09/cay-kim-ngan-mot-than-tru-to-chau-su-de-ban-2.jpg
CCNIMG0185,CCNPLT0092,https://mowgarden.com/wp-content/uploads/2023/01/kimnganbinhmowgarden-1.jpg
CCNIMG0186,CCNPLT0093,https://mowgarden.com/wp-content/uploads/2023/01/cay-kim-ngan-that-binh-chau-xi-mang-da-mai-1.jpg
CCNIMG0187,CCNPLT0093,https://mowgarden.com/wp-content/uploads/2023/01/cay-kim-ngan-that-binh-chau-xi-mang-da-mai-2.jpg
CCNIMG0188,CCNPLT0094,https://mowgarden.com/wp-content/uploads/2023/01/bangsingmowgarden-1.jpg
CCNIMG0189,CCNPLT0095,https://mowgarden.com/wp-content/uploads/2023/01/trangnguyenmowgarden3.jpg
CCNIMG0190,CCNPLT0095,https://mowgarden.com/wp-content/uploads/2022/01/trangnguyenmowgarden2.jpg
CCNIMG0191,CCNPLT0096,https://mowgarden.com/wp-content/uploads/2023/01/trangnguyenmowgarden.jpg
CCNIMG0192,CCNPLT0096,https://mowgarden.com/wp-content/uploads/2022/01/trangnguyenmowgarden2.jpg
CCNIMG0193,CCNPLT0097,https://mowgarden.com/wp-content/uploads/2023/01/truongsinhcamthach.jpg
CCNIMG0194,CCNPLT0098,https://mowgarden.com/wp-content/uploads/2023/01/giutienmowgarden1.jpg
CCNIMG0195,CCNPLT0098,https://mowgarden.com/wp-content/uploads/2023/01/giutienmowgarden2.jpg
CCNIMG0196,CCNPLT0099,https://mowgarden.com/wp-content/uploads/2023/01/giutienmowgarden.jpg
CCNIMG0197,CCNPLT0099,https://mowgarden.com/wp-content/uploads/2023/01/giutienmowgarden2.jpg
CCNIMG0198,CCNPLT0100,https://mowgarden.com/wp-content/uploads/2023/01/nganhaumowgarden.jpg
CCNIMG0199,CCNPLT0100,https://mowgarden.com/wp-content/uploads/2023/01/giutienmowgarden2.jpg
CCNIMG0200,CCNPLT0101,https://mowgarden.com/wp-content/uploads/2023/01/cay-luoi-ho-hoang-kim-chau-dat-nung-1.jpg
CCNIMG0201,CCNPLT0101,https://mowgarden.com/wp-content/uploads/2021/11/luoi-ho-hoang-kim-goled-Sansevieria-trifasciata-Gold-Flame-2.jpg
CCNIMG0202,CCNPLT0101,https://mowgarden.com/wp-content/uploads/2021/11/luoi-ho-hoang-kim-goled-Sansevieria-trifasciata-Gold-Flame-3.jpg
CCNIMG0203,CCNPLT0102,https://mowgarden.com/wp-content/uploads/2023/01/cay-hanh-phuc-mot-than-chau-dat-nung.jpg
CCNIMG0204,CCNPLT0103,https://mowgarden.com/wp-content/uploads/2023/01/cay-kim-ngan-binh-co-lon-cao-1m8.jpg
CCNIMG0205,CCNPLT0104,https://mowgarden.com/wp-content/uploads/2023/01/cay-bang-singapore-dang-tree.jpg
CCNIMG0206,CCNPLT0105,https://mowgarden.com/wp-content/uploads/2023/01/cay-ngu-gia-bi-chau-da-mai-1.jpg
CCNIMG0207,CCNPLT0105,https://mowgarden.com/wp-content/uploads/2023/01/cay-ngu-gia-bi-chau-da-mai-2.jpg
CCNIMG0208,CCNPLT0106,https://mowgarden.com/wp-content/uploads/2023/01/cay-trau-ba-nam-my-monstera-1.jpg
CCNIMG0209,CCNPLT0106,https://mowgarden.com/wp-content/uploads/2023/01/cay-trau-ba-nam-my-monstera-2.jpg
CCNIMG0210,CCNPLT0107,https://mowgarden.com/wp-content/uploads/2023/01/bangsingmowgarden.jpg
CCNIMG0211,CCNPLT0108,https://mowgarden.com/wp-content/uploads/2023/01/cay-duoi-cong-mang-nhen-xanh-network-1-1.jpg
CCNIMG0212,CCNPLT0108,https://mowgarden.com/wp-content/uploads/2023/01/cay-duoi-cong-mang-nhen-xanh-network-2-1.jpg
CCNIMG0213,CCNPLT0109,https://mowgarden.com/wp-content/uploads/2023/01/cay-dai-phu-gia-mix-trau-ba-neon.jpg
CCNIMG0214,CCNPLT0110,https://mowgarden.com/wp-content/uploads/2023/01/cay-duoi-cong-soc-de-ban.jpg
CCNIMG0215,CCNPLT0110,https://mowgarden.com/wp-content/uploads/2021/04/cay-duoi-cong-Calathea-Sanderina-2.jpg
CCNIMG0216,CCNPLT0111,https://mowgarden.com/wp-content/uploads/2023/01/cay-hong-phat-loc-chau-su-trang-1.jpg
CCNIMG0217,CCNPLT0112,https://mowgarden.com/wp-content/uploads/2023/01/phattainuimowgarden.jpg
CCNIMG0218,CCNPLT0113,https://mowgarden.com/wp-content/uploads/2022/08/cay-mon-rong-bac-chau-su-trang.jpg
CCNIMG0219,CCNPLT0114,https://mowgarden.com/wp-content/uploads/2023/01/cay-kim-ngan-de-ban-chau-su-tieu-canh-1.jpg
CCNIMG0220,CCNPLT0115,https://mowgarden.com/wp-content/uploads/2022/08/cay-trau-ba-de-vuong-do-chau-dat-nung.jpg
CCNIMG0221,CCNPLT0116,https://mowgarden.com/wp-content/uploads/2023/01/bangdailoancamthachmowgarden.jpg
CCNIMG0222,CCNPLT0116,https://mowgarden.com/wp-content/uploads/2023/01/bangnhatcamthachmowgarden.jpg
CCNIMG0223,CCNPLT0117,https://mowgarden.com/wp-content/uploads/2023/01/cay-trau-ba-de-vuong-kim-cuong-chau-dat-nung-1.jpg
CCNIMG0224,CCNPLT0117,https://mowgarden.com/wp-content/uploads/2023/01/cay-trau-ba-de-vuong-kim-cuong-chau-dat-nung-2.jpg
CCNIMG0225,CCNPLT0118,https://mowgarden.com/wp-content/uploads/2023/01/cuc-mam-xoi-chau-nhua-1.jpg
CCNIMG0226,CCNPLT0118,https://mowgarden.com/wp-content/uploads/2023/01/cuc-mam-xoi-chau-nhua-2.jpg
CCNIMG0227,CCNPLT0119,https://mowgarden.com/wp-content/uploads/2023/01/cay-dai-phu-gia-chau-da-mai-trang.jpg
CCNIMG0228,CCNPLT0120,https://mowgarden.com/wp-content/uploads/2023/01/cay-da-bup-do-cam-thach-chau-uom.jpg
CCNIMG0229,CCNPLT0121,https://mowgarden.com/wp-content/uploads/2023/01/cay-van-loc-son-chau-su-trang-1.jpg
CCNIMG0230,CCNPLT0121,https://mowgarden.com/wp-content/uploads/2023/01/cay-van-loc-son-chau-su-trang-2.jpg
CCNIMG0231,CCNPLT0122,https://mowgarden.com/wp-content/uploads/2023/01/cay-tung-bong-lai-tieu-canh-de-ban-1.jpg
CCNIMG0232,CCNPLT0123,https://mowgarden.com/wp-content/uploads/2023/01/tungbonglaimowgarden.jpg
CCNIMG0233,CCNPLT0123,https://mowgarden.com/wp-content/uploads/2023/01/tungbonglaimowgarden2.jpg
CCNIMG0234,CCNPLT0124,https://mowgarden.com/wp-content/uploads/2023/01/hanhphucmowgarden.jpg
CCNIMG0235,CCNPLT0124,https://mowgarden.com/wp-content/uploads/2022/10/cay-hanh-phuc-adermachera-Sinica.jpg
CCNIMG0236,CCNPLT0125,https://mowgarden.com/wp-content/uploads/2023/01/colanchimowgarden.jpg
CCNIMG0237,CCNPLT0125,https://mowgarden.com/wp-content/uploads/2023/01/colanchimowgarden2.jpg
CCNIMG0238,CCNPLT0126,https://mowgarden.com/wp-content/uploads/2023/01/cay-bang-singapore-chau-dat-nung-1.jpg
CCNIMG0239,CCNPLT0126,https://mowgarden.com/wp-content/uploads/2023/01/cay-bang-singapore-chau-dat-nung-2.jpg
CCNIMG0240,CCNPLT0126,https://mowgarden.com/wp-content/uploads/2023/01/cay-bang-singapore-chau-dat-nung-3.jpg
CCNIMG0241,CCNPLT0127,https://mowgarden.com/wp-content/uploads/2023/01/chanvitmowgarden.jpg
CCNIMG0242,CCNPLT0127,https://mowgarden.com/wp-content/uploads/2023/01/chanvitmowgarden2.jpg
CCNIMG0243,CCNPLT0128,https://mowgarden.com/wp-content/uploads/2023/01/cay-kim-tien-trung-tet-1.jpg
CCNIMG0244,CCNPLT0128,https://mowgarden.com/wp-content/uploads/2023/01/cay-kim-tien-trung-tet-01.jpg
CCNIMG0245,CCNPLT0129,https://mowgarden.com/wp-content/uploads/2023/01/ngocnganmowgarden.jpg
CCNIMG0246,CCNPLT0129,https://mowgarden.com/wp-content/uploads/2023/01/ngocnganmowgarden2.jpg
CCNIMG0247,CCNPLT0130,https://mowgarden.com/wp-content/uploads/2023/01/kimnganbinhmowgarden.jpg
CCNIMG0248,CCNPLT0131,https://mowgarden.com/wp-content/uploads/2023/01/cay-hanh-phuc-de-ban-bonsai.jpg
CCNIMG0249,CCNPLT0132,https://mowgarden.com/wp-content/uploads/2023/01/cay-hong-mon-trung-tet-tho-may-man.jpg
CCNIMG0250,CCNPLT0132,https://mowgarden.com/wp-content/uploads/2023/01/cay-hong-mon-trung-tet-tho-may-man-2.jpg
CCNIMG0251,CCNPLT0132,https://mowgarden.com/wp-content/uploads/2023/01/cay-hong-mon-tieu-canh-tho-trang.jpg
CCNIMG0252,CCNPLT0133,https://mowgarden.com/wp-content/uploads/2023/01/cuc-mam-xoi-trung-tet-xot-tre.jpg
CCNIMG0253,CCNPLT0134,https://mowgarden.com/wp-content/uploads/2022/12/cay-truc-bach-hop-chau-da-mai-giot-nuoc.jpg
CCNIMG0254,CCNPLT0135,https://mowgarden.com/wp-content/uploads/2022/12/cay-kim-tien-chau-da-nung.jpg
CCNIMG0255,CCNPLT0136,https://mowgarden.com/wp-content/uploads/2022/12/cay-hong-mon-lon-chau-gom-su.jpg
CCNIMG0256,CCNPLT0136,https://mowgarden.com/wp-content/uploads/2022/12/cay-hong-mon-lon-chau-gom-su-1.jpg
CCNIMG0257,CCNPLT0137,https://mowgarden.com/wp-content/uploads/2022/12/cay-kim-ngan-3-than-de-ban-chau-dat-nung.jpg
CCNIMG0258,CCNPLT0138,https://mowgarden.com/wp-content/uploads/2022/12/cay-trau-ba-la-lo-chau-gom-su-1.jpg
CCNIMG0259,CCNPLT0139,https://mowgarden.com/wp-content/uploads/2022/12/cay-bao-thanh-thien-co-lon-chau-dat-nung-1.jpg
CCNIMG0260,CCNPLT0140,https://mowgarden.com/wp-content/uploads/2022/12/cay-noi-that-mix-co-nhat-chau-da-mai.jpg
CCNIMG0261,CCNPLT0141,https://mowgarden.com/wp-content/uploads/2022/12/cay-hanh-phuc-mot-than-chau-dat-nung-son-vintage.jpg
CCNIMG0262,CCNPLT0141,https://mowgarden.com/wp-content/uploads/2022/10/cay-hanh-phuc-adermachera-Sinica.jpg
CCNIMG0263,CCNPLT0142,https://mowgarden.com/wp-content/uploads/2022/12/cay-dai-loc-mix-cay-trong-nha-1.jpg
CCNIMG0264,CCNPLT0143,https://mowgarden.com/wp-content/uploads/2022/08/cay-hanh-phuc-mot-than-chau-da-mai.jpg
CCNIMG0265,CCNPLT0143,https://mowgarden.com/wp-content/uploads/2022/10/cay-hanh-phuc-adermachera-Sinica.jpg
CCNIMG0266,CCNPLT0144,https://mowgarden.com/wp-content/uploads/2022/12/cay-trau-ba-thanh-xuan-chau-da-mai.jpg
CCNIMG0267,CCNPLT0144,https://mowgarden.com/wp-content/uploads/2022/08/trau-ba-thanh-xuan-chau-su-trang-2.jpg
CCNIMG0268,CCNPLT0145,https://mowgarden.com/wp-content/uploads/2022/12/cay-ngoc-ngan-de-ban-chau-hoa-van.jpg
CCNIMG0269,CCNPLT0145,https://mowgarden.com/wp-content/uploads/2021/04/cay-ngoc-ngan-chau-uom-Aglaonema-Snow-white-2.jpg
CCNIMG0270,CCNPLT0146,https://mowgarden.com/wp-content/uploads/2022/12/cay-canh-noi-that-mix-cac-loai-cay.jpg
CCNIMG0271,CCNPLT0147,https://mowgarden.com/wp-content/uploads/2022/12/cay-trau-ba-nam-mymonstera-borsigiana.jpg
CCNIMG0272,CCNPLT0148,https://mowgarden.com/wp-content/uploads/2022/12/cay-hanh-phuc-mot-than-dang-thap.jpg
CCNIMG0273,CCNPLT0148,https://mowgarden.com/wp-content/uploads/2022/10/cay-hanh-phuc-adermachera-Sinica.jpg
CCNIMG0274,CCNPLT0149,https://mowgarden.com/wp-content/uploads/2022/12/cay-trau-ba-thanh-xuan-kich-thuoc-lon.jpg
CCNIMG0275,CCNPLT0149,https://mowgarden.com/wp-content/uploads/2022/08/trau-ba-thanh-xuan-chau-su-trang-2.jpg
CCNIMG0276,CCNPLT0150,https://mowgarden.com/wp-content/uploads/2022/12/cay-kim-ngan-de-ban.jpg
CCNIMG0277,CCNPLT0151,https://mowgarden.com/wp-content/uploads/2022/12/cay-kim-tien-chau-su-nghe-thuat.jpg
CCNIMG0278,CCNPLT0151,https://mowgarden.com/wp-content/uploads/2022/12/cay-kim-tien-phat-tai.jpg
CCNIMG0279,CCNPLT0152,https://mowgarden.com/wp-content/uploads/2022/12/cay-trau-ba-la-sua-marble-queen.jpg
CCNIMG0280,CCNPLT0153,https://mowgarden.com/wp-content/uploads/2022/12/cay-noi-that-mix-chau-da-mai-son.jpg
CCNIMG0281,CCNPLT0154,https://mowgarden.com/wp-content/uploads/2022/12/cay-co-nhat-nho-de-ban.jpg
CCNIMG0282,CCNPLT0155,https://mowgarden.com/wp-content/uploads/2022/12/cay-trau-ba-la-xe-monstera.jpg
CCNIMG0283,CCNPLT0156,https://mowgarden.com/wp-content/uploads/2022/12/cay-bach-ma-hoang-tu-mini.jpg
CCNIMG0284,CCNPLT0156,https://mowgarden.com/wp-content/uploads/2022/10/cay-tieu-bach-ma-hoang-tu-2.jpg
CCNIMG0285,CCNPLT0157,https://mowgarden.com/wp-content/uploads/2022/12/cay-giu-tien-nho-chau-uom.jpg
CCNIMG0286,CCNPLT0158,https://mowgarden.com/wp-content/uploads/2022/12/cay-canh-noi-that-mix-chau-da-mai.jpg
CCNIMG0287,CCNPLT0159,https://mowgarden.com/wp-content/uploads/2022/12/cay-trau-ba-nam-my-monstera-1.jpg
CCNIMG0288,CCNPLT0160,https://mowgarden.com/wp-content/uploads/2022/12/cay-hanh-phuc-mot-than-nho.jpg
CCNIMG0289,CCNPLT0161,https://mowgarden.com/wp-content/uploads/2022/12/chau-mix-cay-canh-van-phong.jpg
CCNIMG0290,CCNPLT0161,https://mowgarden.com/wp-content/uploads/2022/12/chau-mix-cay-canh-van-phong-2.jpg
CCNIMG0291,CCNPLT0162,https://mowgarden.com/wp-content/uploads/2022/12/cay-canh-van-phong-mix-dai-phu-gia.jpg
CCNIMG0292,CCNPLT0163,https://mowgarden.com/wp-content/uploads/2022/11/cay-da-bup-do-chau-dat-nung.jpg
CCNIMG0293,CCNPLT0164,https://mowgarden.com/wp-content/uploads/2022/11/cay-thien-dieu-chau-uom.jpg
CCNIMG0294,CCNPLT0165,https://mowgarden.com/wp-content/uploads/2022/11/cay-bang-singapore-chau-xi-mang.jpg
CCNIMG0295,CCNPLT0166,https://mowgarden.com/wp-content/uploads/2022/11/cay-hanh-phuc-de-ban-chau-su.jpg
CCNIMG0296,CCNPLT0167,https://mowgarden.com/wp-content/uploads/2022/11/cay-hong-mon-de-ban.jpg
CCNIMG0297,CCNPLT0168,https://mowgarden.com/wp-content/uploads/2022/11/cay-luoi-ho-xanh-chau-xi-mang.jpg
CCNIMG0298,CCNPLT0168,https://mowgarden.com/wp-content/uploads/2022/08/cay-luoi-ho-xanh-2.jpg
CCNIMG0299,CCNPLT0169,https://mowgarden.com/wp-content/uploads/2022/11/cay-bang-dai-loan-cam-thach-chau-dat-nung-1.jpg
CCNIMG0300,CCNPLT0169,https://mowgarden.com/wp-content/uploads/2022/11/cay-bang-dai-loan-cam-thach-chau-dat-nung-2.jpg
CCNIMG0301,CCNPLT0170,https://mowgarden.com/wp-content/uploads/2022/11/cau-nga-mi-chau-da-mai.jpg
CCNIMG0302,CCNPLT0170,https://mowgarden.com/wp-content/uploads/2022/11/cay-cau-nga-mi-trang-tri-noi-that.jpg
CCNIMG0303,CCNPLT0171,https://mowgarden.com/wp-content/uploads/2022/11/cay-cau-vang-nhat-ban-chau-da-mai.jpg
CCNIMG0304,CCNPLT0172,https://mowgarden.com/wp-content/uploads/2022/11/cay-hanh-phuc-chau-su-1.jpg
CCNIMG0305,CCNPLT0172,https://mowgarden.com/wp-content/uploads/2022/10/cay-hanh-phuc-adermachera-Sinica.jpg
CCNIMG0306,CCNPLT0173,https://mowgarden.com/wp-content/uploads/2022/11/cay-kim-tien-chau-xi-mang-mau-vang-1.jpg
CCNIMG0307,CCNPLT0174,https://mowgarden.com/wp-content/uploads/2022/11/cay-trau-ba-leo-cot-chau-su-1.jpg
CCNIMG0308,CCNPLT0175,https://mowgarden.com/wp-content/uploads/2022/11/cay-co-nhat-chau-xi-mang-son-trang-1a.jpg
CCNIMG0309,CCNPLT0176,https://mowgarden.com/wp-content/uploads/2022/11/cay-hanh-phuc-de-van-phong.jpg
CCNIMG0310,CCNPLT0177,https://mowgarden.com/wp-content/uploads/2022/11/cay-hanh-phuc-dang-cu-sam.jpg
CCNIMG0311,CCNPLT0177,https://mowgarden.com/wp-content/uploads/2022/10/cay-hanh-phuc-adermachera-Sinica.jpg
CCNIMG0312,CCNPLT0178,https://mowgarden.com/wp-content/uploads/2022/11/cay-canh-noi-that-mix-luoi-ho-van-loc-trau-ba-1.jpg
CCNIMG0313,CCNPLT0179,https://mowgarden.com/wp-content/uploads/2022/11/chau-dat-nung-son-cao-cap-2-1.jpg
CCNIMG0314,CCNPLT0180,https://mowgarden.com/wp-content/uploads/2022/11/cay-troc-bac-albo-var-3.jpg
CCNIMG0315,CCNPLT0180,https://mowgarden.com/wp-content/uploads/2022/11/cay-troc-bac-albo-var-2.jpg
CCNIMG0316,CCNPLT0180,https://mowgarden.com/wp-content/uploads/2022/11/cay-troc-bac-albo-var-1.jpg
CCNIMG0317,CCNPLT0181,https://mowgarden.com/wp-content/uploads/2022/11/cay-bang-singapore-chau-dat-nung-hoa-van.jpg
CCNIMG0318,CCNPLT0182,https://mowgarden.com/wp-content/uploads/2022/11/cay-troc-bac-hong-Syngonium-P.-Pink-Spot.jpg
CCNIMG0319,CCNPLT0182,https://mowgarden.com/wp-content/uploads/2022/11/cay-troc-bac-hong.jpg
CCNIMG0320,CCNPLT0183,https://mowgarden.com/wp-content/uploads/2022/11/chau-dat-nung-van-gia-da-4-1.jpg
CCNIMG0321,CCNPLT0184,https://mowgarden.com/wp-content/uploads/2022/11/cay-cau-nguyen-chau-dat-nung-1a.jpg
CCNIMG0322,CCNPLT0184,https://mowgarden.com/wp-content/uploads/2022/11/cay-cau-nguyen-chau-dat-nung-2.jpg
CCNIMG0323,CCNPLT0184,https://mowgarden.com/wp-content/uploads/2022/11/cay-cau-nguyen-chau-dat-nung-3.jpg
CCNIMG0324,CCNPLT0184,https://mowgarden.com/wp-content/uploads/2022/09/cay-cau-nguyen-Maranta-leuconeura-2.jpg
CCNIMG0325,CCNPLT0185,https://mowgarden.com/wp-content/uploads/2022/11/ngu-gia-bi-bon-sai-1.jpg
CCNIMG0326,CCNPLT0185,https://mowgarden.com/wp-content/uploads/2022/11/ngu-gia-bi-bon-sai-2a.jpg
CCNIMG0327,CCNPLT0185,https://mowgarden.com/wp-content/uploads/2022/11/ngu-gia-bi-bon-sai-3.jpg
CCNIMG0328,CCNPLT0186,https://mowgarden.com/wp-content/uploads/2022/11/cay-phat-du-mocha-latte-1.jpg
CCNIMG0329,CCNPLT0186,https://mowgarden.com/wp-content/uploads/2022/11/cay-phat-du-mocha-latte-2.jpg
CCNIMG0330,CCNPLT0187,https://mowgarden.com/wp-content/uploads/2021/04/cay-dua-hau-chau-dat-nung-hinh-cu-1.jpg
CCNIMG0331,CCNPLT0187,https://mowgarden.com/wp-content/uploads/2021/04/cay-dua-hau-chau-dat-nung-hinh-cu-3.jpg
CCNIMG0332,CCNPLT0187,https://mowgarden.com/wp-content/uploads/2021/04/cay-dua-hau-chau-dat-nung-hinh-cu-2.jpg
CCNIMG0333,CCNPLT0187,https://mowgarden.com/wp-content/uploads/2021/04/cay-dua-hau-chau-dat-nung-hinh-cu-4.jpg
CCNIMG0334,CCNPLT0188,https://mowgarden.com/wp-content/uploads/2022/11/cay-phuong-hoang-lua-chau-gom-su-men-nham-gia-da.jpg
CCNIMG0335,CCNPLT0188,https://mowgarden.com/wp-content/uploads/2022/10/cay-phuong-hoang-lua-Chlorophytum-orchidastrum-2a.jpg
CCNIMG0336,CCNPLT0189,https://mowgarden.com/wp-content/uploads/2022/11/chau-den-de-ban-co-dia-2.jpg
CCNIMG0337,CCNPLT0190,https://mowgarden.com/wp-content/uploads/2022/11/cay-phat-du-bay-sac-cau-vong-chau-dat-nung.jpg
CCNIMG0338,CCNPLT0190,https://mowgarden.com/wp-content/uploads/2022/11/cay-phat-du-bay-sac-cau-vong-2.jpg
CCNIMG0339,CCNPLT0191,https://mowgarden.com/wp-content/uploads/2022/11/cay-co-nhat-de-van-phong-chau-xi-mang.jpg
CCNIMG0340,CCNPLT0192,https://mowgarden.com/wp-content/uploads/2022/11/cay-phat-tai-nui-chau-uom.jpg
CCNIMG0341,CCNPLT0193,https://mowgarden.com/wp-content/uploads/2022/11/cay-phat-du-bay-sac-cau-vong-1.jpg
CCNIMG0342,CCNPLT0193,https://mowgarden.com/wp-content/uploads/2022/11/cay-phat-du-bay-sac-cau-vong-2.jpg
CCNIMG0343,CCNPLT0194,https://mowgarden.com/wp-content/uploads/2022/11/cay-van-nien-thanh-chau-uom-1.jpg
CCNIMG0344,CCNPLT0194,https://mowgarden.com/wp-content/uploads/2022/11/cay-van-nien-thanh-chau-uom-2.jpg
CCNIMG0345,CCNPLT0195,https://mowgarden.com/wp-content/uploads/2022/11/chau-gom-su-van-gia-da-5.jpg
CCNIMG0346,CCNPLT0195,https://mowgarden.com/wp-content/uploads/2022/10/cay-sao-sang-galaxy-Aglaonema-Morodoklok-2.jpg
CCNIMG0347,CCNPLT0196,https://mowgarden.com/wp-content/uploads/2022/11/cay-cung-dien-chau-su-trang.jpg
CCNIMG0348,CCNPLT0196,https://mowgarden.com/wp-content/uploads/2022/10/cay-cung-dien-vang-aglaonema-legacy-2.jpg
CCNIMG0349,CCNPLT0197,https://mowgarden.com/wp-content/uploads/2021/06/cay-luoi-ho-de-ban-chau-dat-nung.jpg
CCNIMG0350,CCNPLT0198,https://mowgarden.com/wp-content/uploads/2022/11/cay-kim-tien-tieu-canh-de-ban.jpg
CCNIMG0351,CCNPLT0199,https://mowgarden.com/wp-content/uploads/2022/11/cay-hong-phat-loc-de-ban.jpg
CCNIMG0352,CCNPLT0199,https://mowgarden.com/wp-content/uploads/2022/10/cay-hong-phat-loc-de-ban-2.jpg
CCNIMG0353,CCNPLT0200,https://mowgarden.com/wp-content/uploads/2022/11/cay-hong-mon-de-ban-trang-tri-1.jpg
CCNIMG0354,CCNPLT0200,https://mowgarden.com/wp-content/uploads/2022/11/cay-hong-mon-de-ban-trang-tri-2.jpg
CCNIMG0355,CCNPLT0201,https://mowgarden.com/wp-content/uploads/2022/11/cay-kim-tien-trang-tri-van-phong.jpg
CCNIMG0356,CCNPLT0202,https://mowgarden.com/wp-content/uploads/2022/11/cay-trau-ba-leo-cot-1.jpg
CCNIMG0357,CCNPLT0202,https://mowgarden.com/wp-content/uploads/2022/11/cay-trau-ba-leo-cot-2.jpg
CCNIMG0358,CCNPLT0203,https://mowgarden.com/wp-content/uploads/2022/11/cay-bang-dai-loan-cam-thach-chau-uom-1.jpg
CCNIMG0359,CCNPLT0203,https://mowgarden.com/wp-content/uploads/2022/11/cay-bang-dai-loan-cam-thach-chau-uom-2.jpg
CCNIMG0360,CCNPLT0204,https://mowgarden.com/wp-content/uploads/2022/10/cay-hong-hac-chan-cam-1.jpg
CCNIMG0361,CCNPLT0204,https://mowgarden.com/wp-content/uploads/2022/09/cay-hong-hac-mini-Philodendron-Billietiae-chau-uom-2.jpg
CCNIMG0362,CCNPLT0205,https://mowgarden.com/wp-content/uploads/2022/10/luoi-ho-thai-xanh-mini-thuy-sinh-1.jpg
CCNIMG0363,CCNPLT0205,https://mowgarden.com/wp-content/uploads/2022/10/luoi-ho-thai-xanh-mini-thuy-sinh.jpg
CCNIMG0364,CCNPLT0206,https://mowgarden.com/wp-content/uploads/2022/10/luoi-ho-thai-xanh-de-ban-1.jpg
CCNIMG0365,CCNPLT0206,https://mowgarden.com/wp-content/uploads/2022/10/luoi-ho-thai-xanh-de-ban-2.jpg
CCNIMG0366,CCNPLT0207,https://mowgarden.com/wp-content/uploads/2022/10/cay-huong-thao-co-trung-rosemary-1.jpg
CCNIMG0367,CCNPLT0207,https://mowgarden.com/wp-content/uploads/2022/10/cay-huong-thao-co-trung-rosemary-2.jpg
CCNIMG0368,CCNPLT0208,https://mowgarden.com/wp-content/uploads/2021/06/cay-tung-bong-lai-nho-de-ban.jpg
CCNIMG0369,CCNPLT0208,https://mowgarden.com/wp-content/uploads/2021/06/cay-tung-bong-lai-nho-de-ban-2.jpg
CCNIMG0370,CCNPLT0209,https://mowgarden.com/wp-content/uploads/2022/10/cay-kim-giao-tieu-canh-de-ban-1.jpg
CCNIMG0371,CCNPLT0209,https://mowgarden.com/wp-content/uploads/2022/10/cay-kim-giao-tieu-canh-de-ban-2.jpg
CCNIMG0372,CCNPLT0209,https://mowgarden.com/wp-content/uploads/2022/10/cay-kim-giao-tieu-canh-de-ban-3.jpg
CCNIMG0373,CCNPLT0210,https://mowgarden.com/wp-content/uploads/2022/10/cay-mon-ngua-van-alocasia-zebrina-sarian-1.jpg
CCNIMG0374,CCNPLT0210,https://mowgarden.com/wp-content/uploads/2022/10/cay-mon-ngua-van-alocasia-zebrina-sarian-2.jpg
CCNIMG0375,CCNPLT0211,https://mowgarden.com/wp-content/uploads/2022/10/cay-ngu-gia-bi-xanh-chau-su-trang-1.jpg
CCNIMG0376,CCNPLT0212,https://mowgarden.com/wp-content/uploads/2022/10/cay-trau-ba-nam-my-chau-da-mai-den.jpg
CCNIMG0377,CCNPLT0212,https://mowgarden.com/wp-content/uploads/2022/10/cay-trau-ba-la-xe.jpg
CCNIMG0378,CCNPLT0213,https://mowgarden.com/wp-content/uploads/2022/10/cay-hanh-phuc-mot-than-lon-chau-da-mai.jpg
CCNIMG0379,CCNPLT0213,https://mowgarden.com/wp-content/uploads/2022/10/cay-hanh-phuc-adermachera-Sinica.jpg
CCNIMG0380,CCNPLT0214,https://mowgarden.com/wp-content/uploads/2022/10/cay-hong-mon-hong-chau-uom-1.jpg
CCNIMG0381,CCNPLT0214,https://mowgarden.com/wp-content/uploads/2022/10/cay-hong-mon-hong-chau-uom-2.jpg
CCNIMG0382,CCNPLT0214,https://mowgarden.com/wp-content/uploads/2022/10/cay-hong-mon-hong-chau-uom-3.jpg
CCNIMG0383,CCNPLT0215,https://mowgarden.com/wp-content/uploads/2022/10/cay-dua-diep-tien-yucca-silver-1.jpg
CCNIMG0384,CCNPLT0215,https://mowgarden.com/wp-content/uploads/2022/10/cay-dua-diep-tien-yucca-silver-2.jpg
CCNIMG0385,CCNPLT0215,https://mowgarden.com/wp-content/uploads/2022/10/cay-dua-diep-tien-yucca-silver-3.jpg
CCNIMG0386,CCNPLT0216,https://mowgarden.com/wp-content/uploads/2022/10/cay-sao-sang-Dieffenbachia-seguine-Mars-1.jpg
CCNIMG0387,CCNPLT0216,https://mowgarden.com/wp-content/uploads/2022/10/cay-sao-sang-Dieffenbachia-seguine-Mars-2.jpg
CCNIMG0388,CCNPLT0217,https://mowgarden.com/wp-content/uploads/2022/10/sen-da-mix-chau-lu-dat-nung-nho-1.jpg
CCNIMG0389,CCNPLT0217,https://mowgarden.com/wp-content/uploads/2022/10/sen-da-mix-chau-lu-dat-nung-nho-2.jpg
CCNIMG0390,CCNPLT0217,https://mowgarden.com/wp-content/uploads/2022/10/sen-da-mix-chau-lu-dat-nung-nho-3.jpg
CCNIMG0391,CCNPLT0218,https://mowgarden.com/wp-content/uploads/2022/10/sen-da-mix-chau-lu-dat-nung.jpg
CCNIMG0392,CCNPLT0218,https://mowgarden.com/wp-content/uploads/2022/10/sen-da-mix-chau-lu-dat-nung-1.jpg
CCNIMG0393,CCNPLT0218,https://mowgarden.com/wp-content/uploads/2022/10/sen-da-mix-chau-lu-dat-nung-2.jpg
CCNIMG0394,CCNPLT0219,https://mowgarden.com/wp-content/uploads/2022/10/cay-da-tam-phuc-nho-de-ban-1.jpg
CCNIMG0395,CCNPLT0219,https://mowgarden.com/wp-content/uploads/2022/10/cay-da-tam-phuc-nho-de-ban-2.jpg
CCNIMG0396,CCNPLT0220,https://mowgarden.com/wp-content/uploads/2022/10/cay-nhu-y-chau-uom-aglaonema-red-stardust-1.jpg
CCNIMG0397,CCNPLT0220,https://mowgarden.com/wp-content/uploads/2022/10/cay-nhu-y-chau-uom-aglaonema-red-stardust-2.jpg
CCNIMG0398,CCNPLT0221,https://mowgarden.com/wp-content/uploads/2022/10/cay-cung-dien-vang-aglaonema-legacy.jpg
CCNIMG0399,CCNPLT0221,https://mowgarden.com/wp-content/uploads/2022/10/cay-cung-dien-vang-aglaonema-legacy-2.jpg
CCNIMG0400,CCNPLT0222,https://mowgarden.com/wp-content/uploads/2022/10/cay-van-loc-son-thuy-sinh-aglaonema-red-star-1a.jpg
CCNIMG0401,CCNPLT0222,https://mowgarden.com/wp-content/uploads/2022/10/cay-van-loc-son-thuy-sinh-aglaonema-red-star-2.jpg
CCNIMG0402,CCNPLT0223,https://mowgarden.com/wp-content/uploads/2022/10/cay-van-loc-son-de-ban-1.jpg
CCNIMG0403,CCNPLT0223,https://mowgarden.com/wp-content/uploads/2022/10/cay-van-loc-son-de-ban-2.jpg
CCNIMG0404,CCNPLT0223,https://mowgarden.com/wp-content/uploads/2022/10/cay-van-loc-son-de-ban-3.jpg
CCNIMG0405,CCNPLT0224,https://mowgarden.com/wp-content/uploads/2022/10/cay-hong-phat-loc-de-ban-1.jpg
CCNIMG0406,CCNPLT0224,https://mowgarden.com/wp-content/uploads/2022/10/cay-hong-phat-loc-de-ban-2.jpg
CCNIMG0407,CCNPLT0225,https://mowgarden.com/wp-content/uploads/2022/10/cay-thinh-vuong-nho-de-ban-1.jpg
CCNIMG0408,CCNPLT0225,https://mowgarden.com/wp-content/uploads/2022/10/cay-thinh-vuong-nho-de-ban-2.jpg
CCNIMG0409,CCNPLT0226,https://mowgarden.com/wp-content/uploads/2022/10/cay-hong-ngan-aglaonema-red-panama-1.jpg
CCNIMG0410,CCNPLT0226,https://mowgarden.com/wp-content/uploads/2022/10/cay-hong-ngan-aglaonema-red-panama-2.jpg
CCNIMG0411,CCNPLT0227,https://mowgarden.com/wp-content/uploads/2022/10/cay-thanh-lam-chau-uom-1.jpg
CCNIMG0412,CCNPLT0227,https://mowgarden.com/wp-content/uploads/2022/10/cay-thanh-lam-chau-uom-2.jpg
CCNIMG0413,CCNPLT0228,https://mowgarden.com/wp-content/uploads/2022/10/cay-thien-hoang-chau-uom.jpg
CCNIMG0414,CCNPLT0229,https://mowgarden.com/wp-content/uploads/2022/10/cay-tieu-bach-ma-hoang-tu-1.jpg
CCNIMG0415,CCNPLT0229,https://mowgarden.com/wp-content/uploads/2022/10/cay-tieu-bach-ma-hoang-tu-2.jpg
CCNIMG0416,CCNPLT0230,https://mowgarden.com/wp-content/uploads/2022/10/cay-da-bup-do-cam-thach-mot-than-de-ban.jpg
CCNIMG0417,CCNPLT0231,https://mowgarden.com/wp-content/uploads/2022/10/cay-co-tong-duoi-luon.jpg
CCNIMG0418,CCNPLT0231,https://mowgarden.com/wp-content/uploads/2022/10/cay-co-tong-duoi-luon-la-mau.jpg
CCNIMG0419,CCNPLT0232,https://mowgarden.com/wp-content/uploads/2022/10/cay-tong-la-mit-nho-1.jpg
CCNIMG0420,CCNPLT0232,https://mowgarden.com/wp-content/uploads/2022/10/cay-tong-la-mit-nho-2.jpg
CCNIMG0421,CCNPLT0233,https://mowgarden.com/wp-content/uploads/2022/10/cay-phu-quy-do-Aglaonema-Anyamanee.jpg
CCNIMG0422,CCNPLT0233,https://mowgarden.com/wp-content/uploads/2022/10/cay-phu-quy-do-Aglaonema-Anyamanee-2.jpg
CCNIMG0423,CCNPLT0234,https://mowgarden.com/wp-content/uploads/2022/10/cay-ngoc-bich-nho-super-white-2.jpg
CCNIMG0424,CCNPLT0234,https://mowgarden.com/wp-content/uploads/2022/10/cay-ngoc-bich-nho-super-white-1.jpg
CCNIMG0425,CCNPLT0234,https://mowgarden.com/wp-content/uploads/2022/10/cay-ngoc-bich-nho-super-white-3.jpg
CCNIMG0426,CCNPLT0235,https://mowgarden.com/wp-content/uploads/2022/10/cay-ngu-gia-bi-cam-thach-nho-chau-uom.jpg
CCNIMG0427,CCNPLT0236,https://mowgarden.com/wp-content/uploads/2022/10/cay-hanh-phuc-co-trung.jpg
CCNIMG0428,CCNPLT0236,https://mowgarden.com/wp-content/uploads/2022/10/cay-hanh-phuc-adermachera-Sinica.jpg
CCNIMG0429,CCNPLT0237,https://mowgarden.com/wp-content/uploads/2022/10/cay-bao-thanh-thien-chau-uom.jpg
CCNIMG0430,CCNPLT0238,https://mowgarden.com/wp-content/uploads/2022/10/cay-trau-ba-leo-cot-philodendron-brazil-carnival.jpg
CCNIMG0431,CCNPLT0238,https://mowgarden.com/wp-content/uploads/2022/10/cay-trau-ba-leo-cot-philodendron-brazil-carnival-2.jpg
CCNIMG0432,CCNPLT0239,https://mowgarden.com/wp-content/uploads/2022/10/cay-trau-ba-ty-phu-dot-bien-burble-max.jpg
CCNIMG0433,CCNPLT0239,https://mowgarden.com/wp-content/uploads/2022/10/cay-trau-ba-ty-phu-burble-marx-var.jpg
CCNIMG0434,CCNPLT0239,https://mowgarden.com/wp-content/uploads/2022/10/trau-ba-ty-phu-philodendron-burle-marx-var.jpg
CCNIMG0435,CCNPLT0240,https://mowgarden.com/wp-content/uploads/2022/10/cay-sao-sang-galaxy-Aglaonema-Morodoklok-1.jpg
CCNIMG0436,CCNPLT0240,https://mowgarden.com/wp-content/uploads/2022/10/cay-sao-sang-galaxy-Aglaonema-Morodoklok-2.jpg
CCNIMG0437,CCNPLT0241,https://mowgarden.com/wp-content/uploads/2022/10/cay-phuong-hoang-lua-Chlorophytum-orchidastrum.jpg
CCNIMG0438,CCNPLT0241,https://mowgarden.com/wp-content/uploads/2022/10/cay-phuong-hoang-lua-Chlorophytum-orchidastrum-2a.jpg
CCNIMG0439,CCNPLT0241,https://mowgarden.com/wp-content/uploads/2022/10/cay-phuong-hoang-lua.jpg
CCNIMG0440,CCNPLT0242,https://mowgarden.com/wp-content/uploads/2022/10/trau-ba-de-vuong-kim-cuong-brikin.jpg
CCNIMG0441,CCNPLT0242,https://mowgarden.com/wp-content/uploads/2022/10/trau-ba-de-vuong-kim-cuong-brikin-2.jpg
CCNIMG0442,CCNPLT0243,https://mowgarden.com/wp-content/uploads/2022/10/cay-trau-ba-de-vuong-mini.jpg
CCNIMG0443,CCNPLT0244,https://mowgarden.com/wp-content/uploads/2022/10/cay-trau-ba-de-vuong-xanh-imperal-green.jpg
CCNIMG0444,CCNPLT0245,https://mowgarden.com/wp-content/uploads/2022/10/cay-trau-ba-de-vuong-vang-mini-1.jpg
CCNIMG0445,CCNPLT0245,https://mowgarden.com/wp-content/uploads/2022/10/cay-trau-ba-de-vuong-vang-mini.jpg
CCNIMG0446,CCNPLT0246,https://mowgarden.com/wp-content/uploads/2022/10/cay-trau-ba-de-vuong-do-philodenron-red-imperal.jpg
CCNIMG0447,CCNPLT0246,https://mowgarden.com/wp-content/uploads/2022/10/cay-trau-ba-de-vuong-la-do.jpg
CCNIMG0448,CCNPLT0247,https://mowgarden.com/wp-content/uploads/2022/10/cay-duong-xi-to-chim-aspl-osaka-1.jpg
CCNIMG0449,CCNPLT0247,https://mowgarden.com/wp-content/uploads/2022/10/cay-duong-xi-to-chim-aspl-osaka-2.jpg
CCNIMG0450,CCNPLT0248,https://mowgarden.com/wp-content/uploads/2022/10/cay-duoi-cong-Calathea-musaica-1.jpg
CCNIMG0451,CCNPLT0248,https://mowgarden.com/wp-content/uploads/2022/10/cay-duoi-cong-Calathea-musaica-3.jpg
CCNIMG0452,CCNPLT0248,https://mowgarden.com/wp-content/uploads/2022/10/cay-duoi-cong-Calathea-musaica-2.jpg
CCNIMG0453,CCNPLT0249,https://mowgarden.com/wp-content/uploads/2022/10/cay-duoi-cong-tao-xanh-thuy-sinh.jpg
CCNIMG0454,CCNPLT0250,https://mowgarden.com/wp-content/uploads/2022/10/cay-bang-singapore-hai-nhanh-nho.jpg
CCNIMG0455,CCNPLT0251,https://mowgarden.com/wp-content/uploads/2022/10/cay-bang-singapore-mini-uyen-uong.jpg
CCNIMG0456,CCNPLT0251,https://mowgarden.com/wp-content/uploads/2022/10/cay-bang-singapore-tieu-canh.jpg
CCNIMG0457,CCNPLT0252,https://mowgarden.com/wp-content/uploads/2022/10/cay-hanh-phuc-chau-gom-su-1.jpg
CCNIMG0458,CCNPLT0253,https://mowgarden.com/wp-content/uploads/2022/10/cay-kim-tien-de-ban-chau-su.jpg
CCNIMG0459,CCNPLT0254,https://mowgarden.com/wp-content/uploads/2022/10/cay-da-bup-do-Ficus-Elastica-Tineke-3-than-chau-uom.jpg
CCNIMG0460,CCNPLT0254,https://mowgarden.com/wp-content/uploads/2021/04/cay-da-bup-do-cam-thach-Ficus-elastica-Tineke-2.jpg
CCNIMG0461,CCNPLT0255,https://mowgarden.com/wp-content/uploads/2022/10/cay-hanh-phuc-2-tang-chau-su-trang.jpg
CCNIMG0462,CCNPLT0256,https://mowgarden.com/wp-content/uploads/2022/10/cay-trau-ba-thanh-xuan-chau-da-mai.jpg
CCNIMG0463,CCNPLT0257,https://mowgarden.com/wp-content/uploads/2022/10/cay-truc-bach-hop-co-trung-chau-gom-su.jpg
CCNIMG0464,CCNPLT0258,https://mowgarden.com/wp-content/uploads/2022/10/cay-hanh-phuc-mot-than-kich-thuoc-lon.jpg
CCNIMG0465,CCNPLT0259,https://mowgarden.com/wp-content/uploads/2022/10/cay-hanh-phuc-mot-than-co-trung-chau-uom.jpg
CCNIMG0466,CCNPLT0260,https://mowgarden.com/wp-content/uploads/2022/10/cay-trau-ba-cam-thach-Epipremnum-Njoy.jpg
CCNIMG0467,CCNPLT0261,https://mowgarden.com/wp-content/uploads/2022/10/cay-tuyet-trang-chau-uom.jpg
CCNIMG0468,CCNPLT0261,https://mowgarden.com/wp-content/uploads/2022/10/cay-tuyet-trang-chau-uom-2.jpg
CCNIMG0469,CCNPLT0261,https://mowgarden.com/wp-content/uploads/2022/10/cay-tuyet-trang-chau-uom-3.jpg
CCNIMG0470,CCNPLT0262,https://mowgarden.com/wp-content/uploads/2022/09/cay-trau-ba-de-vuong-xanh-chau-xi-mang.jpg
CCNIMG0471,CCNPLT0263,https://mowgarden.com/wp-content/uploads/2022/09/trau-ba-de-vuong-vang-1.jpg
CCNIMG0472,CCNPLT0263,https://mowgarden.com/wp-content/uploads/2021/11/trau-ba-de-vuong-vang-5.jpg
CCNIMG0473,CCNPLT0264,https://mowgarden.com/wp-content/uploads/2022/09/cay-duoi-cong-Calathea-Shinestar-3.jpg
CCNIMG0474,CCNPLT0264,https://mowgarden.com/wp-content/uploads/2022/09/cay-duoi-cong-Calathea-Shinestar-2a.jpg
CCNIMG0475,CCNPLT0265,https://mowgarden.com/wp-content/uploads/2022/09/cay-kim-tien-co-trung-chau-men-su-1.jpg
CCNIMG0476,CCNPLT0265,https://mowgarden.com/wp-content/uploads/2014/06/cay-kim-tien-lon-chau-uom-2.jpg
CCNIMG0477,CCNPLT0266,https://mowgarden.com/wp-content/uploads/2022/09/cay-cau-nguyen-Maranta-leuconeura-a.jpg
CCNIMG0478,CCNPLT0266,https://mowgarden.com/wp-content/uploads/2022/09/cay-cau-nguyen-Maranta-leuconeura-1.jpg
CCNIMG0479,CCNPLT0266,https://mowgarden.com/wp-content/uploads/2022/09/cay-cau-nguyen-Maranta-leuconeura-2.jpg
CCNIMG0480,CCNPLT0267,https://mowgarden.com/wp-content/uploads/2022/09/cay-duoi-cong-xuong-ca-1.jpg
CCNIMG0481,CCNPLT0268,https://mowgarden.com/wp-content/uploads/2022/09/cay-duoi-cong-calathea-Warscewiczii-1.jpg
CCNIMG0482,CCNPLT0268,https://mowgarden.com/wp-content/uploads/2022/09/cay-duoi-cong-calathea-Warscewiczii-2.jpg
CCNIMG0483,CCNPLT0269,https://mowgarden.com/wp-content/uploads/2022/09/cay-duoi-cong-Calathea-Shinestar-2.jpg
CCNIMG0484,CCNPLT0269,https://mowgarden.com/wp-content/uploads/2022/09/cay-duoi-cong-Calathea-Shinestar-2a.jpg
CCNIMG0485,CCNPLT0270,https://mowgarden.com/wp-content/uploads/2022/09/cay-duoi-cong-tim-Calathea-roseopicta-Dottie.jpg
CCNIMG0486,CCNPLT0270,https://mowgarden.com/wp-content/uploads/2022/09/cay-duoi-cong-tim-thuy-sinh-1.jpg
CCNIMG0487,CCNPLT0271,https://mowgarden.com/wp-content/uploads/2022/09/cay-duoi-cong-nu-than-xanh-chau-uom-nho.jpg
CCNIMG0488,CCNPLT0272,https://mowgarden.com/wp-content/uploads/2022/09/cay-bang-singapore-la-nho-chau-su.jpg
CCNIMG0489,CCNPLT0272,https://mowgarden.com/wp-content/uploads/2022/09/cay-bang-singapore-la-nho-chau-su-1.jpg
CCNIMG0490,CCNPLT0273,https://mowgarden.com/wp-content/uploads/2022/09/cay-hong-hac-mini-Philodendron-Billietiae-chau-uom-2-1.jpg
CCNIMG0491,CCNPLT0273,https://mowgarden.com/wp-content/uploads/2022/09/cay-hong-hac-mini-Philodendron-Billietiae-chau-uom-2.jpg
CCNIMG0492,CCNPLT0274,https://mowgarden.com/wp-content/uploads/2022/09/cay-hong-hac-mini-Philodendron-Billietiae-chau-uom-1.jpg
CCNIMG0493,CCNPLT0274,https://mowgarden.com/wp-content/uploads/2022/09/cay-hong-hac-mini-Philodendron-Billietiae-chau-uom-2.jpg
CCNIMG0494,CCNPLT0275,https://mowgarden.com/wp-content/uploads/2022/09/cay-hong-mon-mini-de-ban-chau-su.jpg
CCNIMG0495,CCNPLT0275,https://mowgarden.com/wp-content/uploads/2022/09/cay-hong-mon-de-ban.jpg
CCNIMG0496,CCNPLT0275,https://mowgarden.com/wp-content/uploads/2022/09/cay-hong-mon-de-ban-2.jpg
CCNIMG0497,CCNPLT0276,https://mowgarden.com/wp-content/uploads/2022/09/cay-duong-xi-nho-de-ban-chau-su.jpg
CCNIMG0498,CCNPLT0277,https://mowgarden.com/wp-content/uploads/2022/09/cay-duong-xi-la-me-Nephrolepis-cordifolia-.jpg
CCNIMG0499,CCNPLT0278,https://mowgarden.com/wp-content/uploads/2022/09/cay-cau-vang-nhat-ban-chau-xi-mang-da-mai-1.jpg
CCNIMG0500,CCNPLT0278,https://mowgarden.com/wp-content/uploads/2022/09/cay-cau-vang-nhat-ban-chau-uom-1.jpg
CCNIMG0501,CCNPLT0279,https://mowgarden.com/wp-content/uploads/2022/09/cay-cau-vang-nhat-ban-co-trung.jpg
CCNIMG0502,CCNPLT0279,https://mowgarden.com/wp-content/uploads/2022/09/cay-cau-vang-nhat-ban-chau-uom-1.jpg
CCNIMG0503,CCNPLT0280,https://mowgarden.com/wp-content/uploads/2022/08/cay-kim-tien-lon-chau-xi-mang.jpg
CCNIMG0504,CCNPLT0280,https://mowgarden.com/wp-content/uploads/2014/06/cay-kim-tien-lon-chau-uom-2.jpg
CCNIMG0505,CCNPLT0281,https://mowgarden.com/wp-content/uploads/2022/09/cay-tung-bach-tan-de-ban.jpg
CCNIMG0506,CCNPLT0281,https://mowgarden.com/wp-content/uploads/2022/09/cay-tung-xuong-ca-tieu-canh-de-ban-1.jpg
CCNIMG0507,CCNPLT0281,https://mowgarden.com/wp-content/uploads/2022/09/cay-tung-xuong-ca-tieu-canh-de-ban-2.jpg
CCNIMG0508,CCNPLT0282,https://mowgarden.com/wp-content/uploads/2022/09/cay-hong-hac-mini-Philodendron-Billietiae-chau-uom.jpg
CCNIMG0509,CCNPLT0283,https://mowgarden.com/wp-content/uploads/2022/09/cay-ngu-gia-bi-bonsai-de-ban-chau-su-1.jpg
CCNIMG0510,CCNPLT0283,https://mowgarden.com/wp-content/uploads/2022/09/cay-ngu-gia-bi-bonsai.jpg
CCNIMG0511,CCNPLT0283,https://mowgarden.com/wp-content/uploads/2022/09/cay-ngu-gia-bi-bonsai-2.jpg
CCNIMG0512,CCNPLT0284,https://mowgarden.com/wp-content/uploads/2022/09/cay-bang-singapore-80cm-chau-uom.jpg
CCNIMG0513,CCNPLT0285,https://mowgarden.com/wp-content/uploads/2022/10/cay-hanh-phuc-de-san-chau-gom-su.jpg
CCNIMG0514,CCNPLT0285,https://mowgarden.com/wp-content/uploads/2022/10/cay-hanh-phuc-adermachera-Sinica.jpg
CCNIMG0515,CCNPLT0286,https://mowgarden.com/wp-content/uploads/2022/09/cay-ngu-gia-bi-bonsai-chau-su.jpg
CCNIMG0516,CCNPLT0287,https://mowgarden.com/wp-content/uploads/2022/09/cay-ngu-gia-bi-xanh-de-ban-chau-men-su.jpg
CCNIMG0517,CCNPLT0288,https://mowgarden.com/wp-content/uploads/2022/09/cay-cau-vang-nhat-ban-chau-xi-mang-da-mai.jpg
CCNIMG0518,CCNPLT0288,https://mowgarden.com/wp-content/uploads/2022/09/cay-cau-vang-nhat-ban-chau-uom-1.jpg
CCNIMG0519,CCNPLT0289,https://mowgarden.com/wp-content/uploads/2022/09/cay-cau-vang-nhat-ban-chau-uom.jpg
CCNIMG0520,CCNPLT0289,https://mowgarden.com/wp-content/uploads/2022/09/cay-cau-vang-nhat-ban-chau-uom-1.jpg
CCNIMG0521,CCNPLT0290,https://mowgarden.com/wp-content/uploads/2022/10/cay-bang-singapore-nho-de-ban.jpg
CCNIMG0522,CCNPLT0291,https://mowgarden.com/wp-content/uploads/2022/10/cay-kim-tien-kich-thuoc-trung.jpg
CCNIMG0523,CCNPLT0291,https://mowgarden.com/wp-content/uploads/2022/10/cay-kim-tien-kich-thuoc-trung-2.jpg
CCNIMG0524,CCNPLT0292,https://mowgarden.com/wp-content/uploads/2022/09/cay-bang-singapore-chau-xi-mang-tru-tron.jpg
CCNIMG0525,CCNPLT0293,https://mowgarden.com/wp-content/uploads/2022/09/cay-kim-ngan-binh-kich-thuoc-lon.jpg
CCNIMG0526,CCNPLT0294,https://mowgarden.com/wp-content/uploads/2022/09/cay-kim-ngan-that-no-tieu-canh.jpg
CCNIMG0527,CCNPLT0295,https://mowgarden.com/wp-content/uploads/2022/09/cay-kim-ngan-chau-su-tieu-canh.jpg
CCNIMG0528,CCNPLT0296,https://mowgarden.com/wp-content/uploads/2022/09/cay-kim-ngan-thuy-sinh-mot-than-tru-lon.jpg
CCNIMG0529,CCNPLT0296,https://mowgarden.com/wp-content/uploads/2022/02/cay-kim-ngan-mot-than-thuy-sinh-2.jpg
CCNIMG0530,CCNPLT0297,https://mowgarden.com/wp-content/uploads/2022/09/cay-bang-singapore-dang-tree-1.jpg
CCNIMG0531,CCNPLT0298,https://mowgarden.com/wp-content/uploads/2022/09/cay-bang-singapore-chau-gom-su-den.jpg
CCNIMG0532,CCNPLT0299,https://mowgarden.com/wp-content/uploads/2022/09/cay-bang-singapore-chau-gom-su-lon.jpg
CCNIMG0533,CCNPLT0300,https://mowgarden.com/wp-content/uploads/2022/09/cay-kim-tien-chau-xi-mang-vang.jpg
CCNIMG0534,CCNPLT0300,https://mowgarden.com/wp-content/uploads/2021/04/cay-kim-tien-zz-plant-1-1.jpg
CCNIMG0535,CCNPLT0300,https://mowgarden.com/wp-content/uploads/2021/04/cay-kim-tien-zz-plant-5-1.jpg
CCNIMG0536,CCNPLT0301,https://mowgarden.com/wp-content/uploads/2022/09/cay-bang-singapore-2-nhanh-lon-chau-xi-mang.jpg
CCNIMG0537,CCNPLT0302,https://mowgarden.com/wp-content/uploads/2022/09/cay-bang-singapore-chau-da-mai-hinh-tru-1.jpg
CCNIMG0538,CCNPLT0302,https://mowgarden.com/wp-content/uploads/2022/09/cay-bang-singapore-chau-da-mai-hinh-tru-2.jpg
CCNIMG0539,CCNPLT0303,https://mowgarden.com/wp-content/uploads/2022/09/cay-bang-singapore-lon-chau-men-ly-1.jpg
CCNIMG0540,CCNPLT0304,https://mowgarden.com/wp-content/uploads/2022/09/cay-bang-singapore-mot-nhanh-chau-gom-su.jpg
CCNIMG0541,CCNPLT0305,https://mowgarden.com/wp-content/uploads/2022/09/cay-bang-singapore-mot-than-cao-60cm-a.jpg
CCNIMG0542,CCNPLT0306,https://mowgarden.com/wp-content/uploads/2022/09/cay-bang-singapore-mini-de-ban-1.jpg
CCNIMG0543,CCNPLT0307,https://mowgarden.com/wp-content/uploads/2022/09/cay-bang-singapore-mini-de-ban-2.jpg
CCNIMG0544,CCNPLT0308,https://mowgarden.com/wp-content/uploads/2022/09/cay-bang-singapore-mini.jpg
CCNIMG0545,CCNPLT0308,https://mowgarden.com/wp-content/uploads/2022/09/cay-bang-singapore-mini-de-ban-3.jpg
CCNIMG0546,CCNPLT0309,https://mowgarden.com/wp-content/uploads/2022/09/cay-bang-singapore-mini-de-ban.jpg
CCNIMG0547,CCNPLT0310,https://mowgarden.com/wp-content/uploads/2022/09/cay-kim-tien-chau-ly-men-su.jpg
CCNIMG0548,CCNPLT0311,https://mowgarden.com/wp-content/uploads/2022/09/cay-kim-tien-chau-men-su-cao-1.jpg
CCNIMG0549,CCNPLT0311,https://mowgarden.com/wp-content/uploads/2014/06/cay-kim-tien-zz-plant-3.jpg
CCNIMG0550,CCNPLT0312,https://mowgarden.com/wp-content/uploads/2022/09/cay-kim-tien-size-trung-chau-men-su.jpg
CCNIMG0551,CCNPLT0312,https://mowgarden.com/wp-content/uploads/2014/06/cay-kim-tien-zz-plant-3.jpg
CCNIMG0552,CCNPLT0313,https://mowgarden.com/wp-content/uploads/2022/09/cay-kim-tien-de-san-chau-su-1.jpg
CCNIMG0553,CCNPLT0314,https://mowgarden.com/wp-content/uploads/2022/09/cay-kim-tien-nho-de-ban.jpg
CCNIMG0554,CCNPLT0315,https://mowgarden.com/wp-content/uploads/2022/09/cay-kim-tien-chau-su-de-ban.jpg
CCNIMG0555,CCNPLT0316,https://mowgarden.com/wp-content/uploads/2022/09/cay-kim-tien-chau-uom-nho-1.jpg
CCNIMG0556,CCNPLT0317,https://mowgarden.com/wp-content/uploads/2022/09/cay-kim-ngan-that-binh-nho-chau-su-1.jpg
CCNIMG0557,CCNPLT0318,https://mowgarden.com/wp-content/uploads/2022/09/cay-kim-ngan-mot-than-chau-su-1.jpg
CCNIMG0558,CCNPLT0319,https://mowgarden.com/wp-content/uploads/2022/09/cay-kim-ngan-mot-than-tru-to-chau-su-de-ban-1a.jpg
CCNIMG0559,CCNPLT0319,https://mowgarden.com/wp-content/uploads/2022/09/cay-kim-ngan-mot-than-tru-to-chau-su-de-ban-2.jpg
CCNIMG0560,CCNPLT0320,https://mowgarden.com/wp-content/uploads/2022/09/cay-kim-ngan-mot-than-tru-to.jpg
CCNIMG0561,CCNPLT0320,https://mowgarden.com/wp-content/uploads/2021/11/cay-kim-ngan-xoan-nho-3.jpg
CCNIMG0562,CCNPLT0321,https://mowgarden.com/wp-content/uploads/2022/09/cay-kim-ngan-mot-than-mini-de-ban-chau-uom.jpg
CCNIMG0563,CCNPLT0322,https://mowgarden.com/wp-content/uploads/2022/09/cay-duoi-cong-la-xanh-1-1.jpg
CCNIMG0564,CCNPLT0322,https://mowgarden.com/wp-content/uploads/2022/09/cay-duoi-cong-la-xanh-1-2.jpg
CCNIMG0565,CCNPLT0323,https://mowgarden.com/wp-content/uploads/2022/09/cay-duoi-cong-xuong-ca-chau-su.jpg
CCNIMG0566,CCNPLT0323,https://mowgarden.com/wp-content/uploads/2022/09/cay-duoi-cong-xuong-ca.jpg
CCNIMG0567,CCNPLT0324,https://mowgarden.com/wp-content/uploads/2022/09/cay-troc-bac-hong-thuy-sinh.jpg
CCNIMG0568,CCNPLT0325,https://mowgarden.com/wp-content/uploads/2022/09/cay-trac-bac-xanh-thuy-sinh.jpg
CCNIMG0569,CCNPLT0326,https://mowgarden.com/wp-content/uploads/2022/09/cay-trau-ba-ty-phu-thuy-sinh.jpg
CCNIMG0570,CCNPLT0327,https://mowgarden.com/wp-content/uploads/2022/09/cay-duoi-cong-tim-thuy-sinh.jpg
CCNIMG0571,CCNPLT0327,https://mowgarden.com/wp-content/uploads/2022/09/cay-duoi-cong-tim-thuy-sinh-1.jpg
CCNIMG0572,CCNPLT0328,https://mowgarden.com/wp-content/uploads/2022/09/cay-duoi-cong-la-xanh-dom-thuy-sinh.jpg
CCNIMG0573,CCNPLT0328,https://mowgarden.com/wp-content/uploads/2022/09/cay-duoi-cong-la-xanh-dom-thuy-sinh-1.jpg
CCNIMG0574,CCNPLT0329,https://mowgarden.com/wp-content/uploads/2022/09/cay-duoi-cong-xanh-thuy-sinh.jpg
CCNIMG0575,CCNPLT0329,https://mowgarden.com/wp-content/uploads/2022/09/cay-duoi-cong-xanh-thuy-sinh-1.jpg
CCNIMG0576,CCNPLT0330,https://mowgarden.com/wp-content/uploads/2022/09/cay-huyet-du-kiem-chau-uom.jpg
CCNIMG0577,CCNPLT0330,https://mowgarden.com/wp-content/uploads/2022/09/cay-huyet-du-kiem-chau-uom-1.jpg
CCNIMG0578,CCNPLT0330,https://mowgarden.com/wp-content/uploads/2022/09/cay-huyet-du-kiem-chau-uom-2.jpg
CCNIMG0579,CCNPLT0331,https://mowgarden.com/wp-content/uploads/2022/09/monquanammowgarden.jpg
CCNIMG0580,CCNPLT0332,https://mowgarden.com/wp-content/uploads/2022/11/cay-truong-sinh-cam-thach-chau-dat-nung-son.jpg
CCNIMG0581,CCNPLT0333,https://mowgarden.com/wp-content/uploads/2022/09/philodendronparaisomowgarden.jpg
CCNIMG0582,CCNPLT0334,https://mowgarden.com/wp-content/uploads/2022/09/philodendrongigasmowgarden.jpg
CCNIMG0583,CCNPLT0335,https://mowgarden.com/wp-content/uploads/2022/11/cay-co-nhat-chau-uom.jpg
CCNIMG0584,CCNPLT0336,https://mowgarden.com/wp-content/uploads/2022/08/trocbachongmowgarden.jpg
CCNIMG0585,CCNPLT0337,https://mowgarden.com/wp-content/uploads/2022/08/cay-hoang-hau-chau-men-su-trang-cao.jpg
CCNIMG0586,CCNPLT0338,https://mowgarden.com/wp-content/uploads/2022/08/cay-hoang-hau-chau-men-su-de-ban.jpg
CCNIMG0587,CCNPLT0339,https://mowgarden.com/wp-content/uploads/2022/08/traubahanhphucmowgarden.jpg
CCNIMG0588,CCNPLT0340,https://mowgarden.com/wp-content/uploads/2022/08/8-cay-duong-xi-nho-de-ban-chau-su-1.jpg
CCNIMG0589,CCNPLT0340,https://mowgarden.com/wp-content/uploads/2022/08/8-cay-duong-xi-nho-de-ban-chau-su-2.jpg
CCNIMG0590,CCNPLT0341,https://mowgarden.com/wp-content/uploads/2022/08/duoicongtaomowgarden.jpg
CCNIMG0591,CCNPLT0342,https://mowgarden.com/wp-content/uploads/2022/08/cay-duoi-cong-xuong-xa-maxi.jpg
CCNIMG0592,CCNPLT0343,https://mowgarden.com/wp-content/uploads/2022/08/cay-duong-xi-phuong-hoang-1.jpg
CCNIMG0593,CCNPLT0344,https://mowgarden.com/wp-content/uploads/2022/08/cay-trau-ba-philodendron-mayoi.jpg
CCNIMG0594,CCNPLT0345,https://mowgarden.com/wp-content/uploads/2022/08/caynganhauchausumowgarden.jpg
CCNIMG0595,CCNPLT0346,https://mowgarden.com/wp-content/uploads/2022/08/cay-cau-tieu-tram-mini-de-ban.jpg
CCNIMG0596,CCNPLT0347,https://mowgarden.com/wp-content/uploads/2022/08/cay-duoi-cong-tao-xanh-chau-men-su.jpg
CCNIMG0597,CCNPLT0348,https://mowgarden.com/wp-content/uploads/2022/08/cautieutramdebanmowgarden2.jpg
CCNIMG0598,CCNPLT0349,https://mowgarden.com/wp-content/uploads/2022/08/luoihovangmowgarden.jpg
CCNIMG0599,CCNPLT0350,https://mowgarden.com/wp-content/uploads/2022/08/tuyettungdebanmowgarden.jpg
CCNIMG0600,CCNPLT0351,https://mowgarden.com/wp-content/uploads/2022/08/cay-cau-tieu-tram-de-ban-chau-su.jpg
CCNIMG0601,CCNPLT0351,https://mowgarden.com/wp-content/uploads/2022/08/cay-cau-tieu-tram-de-ban-2.jpg
CCNIMG0602,CCNPLT0351,https://mowgarden.com/wp-content/uploads/2022/08/cay-cau-tieu-tram-de-ban-1.jpg
CCNIMG0603,CCNPLT0352,https://mowgarden.com/wp-content/uploads/2022/08/cay-duoi-cong-dom-xanh-chau-men-su.jpg
CCNIMG0604,CCNPLT0353,https://mowgarden.com/wp-content/uploads/2022/08/cay-van-loc-son-mau-do-1.jpg
CCNIMG0605,CCNPLT0353,https://mowgarden.com/wp-content/uploads/2022/08/cay-van-loc-son-mau-do-2.jpg
CCNIMG0606,CCNPLT0354,https://mowgarden.com/wp-content/uploads/2022/08/duoicongdommowgarden.jpg
CCNIMG0607,CCNPLT0355,https://mowgarden.com/wp-content/uploads/2022/08/cay-canh-de-ban-chau-su-mix-4.jpg
CCNIMG0608,CCNPLT0356,https://mowgarden.com/wp-content/uploads/2022/08/cay-canh-de-ban-chau-su-mix-3.jpg
CCNIMG0609,CCNPLT0357,https://mowgarden.com/wp-content/uploads/2022/08/cay-canh-de-ban-chau-su-mix-2.jpg
CCNIMG0610,CCNPLT0358,https://mowgarden.com/wp-content/uploads/2022/08/cay-canh-de-ban-chau-su-mix-1.jpg
CCNIMG0611,CCNPLT0359,https://mowgarden.com/wp-content/uploads/2022/08/104-cay-mon-la-quan-doi.jpg
CCNIMG0612,CCNPLT0360,https://mowgarden.com/wp-content/uploads/2022/08/cay-duoi-cong-khong-tuoc-chau-su-2-1.jpg
CCNIMG0613,CCNPLT0360,https://mowgarden.com/wp-content/uploads/2022/08/cay-duoi-cong-khong-tuoc-chau-su-2.jpg
CCNIMG0614,CCNPLT0361,https://mowgarden.com/wp-content/uploads/2022/08/trau-rong-gold-dragon-mowgarden.jpg
CCNIMG0615,CCNPLT0362,https://mowgarden.com/wp-content/uploads/2022/08/kim-tien-chau-xi-mang-vuong.jpg
CCNIMG0616,CCNPLT0363,https://mowgarden.com/wp-content/uploads/2022/08/cay-monstera-chau-gom-mowgarden.jpg
CCNIMG0617,CCNPLT0364,https://mowgarden.com/wp-content/uploads/2022/08/duoi-phung-de-ban-mowgarden.jpg
CCNIMG0618,CCNPLT0365,https://mowgarden.com/wp-content/uploads/2022/08/cay-duoi-cong-khong-tuoc-chau-dat-nung-1.jpg
CCNIMG0619,CCNPLT0365,https://mowgarden.com/wp-content/uploads/2022/08/cay-duoi-cong-khong-tuoc-chau-dat-nung-2.jpg
CCNIMG0620,CCNPLT0366,https://mowgarden.com/wp-content/uploads/2022/08/cay-bao-thanh-thien-mowgarden.jpg
CCNIMG0621,CCNPLT0367,https://mowgarden.com/wp-content/uploads/2022/08/104-cay-hoang-tu-pink-princess.jpg
CCNIMG0622,CCNPLT0368,https://mowgarden.com/wp-content/uploads/2022/08/146-cay-chuoi-kieng.jpg
CCNIMG0623,CCNPLT0369,https://mowgarden.com/wp-content/uploads/2022/08/179-cay-truc-bach-hop-chau-su.jpg
CCNIMG0624,CCNPLT0370,https://mowgarden.com/wp-content/uploads/2022/08/cay-bang-dai-loan-cam-thach-chau-gom-su.jpg
CCNIMG0625,CCNPLT0371,https://mowgarden.com/wp-content/uploads/2022/08/chuoirequatmowgarden.jpg
CCNIMG0626,CCNPLT0372,https://mowgarden.com/wp-content/uploads/2022/08/cay-phat-tai-nui-mowgarden.jpg
CCNIMG0627,CCNPLT0373,https://mowgarden.com/wp-content/uploads/2022/08/phat-tai-nui-mowgarden.jpg
CCNIMG0628,CCNPLT0374,https://mowgarden.com/wp-content/uploads/2022/08/trau-ba-lo-mowgarden.jpg
CCNIMG0629,CCNPLT0375,https://mowgarden.com/wp-content/uploads/2022/08/luoihommowgarden1.jpg
CCNIMG0630,CCNPLT0376,https://mowgarden.com/wp-content/uploads/2022/08/80-cay-co-nhat-chau-xi-mang.jpg
CCNIMG0631,CCNPLT0377,https://mowgarden.com/wp-content/uploads/2022/08/72-cay-van-phong-mix-kim-ngan-bim.jpg
CCNIMG0632,CCNPLT0378,https://mowgarden.com/wp-content/uploads/2022/08/cay-trau-ba-thanh-xuan-co-trung-chau-dat-nung.jpg
CCNIMG0633,CCNPLT0379,https://mowgarden.com/wp-content/uploads/2022/08/cay-mon-thai-ARAC004.jpg
CCNIMG0634,CCNPLT0380,https://mowgarden.com/wp-content/uploads/2022/08/de-vuong-do-mowgarden.jpg
CCNIMG0635,CCNPLT0381,https://mowgarden.com/wp-content/uploads/2022/08/cay-phat-tai-nui-3-than-chau-su-1.jpg
CCNIMG0636,CCNPLT0381,https://mowgarden.com/wp-content/uploads/2022/08/cay-phat-tai-nui-3-than-chau-su-2.jpg
CCNIMG0637,CCNPLT0382,https://mowgarden.com/wp-content/uploads/2022/08/cay-luoi-ho-chau-xi-mang-da-mai.jpg
CCNIMG0638,CCNPLT0383,https://mowgarden.com/wp-content/uploads/2022/08/hanh-tien-thao-do-mowgarden.jpg
CCNIMG0639,CCNPLT0384,https://mowgarden.com/wp-content/uploads/2022/08/63-cay-da-bup-de-chau-xi-mang.jpg
CCNIMG0640,CCNPLT0385,https://mowgarden.com/wp-content/uploads/2022/08/cay-chong-chong-var-chau-dat-nung.jpg
CCNIMG0641,CCNPLT0386,https://mowgarden.com/wp-content/uploads/2022/08/48-cay-monstera-borsi-leo-cot-3000k.jpg
CCNIMG0642,CCNPLT0387,https://mowgarden.com/wp-content/uploads/2022/08/cay-trau-ba-de-vuong-kim-cuong-chau-dat-nung-1.jpg
CCNIMG0643,CCNPLT0387,https://mowgarden.com/wp-content/uploads/2022/08/cay-trau-ba-de-vuong-kim-cuong-chau-dat-nung-2.jpg
CCNIMG0644,CCNPLT0388,https://mowgarden.com/wp-content/uploads/2022/08/48-cay-monstera-borsi-5000k.jpg
CCNIMG0645,CCNPLT0389,https://mowgarden.com/wp-content/uploads/2022/08/cay-phat-tai-nui-2-tang-chau-da-mai.jpg
CCNIMG0646,CCNPLT0390,https://mowgarden.com/wp-content/uploads/2022/08/Philodendron-Splendid.jpg
CCNIMG0647,CCNPLT0391,https://mowgarden.com/wp-content/uploads/2022/08/43-cay-monstera-borsi-leo-cot.jpg
CCNIMG0648,CCNPLT0392,https://mowgarden.com/wp-content/uploads/2022/08/cay-cau-hawaii-chau-xi-mang-1.jpg
CCNIMG0649,CCNPLT0392,https://mowgarden.com/wp-content/uploads/2021/04/cay-cau-hawaii-chau-uom-2.jpg
CCNIMG0650,CCNPLT0393,https://mowgarden.com/wp-content/uploads/2022/08/cay-phat-tai-nui-2-tang.jpg
CCNIMG0651,CCNPLT0394,https://mowgarden.com/wp-content/uploads/2022/08/39-cay-van-loc-phat-de-ban.jpg
CCNIMG0652,CCNPLT0394,https://mowgarden.com/wp-content/uploads/2021/04/cay-van-loc-thuy-sinh-2-1.jpg
CCNIMG0653,CCNPLT0395,https://mowgarden.com/wp-content/uploads/2022/08/cay-ngan-hau-de-ban-mowgarden.jpg
CCNIMG0654,CCNPLT0396,https://mowgarden.com/wp-content/uploads/2022/08/cay-ngan-hau-de-trong-nha.jpg
CCNIMG0655,CCNPLT0397,https://mowgarden.com/wp-content/uploads/2022/08/chau-cay-qua-tang-phoi-phat-tai-nui.jpg
CCNIMG0656,CCNPLT0398,https://mowgarden.com/wp-content/uploads/2022/08/cay-canh-van-phong-mix-2.jpg
CCNIMG0657,CCNPLT0399,https://mowgarden.com/wp-content/uploads/2022/08/cay-huyet-du-kiem-chau-xi-mang.jpg
CCNIMG0658,CCNPLT0400,https://mowgarden.com/wp-content/uploads/2022/08/cay-luoi-ho-xanh-chau-xi-mang.jpg
CCNIMG0659,CCNPLT0401,https://mowgarden.com/wp-content/uploads/2022/08/cay-trau-ba-cung-dan-PHIL026.jpg
CCNIMG0660,CCNPLT0402,https://mowgarden.com/wp-content/uploads/2022/08/cay-luoi-ho-vang-chau-xi-mang.jpg
CCNIMG0661,CCNPLT0403,https://mowgarden.com/wp-content/uploads/2022/08/cay-cau-vang-nhat-ban-chau-xi-mang-vang.jpg
CCNIMG0662,CCNPLT0404,https://mowgarden.com/wp-content/uploads/2022/08/cay-luoi-ho-chau-da-mai-den.jpg
CCNIMG0663,CCNPLT0405,https://mowgarden.com/wp-content/uploads/2022/08/cay-bang-singapore-co-lon-dang-tree-chau-su-1.jpg
CCNIMG0664,CCNPLT0405,https://mowgarden.com/wp-content/uploads/2022/08/cay-bang-singapore-co-lon-dang-tree-chau-su-2.jpg
CCNIMG0665,CCNPLT0405,https://mowgarden.com/wp-content/uploads/2022/08/cay-bang-singapore-co-lon-dang-tree-chau-su-3.jpg
CCNIMG0666,CCNPLT0406,https://mowgarden.com/wp-content/uploads/2022/08/chau-cay-van-phong-mix-phat-tai-nui-mowgarden.jpg
CCNIMG0667,CCNPLT0407,https://mowgarden.com/wp-content/uploads/2022/08/cay-rong-bac-de-ban-mowgarden.jpg
CCNIMG0668,CCNPLT0408,https://mowgarden.com/wp-content/uploads/2022/08/cay-trau-ba-la-tim-xanh-mowgarden.jpg
CCNIMG0669,CCNPLT0409,https://mowgarden.com/wp-content/uploads/2022/08/cay-mon-quan-am-de-ban-mowgarden.jpg
CCNIMG0670,CCNPLT0410,https://mowgarden.com/wp-content/uploads/2022/08/cay-trau-ba-de-vuong-vang-mowgarden.jpg
CCNIMG0671,CCNPLT0410,https://mowgarden.com/wp-content/uploads/2022/08/trau-ba-de-vuong-vang-PHIL002b.jpg
CCNIMG0672,CCNPLT0411,https://mowgarden.com/wp-content/uploads/2022/08/cay-bang-singapore-2-than-mowgarden.jpg
CCNIMG0673,CCNPLT0412,https://mowgarden.com/wp-content/uploads/2022/08/cay-luoi-ho-xanh.jpg
CCNIMG0674,CCNPLT0412,https://mowgarden.com/wp-content/uploads/2022/08/cay-luoi-ho-xanh-2.jpg
CCNIMG0675,CCNPLT0413,https://mowgarden.com/wp-content/uploads/2022/08/2-cay-hanh-phuc-chau-da-mai-thap.jpg
CCNIMG0676,CCNPLT0413,https://mowgarden.com/wp-content/uploads/2021/04/cay-hanh-phuc-mowgarden-03.jpg
CCNIMG0677,CCNPLT0414,https://mowgarden.com/wp-content/uploads/2022/08/cay-duoi-cong-tao-mowgarden.jpg
CCNIMG0678,CCNPLT0415,https://mowgarden.com/wp-content/uploads/2022/08/cay-trau-ba-la-sua-chau-su.jpg
CCNIMG0679,CCNPLT0416,https://mowgarden.com/wp-content/uploads/2022/08/cay-mons-mini.jpg
CCNIMG0680,CCNPLT0417,https://mowgarden.com/wp-content/uploads/2022/08/trau-ba-lua-Scindapsus-pictus-Exotica-mowgarden.jpg
CCNIMG0681,CCNPLT0418,https://mowgarden.com/wp-content/uploads/2022/08/cay-truc-nhat-vang-de-ban-a.jpg
CCNIMG0682,CCNPLT0419,https://mowgarden.com/wp-content/uploads/2022/08/cay-phat-loc-de-ban-1.jpg
CCNIMG0683,CCNPLT0420,https://mowgarden.com/wp-content/uploads/2022/08/71-cay-monstera-nam-my.jpg
CCNIMG0684,CCNPLT0421,https://mowgarden.com/wp-content/uploads/2022/08/duoi-cong-nu-than-xanh-Calathea-roseopicta-Green-Goddess.jpg
CCNIMG0685,CCNPLT0422,https://mowgarden.com/wp-content/uploads/2022/08/duoi-cong-dom-mowgarden.jpg
CCNIMG0686,CCNPLT0423,https://mowgarden.com/wp-content/uploads/2022/08/cay-danh-du-mowgarden.jpg
CCNIMG0687,CCNPLT0424,https://mowgarden.com/wp-content/uploads/2022/08/19-cay-trau-ba-de-vuong.jpg
CCNIMG0688,CCNPLT0425,https://mowgarden.com/wp-content/uploads/2022/08/trau-ba-canh-en-mowgarden.jpg
CCNIMG0689,CCNPLT0426,https://mowgarden.com/wp-content/uploads/2022/08/cay-au-tieu-tram-chau-dat-nung.jpg
CCNIMG0690,CCNPLT0426,https://mowgarden.com/wp-content/uploads/2021/06/cay-cau-tieu-tram-CHAMAEDOREA-ELEGANS-2-1.jpg
CCNIMG0691,CCNPLT0427,https://mowgarden.com/wp-content/uploads/2022/08/ngan-hau-chau-su-mowgarden.jpg
CCNIMG0692,CCNPLT0428,https://mowgarden.com/wp-content/uploads/2022/08/cay-anh-duong-chau-su.jpg
CCNIMG0693,CCNPLT0429,https://mowgarden.com/wp-content/uploads/2022/08/trau-ba-ty-phu-burle-marx-mowgarden.jpg
CCNIMG0694,CCNPLT0430,https://mowgarden.com/wp-content/uploads/2022/08/mons-mini-Thai-rhaphidophora-tetrasperma-mowgarden.jpg
CCNIMG0695,CCNPLT0431,https://mowgarden.com/wp-content/uploads/2022/08/cay-luoi-ho-chau-dat-nung.jpg
CCNIMG0696,CCNPLT0432,https://mowgarden.com/wp-content/uploads/2022/08/Philodendron-Mayoi-450k-–-Da-sua.jpg
CCNIMG0697,CCNPLT0433,https://mowgarden.com/wp-content/uploads/2022/08/cay-mon-quan-am-alocasia-amazonica-polly-550k.jpg
CCNIMG0698,CCNPLT0434,https://mowgarden.com/wp-content/uploads/2022/08/cay-tuyet-tung-mini-de-ban-chau-su-1.jpg
CCNIMG0699,CCNPLT0434,https://mowgarden.com/wp-content/uploads/2022/08/cay-tuyet-tung-1.jpg
CCNIMG0700,CCNPLT0435,https://mowgarden.com/wp-content/uploads/2022/08/154-cay-ray-voi.jpg
CCNIMG0701,CCNPLT0436,https://mowgarden.com/wp-content/uploads/2022/08/cay-o-rong-treo-tuong.jpg
CCNIMG0702,CCNPLT0437,https://mowgarden.com/wp-content/uploads/2022/08/cay-bang-singapore-de-ban-mowgarden.jpg
CCNIMG0703,CCNPLT0438,https://mowgarden.com/wp-content/uploads/2022/08/cay-trau-ba-lo-mowgarden.jpg
CCNIMG0704,CCNPLT0438,https://mowgarden.com/wp-content/uploads/2021/04/trau-ba-la-lo-mowgarden-1.jpg
CCNIMG0705,CCNPLT0439,https://mowgarden.com/wp-content/uploads/2022/08/cay-kim-tien-de-ban-mowgarden.jpg
CCNIMG0706,CCNPLT0439,https://mowgarden.com/wp-content/uploads/2021/04/cay-kim-tien-zz-plant-1-1.jpg
CCNIMG0707,CCNPLT0439,https://mowgarden.com/wp-content/uploads/2021/04/cay-kim-tien-zz-plant-5-1.jpg
CCNIMG0708,CCNPLT0440,https://mowgarden.com/wp-content/uploads/2022/08/trau-ba-de-vuong-xanh-de-ban-mowgarden.jpg
CCNIMG0709,CCNPLT0441,https://mowgarden.com/wp-content/uploads/2022/08/cay-da-bup-do-de-ban-mowgarden.jpg
CCNIMG0710,CCNPLT0442,https://mowgarden.com/wp-content/uploads/2022/08/cay-hanh-phuc-de-ban-chau-su-1.jpg
CCNIMG0711,CCNPLT0442,https://mowgarden.com/wp-content/uploads/2022/08/cay-hanh-phuc-de-ban-chau-su-2.jpg
CCNIMG0712,CCNPLT0443,https://mowgarden.com/wp-content/uploads/2022/08/cay-tra-ba-thanh-xuan-chau-gom-den-mowgarden.jpg
CCNIMG0713,CCNPLT0444,https://mowgarden.com/wp-content/uploads/2022/08/cay-kim-ngan-de-ban-chau-su-trang-mowgarden.jpg
CCNIMG0714,CCNPLT0445,https://mowgarden.com/wp-content/uploads/2022/08/cay-hoang-hau-chau-su-trang-de-ban-mowgarden.jpg
CCNIMG0715,CCNPLT0446,https://mowgarden.com/wp-content/uploads/2022/08/cay-kim-tien-chau-su-lon.jpg
CCNIMG0716,CCNPLT0446,https://mowgarden.com/wp-content/uploads/2021/04/cay-kim-tien-zz-plant-1-1.jpg
CCNIMG0717,CCNPLT0446,https://mowgarden.com/wp-content/uploads/2021/04/cay-kim-tien-zz-plant-5-1.jpg
CCNIMG0718,CCNPLT0447,https://mowgarden.com/wp-content/uploads/2022/08/168-cay-ngan-hau-chau-men-su.jpg
CCNIMG0719,CCNPLT0448,https://mowgarden.com/wp-content/uploads/2022/10/trau-ba-de-vuong-vang.jpg
CCNIMG0720,CCNPLT0448,https://mowgarden.com/wp-content/uploads/2021/11/trau-ba-de-vuong-vang-5.jpg
CCNIMG0721,CCNPLT0449,https://mowgarden.com/wp-content/uploads/2022/08/luoi-ho-thai-Sansevieria-Black-Diamond.jpg
CCNIMG0722,CCNPLT0450,https://mowgarden.com/wp-content/uploads/2022/08/92-cay-nga-voi.jpg
CCNIMG0723,CCNPLT0451,https://mowgarden.com/wp-content/uploads/2022/08/148-cay-duoi-cong-xuong-ca-de-ban.jpg
CCNIMG0724,CCNPLT0452,https://mowgarden.com/wp-content/uploads/2022/08/145-cay-buom-dem.jpg
CCNIMG0725,CCNPLT0453,https://mowgarden.com/wp-content/uploads/2022/08/116-cay-trau-ba-de-vuong.jpg
CCNIMG0726,CCNPLT0454,https://mowgarden.com/wp-content/uploads/2022/08/164-Begonia-Ice-Storm-–-Da-sua.jpg
CCNIMG0727,CCNPLT0455,https://mowgarden.com/wp-content/uploads/2022/08/vannienthanhmow.jpg
CCNIMG0728,CCNPLT0455,https://mowgarden.com/wp-content/uploads/2022/11/cay-van-nien-thanh-chau-uom-2.jpg
CCNIMG0729,CCNPLT0456,https://mowgarden.com/wp-content/uploads/2022/08/monnhungfrydekmow.jpg
CCNIMG0730,CCNPLT0457,https://mowgarden.com/wp-content/uploads/2022/08/cay-phat-vang-my-chau-su-1.jpg
CCNIMG0731,CCNPLT0457,https://mowgarden.com/wp-content/uploads/2022/08/cay-phat-vang-my-chau-su-2.jpg
CCNIMG0732,CCNPLT0458,https://mowgarden.com/wp-content/uploads/2022/08/cay-kim-tien-chau-remy-den-mowgarden.jpg
CCNIMG0733,CCNPLT0458,https://mowgarden.com/wp-content/uploads/2021/04/cay-kim-tien-zz-plant-1-1.jpg
CCNIMG0734,CCNPLT0458,https://mowgarden.com/wp-content/uploads/2021/04/cay-kim-tien-zz-plant-5-1.jpg
CCNIMG0735,CCNPLT0459,https://mowgarden.com/wp-content/uploads/2022/08/cay-hanh-phuc-mot-than-co-trung-chau-xi-mang-1.jpg
CCNIMG0736,CCNPLT0459,https://mowgarden.com/wp-content/uploads/2021/04/cay-hanh-phuc-mowgarden-03.jpg
CCNIMG0737,CCNPLT0460,https://mowgarden.com/wp-content/uploads/2022/08/thanhtammowgarden.jpg
CCNIMG0738,CCNPLT0461,https://mowgarden.com/wp-content/uploads/2022/08/haccamdebanmowgarden.jpg
CCNIMG0739,CCNPLT0462,https://mowgarden.com/wp-content/uploads/2022/08/cay-bach-ma-hoang-tu-chau-trang-mowgarden.jpg
CCNIMG0740,CCNPLT0462,https://mowgarden.com/wp-content/uploads/2021/04/cay-bach-ma-hoang-tu-2-1.jpg
CCNIMG0741,CCNPLT0462,https://mowgarden.com/wp-content/uploads/2021/04/cay-bach-ma-hoang-tu-3-1.jpg
CCNIMG0742,CCNPLT0463,https://mowgarden.com/wp-content/uploads/2022/08/co-lan-chi-de-ban-chau-gom-trang-mowgarden.jpg
CCNIMG0743,CCNPLT0464,https://mowgarden.com/wp-content/uploads/2022/08/cay-van-loc-de-ban-chau-su.jpg
CCNIMG0744,CCNPLT0465,https://mowgarden.com/wp-content/uploads/2022/08/cay-trau-ba-de-ban-chau-gom-mowgarden.jpg
CCNIMG0745,CCNPLT0466,https://mowgarden.com/wp-content/uploads/2022/08/ngu-gia-bi-de-ban-chau-gom-mowgarden.jpg
CCNIMG0746,CCNPLT0467,https://mowgarden.com/wp-content/uploads/2022/08/haccam.jpg
CCNIMG0747,CCNPLT0468,https://mowgarden.com/wp-content/uploads/2022/08/cay-kim-ngan-de-ban-chau-gom-mowgarden.jpg
CCNIMG0748,CCNPLT0469,https://mowgarden.com/wp-content/uploads/2022/08/cay-phu-quy-de-ban-chau-gom-mowgarden.jpg
CCNIMG0749,CCNPLT0470,https://mowgarden.com/wp-content/uploads/2022/08/trau-ba-la-xe-monstera-deliciosa-chau-gom-den-mowgarden.jpeg
CCNIMG0750,CCNPLT0471,https://mowgarden.com/wp-content/uploads/2022/08/cay-truc-bach-hop-chau-lu-xi-mang-xam-mowgarden.jpg
CCNIMG0751,CCNPLT0472,https://mowgarden.com/wp-content/uploads/2022/08/monstera.jpg
CCNIMG0752,CCNPLT0473,https://mowgarden.com/wp-content/uploads/2022/08/cay-ngoc-ngan-chau-gom-mowgarden.jpg
CCNIMG0753,CCNPLT0473,https://mowgarden.com/wp-content/uploads/2022/08/cay-ngoc-ngan-chau-gom-mowgarden-01.jpg
CCNIMG0754,CCNPLT0473,https://mowgarden.com/wp-content/uploads/2021/04/cay-ngoc-ngan-thuy-sinh-1-1.jpg
CCNIMG0755,CCNPLT0473,https://mowgarden.com/wp-content/uploads/2021/04/cay-ngoc-ngan-thuy-sinh-5-1.jpg
CCNIMG0756,CCNPLT0473,https://mowgarden.com/wp-content/uploads/2021/04/cay-ngoc-ngan-thuy-sinh-2-1.jpg
CCNIMG0757,CCNPLT0474,https://mowgarden.com/wp-content/uploads/2022/08/anthurcrystall.jpg
CCNIMG0758,CCNPLT0475,https://mowgarden.com/wp-content/uploads/2022/08/290371535_356525686621578_9004771858530503576_n-transformed-–-Da-sua.jpg
CCNIMG0759,CCNPLT0475,https://mowgarden.com/wp-content/uploads/2021/04/cay-ngoc-ngan-thuy-sinh-1-1.jpg
CCNIMG0760,CCNPLT0475,https://mowgarden.com/wp-content/uploads/2021/04/cay-ngoc-ngan-thuy-sinh-5-1.jpg
CCNIMG0761,CCNPLT0475,https://mowgarden.com/wp-content/uploads/2021/04/cay-ngoc-ngan-thuy-sinh-2-1.jpg
CCNIMG0762,CCNPLT0476,https://mowgarden.com/wp-content/uploads/2022/08/trau-ba-thanh-xuan-chau-su-trang.jpg
CCNIMG0763,CCNPLT0476,https://mowgarden.com/wp-content/uploads/2022/08/trau-ba-thanh-xuan-chau-su-trang-2.jpg
CCNIMG0764,CCNPLT0477,https://mowgarden.com/wp-content/uploads/2022/08/CalatheaVittata.jpg
CCNIMG0765,CCNPLT0478,https://mowgarden.com/wp-content/uploads/2022/08/cay-trau-ba-thanh-xuan-co-lon-chau-uom-1.jpg
CCNIMG0766,CCNPLT0478,https://mowgarden.com/wp-content/uploads/2021/04/trau-ba-thanh-xuan-haumatophyllum-bipinnatifidum-2.jpg
CCNIMG0767,CCNPLT0479,https://mowgarden.com/wp-content/uploads/2022/08/cay-rong-bac-chau-su-trang-mowgarden.jpg
CCNIMG0768,CCNPLT0480,https://mowgarden.com/wp-content/uploads/2022/08/cay-da-bup-do-chau-da-mai-trang.jpg
CCNIMG0769,CCNPLT0481,https://mowgarden.com/wp-content/uploads/2022/08/saosang.jpg
CCNIMG0770,CCNPLT0481,https://mowgarden.com/wp-content/uploads/2022/08/saosang1.jpg
CCNIMG0771,CCNPLT0481,https://mowgarden.com/wp-content/uploads/2022/08/saosang2.jpg
CCNIMG0772,CCNPLT0482,https://mowgarden.com/wp-content/uploads/2022/08/phuquy.jpg
CCNIMG0773,CCNPLT0483,https://mowgarden.com/wp-content/uploads/2022/08/ngugiabicamthach.jpg
CCNIMG0774,CCNPLT0484,https://mowgarden.com/wp-content/uploads/2022/08/cay-kim-tien-chau-xi-mang-vuong-cao-mau-xam-mowgarden.jpg
CCNIMG0775,CCNPLT0485,https://mowgarden.com/wp-content/uploads/2022/08/Calathea-Bachemiana.jpg
CCNIMG0776,CCNPLT0486,https://mowgarden.com/wp-content/uploads/2022/08/caytungthom.jpg
CCNIMG0777,CCNPLT0487,https://mowgarden.com/wp-content/uploads/2022/08/duoicongtao.jpg
CCNIMG0778,CCNPLT0488,https://mowgarden.com/wp-content/uploads/2022/08/phat-tai-dai-loan-chau-su-trang-mowgarden.jpg
CCNIMG0779,CCNPLT0489,https://mowgarden.com/wp-content/uploads/2022/08/traubalo.jpg
CCNIMG0780,CCNPLT0490,https://mowgarden.com/wp-content/uploads/2022/08/cay-bang-singapore-lon-nhieu-nhanh.jpg
CCNIMG0781,CCNPLT0491,https://mowgarden.com/wp-content/uploads/2022/08/tuyetsonphihong.jpg
CCNIMG0782,CCNPLT0491,https://mowgarden.com/wp-content/uploads/2021/04/28273249659_50229a9097_h.jpg
CCNIMG0783,CCNPLT0491,https://mowgarden.com/wp-content/uploads/2022/08/cay-tuyet-son-phi-hong-mowgarden.jpg
CCNIMG0784,CCNPLT0491,https://mowgarden.com/wp-content/uploads/2021/04/25180400597_65fea50d07_k.jpg
CCNIMG0785,CCNPLT0492,https://mowgarden.com/wp-content/uploads/2022/08/bangcamthachnhat.jpg
CCNIMG0786,CCNPLT0493,https://mowgarden.com/wp-content/uploads/2022/08/dailoc.jpg
CCNIMG0787,CCNPLT0493,https://mowgarden.com/wp-content/uploads/2022/08/cay-dai-loc-chau-den-mowgarden-01.jpg
CCNIMG0788,CCNPLT0493,https://mowgarden.com/wp-content/uploads/2022/08/cay-dai-loc-chau-den-mowgarden.jpg
CCNIMG0789,CCNPLT0494,https://mowgarden.com/wp-content/uploads/2022/08/luoihobac.jpg
CCNIMG0790,CCNPLT0495,https://mowgarden.com/wp-content/uploads/2022/08/cay-lan-y-co-lon-de-ban.jpg
CCNIMG0791,CCNPLT0496,https://mowgarden.com/wp-content/uploads/2022/08/182765171_4040387049389537_995992012131540443_n-transformed-–-Da-sua.jpg
CCNIMG0792,CCNPLT0497,https://mowgarden.com/wp-content/uploads/2022/08/182371706_4021560667938842_4952445190397679534_n-transformed-–-Da-sua.jpg
CCNIMG0793,CCNPLT0498,https://mowgarden.com/wp-content/uploads/2022/08/193611901_4145327615562146_8044922904673839826_n-transformed-–-Da-sua.jpg
CCNIMG0794,CCNPLT0499,https://mowgarden.com/wp-content/uploads/2022/08/cay-bang-dai-loan-cam-thach-chau-da-mai-1.jpg
CCNIMG0795,CCNPLT0499,https://mowgarden.com/wp-content/uploads/2022/11/cay-bang-dai-loan-cam-thach-chau-uom-2.jpg
CCNIMG0796,CCNPLT0500,https://mowgarden.com/wp-content/uploads/2022/08/phattainui.jpg
CCNIMG0797,CCNPLT0501,https://mowgarden.com/wp-content/uploads/2022/08/toyen.jpg
CCNIMG0798,CCNPLT0502,https://mowgarden.com/wp-content/uploads/2022/08/huongthao.jpg
CCNIMG0799,CCNPLT0502,https://mowgarden.com/wp-content/uploads/2022/08/cay-huong-thao-chau-su-xanh-mowgarden.jpg
CCNIMG0800,CCNPLT0503,https://mowgarden.com/wp-content/uploads/2022/08/cay-mon-trang-mowgarden.jpg
CCNIMG0801,CCNPLT0503,https://mowgarden.com/wp-content/uploads/2022/08/cay-mon-con-trang-mowgarden-1.jpg
CCNIMG0802,CCNPLT0503,https://mowgarden.com/wp-content/uploads/2022/08/montrang.jpg
CCNIMG0803,CCNPLT0504,https://mowgarden.com/wp-content/uploads/2022/08/kimtien002.jpg
CCNIMG0804,CCNPLT0505,https://mowgarden.com/wp-content/uploads/2022/08/cay-trau-ba-de-vuong-do-PHIL003.jpg
CCNIMG0805,CCNPLT0506,https://mowgarden.com/wp-content/uploads/2022/08/cay-mon-la-nho-arac001.jpg
CCNIMG0806,CCNPLT0506,https://mowgarden.com/wp-content/uploads/2022/08/cay-mon-la-nho-arac001a.jpg
CCNIMG0807,CCNPLT0507,https://mowgarden.com/wp-content/uploads/2022/08/295490533_373936748213805_4390542053963368968_n-–-Da-sua.jpg
CCNIMG0808,CCNPLT0508,https://mowgarden.com/wp-content/uploads/2022/08/devuongdo1.jpg
CCNIMG0809,CCNPLT0508,https://mowgarden.com/wp-content/uploads/2022/08/cay-trau-ba-de-vuong-do-mowgarden.jpg
CCNIMG0810,CCNPLT0509,https://mowgarden.com/wp-content/uploads/2022/08/luoiho1.jpg
CCNIMG0811,CCNPLT0509,https://mowgarden.com/wp-content/uploads/2022/08/cay-luoi-ho-cao-mowgarden.jpg
CCNIMG0812,CCNPLT0509,https://mowgarden.com/wp-content/uploads/2022/08/cay-luoi-ho-cao-mowgarden-01.jpg
CCNIMG0813,CCNPLT0510,https://mowgarden.com/wp-content/uploads/2022/08/cay-kim-tien-chau-xi-mang-xam-mowgarden.jpg
CCNIMG0814,CCNPLT0510,https://mowgarden.com/wp-content/uploads/2022/08/cay-kim-tien-chau-xi-mang-mowgarden-01.jpg
CCNIMG0815,CCNPLT0510,https://mowgarden.com/wp-content/uploads/2022/08/cay-kim-tien-chau-xi-mang-mowgarden.jpg
CCNIMG0816,CCNPLT0511,https://mowgarden.com/wp-content/uploads/2022/09/cay-kim-ngan-mot-than-co-thu-chau-su-1.jpg
CCNIMG0817,CCNPLT0511,https://mowgarden.com/wp-content/uploads/2022/09/cay-kim-ngan-mot-than-co-thu-chau-su-2.jpg
CCNIMG0818,CCNPLT0511,https://mowgarden.com/wp-content/uploads/2022/09/cay-kim-ngan-mot-than-co-thu-chau-su-3.jpg
CCNIMG0819,CCNPLT0512,https://mowgarden.com/wp-content/uploads/2022/08/cay-da-tam-phuc-cam-thach-chau-da-mai.jpg
CCNIMG0820,CCNPLT0513,https://mowgarden.com/wp-content/uploads/2022/08/phattainui1.jpg
CCNIMG0821,CCNPLT0513,https://mowgarden.com/wp-content/uploads/2022/08/cay-phat-tai-nui-mowgarden-01.jpg
CCNIMG0822,CCNPLT0513,https://mowgarden.com/wp-content/uploads/2022/08/cay-phat-tai-nui-mowgarden-02.jpg
CCNIMG0823,CCNPLT0514,https://mowgarden.com/wp-content/uploads/2022/08/huyetphatdu1.jpg
CCNIMG0824,CCNPLT0515,https://mowgarden.com/wp-content/uploads/2022/08/trau-ba-de-vuong-vang.jpg
CCNIMG0825,CCNPLT0515,https://mowgarden.com/wp-content/uploads/2022/08/trau-ba-de-vuong-vang-PHIL002b.jpg
CCNIMG0826,CCNPLT0516,https://mowgarden.com/wp-content/uploads/2022/08/cay-trau-ba-de-vuong-chau-su-phil001a.jpg
CCNIMG0827,CCNPLT0516,https://mowgarden.com/wp-content/uploads/2022/08/cay-trau-ba-de-vuong-chau-su-phil001b.jpg
CCNIMG0828,CCNPLT0517,https://mowgarden.com/wp-content/uploads/2022/08/cay-phu-quy-chau-su-AGLA001.jpg
CCNIMG0829,CCNPLT0517,https://mowgarden.com/wp-content/uploads/2022/08/cay-phu-quy.jpg
CCNIMG0830,CCNPLT0518,https://mowgarden.com/wp-content/uploads/2022/08/cay-duoi-cong-de-ban-cala001.jpg
CCNIMG0831,CCNPLT0518,https://mowgarden.com/wp-content/uploads/2022/08/cay-duoi-cong-xuong-ca-mowgarden.jpg
CCNIMG0832,CCNPLT0519,https://mowgarden.com/wp-content/uploads/2022/08/cay-cau-vang-chau-xi-mang-da-mai-ccv002a.jpg
CCNIMG0833,CCNPLT0520,https://mowgarden.com/wp-content/uploads/2022/08/bachmahoangtu1.jpg
CCNIMG0834,CCNPLT0521,https://mowgarden.com/wp-content/uploads/2022/08/cay-cau-vang-nhat-ban-mowgarden-01.jpg
CCNIMG0835,CCNPLT0522,https://mowgarden.com/wp-content/uploads/2022/08/cay-trau-ba-nam-my-monstera-dep-mons002-a.jpg
CCNIMG0836,CCNPLT0522,https://mowgarden.com/wp-content/uploads/2022/08/cay-trau-ba-nam-my-monstera-dep-mons002-b.jpg
CCNIMG0837,CCNPLT0523,https://mowgarden.com/wp-content/uploads/2022/08/cay-truc-bach-hop-ctbh002a-1.jpg
CCNIMG0838,CCNPLT0523,https://mowgarden.com/wp-content/uploads/2022/08/cay-truc-bach-hop-ctbh002b-1.jpg
CCNIMG0839,CCNPLT0524,https://mowgarden.com/wp-content/uploads/2022/08/cay-trau-ba-leo-cot-chau-da-mai-1.jpg
CCNIMG0840,CCNPLT0524,https://mowgarden.com/wp-content/uploads/2022/08/cay-trau-ba-leo-cot-chau-da-mai-2.jpg
CCNIMG0841,CCNPLT0525,https://mowgarden.com/wp-content/uploads/2022/08/cay-truc-bach-hop-chau-gom-su-trang.jpg
CCNIMG0842,CCNPLT0526,https://mowgarden.com/wp-content/uploads/2022/08/cay-trau-ba-leo-cot-ctbc001a.jpg
CCNIMG0843,CCNPLT0526,https://mowgarden.com/wp-content/uploads/2022/08/cay-trau-ba-leo-cot-ctbc001b.jpg
CCNIMG0844,CCNPLT0527,https://mowgarden.com/wp-content/uploads/2022/08/cay-trau-ba-nam-my-monstera-dep-mons001-b.jpg
CCNIMG0845,CCNPLT0527,https://mowgarden.com/wp-content/uploads/2022/08/cay-trau-ba-nam-my-monstera-dep-mons001-a.jpg
CCNIMG0846,CCNPLT0528,https://mowgarden.com/wp-content/uploads/2022/08/cay-bang-singapore-1-than.jpg
CCNIMG0847,CCNPLT0529,https://mowgarden.com/wp-content/uploads/2022/03/Alocasia-Macrorrhiza-Variegata.jpg
CCNIMG0848,CCNPLT0530,https://mowgarden.com/wp-content/uploads/2022/03/philodendron-paraiso.jpg
CCNIMG0849,CCNPLT0530,https://mowgarden.com/wp-content/uploads/2022/03/philodendron-paraiso-verde.jpg
CCNIMG0850,CCNPLT0531,https://mowgarden.com/wp-content/uploads/2022/03/philodendron-melanochrysum.jpg
CCNIMG0851,CCNPLT0531,https://mowgarden.com/wp-content/uploads/2022/03/melanochrysum.jpg
CCNIMG0852,CCNPLT0532,https://mowgarden.com/wp-content/uploads/2022/02/Philodendron-Sodiroi1.jpg
CCNIMG0853,CCNPLT0532,https://mowgarden.com/wp-content/uploads/2022/02/Philodendron-Sodiroi.jpg
CCNIMG0854,CCNPLT0532,https://mowgarden.com/wp-content/uploads/2022/02/Philodendron-Sodiroi1.jpg
CCNIMG0855,CCNPLT0533,https://mowgarden.com/wp-content/uploads/2022/02/cay-hong-mon-thuy-sinh-1.jpg
CCNIMG0856,CCNPLT0533,https://mowgarden.com/wp-content/uploads/2022/02/cay-hong-mon-thuy-sinh-2.jpg
CCNIMG0857,CCNPLT0533,https://mowgarden.com/wp-content/uploads/2022/02/cay-hong-mon-thuy-sinh-5.jpg
CCNIMG0858,CCNPLT0533,https://mowgarden.com/wp-content/uploads/2022/02/cay-hong-mon-thuy-sinh-3.jpg
CCNIMG0859,CCNPLT0533,https://mowgarden.com/wp-content/uploads/2022/02/cay-hong-mon-thuy-sinh-nho.jpg
CCNIMG0860,CCNPLT0534,https://mowgarden.com/wp-content/uploads/2022/02/cay-trau-ba-cam-thach-thuy-sinh-1.jpg
CCNIMG0861,CCNPLT0534,https://mowgarden.com/wp-content/uploads/2022/02/cay-trau-ba-cam-thach-thuy-sinh-6.jpg
CCNIMG0862,CCNPLT0534,https://mowgarden.com/wp-content/uploads/2022/02/cay-trau-ba-cam-thach-thuy-sinh-5.jpg
CCNIMG0863,CCNPLT0534,https://mowgarden.com/wp-content/uploads/2022/02/cay-trau-ba-cam-thach-thuy-sinh-4.jpg
CCNIMG0864,CCNPLT0534,https://mowgarden.com/wp-content/uploads/2022/02/cay-trau-ba-cam-thach-thuy-sinh-3.jpg
CCNIMG0865,CCNPLT0534,https://mowgarden.com/wp-content/uploads/2022/02/cay-trau-ba-cam-thach-thuy-sinh-2.jpg
CCNIMG0866,CCNPLT0535,https://mowgarden.com/wp-content/uploads/2022/02/cay-truong-sinh-thuy-sinh-de-ban-1.jpg
CCNIMG0867,CCNPLT0535,https://mowgarden.com/wp-content/uploads/2022/02/cay-truong-sinh-thuy-sinh-2.jpg
CCNIMG0868,CCNPLT0535,https://mowgarden.com/wp-content/uploads/2022/02/cay-truong-sinh-thuy-sinh-4.jpg
CCNIMG0869,CCNPLT0535,https://mowgarden.com/wp-content/uploads/2022/02/cay-truong-sinh-thuy-sinh-3.jpg
CCNIMG0870,CCNPLT0536,https://mowgarden.com/wp-content/uploads/2022/02/cay-kim-ngan-mot-than-thuy-sinh-1.jpg
CCNIMG0871,CCNPLT0536,https://mowgarden.com/wp-content/uploads/2022/02/cay-kim-ngan-mot-than-thuy-sinh-2.jpg
CCNIMG0872,CCNPLT0537,https://mowgarden.com/wp-content/uploads/2022/02/cay-phat-loc-thuy-sinh.jpg
CCNIMG0873,CCNPLT0537,https://mowgarden.com/wp-content/uploads/2022/02/cay-phat-loc-thuy-sinh-2.jpg
CCNIMG0874,CCNPLT0538,https://mowgarden.com/wp-content/uploads/2022/02/cay-hong-loc-thuy-sinh-1.jpg
CCNIMG0875,CCNPLT0538,https://mowgarden.com/wp-content/uploads/2022/02/cay-hong-loc-thuy-sinh-4.jpg
CCNIMG0876,CCNPLT0538,https://mowgarden.com/wp-content/uploads/2022/02/cay-hong-loc-thuy-sinh-2.jpg
CCNIMG0877,CCNPLT0538,https://mowgarden.com/wp-content/uploads/2022/02/cay-hong-loc-thuy-sinh-3.jpg
CCNIMG0878,CCNPLT0539,https://mowgarden.com/wp-content/uploads/2022/02/cay-duoi-cong-la-dom-thuy-sinh-1.jpg
CCNIMG0879,CCNPLT0539,https://mowgarden.com/wp-content/uploads/2022/02/cay-duoi-cong-la-dom-thuy-sinh-2.jpg
CCNIMG0880,CCNPLT0539,https://mowgarden.com/wp-content/uploads/2022/02/cay-duoi-cong-thuy-sinh-4.jpg
CCNIMG0881,CCNPLT0539,https://mowgarden.com/wp-content/uploads/2022/02/cay-duoi-cong-thuy-sinh-2.jpg
CCNIMG0882,CCNPLT0540,https://mowgarden.com/wp-content/uploads/2022/02/cay-cau-tieu-tram-thuy-sinh-1-1.jpg
CCNIMG0883,CCNPLT0540,https://mowgarden.com/wp-content/uploads/2022/02/cay-cau-tieu-tram-thuy-sinh-2-1.jpg
CCNIMG0884,CCNPLT0540,https://mowgarden.com/wp-content/uploads/2022/02/cay-cau-tieu-tram-thuy-sinh-4.jpg
CCNIMG0885,CCNPLT0541,https://mowgarden.com/wp-content/uploads/2022/02/Rhaphidophora-Tetrasperma.jpg
CCNIMG0886,CCNPLT0541,https://mowgarden.com/wp-content/uploads/2022/02/Rhaphidophora-Tetrasperma.jpg
CCNIMG0887,CCNPLT0542,https://mowgarden.com/wp-content/uploads/2022/01/trangnguyenmowgarden1.jpg
CCNIMG0888,CCNPLT0542,https://mowgarden.com/wp-content/uploads/2022/01/trangnguyenmowgarden2.jpg
CCNIMG0889,CCNPLT0543,https://mowgarden.com/wp-content/uploads/2022/01/syngonium-milk-confetti.jpg
CCNIMG0890,CCNPLT0543,https://mowgarden.com/wp-content/uploads/2022/01/syngonium-milkconfetti.jpg
CCNIMG0891,CCNPLT0543,https://mowgarden.com/wp-content/uploads/2022/01/syngonium-pinkspot.jpg
CCNIMG0892,CCNPLT0543,https://mowgarden.com/wp-content/uploads/2022/01/Syngonium-Podophyllum-Milk-Confetti.jpg
CCNIMG0893,CCNPLT0544,https://mowgarden.com/wp-content/uploads/2022/01/philodendronpinkprincess.jpg
CCNIMG0894,CCNPLT0544,https://mowgarden.com/wp-content/uploads/2022/01/philodendron-pinkprincess.jpg
CCNIMG0895,CCNPLT0544,https://mowgarden.com/wp-content/uploads/2022/01/philodendron-pink-princess.jpg
CCNIMG0896,CCNPLT0545,https://mowgarden.com/wp-content/uploads/2022/01/monstera-dubia.jpg
CCNIMG0897,CCNPLT0545,https://mowgarden.com/wp-content/uploads/2022/01/monsteradubia.jpg
CCNIMG0898,CCNPLT0545,https://mowgarden.com/wp-content/uploads/2022/01/monsteradubia1.jpg
CCNIMG0899,CCNPLT0545,https://mowgarden.com/wp-content/uploads/2022/01/257895525_1004690927054248_1147889053229536879_2.jpg
CCNIMG0900,CCNPLT0546,https://mowgarden.com/wp-content/uploads/2022/10/cay-kim-ngan-trung-tet-2023-3.jpg
CCNIMG0901,CCNPLT0547,https://mowgarden.com/wp-content/uploads/2022/01/pothos-manjula.jpg
CCNIMG0902,CCNPLT0547,https://mowgarden.com/wp-content/uploads/2022/01/pothosmanjula.jpg
CCNIMG0903,CCNPLT0548,https://mowgarden.com/wp-content/uploads/2022/01/cay-bang-dai-loan-cam-thach-chau-xi-mang-son.jpg
CCNIMG0904,CCNPLT0549,https://mowgarden.com/wp-content/uploads/2022/10/cay-thong-noel-de-ban-trang-tri.jpg
CCNIMG0905,CCNPLT0550,https://mowgarden.com/wp-content/uploads/2022/10/cay-tung-son-trang-tri-noel.jpg
CCNIMG0906,CCNPLT0551,https://mowgarden.com/wp-content/uploads/2022/10/cay-kim-ngan-trung-tet-2023-4.jpg
CCNIMG0907,CCNPLT0551,https://mowgarden.com/wp-content/uploads/2021/12/cay-kim-ngan-luong-trung-tet-2023-4.jpg
CCNIMG0908,CCNPLT0552,https://mowgarden.com/wp-content/uploads/2021/11/Platycerium-Kitshakood.jpg
CCNIMG0909,CCNPLT0552,https://mowgarden.com/wp-content/uploads/2021/11/cay-o-rong.jpg
CCNIMG0910,CCNPLT0552,https://mowgarden.com/wp-content/uploads/2021/11/o-rong.jpg
CCNIMG0911,CCNPLT0553,https://mowgarden.com/wp-content/uploads/2021/11/trau-ba-de-vuong-kim-cuong-Philodendron-Birkin-1.jpg
CCNIMG0912,CCNPLT0553,https://mowgarden.com/wp-content/uploads/2021/11/trau-ba-de-vuong-kim-cuong-Philodendron-Birkin-3.jpg
CCNIMG0913,CCNPLT0553,https://mowgarden.com/wp-content/uploads/2021/11/trau-ba-de-vuong-kim-cuong-Philodendron-Birkin-2.jpg
CCNIMG0914,CCNPLT0553,https://mowgarden.com/wp-content/uploads/2021/11/trau-ba-de-vuong-kim-cuong-Philodendron-Birkin-7.jpg
CCNIMG0915,CCNPLT0554,https://mowgarden.com/wp-content/uploads/2021/11/cay-kim-ngan-trung-tet-2023-a.jpg
CCNIMG0916,CCNPLT0554,https://mowgarden.com/wp-content/uploads/2021/11/cay-kim-ngan-luong-trung-tet.jpg
CCNIMG0917,CCNPLT0555,https://mowgarden.com/wp-content/uploads/2021/11/cay-trau-ba-thanh-xuan-mini.jpg
CCNIMG0918,CCNPLT0555,https://mowgarden.com/wp-content/uploads/2021/11/cay-trau-ba-thanh-xuan-mini-1.jpg
CCNIMG0919,CCNPLT0556,https://mowgarden.com/wp-content/uploads/2021/11/Caladium-Red-Baret.jpg
CCNIMG0920,CCNPLT0556,https://mowgarden.com/wp-content/uploads/2021/11/CaladiumBaret1.jpg
CCNIMG0921,CCNPLT0556,https://mowgarden.com/wp-content/uploads/2021/11/Caladium-RedBaret.jpg
CCNIMG0922,CCNPLT0557,https://mowgarden.com/wp-content/uploads/2021/11/cay-kim-ngan-binh-1.jpg
CCNIMG0923,CCNPLT0558,https://mowgarden.com/wp-content/uploads/2021/11/Caladium-Moon-Light.jpg
CCNIMG0924,CCNPLT0558,https://mowgarden.com/wp-content/uploads/2021/11/Caladium-Moon-Light-1.jpg
CCNIMG0925,CCNPLT0559,https://mowgarden.com/wp-content/uploads/2021/11/cay-truc-may-Rhapis-excelsa-1.jpg
CCNIMG0926,CCNPLT0559,https://mowgarden.com/wp-content/uploads/2021/11/cay-truc-may-Rhapis-excelsa-2.jpg
CCNIMG0927,CCNPLT0559,https://mowgarden.com/wp-content/uploads/2021/11/cay-truc-may-Rhapis-excelsa-5.jpg
CCNIMG0928,CCNPLT0559,https://mowgarden.com/wp-content/uploads/2021/11/cay-truc-may-Rhapis-excelsa-3.jpg
CCNIMG0929,CCNPLT0560,https://mowgarden.com/wp-content/uploads/2021/11/cay-bang-singapore-lon-chau-xi-mang-da-mai.jpg
CCNIMG0930,CCNPLT0561,https://mowgarden.com/wp-content/uploads/2021/11/trau-ba-de-vuong-do-1b.jpg
CCNIMG0931,CCNPLT0561,https://mowgarden.com/wp-content/uploads/2021/11/trau-ba-de-vuong-do-2.jpg
CCNIMG0932,CCNPLT0561,https://mowgarden.com/wp-content/uploads/2021/11/trau-ba-de-vuong-do-2a.jpg
CCNIMG0933,CCNPLT0561,https://mowgarden.com/wp-content/uploads/2021/11/trau-ba-de-vuong-do-3.jpg
CCNIMG0934,CCNPLT0562,https://mowgarden.com/wp-content/uploads/2021/11/Caladium-White-Queen2.jpg
CCNIMG0935,CCNPLT0562,https://mowgarden.com/wp-content/uploads/2021/11/Caladium-White-Queen1.jpg
CCNIMG0936,CCNPLT0563,https://mowgarden.com/wp-content/uploads/2021/11/trau-ba-de-vuong-vang-1.jpg
CCNIMG0937,CCNPLT0563,https://mowgarden.com/wp-content/uploads/2021/11/trau-ba-de-vuong-vang-5.jpg
CCNIMG0938,CCNPLT0563,https://mowgarden.com/wp-content/uploads/2021/11/trau-ba-de-vuong-vang-2.jpg
CCNIMG0939,CCNPLT0563,https://mowgarden.com/wp-content/uploads/2021/11/trau-ba-de-vuong-vang-4.jpg
CCNIMG0940,CCNPLT0563,https://mowgarden.com/wp-content/uploads/2021/11/trau-ba-de-vuong-vang-3.jpg
CCNIMG0941,CCNPLT0563,https://mowgarden.com/wp-content/uploads/2021/11/trau-ba-de-vuong-vang-7.jpg
CCNIMG0942,CCNPLT0563,https://mowgarden.com/wp-content/uploads/2021/11/trau-ba-de-vuong-vang-6.jpg
CCNIMG0943,CCNPLT0564,https://mowgarden.com/wp-content/uploads/2021/11/Caladium-Desert-Sunset-1.jpg
CCNIMG0944,CCNPLT0564,https://mowgarden.com/wp-content/uploads/2021/11/Caladium-Desert-Sunset.jpg
CCNIMG0945,CCNPLT0564,https://mowgarden.com/wp-content/uploads/2021/11/Caladium-Desert-Sunset-2.jpg
CCNIMG0946,CCNPLT0564,https://mowgarden.com/wp-content/uploads/2021/11/Caladium-Desert-Sunset-3.jpg
CCNIMG0947,CCNPLT0565,https://mowgarden.com/wp-content/uploads/2021/11/cay-bang-singapore-2-nhanh-chau-uom.jpg
CCNIMG0948,CCNPLT0566,https://mowgarden.com/wp-content/uploads/2021/11/Caladium-Hilo-Beauty-2.jpg
CCNIMG0949,CCNPLT0566,https://mowgarden.com/wp-content/uploads/2021/11/Caladium-Hilo-Beauty.jpg
CCNIMG0950,CCNPLT0566,https://mowgarden.com/wp-content/uploads/2021/11/Caladium-Hilo-Beauty-1.jpg
CCNIMG0951,CCNPLT0566,https://mowgarden.com/wp-content/uploads/2021/11/Caladium-Hilo-Beauty-3.jpg
CCNIMG0952,CCNPLT0567,https://mowgarden.com/wp-content/uploads/2021/11/Caladium-frog-in-a-blender.jpg
CCNIMG0953,CCNPLT0567,https://mowgarden.com/wp-content/uploads/2021/11/Caladium-frog.jpg
CCNIMG0954,CCNPLT0567,https://mowgarden.com/wp-content/uploads/2021/11/Caladium-frog-in-a-blender-1.jpg
CCNIMG0955,CCNPLT0568,https://mowgarden.com/wp-content/uploads/2021/11/caladiumdanasty.jpg
CCNIMG0956,CCNPLT0568,https://mowgarden.com/wp-content/uploads/2021/11/caladium-danasty.jpg
CCNIMG0957,CCNPLT0569,https://mowgarden.com/wp-content/uploads/2021/11/cay-duoi-cong-dom-xanh-Calathea-leopardina-1.jpg
CCNIMG0958,CCNPLT0569,https://mowgarden.com/wp-content/uploads/2021/11/cay-duoi-cong-dom-xanh-Calathea-leopardina-3.jpg
CCNIMG0959,CCNPLT0569,https://mowgarden.com/wp-content/uploads/2021/11/cay-duoi-cong-dom-xanh-Calathea-leopardina-2.jpg
CCNIMG0960,CCNPLT0569,https://mowgarden.com/wp-content/uploads/2021/11/cay-duoi-cong-dom-xanh-Calathea-leopardina-4.jpg
CCNIMG0961,CCNPLT0570,https://mowgarden.com/wp-content/uploads/2021/11/cay-luoi-ho-thai-lan-de-ban.jpg
CCNIMG0962,CCNPLT0571,https://mowgarden.com/wp-content/uploads/2021/11/Caladium-Aaron.jpg
CCNIMG0963,CCNPLT0571,https://mowgarden.com/wp-content/uploads/2021/11/CaladiumAaron.jpg
CCNIMG0964,CCNPLT0571,https://mowgarden.com/wp-content/uploads/2021/11/Caladium-Aaron-1.jpg
CCNIMG0965,CCNPLT0572,https://mowgarden.com/wp-content/uploads/2021/11/cay-luoi-meo-mini-de-ban.jpg
CCNIMG0966,CCNPLT0572,https://mowgarden.com/wp-content/uploads/2021/11/cay-luoi-meo-mini-de-ban-2.jpg
CCNIMG0967,CCNPLT0573,https://mowgarden.com/wp-content/uploads/2021/11/cay-luoi-ho-xanh-mini-de-ban-chau-uom-1.jpg
CCNIMG0968,CCNPLT0573,https://mowgarden.com/wp-content/uploads/2021/11/cay-luoi-ho-xanh-mini-de-ban-chau-uom-2.jpg
CCNIMG0969,CCNPLT0574,https://mowgarden.com/wp-content/uploads/2021/11/cay-luoi-ho-thai-vang-mini.jpg
CCNIMG0970,CCNPLT0574,https://mowgarden.com/wp-content/uploads/2021/11/cay-luoi-ho-thai-vang-mini-2.jpg
CCNIMG0971,CCNPLT0575,https://mowgarden.com/wp-content/uploads/2021/11/luoi-ho-hoang-kim-goled-Sansevieria-trifasciata-Gold-Flame-1a.jpg
CCNIMG0972,CCNPLT0575,https://mowgarden.com/wp-content/uploads/2021/11/luoi-ho-hoang-kim-goled-Sansevieria-trifasciata-Gold-Flame-2.jpg
CCNIMG0973,CCNPLT0575,https://mowgarden.com/wp-content/uploads/2021/11/luoi-ho-hoang-kim-goled-Sansevieria-trifasciata-Gold-Flame-3.jpg
CCNIMG0974,CCNPLT0575,https://mowgarden.com/wp-content/uploads/2021/11/luoi-ho-hoang-kim-goled-Sansevieria-trifasciata-Gold-Flame-4.jpg
CCNIMG0975,CCNPLT0576,https://mowgarden.com/wp-content/uploads/2021/11/Caladium-Strawberry-Star.jpg
CCNIMG0976,CCNPLT0576,https://mowgarden.com/wp-content/uploads/2021/11/Caladium-Strawberry-Star1.jpg
CCNIMG0977,CCNPLT0576,https://mowgarden.com/wp-content/uploads/2021/11/Caladium-Strawberry-Star2.jpg
CCNIMG0978,CCNPLT0576,https://mowgarden.com/wp-content/uploads/2021/11/Caladium-Strawberry-Star3.jpg
CCNIMG0979,CCNPLT0577,https://mowgarden.com/wp-content/uploads/2021/11/trau-ba-tim-nau-micans-1a.jpg
CCNIMG0980,CCNPLT0577,https://mowgarden.com/wp-content/uploads/2021/11/trau-ba-tim-nau-micans-2a.jpg
CCNIMG0981,CCNPLT0578,https://mowgarden.com/wp-content/uploads/2021/11/trau-ba-tim-brazil-Sweetheart-1.jpg
CCNIMG0982,CCNPLT0578,https://mowgarden.com/wp-content/uploads/2021/11/trau-ba-tim-brazil-Sweetheart-2.jpg
CCNIMG0983,CCNPLT0578,https://mowgarden.com/wp-content/uploads/2021/11/trau-ba-tim-brazil-Sweetheart-3.jpg
CCNIMG0984,CCNPLT0579,https://mowgarden.com/wp-content/uploads/2021/11/cay-trau-ba-tim-xanh-Philodendron-scandens-1.jpg
CCNIMG0985,CCNPLT0579,https://mowgarden.com/wp-content/uploads/2021/11/cay-trau-ba-tim-xanh-Philodendron-scandens-5.jpg
CCNIMG0986,CCNPLT0579,https://mowgarden.com/wp-content/uploads/2021/11/cay-trau-ba-tim-xanh-Philodendron-scandens-4.jpg
CCNIMG0987,CCNPLT0579,https://mowgarden.com/wp-content/uploads/2021/11/cay-trau-ba-tim-xanh-Philodendron-scandens-3.jpg
CCNIMG0988,CCNPLT0579,https://mowgarden.com/wp-content/uploads/2021/11/cay-trau-ba-tim-xanh-Philodendron-scandens-2.jpg
CCNIMG0989,CCNPLT0579,https://mowgarden.com/wp-content/uploads/2021/11/cay-trau-ba-tim-xanh-Philodendron-scandens-.jpg
CCNIMG0990,CCNPLT0580,https://mowgarden.com/wp-content/uploads/2021/11/cay-kim-ngan-3-than-mini-de-ban-chau-uom.jpg
CCNIMG0991,CCNPLT0580,https://mowgarden.com/wp-content/uploads/2021/11/cay-kim-ngan-xoan-nho-3.jpg
CCNIMG0992,CCNPLT0581,https://mowgarden.com/wp-content/uploads/2021/11/cay-luoi-ho-vang-dai-Sansevieria-trifasciata-Laurentii-1.jpg
CCNIMG0993,CCNPLT0581,https://mowgarden.com/wp-content/uploads/2021/11/cay-luoi-ho-vang-dai-Sansevieria-trifasciata-Laurentii-2.jpg
CCNIMG0994,CCNPLT0581,https://mowgarden.com/wp-content/uploads/2021/11/cay-luoi-ho-vang-dai-Sansevieria-trifasciata-Laurentii-3.jpg
CCNIMG0995,CCNPLT0582,https://mowgarden.com/wp-content/uploads/2021/11/48.jpg
CCNIMG0996,CCNPLT0582,https://mowgarden.com/wp-content/uploads/2021/11/45.jpg
CCNIMG0997,CCNPLT0582,https://mowgarden.com/wp-content/uploads/2021/11/46.jpg
CCNIMG0998,CCNPLT0582,https://mowgarden.com/wp-content/uploads/2021/11/47.jpg
CCNIMG0999,CCNPLT0582,https://mowgarden.com/wp-content/uploads/2021/11/Alocasia-Pink-Dragon.jpg
CCNIMG1000,CCNPLT0583,https://mowgarden.com/wp-content/uploads/2021/11/Alocasia-baginda-Dragon-Scale-2.jpg
CCNIMG1001,CCNPLT0583,https://mowgarden.com/wp-content/uploads/2021/11/Alocasia-baginda-Dragon-Scale.jpg
CCNIMG1002,CCNPLT0583,https://mowgarden.com/wp-content/uploads/2021/11/Alocasia-baginda-Dragon-Scale-1.jpg
CCNIMG1003,CCNPLT0583,https://mowgarden.com/wp-content/uploads/2021/11/mon-rong-xanh.jpg
CCNIMG1004,CCNPLT0584,https://mowgarden.com/wp-content/uploads/2022/10/cay-thong-noel-trang-tri-giang-sinh-van-phong.jpg
CCNIMG1005,CCNPLT0584,https://mowgarden.com/wp-content/uploads/2021/10/trang-tri-giang-sinh.jpg
CCNIMG1006,CCNPLT0585,https://mowgarden.com/wp-content/uploads/2022/10/cay-thong-trang-tri-giang-nho-de-ban.jpg
CCNIMG1007,CCNPLT0586,https://mowgarden.com/wp-content/uploads/2022/10/cay-tung-son-trang-tri-noel-2022.jpg
CCNIMG1008,CCNPLT0586,https://mowgarden.com/wp-content/uploads/2021/10/cay-thong-noel-trang-tri-giang-sinh.jpg
CCNIMG1009,CCNPLT0587,https://mowgarden.com/wp-content/uploads/2022/10/cay-thong-noel-mini-de-ban-1.jpg
CCNIMG1010,CCNPLT0587,https://mowgarden.com/wp-content/uploads/2021/10/cay-thong-giang-sinh-mini.jpg
CCNIMG1011,CCNPLT0588,https://mowgarden.com/wp-content/uploads/2022/10/cay-thong-noel-mini-trang-tri-giang-sinh-2022-1.jpg
CCNIMG1012,CCNPLT0589,https://mowgarden.com/wp-content/uploads/2022/10/cay-thong-noel-co-lon-trang-tri-giang-sinh.jpg
CCNIMG1013,CCNPLT0589,https://mowgarden.com/wp-content/uploads/2021/10/trang-tri-noel-dep.jpg
CCNIMG1014,CCNPLT0590,https://mowgarden.com/wp-content/uploads/2022/10/cay-thong-noel-mini-de-ban.jpg
CCNIMG1015,CCNPLT0591,https://mowgarden.com/wp-content/uploads/2022/10/cay-thong-noel-mini.jpg
CCNIMG1016,CCNPLT0592,https://mowgarden.com/wp-content/uploads/2022/10/cay-thong-noel-de-ban-trang-tri-2022-1.jpg
CCNIMG1017,CCNPLT0593,https://mowgarden.com/wp-content/uploads/2022/10/cay-thong-noel-de-ban-trang-tri-2022-2.jpg
CCNIMG1018,CCNPLT0594,https://mowgarden.com/wp-content/uploads/2021/10/cay-thong-noel-mini-trang-tri-giang-sinh-1.jpg
CCNIMG1019,CCNPLT0594,https://mowgarden.com/wp-content/uploads/2021/10/cay-thong-noel-mini-trang-tri-giang-sinh-2.jpg
CCNIMG1020,CCNPLT0595,https://mowgarden.com/wp-content/uploads/2022/10/cay-kim-ngan-luong-de-ban-trang-tri-tet.jpg
CCNIMG1021,CCNPLT0596,https://mowgarden.com/wp-content/uploads/2022/10/cay-kim-ngan-trung-tet-2023-2.jpg
CCNIMG1022,CCNPLT0597,https://mowgarden.com/wp-content/uploads/2022/10/cay-kim-ngan-luong-trang-tri-tet-2022.jpg
CCNIMG1023,CCNPLT0597,https://mowgarden.com/wp-content/uploads/2021/10/cay-kim-ngan-luong-trang-tri-tet-2022-1.jpg
CCNIMG1024,CCNPLT0598,https://mowgarden.com/wp-content/uploads/2022/10/cay-kim-ngan-luong-trang-tri-tet.jpg
CCNIMG1025,CCNPLT0598,https://mowgarden.com/wp-content/uploads/2021/04/cay-kim-ngan-luong-trang-tri-tet.jpg
CCNIMG1026,CCNPLT0599,https://mowgarden.com/wp-content/uploads/2021/06/cay-thiet-moc-lan-de-ban-1.jpg
CCNIMG1027,CCNPLT0600,https://mowgarden.com/wp-content/uploads/2021/06/cay-ngoc-bich-de-ban.jpg
CCNIMG1028,CCNPLT0601,https://mowgarden.com/wp-content/uploads/2021/06/cay-cau-tieu-tram-CHAMAEDOREA-ELEGANS-1-1.jpg
CCNIMG1029,CCNPLT0601,https://mowgarden.com/wp-content/uploads/2021/06/cay-cau-tieu-tram-CHAMAEDOREA-ELEGANS-3-1.jpg
CCNIMG1030,CCNPLT0601,https://mowgarden.com/wp-content/uploads/2021/06/cay-cau-tieu-tram-CHAMAEDOREA-ELEGANS-2-1.jpg
CCNIMG1031,CCNPLT0601,https://mowgarden.com/wp-content/uploads/2021/06/cay-cau-tieu-tram-CHAMAEDOREA-ELEGANS-4-1.jpg
CCNIMG1032,CCNPLT0602,https://mowgarden.com/wp-content/uploads/2021/06/cay-ngu-gia-xanh-mini-de-ban-chau-su.jpg
CCNIMG1033,CCNPLT0603,https://mowgarden.com/wp-content/uploads/2021/06/cay-kim-tien-de-ban-chau-gom-su.jpg
CCNIMG1034,CCNPLT0604,https://mowgarden.com/wp-content/uploads/2021/06/cay-kim-ngan-de-ban-1-than-kn1t-275.jpg
CCNIMG1035,CCNPLT0605,https://mowgarden.com/wp-content/uploads/2021/04/302013102_5537108866345816_4032044804126532972_n-transformed.jpg
CCNIMG1036,CCNPLT0605,https://mowgarden.com/wp-content/uploads/2021/04/cay-duoi-cong-Calathea-roseopicta.jpg
CCNIMG1037,CCNPLT0606,https://mowgarden.com/wp-content/uploads/2021/04/cay-duoi-cong-hong-calathea-roseopicta-rosy-1.jpg
CCNIMG1038,CCNPLT0606,https://mowgarden.com/wp-content/uploads/2021/04/cay-duoi-cong-hong-calathea-roseopicta-rosy-2.jpg
CCNIMG1039,CCNPLT0607,https://mowgarden.com/wp-content/uploads/2021/04/cay-van-loc-thuy-sinh-1-1.jpg
CCNIMG1040,CCNPLT0607,https://mowgarden.com/wp-content/uploads/2021/04/cay-van-loc-thuy-sinh-2-1.jpg
CCNIMG1041,CCNPLT0608,https://mowgarden.com/wp-content/uploads/2021/04/cay-kim-tien-thuy-sinh-1-1.jpg
CCNIMG1042,CCNPLT0608,https://mowgarden.com/wp-content/uploads/2021/04/cay-kim-tien-thuy-sinh-2.jpg
CCNIMG1043,CCNPLT0608,https://mowgarden.com/wp-content/uploads/2021/04/cay-kim-tien-zz-plant-6-1.jpg
CCNIMG1044,CCNPLT0608,https://mowgarden.com/wp-content/uploads/2021/04/cay-kim-tien-zz-plant-2-1.jpg
CCNIMG1045,CCNPLT0608,https://mowgarden.com/wp-content/uploads/2021/04/cay-kim-tien-zz-plant-3-1.jpg
CCNIMG1046,CCNPLT0609,https://mowgarden.com/wp-content/uploads/2021/04/cay-lan-y-thuy-sinh-3.jpg
CCNIMG1047,CCNPLT0609,https://mowgarden.com/wp-content/uploads/2021/04/cay-lan-y-thuy-sinh-1-2.jpg
CCNIMG1048,CCNPLT0609,https://mowgarden.com/wp-content/uploads/2021/04/cay-lan-y-thuy-sinh-5-1.jpg
CCNIMG1049,CCNPLT0609,https://mowgarden.com/wp-content/uploads/2021/04/cay-lan-y-thuy-sinh-1-1.jpg
CCNIMG1050,CCNPLT0609,https://mowgarden.com/wp-content/uploads/2021/04/cay-lan-y-thuy-sinh-2-1.jpg
CCNIMG1051,CCNPLT0610,https://mowgarden.com/wp-content/uploads/2021/04/cay-ngoc-ngan-thuy-sinh-binh-thuy-tinh-1.jpg
CCNIMG1052,CCNPLT0610,https://mowgarden.com/wp-content/uploads/2021/04/cay-ngoc-ngan-thuy-sinh-1-1.jpg
CCNIMG1053,CCNPLT0610,https://mowgarden.com/wp-content/uploads/2021/04/cay-ngoc-ngan-thuy-sinh-5-1.jpg
CCNIMG1054,CCNPLT0610,https://mowgarden.com/wp-content/uploads/2021/04/cay-ngoc-ngan-thuy-sinh-2-1.jpg
CCNIMG1055,CCNPLT0611,https://mowgarden.com/wp-content/uploads/2021/04/cay-ngu-gia-bi-thuy-sinh-mowgarden.jpg
CCNIMG1056,CCNPLT0611,https://mowgarden.com/wp-content/uploads/2021/04/cay-ngu-gia-bi-thuy-sinh-2-1.jpg
CCNIMG1057,CCNPLT0611,https://mowgarden.com/wp-content/uploads/2021/04/cay-ngu-gia-bi-thuy-sinh-3-1.jpg
CCNIMG1058,CCNPLT0611,https://mowgarden.com/wp-content/uploads/2021/04/cay-ngu-gia-bi-thuy-sinh-4-1.jpg
CCNIMG1059,CCNPLT0611,https://mowgarden.com/wp-content/uploads/2021/04/cay-ngu-gia-bi-thuy-sinh-5-1.jpg
CCNIMG1060,CCNPLT0611,https://mowgarden.com/wp-content/uploads/2021/04/cay-ngu-gia-bi-thuy-sinh-1-1.jpg
CCNIMG1061,CCNPLT0612,https://mowgarden.com/wp-content/uploads/2021/04/cay-phu-quy-thuy-sinh-vien-do-1.jpg
CCNIMG1062,CCNPLT0612,https://mowgarden.com/wp-content/uploads/2021/04/cay-phu-quy-thuy-sinh-vien-do-2.jpg
CCNIMG1063,CCNPLT0612,https://mowgarden.com/wp-content/uploads/2021/04/cay-phu-quy-thuy-sinh-3-1.jpg
CCNIMG1064,CCNPLT0612,https://mowgarden.com/wp-content/uploads/2021/04/cay-phu-quy-thuy-sinh-4-1.jpg
CCNIMG1065,CCNPLT0613,https://mowgarden.com/wp-content/uploads/2021/04/cay-sao-sang-thuy-sinh-1.jpg
CCNIMG1066,CCNPLT0613,https://mowgarden.com/wp-content/uploads/2021/04/cay-sao-sang-thuy-sinh-2.jpg
CCNIMG1067,CCNPLT0613,https://mowgarden.com/wp-content/uploads/2021/04/cay-sao-sang-thuy-sinh-1-1.jpg
CCNIMG1068,CCNPLT0614,https://mowgarden.com/wp-content/uploads/2021/04/cay-trau-ba-xanh-thuy-sinh-1.jpg
CCNIMG1069,CCNPLT0614,https://mowgarden.com/wp-content/uploads/2021/04/cay-trau-ba-xanh-thuy-sinh-2.jpg
CCNIMG1070,CCNPLT0614,https://mowgarden.com/wp-content/uploads/2021/04/cay-trau-ba-thuy-sinh-4-1.jpg
CCNIMG1071,CCNPLT0614,https://mowgarden.com/wp-content/uploads/2021/04/cay-trau-ba-thuy-sinh-1-1.jpg
CCNIMG1072,CCNPLT0614,https://mowgarden.com/wp-content/uploads/2021/04/cay-trau-ba-thuy-sinh-2-1.jpg
CCNIMG1073,CCNPLT0614,https://mowgarden.com/wp-content/uploads/2021/04/cay-trau-ba-thuy-sinh-3-1.jpg
CCNIMG1074,CCNPLT0614,https://mowgarden.com/wp-content/uploads/2021/04/cay-trau-ba-thuy-sinh-5-1.jpg
CCNIMG1075,CCNPLT0615,https://mowgarden.com/wp-content/uploads/2021/04/cay-luoi-ho-thuy-sinh-1-2.jpg
CCNIMG1076,CCNPLT0615,https://mowgarden.com/wp-content/uploads/2021/04/cay-luoi-ho-thuy-sinh-2-3.jpg
CCNIMG1077,CCNPLT0616,https://mowgarden.com/wp-content/uploads/2021/04/cay-hanh-phuc-co-thu-de-ban.jpg
CCNIMG1078,CCNPLT0616,https://mowgarden.com/wp-content/uploads/2021/04/cay-hanh-phuc-co-thu-de-ban-3.jpg
CCNIMG1079,CCNPLT0617,https://mowgarden.com/wp-content/uploads/2021/04/cay-da-tam-phuc-1.jpg
CCNIMG1080,CCNPLT0617,https://mowgarden.com/wp-content/uploads/2021/04/cay-da-tam-phuc-2.jpg
CCNIMG1081,CCNPLT0618,https://mowgarden.com/wp-content/uploads/2021/04/Callisia-Repens.jpg
CCNIMG1082,CCNPLT0619,https://mowgarden.com/wp-content/uploads/2021/04/cay-kim-ngan-luong-chau-gom-trang.jpg
CCNIMG1083,CCNPLT0619,https://mowgarden.com/wp-content/uploads/2021/04/cay-kim-ngan-luong-trang-tri-tet.jpg
CCNIMG1084,CCNPLT0620,https://mowgarden.com/wp-content/uploads/2021/04/cay-trau-ba-leo-cot.jpg
CCNIMG1085,CCNPLT0620,https://mowgarden.com/wp-content/uploads/2021/04/trau-ba-cot-chau-nhua-mowgarden.jpg
CCNIMG1086,CCNPLT0621,https://mowgarden.com/wp-content/uploads/2021/04/scindapsus-pictus-exotica-trau-ba-lua-1.jpg
CCNIMG1087,CCNPLT0621,https://mowgarden.com/wp-content/uploads/2021/04/cay-trau-ma-lua-mowgarden-1.jpg
CCNIMG1088,CCNPLT0621,https://mowgarden.com/wp-content/uploads/2021/04/cay-trau-ma-lua-mowgarden.jpg
CCNIMG1089,CCNPLT0622,https://mowgarden.com/wp-content/uploads/2021/04/cay-luoi-ho-bac-de-ban.jpg
CCNIMG1090,CCNPLT0623,https://mowgarden.com/wp-content/uploads/2021/04/Sansevieria_siam_silver_luoi_ho.jpg
CCNIMG1091,CCNPLT0624,https://mowgarden.com/wp-content/uploads/2021/04/van-nien-tung.jpg
CCNIMG1092,CCNPLT0625,https://mowgarden.com/wp-content/uploads/2021/04/la-bac.jpg
CCNIMG1093,CCNPLT0626,https://mowgarden.com/wp-content/uploads/2021/04/philodendron-hastatum.jpg
CCNIMG1094,CCNPLT0627,https://mowgarden.com/wp-content/uploads/2021/04/Philodendron-Gloriosum.jpg
CCNIMG1095,CCNPLT0627,https://mowgarden.com/wp-content/uploads/2021/04/PhilodendronGloriosum1-1.jpg
CCNIMG1096,CCNPLT0627,https://mowgarden.com/wp-content/uploads/2021/04/philodendron-gloriosum-1-1.jpg
CCNIMG1097,CCNPLT0627,https://mowgarden.com/wp-content/uploads/2021/04/gloriosum.jpg
CCNIMG1098,CCNPLT0628,https://mowgarden.com/wp-content/uploads/2021/04/philodendron-brandtianum.jpg
CCNIMG1099,CCNPLT0629,https://mowgarden.com/wp-content/uploads/2021/04/philodendron_bob_cee.jpg
CCNIMG1100,CCNPLT0630,https://mowgarden.com/wp-content/uploads/2021/11/trau-ba-de-vuong-kim-cuong-Philodendron-Birkin.jpg
CCNIMG1101,CCNPLT0630,https://mowgarden.com/wp-content/uploads/2021/11/trau-ba-de-vuong-kim-cuong-Philodendron-Birkin-5.jpg
CCNIMG1102,CCNPLT0630,https://mowgarden.com/wp-content/uploads/2021/11/trau-ba-de-vuong-kim-cuong-Philodendron-Birkin-7.jpg
CCNIMG1103,CCNPLT0630,https://mowgarden.com/wp-content/uploads/2021/11/trau-ba-de-vuong-kim-cuong-Philodendron-Birkin-6.jpg
CCNIMG1104,CCNPLT0631,https://mowgarden.com/wp-content/uploads/2021/04/cay-la_hot_xoan.jpg
CCNIMG1105,CCNPLT0632,https://mowgarden.com/wp-content/uploads/2021/04/buom-dem.jpg
CCNIMG1106,CCNPLT0633,https://mowgarden.com/wp-content/uploads/2021/04/cay-trau-ba-la-xe-monstera-1a.jpg
CCNIMG1107,CCNPLT0633,https://mowgarden.com/wp-content/uploads/2021/04/cay-trau-ba-la-xe-monstera-2.jpg
CCNIMG1108,CCNPLT0634,https://mowgarden.com/wp-content/uploads/2021/04/cay-trau-ba-lo-adansoni.jpg
CCNIMG1109,CCNPLT0635,https://mowgarden.com/wp-content/uploads/2021/04/cay-cau-nguyen-Maranta-leuconeura-massangeana.jpg
CCNIMG1110,CCNPLT0636,https://mowgarden.com/wp-content/uploads/2021/04/maranta_leuconeura_kerchoviana_variegata.jpg
CCNIMG1111,CCNPLT0637,https://mowgarden.com/wp-content/uploads/2021/04/cay-duoi-cong-Maranta-Varieties-1.jpg
CCNIMG1112,CCNPLT0637,https://mowgarden.com/wp-content/uploads/2021/04/cay-duoi-cong-Maranta-Varieties-2.jpg
CCNIMG1113,CCNPLT0638,https://mowgarden.com/wp-content/uploads/2021/04/maranta_leuconeura_kerchoviana-1.jpg
CCNIMG1114,CCNPLT0639,https://mowgarden.com/wp-content/uploads/2021/04/cay-duoi-cong-Maranta-Lemon-Lime.jpg
CCNIMG1115,CCNPLT0640,https://mowgarden.com/wp-content/uploads/2021/04/Maranta-Arundinacea-Variegata.jpg
CCNIMG1116,CCNPLT0641,https://mowgarden.com/wp-content/uploads/2021/04/duong-xi-toc-than-maidenhair-fern.jpg
CCNIMG1117,CCNPLT0642,https://mowgarden.com/wp-content/uploads/2021/04/Kaempferia_Pulchra_Dia_Lien_Peacock_Ginger.jpg
CCNIMG1118,CCNPLT0643,https://mowgarden.com/wp-content/uploads/2021/04/cay-da-bup-do-cam-thach-Ficus-elastica-Tineke-1-1.jpg
CCNIMG1119,CCNPLT0643,https://mowgarden.com/wp-content/uploads/2021/04/cay-da-bup-do-cam-thach-Ficus-elastica-Tineke-2.jpg
CCNIMG1120,CCNPLT0644,https://mowgarden.com/wp-content/uploads/2021/04/cay-da-bup-do-3-than.jpg
CCNIMG1121,CCNPLT0645,https://mowgarden.com/wp-content/uploads/2021/04/FicusAltissima2-1.jpg
CCNIMG1122,CCNPLT0645,https://mowgarden.com/wp-content/uploads/2021/04/FicusAltissima-1.jpg
CCNIMG1123,CCNPLT0645,https://mowgarden.com/wp-content/uploads/2021/04/FicusAltissima1-1.jpg
CCNIMG1124,CCNPLT0645,https://mowgarden.com/wp-content/uploads/2021/04/FicusAltissima3-1.jpg
CCNIMG1125,CCNPLT0646,https://mowgarden.com/wp-content/uploads/2021/04/cay-khuynh-diep-eucalyptus-true-blue.jpg
CCNIMG1126,CCNPLT0647,https://mowgarden.com/wp-content/uploads/2021/04/cay-chuoi-tim-string-of-hearts.jpg
CCNIMG1127,CCNPLT0648,https://mowgarden.com/wp-content/uploads/2021/04/duong-xi-to-phung-Crispy-Wave-Fern-1.jpg
CCNIMG1128,CCNPLT0648,https://mowgarden.com/wp-content/uploads/2021/04/duong-xi-to-phung-Crispy-Wave-Fern-2.jpg
CCNIMG1129,CCNPLT0649,https://mowgarden.com/wp-content/uploads/2021/04/cay-duoi-cong-calathea-Warscewiczii.jpg
CCNIMG1130,CCNPLT0649,https://mowgarden.com/wp-content/uploads/2021/04/cay-duoi-cong-calathea-Warscewiczii-1a.jpg
CCNIMG1131,CCNPLT0650,https://mowgarden.com/wp-content/uploads/2021/04/calathea_duoi_cong_thai_beauty_xanh_decor_4.jpg
CCNIMG1132,CCNPLT0651,https://mowgarden.com/wp-content/uploads/2021/04/cay-duoi-cong-tim-calathea-roseopicta-dottie.jpg
CCNIMG1133,CCNPLT0652,https://mowgarden.com/wp-content/uploads/2021/04/cay-duoi-cong-Calathea-roseopicta-cora.jpg
CCNIMG1134,CCNPLT0653,https://mowgarden.com/wp-content/uploads/2021/04/cay-duoi-cong-Calathea-Shinestar-1.jpg
CCNIMG1135,CCNPLT0654,https://mowgarden.com/wp-content/uploads/2021/04/calathea-musaica-network.jpg
CCNIMG1136,CCNPLT0655,https://mowgarden.com/wp-content/uploads/2021/04/cay-duoi-cong-Calathea1makoyan-1.jpg
CCNIMG1137,CCNPLT0655,https://mowgarden.com/wp-content/uploads/2021/04/cay-duoi-cong-Calathea1makoyan-2.jpg
CCNIMG1138,CCNPLT0655,https://mowgarden.com/wp-content/uploads/2021/04/cay-duoi-cong-Calathea1makoyan-3.jpg
CCNIMG1139,CCNPLT0656,https://mowgarden.com/wp-content/uploads/2021/04/cay-duoi-phung-Calathea-Lancifolia-1a.jpg
CCNIMG1140,CCNPLT0656,https://mowgarden.com/wp-content/uploads/2021/04/cay-duoi-phung-Calathea-Lancifolia-3.jpg
CCNIMG1141,CCNPLT0656,https://mowgarden.com/wp-content/uploads/2021/04/cay-duoi-phung-Calathea-Lancifolia-2.jpg
CCNIMG1142,CCNPLT0657,https://mowgarden.com/wp-content/uploads/2021/04/duoi-cong-tao-Calathea-Rotundifolia.jpg
CCNIMG1143,CCNPLT0658,https://mowgarden.com/wp-content/uploads/2021/04/ctenanthe_setosa_calathea_compact_star.jpg
CCNIMG1144,CCNPLT0659,https://mowgarden.com/wp-content/uploads/2021/04/calathea-bella-carlina.jpg
CCNIMG1145,CCNPLT0660,https://mowgarden.com/wp-content/uploads/2021/04/caladium-white-christmas.jpg
CCNIMG1146,CCNPLT0661,https://mowgarden.com/wp-content/uploads/2021/04/cay-mon-tia_CaladiumNewWave_CaladiumBubble_mowgarden_1.jpg
CCNIMG1147,CCNPLT0661,https://mowgarden.com/wp-content/uploads/2021/04/cay-mon-tia_CaladiumNewWave_CaladiumBubble_mowgarden.jpg
CCNIMG1148,CCNPLT0662,https://mowgarden.com/wp-content/uploads/2021/04/cay-thu-hai-duong-la-dom-begonia-Maculata-Wightii.jpg
CCNIMG1149,CCNPLT0663,https://mowgarden.com/wp-content/uploads/2021/04/Alocasia-micholitziana-Frydek-4.jpg
CCNIMG1150,CCNPLT0663,https://mowgarden.com/wp-content/uploads/2021/04/Alocasia-micholitziana-Frydek-3.jpg
CCNIMG1151,CCNPLT0663,https://mowgarden.com/wp-content/uploads/2021/04/Alocasia-micholitziana-Frydek.jpg
CCNIMG1152,CCNPLT0663,https://mowgarden.com/wp-content/uploads/2021/04/Alocasia-micholitziana-Frydek1.jpg
CCNIMG1153,CCNPLT0664,https://mowgarden.com/wp-content/uploads/2021/04/Alocasia-reginula-Black-Velvet-3.jpg
CCNIMG1154,CCNPLT0664,https://mowgarden.com/wp-content/uploads/2021/04/Alocasia-reginula-Black-Velvet.jpg
CCNIMG1155,CCNPLT0664,https://mowgarden.com/wp-content/uploads/2021/04/Alocasia-reginula-Black-Velvet-1.jpg
CCNIMG1156,CCNPLT0664,https://mowgarden.com/wp-content/uploads/2021/04/Alocasia-reginula-Black-Velvet1.jpg
CCNIMG1157,CCNPLT0665,https://mowgarden.com/wp-content/uploads/2021/04/alocasia-silver-dragon-2.jpg
CCNIMG1158,CCNPLT0665,https://mowgarden.com/wp-content/uploads/2021/04/alocasia-silver-dragon-1.jpg
CCNIMG1159,CCNPLT0665,https://mowgarden.com/wp-content/uploads/2021/04/alocasia-silver-dragon-3.jpg
CCNIMG1160,CCNPLT0665,https://mowgarden.com/wp-content/uploads/2021/04/alocasia-silver-dragon1.jpg
CCNIMG1161,CCNPLT0666,https://mowgarden.com/wp-content/uploads/2021/04/cay-van-loc-huyet-long-mowgarden.jpg
CCNIMG1162,CCNPLT0667,https://mowgarden.com/wp-content/uploads/2021/04/Alocasia-amazonica-Polly-1.jpg
CCNIMG1163,CCNPLT0667,https://mowgarden.com/wp-content/uploads/2021/04/Alocasia-amazonica-Polly-2.jpg
CCNIMG1164,CCNPLT0667,https://mowgarden.com/wp-content/uploads/2021/04/Alocasia-amazonica-Polly1.jpg
CCNIMG1165,CCNPLT0668,https://mowgarden.com/wp-content/uploads/2021/04/sen_2_1024x1024.jpg
CCNIMG1166,CCNPLT0669,https://mowgarden.com/wp-content/uploads/2021/04/bach_thuy_tien2_1024x1024.jpg
CCNIMG1167,CCNPLT0670,https://mowgarden.com/wp-content/uploads/2021/04/cay-le-ban-mowgarden-01.jpg
CCNIMG1168,CCNPLT0670,https://mowgarden.com/wp-content/uploads/2021/04/cay-le-ban-mowgarden-02.jpg
CCNIMG1169,CCNPLT0671,https://mowgarden.com/wp-content/uploads/2021/04/cay-huyet-du-chau-uom.jpg
CCNIMG1170,CCNPLT0672,https://mowgarden.com/wp-content/uploads/2021/04/cay-ngu-gia-bi-cam-thach-1.jpg
CCNIMG1171,CCNPLT0672,https://mowgarden.com/wp-content/uploads/2021/04/cay-ngu-gia-bi-cam-thach-2.jpg
CCNIMG1172,CCNPLT0673,https://mowgarden.com/wp-content/uploads/2021/04/Monstera-adansonii-Philodendron-Monkey-Mask-MOWGARDEN-2.jpg
CCNIMG1173,CCNPLT0673,https://mowgarden.com/wp-content/uploads/2021/04/Monstera-adansonii-Philodendron-Monkey-Mask-MOWGARDEN-3.jpg
CCNIMG1174,CCNPLT0673,https://mowgarden.com/wp-content/uploads/2021/04/trau-ba-lo.jpg
CCNIMG1175,CCNPLT0673,https://mowgarden.com/wp-content/uploads/2021/04/trau-ba-la-lo-mowgarden-1.jpg
CCNIMG1176,CCNPLT0674,https://mowgarden.com/wp-content/uploads/2021/04/cay-dua-duoi-phung-do-1-1.jpg
CCNIMG1177,CCNPLT0674,https://mowgarden.com/wp-content/uploads/2021/04/cay-dua-duoi-phung-do-1-2.jpg
CCNIMG1178,CCNPLT0675,https://mowgarden.com/wp-content/uploads/2021/04/cay-ke-nhat-nho-de-trong-nha.jpg
CCNIMG1179,CCNPLT0676,https://mowgarden.com/wp-content/uploads/2021/04/cay-truc-bach-hop-1-than.jpg
CCNIMG1180,CCNPLT0676,https://mowgarden.com/wp-content/uploads/2021/04/truc-bach-hop-Dracaena-reflexa-2.jpg
CCNIMG1181,CCNPLT0677,https://mowgarden.com/wp-content/uploads/2021/04/cay_phat_tai_ngon_1024x1024.jpg
CCNIMG1182,CCNPLT0678,https://mowgarden.com/wp-content/uploads/2021/04/cay_ti_phu1_1024x1024.jpg
CCNIMG1183,CCNPLT0679,https://mowgarden.com/wp-content/uploads/2021/04/cay-bang-singapore-mot-than-chau-xi-mang.jpg
CCNIMG1184,CCNPLT0680,https://mowgarden.com/wp-content/uploads/2021/04/cay_phat_tai_huy_hoang1_1024x1024.jpg
CCNIMG1185,CCNPLT0681,https://mowgarden.com/wp-content/uploads/2021/04/cay-rang-to-phung.jpg
CCNIMG1186,CCNPLT0681,https://mowgarden.com/wp-content/uploads/2021/04/cay-rang-to-phung-1.jpg
CCNIMG1187,CCNPLT0682,https://mowgarden.com/wp-content/uploads/2021/04/cay_lan_thanh_126fa435-695f-4ff8-a793-22dcefc7781f_1024x1024.jpg
CCNIMG1188,CCNPLT0683,https://mowgarden.com/wp-content/uploads/2021/04/cay_ngan_hau_1024x1024.jpg
CCNIMG1189,CCNPLT0684,https://mowgarden.com/wp-content/uploads/2021/04/cay-kim-tien-de-ban-chau-su.jpg
CCNIMG1190,CCNPLT0685,https://mowgarden.com/wp-content/uploads/2021/04/lan_tim_3_1024x1024.jpg
CCNIMG1191,CCNPLT0686,https://mowgarden.com/wp-content/uploads/2021/04/cay-phat-tai-khuc-bo-3-nho.jpg
CCNIMG1192,CCNPLT0687,https://mowgarden.com/wp-content/uploads/2021/04/cay_truc_nhat_vang1_1024x1024.jpg
CCNIMG1193,CCNPLT0688,https://mowgarden.com/wp-content/uploads/2021/04/cay-truong-sinh-cam-thach-chau-dat-nung.jpg
CCNIMG1194,CCNPLT0689,https://mowgarden.com/wp-content/uploads/2021/04/cay-kim-tien-de-ban-chau-dat-nung.jpg
CCNIMG1195,CCNPLT0690,https://mowgarden.com/wp-content/uploads/2021/04/cay-kim-tien-chau-men-su-de-ban.jpg
CCNIMG1196,CCNPLT0690,https://mowgarden.com/wp-content/uploads/2014/06/cay-kim-tien-zz-plant-3.jpg
CCNIMG1197,CCNPLT0691,https://mowgarden.com/wp-content/uploads/2021/04/rau_ma_kieng_3_1024x1024.jpg
CCNIMG1198,CCNPLT0692,https://mowgarden.com/wp-content/uploads/2021/04/cay-phu-quy-vien-do-Aglaonema-red-siam.jpg
CCNIMG1199,CCNPLT0692,https://mowgarden.com/wp-content/uploads/2021/04/cay-phu-quy-vien-do-Aglaonema-red-siam-2.jpg
CCNIMG1200,CCNPLT0692,https://mowgarden.com/wp-content/uploads/2021/04/cay-phu-quy-vien-do-Aglaonema-red-siam-3.jpg
CCNIMG1201,CCNPLT0693,https://mowgarden.com/wp-content/uploads/2021/04/cay-ngoc-ngan-chau-uom.jpg
CCNIMG1202,CCNPLT0693,https://mowgarden.com/wp-content/uploads/2021/04/cay-ngoc-ngan-chau-uom-Aglaonema-Snow-white-2.jpg
CCNIMG1203,CCNPLT0694,https://mowgarden.com/wp-content/uploads/2021/04/cay-cang-cua-cam-thach-Peperomia-scandens-Variegata-1-1.jpg
CCNIMG1204,CCNPLT0694,https://mowgarden.com/wp-content/uploads/2021/04/cay-cang-cua-cam-thach-Peperomia-scandens-Variegata-3-1.jpg
CCNIMG1205,CCNPLT0694,https://mowgarden.com/wp-content/uploads/2021/04/cay-cang-cua-cam-thach-Peperomia-scandens-Variegata-4-1.jpg
CCNIMG1206,CCNPLT0694,https://mowgarden.com/wp-content/uploads/2021/04/cay-cang-cua-cam-thach-Peperomia-scandens-Variegata-2-1.jpg
CCNIMG1207,CCNPLT0695,https://mowgarden.com/wp-content/uploads/2021/04/cay-hong-mon-nho-chau-uom-1.jpg
CCNIMG1208,CCNPLT0696,https://mowgarden.com/wp-content/uploads/2021/04/cay_lan_quan_tu_1024x1024.jpg
CCNIMG1209,CCNPLT0697,https://mowgarden.com/wp-content/uploads/2021/04/cay-lan-y-nho-chau-uom.jpg
CCNIMG1210,CCNPLT0698,https://mowgarden.com/wp-content/uploads/2021/04/cay-bang-singapore-mini-de-ban-chau-dat-nung.jpg
CCNIMG1211,CCNPLT0698,https://mowgarden.com/wp-content/uploads/2014/08/cay-bang-singapore-mini-de-ban-chau-uom-2.jpg
CCNIMG1212,CCNPLT0698,https://mowgarden.com/wp-content/uploads/2014/08/cay-bang-singapore-mini-de-ban-chau-uom-3.jpg
CCNIMG1213,CCNPLT0699,https://mowgarden.com/wp-content/uploads/2021/04/cay-cau-hawaii-chau-uom-1.jpg
CCNIMG1214,CCNPLT0699,https://mowgarden.com/wp-content/uploads/2021/04/cay-cau-hawaii-chau-uom-2.jpg
CCNIMG1215,CCNPLT0700,https://mowgarden.com/wp-content/uploads/2021/04/cay-truong-sinh-la-xanh.jpg
CCNIMG1216,CCNPLT0701,https://mowgarden.com/wp-content/uploads/2021/04/cay_van_loc1_1024x1024.jpg
CCNIMG1217,CCNPLT0702,https://mowgarden.com/wp-content/uploads/2021/04/cay-thuong-xuan-xanh-treo-english-ivy.jpg
CCNIMG1218,CCNPLT0703,https://mowgarden.com/wp-content/uploads/2021/04/trau-ba-de-vuong-xanh-mowgarden.jpg
CCNIMG1219,CCNPLT0703,https://mowgarden.com/wp-content/uploads/2021/04/trau-ba-de-vuong-xanh.jpg
CCNIMG1220,CCNPLT0704,https://mowgarden.com/wp-content/uploads/2021/04/cay-trung-la-han-thuy-sinh.jpg
CCNIMG1221,CCNPLT0705,https://mowgarden.com/wp-content/uploads/2021/04/cay-da-bup-do-de-ban-3-than.jpg
CCNIMG1222,CCNPLT0706,https://mowgarden.com/wp-content/uploads/2021/04/cay-hanh-phuc-de-ban-chau-uom-nho.jpg
CCNIMG1223,CCNPLT0707,https://mowgarden.com/wp-content/uploads/2021/04/cay-co-lan-chi-chau-uom.jpg
CCNIMG1224,CCNPLT0708,https://mowgarden.com/wp-content/uploads/2021/04/cay-duoi-cong-Calathea-Sanderina.jpg
CCNIMG1225,CCNPLT0708,https://mowgarden.com/wp-content/uploads/2021/04/cay-duoi-cong-Calathea-Sanderina-2.jpg
CCNIMG1226,CCNPLT0709,https://mowgarden.com/wp-content/uploads/2021/04/trau-ba-sua-Epipremnum-pinnatum-‘NJoy-mowgarden.jpg
CCNIMG1227,CCNPLT0709,https://mowgarden.com/wp-content/uploads/2021/04/trau-ba-sua-Epipremnum-pinnatum-‘NJoy-mowgarden-03.jpg
CCNIMG1228,CCNPLT0709,https://mowgarden.com/wp-content/uploads/2021/04/trau-ba-sua-Epipremnum-pinnatum-‘NJoy-mowgarden-01.jpg
CCNIMG1229,CCNPLT0710,https://mowgarden.com/wp-content/uploads/2021/04/cay-duoi-cong-tao-xanh-chau-uom-nho.jpg
CCNIMG1230,CCNPLT0711,https://mowgarden.com/wp-content/uploads/2021/04/cay-hoang-hau-mowgarden-02.jpg
CCNIMG1231,CCNPLT0711,https://mowgarden.com/wp-content/uploads/2021/04/cay-hoang-hau-mowgarden-01.jpg
CCNIMG1232,CCNPLT0712,https://mowgarden.com/wp-content/uploads/2021/04/cay-trau-ba-de-vuong-xanh-thuy-tinh-1.jpg
CCNIMG1233,CCNPLT0712,https://mowgarden.com/wp-content/uploads/2021/04/cay-trau-ba-de-vuong-xanh-thuy-tinh-2.jpg
CCNIMG1234,CCNPLT0712,https://mowgarden.com/wp-content/uploads/2021/04/cay-trau-ba-de-vuong-thuy-sinh-2-1.jpg
CCNIMG1235,CCNPLT0712,https://mowgarden.com/wp-content/uploads/2021/04/cay-trau-ba-de-vuong-thuy-sinh-3a.jpg
CCNIMG1236,CCNPLT0712,https://mowgarden.com/wp-content/uploads/2021/04/cay-trau-ba-de-vuong-thuy-sinh-4.jpg
CCNIMG1237,CCNPLT0713,https://mowgarden.com/wp-content/uploads/2021/04/cay-ngu-gia-bi-xanh-mini-chau-uom.jpg
CCNIMG1238,CCNPLT0714,https://mowgarden.com/wp-content/uploads/2014/08/cay-bang-singapore-mini-de-ban-chau-uom-1.jpg
CCNIMG1239,CCNPLT0714,https://mowgarden.com/wp-content/uploads/2014/08/cay-bang-singapore-mini-de-ban-chau-uom-2.jpg
CCNIMG1240,CCNPLT0714,https://mowgarden.com/wp-content/uploads/2014/08/cay-bang-singapore-mini-de-ban-chau-uom-3.jpg
CCNIMG1241,CCNPLT0715,https://mowgarden.com/wp-content/uploads/2014/08/cay-trau-ba-de-ban.jpg
CCNIMG1242,CCNPLT0716,https://mowgarden.com/wp-content/uploads/2014/08/cay-bang-singapore-mini-de-ban-chau-su-1.jpg
CCNIMG1243,CCNPLT0717,https://mowgarden.com/wp-content/uploads/2014/06/cay-kim-tien-lon-chau-uom-1.jpg
CCNIMG1244,CCNPLT0717,https://mowgarden.com/wp-content/uploads/2014/06/cay-kim-tien-lon-chau-uom-2.jpg
CCNIMG1245,CCNPLT0718,https://mowgarden.com/wp-content/uploads/2023/04/hoa-hong-ngoai-carey-rose-1.jpg
CCNIMG1246,CCNPLT0718,https://mowgarden.com/wp-content/uploads/2023/04/hoa-hong-ngoai-carey-rose-12.jpg
CCNIMG1247,CCNPLT0719,https://mowgarden.com/wp-content/uploads/2023/04/hoa-hong-leo-herzogin-1.jpg
CCNIMG1248,CCNPLT0719,https://mowgarden.com/wp-content/uploads/2023/04/hoa-hong-leo-herzogin-2.jpg
CCNIMG1249,CCNPLT0720,https://mowgarden.com/wp-content/uploads/2023/04/hoa-hong-leo-CPM-mau-vang-cam-1.jpg
CCNIMG1250,CCNPLT0720,https://mowgarden.com/wp-content/uploads/2023/04/hoa-hong-leo-CPM-mau-vang-cam-3.jpg
CCNIMG1251,CCNPLT0720,https://mowgarden.com/wp-content/uploads/2023/04/hoa-hong-leo-CPM-mau-vang-cam-2.jpg
CCNIMG1252,CCNPLT0721,https://mowgarden.com/wp-content/uploads/2023/04/hoa-hong-leo-mau-cam-lady-of-shalott-1.jpg
CCNIMG1253,CCNPLT0721,https://mowgarden.com/wp-content/uploads/2023/04/hoa-hong-leo-mau-cam-lady-of-shalott-3.jpg
CCNIMG1254,CCNPLT0721,https://mowgarden.com/wp-content/uploads/2023/04/hoa-hong-leo-mau-cam-lady-of-shalott-2.jpg
CCNIMG1255,CCNPLT0722,https://mowgarden.com/wp-content/uploads/2023/04/hoa-hong-leo-red-eden-1.jpg
CCNIMG1256,CCNPLT0722,https://mowgarden.com/wp-content/uploads/2023/04/hoa-hong-leo-red-eden-3.jpg
CCNIMG1257,CCNPLT0722,https://mowgarden.com/wp-content/uploads/2023/04/hoa-hong-leo-red-eden-2.jpg
CCNIMG1258,CCNPLT0723,https://mowgarden.com/wp-content/uploads/2023/04/hoa-hong-ngoai-double-delight-1.jpg
CCNIMG1259,CCNPLT0723,https://mowgarden.com/wp-content/uploads/2023/04/hoa-hong-ngoai-double-delight-2.jpg
CCNIMG1260,CCNPLT0723,https://mowgarden.com/wp-content/uploads/2023/04/hoa-hong-ngoai-double-delight-3.jpg
CCNIMG1261,CCNPLT0724,https://mowgarden.com/wp-content/uploads/2023/04/cay-hoa-hong-leo-golden-celebration-david-austin-1.jpg
CCNIMG1262,CCNPLT0724,https://mowgarden.com/wp-content/uploads/2023/04/cay-hoa-hong-leo-golden-celebration-david-austin-2.jpg
CCNIMG1263,CCNPLT0724,https://mowgarden.com/wp-content/uploads/2023/04/cay-hoa-hong-leo-golden-celebration-david-austin-3.jpg
CCNIMG1264,CCNPLT0725,https://mowgarden.com/wp-content/uploads/2023/03/cay-bong-giay-sakura.jpg
CCNIMG1265,CCNPLT0725,https://mowgarden.com/wp-content/uploads/2023/03/cay-bong-giay-sakura-1.jpg
CCNIMG1266,CCNPLT0726,https://mowgarden.com/wp-content/uploads/2023/03/cay-bong-giay-bonsai-mau-do-chau-uom-1.jpg
CCNIMG1267,CCNPLT0726,https://mowgarden.com/wp-content/uploads/2023/03/cay-bong-giay-bonsai-mau-do-chau-uom-2.jpg
CCNIMG1268,CCNPLT0727,https://mowgarden.com/wp-content/uploads/2023/03/cay-hoa-hong-phung-chau-uom-1.jpg
CCNIMG1269,CCNPLT0727,https://mowgarden.com/wp-content/uploads/2023/03/cay-hoa-hong-phung-trong-bui.jpg
CCNIMG1270,CCNPLT0727,https://mowgarden.com/wp-content/uploads/2023/03/cay-hoa-hong-phung-chau-uom-2.jpg
CCNIMG1271,CCNPLT0728,https://mowgarden.com/wp-content/uploads/2023/03/cay-hoa-lan-hoang-duong-chau-uom.jpg
CCNIMG1272,CCNPLT0728,https://mowgarden.com/wp-content/uploads/2023/03/cay-hoa-lan-hoang-duong.jpg
CCNIMG1273,CCNPLT0729,https://mowgarden.com/wp-content/uploads/2023/03/cay-nguyet-que-dang-tree-tan-tron-1.jpg
CCNIMG1274,CCNPLT0729,https://mowgarden.com/wp-content/uploads/2023/03/cay-nguyet-que-dang-tree-tan-tron-2.jpg
CCNIMG1275,CCNPLT0730,https://mowgarden.com/wp-content/uploads/2023/03/cay-bong-giay-thai-lan-mau-trang-1.jpg
CCNIMG1276,CCNPLT0730,https://mowgarden.com/wp-content/uploads/2023/03/cay-bong-giay-thai-lan-mau-trang-2.jpg
CCNIMG1277,CCNPLT0731,https://mowgarden.com/wp-content/uploads/2023/01/cay-tre-vang-trong-hang-rao-san-vuon-1.jpg
CCNIMG1278,CCNPLT0731,https://mowgarden.com/wp-content/uploads/2023/01/cay-tre-vang-trong-hang-rao-san-vuon-2.jpg
CCNIMG1279,CCNPLT0731,https://mowgarden.com/wp-content/uploads/2023/01/cay-tre-vang-trong-hang-rao-san-vuon-3.jpg
CCNIMG1280,CCNPLT0732,https://mowgarden.com/wp-content/uploads/2023/01/cay-truc-can-cau-trang-tri-san-vuon-1.jpg
CCNIMG1281,CCNPLT0732,https://mowgarden.com/wp-content/uploads/2023/01/cay-truc-can-cau-trang-tri-san-vuon-2.jpg
CCNIMG1282,CCNPLT0732,https://mowgarden.com/wp-content/uploads/2023/01/cay-truc-can-cau-trang-tri-san-vuon-4.jpg
CCNIMG1283,CCNPLT0732,https://mowgarden.com/wp-content/uploads/2023/01/cay-truc-can-cau-trang-tri-san-vuon-3.jpg
CCNIMG1284,CCNPLT0733,https://mowgarden.com/wp-content/uploads/2023/01/cuc-mam-xoi-chau-nhua-1.jpg
CCNIMG1285,CCNPLT0733,https://mowgarden.com/wp-content/uploads/2023/01/cuc-mam-xoi-chau-nhua-2.jpg
CCNIMG1286,CCNPLT0734,https://mowgarden.com/wp-content/uploads/2023/01/tradomowgarden.jpg
CCNIMG1287,CCNPLT0734,https://mowgarden.com/wp-content/uploads/2023/01/tradomowgarden2.jpg
CCNIMG1288,CCNPLT0735,https://mowgarden.com/wp-content/uploads/2023/01/haiduongmowgarden.jpg
CCNIMG1289,CCNPLT0735,https://mowgarden.com/wp-content/uploads/2023/01/haiduongmowgarden2.jpg
CCNIMG1290,CCNPLT0736,https://mowgarden.com/wp-content/uploads/2023/01/cay-hoa-hong-co-sapa-dang-treerose.jpg
CCNIMG1291,CCNPLT0736,https://mowgarden.com/wp-content/uploads/2023/01/cay-hoa-hong-co-sapa-dang-treerose-2.jpg
CCNIMG1292,CCNPLT0737,https://mowgarden.com/wp-content/uploads/2023/01/hoa-hong-molinuex-dang-treerose-chau-nhua.jpg
CCNIMG1293,CCNPLT0737,https://mowgarden.com/wp-content/uploads/2023/01/hoa-hong-molinuex.jpg
CCNIMG1294,CCNPLT0737,https://mowgarden.com/wp-content/uploads/2023/01/hoa-hong-molinuex-dang-treerose.jpg
CCNIMG1295,CCNPLT0738,https://mowgarden.com/wp-content/uploads/2023/01/cay-hoa-hong-leo-chau-da-mai.jpg
CCNIMG1296,CCNPLT0738,https://mowgarden.com/wp-content/uploads/2023/01/cay-hoa-hong-leo-souer-emmanuelle-2.jpg
CCNIMG1297,CCNPLT0739,https://mowgarden.com/wp-content/uploads/2023/01/hoa-hong-leo-mau-hong-souer-emmanuelle.jpg
CCNIMG1298,CCNPLT0739,https://mowgarden.com/wp-content/uploads/2023/01/cay-hoa-hong-leo-souer-emmanuelle-2.jpg
CCNIMG1299,CCNPLT0740,https://mowgarden.com/wp-content/uploads/2023/01/hoa-hong-leo-mau-hong-souer-emmanuelle.jpg
CCNIMG1300,CCNPLT0740,https://mowgarden.com/wp-content/uploads/2023/01/cay-hoa-hong-leo-souer-emmanuelle-2.jpg
CCNIMG1301,CCNPLT0741,https://mowgarden.com/wp-content/uploads/2023/01/cuc-mam-xoi-trung-tet-xot-tre.jpg
CCNIMG1302,CCNPLT0742,https://mowgarden.com/wp-content/uploads/2022/11/cay-da-bup-do-chau-dat-nung.jpg
CCNIMG1303,CCNPLT0743,https://mowgarden.com/wp-content/uploads/2022/11/cay-thien-dieu-chau-uom.jpg
CCNIMG1304,CCNPLT0744,https://mowgarden.com/wp-content/uploads/2022/11/cay-bang-dai-loan-cam-thach-chau-dat-nung-1.jpg
CCNIMG1305,CCNPLT0744,https://mowgarden.com/wp-content/uploads/2022/11/cay-bang-dai-loan-cam-thach-chau-dat-nung-2.jpg
CCNIMG1306,CCNPLT0745,https://mowgarden.com/wp-content/uploads/2022/11/cay-bang-dai-loan-cam-thach-chau-uom-1.jpg
CCNIMG1307,CCNPLT0745,https://mowgarden.com/wp-content/uploads/2022/11/cay-bang-dai-loan-cam-thach-chau-uom-2.jpg
CCNIMG1308,CCNPLT0746,https://mowgarden.com/wp-content/uploads/2022/10/cay-huong-thao-co-trung-rosemary-1.jpg
CCNIMG1309,CCNPLT0746,https://mowgarden.com/wp-content/uploads/2022/10/cay-huong-thao-co-trung-rosemary-2.jpg
CCNIMG1310,CCNPLT0747,https://mowgarden.com/wp-content/uploads/2022/10/cay-co-tong-vang-bac-croton-golden-rust-1.jpg
CCNIMG1311,CCNPLT0747,https://mowgarden.com/wp-content/uploads/2022/10/cay-co-tong-vang-bac-croton-golden-rust-2.jpg
CCNIMG1312,CCNPLT0748,https://mowgarden.com/wp-content/uploads/2022/10/cay-dua-diep-tien-yucca-silver-1.jpg
CCNIMG1313,CCNPLT0748,https://mowgarden.com/wp-content/uploads/2022/10/cay-dua-diep-tien-yucca-silver-2.jpg
CCNIMG1314,CCNPLT0748,https://mowgarden.com/wp-content/uploads/2022/10/cay-dua-diep-tien-yucca-silver-3.jpg
CCNIMG1315,CCNPLT0749,https://mowgarden.com/wp-content/uploads/2022/10/cay-co-tong-duoi-luon.jpg
CCNIMG1316,CCNPLT0749,https://mowgarden.com/wp-content/uploads/2022/10/cay-co-tong-duoi-luon-la-mau.jpg
CCNIMG1317,CCNPLT0750,https://mowgarden.com/wp-content/uploads/2022/10/cay-tong-la-mit-nho-1.jpg
CCNIMG1318,CCNPLT0750,https://mowgarden.com/wp-content/uploads/2022/10/cay-tong-la-mit-nho-2.jpg
CCNIMG1319,CCNPLT0751,https://mowgarden.com/wp-content/uploads/2022/09/oilemowgarden.jpg
CCNIMG1320,CCNPLT0751,https://mowgarden.com/wp-content/uploads/2022/09/oilemowgarden1.jpg
CCNIMG1321,CCNPLT0752,https://mowgarden.com/wp-content/uploads/2022/09/chuongvangmowgarden.jpg
CCNIMG1322,CCNPLT0752,https://mowgarden.com/wp-content/uploads/2022/09/chuongvangmowgarden2.jpg
CCNIMG1323,CCNPLT0752,https://mowgarden.com/wp-content/uploads/2022/09/chuongvangmowgarden3.jpg
CCNIMG1324,CCNPLT0752,https://mowgarden.com/wp-content/uploads/2022/09/chuongvangmowgarden4.jpg
CCNIMG1325,CCNPLT0753,https://mowgarden.com/wp-content/uploads/2022/09/lavoimowgarden.jpg
CCNIMG1326,CCNPLT0753,https://mowgarden.com/wp-content/uploads/2022/09/lavoimowgarden1.jpg
CCNIMG1327,CCNPLT0754,https://mowgarden.com/wp-content/uploads/2022/09/hoagiaymowgarden.jpg
CCNIMG1328,CCNPLT0754,https://mowgarden.com/wp-content/uploads/2022/09/hoagiaynhieumau.jpg
CCNIMG1329,CCNPLT0754,https://mowgarden.com/wp-content/uploads/2022/09/hoagiaymowgarden3.jpg
CCNIMG1330,CCNPLT0754,https://mowgarden.com/wp-content/uploads/2022/09/hoagiaymowgarden2.jpg
CCNIMG1331,CCNPLT0754,https://mowgarden.com/wp-content/uploads/2022/09/hoagiaynhieumau1.jpg
CCNIMG1332,CCNPLT0755,https://mowgarden.com/wp-content/uploads/2022/09/nhoxanhmowgarden.jpg
CCNIMG1333,CCNPLT0755,https://mowgarden.com/wp-content/uploads/2022/09/nhoxanhmowgarden2.jpg
CCNIMG1334,CCNPLT0756,https://mowgarden.com/wp-content/uploads/2022/09/luutadomowgarden.jpg
CCNIMG1335,CCNPLT0756,https://mowgarden.com/wp-content/uploads/2022/09/luutadomowgarden1.jpg
CCNIMG1336,CCNPLT0756,https://mowgarden.com/wp-content/uploads/2022/09/luutadomowgarden2.jpg
CCNIMG1337,CCNPLT0757,https://mowgarden.com/wp-content/uploads/2022/09/otxiemxanhmowgarden.jpg
CCNIMG1338,CCNPLT0757,https://mowgarden.com/wp-content/uploads/2022/09/otxiemxanhmowgarden1.jpg
CCNIMG1339,CCNPLT0758,https://mowgarden.com/wp-content/uploads/2022/09/chumruotmowgarden.jpg
CCNIMG1340,CCNPLT0758,https://mowgarden.com/wp-content/uploads/2022/09/chumruotmowgarden1.jpg
CCNIMG1341,CCNPLT0759,https://mowgarden.com/wp-content/uploads/2022/09/cay-luu-an-do-1.jpg
CCNIMG1342,CCNPLT0759,https://mowgarden.com/wp-content/uploads/2022/09/cay-luu-an-do-2.jpg
CCNIMG1343,CCNPLT0759,https://mowgarden.com/wp-content/uploads/2022/09/luuandomowgarden1.jpg
CCNIMG1344,CCNPLT0760,https://mowgarden.com/wp-content/uploads/2022/09/cay-nho-than-go-12-vu.jpg
CCNIMG1345,CCNPLT0760,https://mowgarden.com/wp-content/uploads/2022/09/cay-nho-than-go-12-vu-1.jpg
CCNIMG1346,CCNPLT0760,https://mowgarden.com/wp-content/uploads/2022/09/cay-nho-than-go-12-vu-2.jpg
CCNIMG1347,CCNPLT0761,https://mowgarden.com/wp-content/uploads/2022/09/oi-ruot-do-tan-chau-1.jpg
CCNIMG1348,CCNPLT0761,https://mowgarden.com/wp-content/uploads/2022/09/oi-ruot-do-tan-chau-2.jpg
CCNIMG1349,CCNPLT0761,https://mowgarden.com/wp-content/uploads/2022/09/oi-ruot-do-tan-chau-3.jpg
CCNIMG1350,CCNPLT0762,https://mowgarden.com/wp-content/uploads/2022/09/cay-oi-tim-malaysia-1.jpg
CCNIMG1351,CCNPLT0762,https://mowgarden.com/wp-content/uploads/2022/09/cay-oi-tim-malaysia-2.jpg
CCNIMG1352,CCNPLT0762,https://mowgarden.com/wp-content/uploads/2022/09/cay-oi-tim-malaysia-3.jpg
CCNIMG1353,CCNPLT0762,https://mowgarden.com/wp-content/uploads/2022/09/cay-oi-tim-malaysia-4.jpg
CCNIMG1354,CCNPLT0763,https://mowgarden.com/wp-content/uploads/2022/09/cay-chanh-bac-1.jpg
CCNIMG1355,CCNPLT0763,https://mowgarden.com/wp-content/uploads/2022/09/cay-chanh-bac-2.jpg
CCNIMG1356,CCNPLT0764,https://mowgarden.com/wp-content/uploads/2022/09/cay-cherry-brazil-1.jpg
CCNIMG1357,CCNPLT0764,https://mowgarden.com/wp-content/uploads/2022/09/cay-cherry-brazil-4.jpg
CCNIMG1358,CCNPLT0764,https://mowgarden.com/wp-content/uploads/2022/09/cay-cherry-brazil2.jpg
CCNIMG1359,CCNPLT0764,https://mowgarden.com/wp-content/uploads/2022/09/cay-cherry-brazil-3.jpg
CCNIMG1360,CCNPLT0765,https://mowgarden.com/wp-content/uploads/2022/09/cay-bong-giay-thai-lan-ghep-mix-mau.jpg
CCNIMG1361,CCNPLT0766,https://mowgarden.com/wp-content/uploads/2022/09/cay-sung-my-1.jpg
CCNIMG1362,CCNPLT0766,https://mowgarden.com/wp-content/uploads/2022/09/cay-dung-my-Masui-Dauphine-b5.jpg
CCNIMG1363,CCNPLT0767,https://mowgarden.com/wp-content/uploads/2022/09/cay-oi-le-dai-loan-1.jpg
CCNIMG1364,CCNPLT0767,https://mowgarden.com/wp-content/uploads/2022/09/oi-le-dai-loan-4.jpg
CCNIMG1365,CCNPLT0767,https://mowgarden.com/wp-content/uploads/2022/09/oi-le-dai-loan-3.jpg
CCNIMG1366,CCNPLT0767,https://mowgarden.com/wp-content/uploads/2022/09/cay-oi-le-dai-loan-2.jpg
CCNIMG1367,CCNPLT0767,https://mowgarden.com/wp-content/uploads/2022/09/oi-le-dai-loan-5.jpg
CCNIMG1368,CCNPLT0768,https://mowgarden.com/wp-content/uploads/2022/09/cay-coc-thai.jpg
CCNIMG1369,CCNPLT0768,https://mowgarden.com/wp-content/uploads/2022/09/cay-coc-thai-1.jpg
CCNIMG1370,CCNPLT0769,https://mowgarden.com/wp-content/uploads/2022/09/cay-vu-sua-lo-ren.jpg
CCNIMG1371,CCNPLT0770,https://mowgarden.com/wp-content/uploads/2022/09/cay-vu-sua-hoang-kim.jpg
CCNIMG1372,CCNPLT0770,https://mowgarden.com/wp-content/uploads/2022/09/cay-vu-sua-hoang-kim-2.jpg
CCNIMG1373,CCNPLT0770,https://mowgarden.com/wp-content/uploads/2022/09/cay-vu-sua-hoang-kim-3.jpg
CCNIMG1374,CCNPLT0771,https://mowgarden.com/wp-content/uploads/2022/09/cay-chanh-cam-thach-1.jpg
CCNIMG1375,CCNPLT0771,https://mowgarden.com/wp-content/uploads/2022/09/cay-chanh-cam-thach-2.jpg
CCNIMG1376,CCNPLT0771,https://mowgarden.com/wp-content/uploads/2022/09/cay-chanh-cam-thach-3.jpg
CCNIMG1377,CCNPLT0771,https://mowgarden.com/wp-content/uploads/2022/09/cay-chanh-cam-thach-4.jpg
CCNIMG1378,CCNPLT0772,https://mowgarden.com/wp-content/uploads/2022/09/cay-man-do-an-phuoc-1.jpg
CCNIMG1379,CCNPLT0772,https://mowgarden.com/wp-content/uploads/2022/09/cay-man-do-an-phuoc-2.jpg
CCNIMG1380,CCNPLT0773,https://mowgarden.com/wp-content/uploads/2022/09/cay-man-xanh-tam-hoa.jpg
CCNIMG1381,CCNPLT0773,https://mowgarden.com/wp-content/uploads/2022/09/cay-man-xanh-tam-hoa-2.jpg
CCNIMG1382,CCNPLT0774,https://mowgarden.com/wp-content/uploads/2022/09/cay-chanh-vang-my-eureka-1.jpg
CCNIMG1383,CCNPLT0774,https://mowgarden.com/wp-content/uploads/2022/09/cay-chanh-vang-my-eureka-2.jpg
CCNIMG1384,CCNPLT0775,https://mowgarden.com/wp-content/uploads/2022/09/cay-buoi-da-xanh-nho.jpg
CCNIMG1385,CCNPLT0775,https://mowgarden.com/wp-content/uploads/2022/09/cay-buoi-da-xanh-co-trai.jpg
CCNIMG1386,CCNPLT0776,https://mowgarden.com/wp-content/uploads/2022/08/cay-anh-duong-chau-su.jpg
CCNIMG1387,CCNPLT0777,https://mowgarden.com/wp-content/uploads/2022/01/cay-mai-xanh-thai-1.jpg
CCNIMG1388,CCNPLT0777,https://mowgarden.com/wp-content/uploads/2022/01/cay-mai-xanh-thai-2.jpg
CCNIMG1389,CCNPLT0777,https://mowgarden.com/wp-content/uploads/2022/01/cay-mai-xanh-thai-3.jpg
CCNIMG1390,CCNPLT0777,https://mowgarden.com/wp-content/uploads/2022/01/cay-mai-xanh-thai-12.jpg
CCNIMG1391,CCNPLT0777,https://mowgarden.com/wp-content/uploads/2022/01/cay-mai-xanh-thai-9.jpg
CCNIMG1392,CCNPLT0777,https://mowgarden.com/wp-content/uploads/2022/01/cay-mai-xanh-thai-8.jpg
CCNIMG1393,CCNPLT0777,https://mowgarden.com/wp-content/uploads/2022/01/cay-mai-xanh-thai-7.jpg
CCNIMG1394,CCNPLT0777,https://mowgarden.com/wp-content/uploads/2022/01/cay-mai-xanh-thai-6.jpg
CCNIMG1395,CCNPLT0777,https://mowgarden.com/wp-content/uploads/2022/01/cay-mai-xanh-thai-5.jpg
CCNIMG1396,CCNPLT0777,https://mowgarden.com/wp-content/uploads/2022/01/cay-mai-xanh-thai-4.jpg
CCNIMG1397,CCNPLT0777,https://mowgarden.com/wp-content/uploads/2022/01/cay-mai-xanh-thai-11.jpg
CCNIMG1398,CCNPLT0777,https://mowgarden.com/wp-content/uploads/2022/01/cay-mai-xanh-thai-10.jpg
CCNIMG1399,CCNPLT0778,https://mowgarden.com/wp-content/uploads/2022/01/cay-bang-dai-loan-cam-thach-chau-xi-mang-son.jpg
CCNIMG1400,CCNPLT0779,https://mowgarden.com/wp-content/uploads/2021/04/cay-hoa-dam-but-thai-1.jpg
CCNIMG1401,CCNPLT0779,https://mowgarden.com/wp-content/uploads/2021/04/cay-hoa-dam-but-thai-2.jpg
CCNIMG1402,CCNPLT0780,https://mowgarden.com/wp-content/uploads/2021/04/cay-nguyet-que-chau-uom.jpg
CCNIMG1403,CCNPLT0780,https://mowgarden.com/wp-content/uploads/2021/04/cay-hoa-nguyet-que-1-1.jpg
CCNIMG1404,CCNPLT0781,https://mowgarden.com/wp-content/uploads/2021/04/cay-bach-trinh-bien-1.jpg
CCNIMG1405,CCNPLT0782,https://mowgarden.com/wp-content/uploads/2021/04/cay-mai-chi-thien-chau-nho.jpg
CCNIMG1406,CCNPLT0783,https://mowgarden.com/wp-content/uploads/2021/04/cay-tram-bong-do.jpg
CCNIMG1407,CCNPLT0784,https://mowgarden.com/wp-content/uploads/2021/04/ban-cay-truc-quan-tu-1-1.jpg
CCNIMG1408,CCNPLT0784,https://mowgarden.com/wp-content/uploads/2021/04/truc-quan-tu-gia-bao-nhieu-1-1.jpg
CCNIMG1409,CCNPLT0784,https://mowgarden.com/wp-content/uploads/2021/04/ban-cay-truc-quan-tu-2-1.jpg
CCNIMG1410,CCNPLT0784,https://mowgarden.com/wp-content/uploads/2021/04/gia-cay-truc-quan-tu-2-1.jpg
CCNIMG1411,CCNPLT0784,https://mowgarden.com/wp-content/uploads/2021/04/gia-cay-truc-quan-tu-1-1.jpg
CCNIMG1412,CCNPLT0784,https://mowgarden.com/wp-content/uploads/2021/04/hang-rao-cay-truc-quan-tu-2-1.jpg
CCNIMG1413,CCNPLT0784,https://mowgarden.com/wp-content/uploads/2021/04/mua-cay-truc-quan-tu-1-1.jpg
CCNIMG1414,CCNPLT0784,https://mowgarden.com/wp-content/uploads/2021/04/mua-cay-truc-quan-tu-2-1.jpg
CCNIMG1415,CCNPLT0784,https://mowgarden.com/wp-content/uploads/2021/04/hang-rao-cay-truc-quan-tu-1-1.jpg
CCNIMG1416,CCNPLT0785,https://mowgarden.com/wp-content/uploads/2021/04/cay-ac-o-chau-uom.jpg
CCNIMG1417,CCNPLT0785,https://mowgarden.com/wp-content/uploads/2021/04/cay-ac-o-trong-hang-rao-1.jpg
CCNIMG1418,CCNPLT0785,https://mowgarden.com/wp-content/uploads/2021/04/cay-ac-o-trong-hang-rao-2.jpg
CCNIMG1419,CCNPLT0785,https://mowgarden.com/wp-content/uploads/2021/04/cay-ac-o-trong-hang-rao-3.jpg
CCNIMG1420,CCNPLT0785,https://mowgarden.com/wp-content/uploads/2021/04/cay-ac-o-trong-hang-rao-4.jpg
CCNIMG1421,CCNPLT0786,https://mowgarden.com/wp-content/uploads/2021/04/cay-hoa-lai-ta-3.jpg
CCNIMG1422,CCNPLT0786,https://mowgarden.com/wp-content/uploads/2021/04/cay-hoa-lai-ta-2.jpg
CCNIMG1423,CCNPLT0787,https://mowgarden.com/wp-content/uploads/2021/04/cay-tuyet-son-phi-hong.jpg
CCNIMG1424,CCNPLT0787,https://mowgarden.com/wp-content/uploads/2021/04/28273249659_50229a9097_h.jpg
CCNIMG1425,CCNPLT0787,https://mowgarden.com/wp-content/uploads/2021/04/25180400597_65fea50d07_k.jpg
CCNIMG1426,CCNPLT0788,https://mowgarden.com/wp-content/uploads/2021/04/cay_chuoi_ngoc1_1024x1024.jpg
CCNIMG1427,CCNPLT0789,https://mowgarden.com/wp-content/uploads/2021/04/cay-bo-cap-vang-1.jpg
CCNIMG1428,CCNPLT0789,https://mowgarden.com/wp-content/uploads/2021/04/cay-bo-cap-vang-2.jpg
CCNIMG1429,CCNPLT0790,https://mowgarden.com/wp-content/uploads/2021/04/cay-buom-hong-1.jpg
CCNIMG1430,CCNPLT0790,https://mowgarden.com/wp-content/uploads/2021/04/cay-buom-hong-2.jpg
CCNIMG1431,CCNPLT0791,https://mowgarden.com/wp-content/uploads/2021/04/co-nhung-nhat.jpg
CCNIMG1432,CCNPLT0791,https://mowgarden.com/wp-content/uploads/2021/04/co-nhung-nhat-gia-re.jpg
CCNIMG1433,CCNPLT0791,https://mowgarden.com/wp-content/uploads/2021/04/co-nhung-nhat-gia-re-3.jpg
CCNIMG1434,CCNPLT0791,https://mowgarden.com/wp-content/uploads/2021/04/co-nhung-nhat-gia-re-2.jpg
CCNIMG1435,CCNPLT0792,https://mowgarden.com/wp-content/uploads/2021/04/cay-ken-hong-1.jpg
CCNIMG1436,CCNPLT0792,https://mowgarden.com/wp-content/uploads/2021/04/cay-ken-hong-2.jpg
CCNIMG1437,CCNPLT0792,https://mowgarden.com/wp-content/uploads/2021/04/cay-ken-hong-3.jpg
CCNIMG1438,CCNPLT0793,https://mowgarden.com/wp-content/uploads/2021/04/cay-cuc-tan-an-do-Vernonia-elliptica-1-2.jpg
CCNIMG1439,CCNPLT0793,https://mowgarden.com/wp-content/uploads/2021/04/cay-cuc-tan-an-do-Vernonia-elliptica-2-1.jpg
CCNIMG1440,CCNPLT0793,https://mowgarden.com/wp-content/uploads/2021/04/cay-cuc-tan-an-do-Vernonia-elliptica-3-1.jpg
CCNIMG1441,CCNPLT0793,https://mowgarden.com/wp-content/uploads/2021/04/cay-cuc-tan-an-do-Vernonia-elliptica-7-1.jpg
CCNIMG1442,CCNPLT0793,https://mowgarden.com/wp-content/uploads/2021/04/cay-cuc-tan-an-do-Vernonia-elliptica-6-1.jpg
CCNIMG1443,CCNPLT0793,https://mowgarden.com/wp-content/uploads/2021/04/cay-cuc-tan-an-do-Vernonia-elliptica-8-1.jpg
CCNIMG1444,CCNPLT0793,https://mowgarden.com/wp-content/uploads/2021/04/cay-cuc-tan-an-do-Vernonia-elliptica-9-1.jpg
CCNIMG1445,CCNPLT0793,https://mowgarden.com/wp-content/uploads/2021/04/cay-cuc-tan-an-do-Vernonia-elliptica-5-1.jpg
CCNIMG1446,CCNPLT0793,https://mowgarden.com/wp-content/uploads/2021/04/cay-cuc-tan-an-do-Vernonia-elliptica-4-1.jpg
CCNIMG1447,CCNPLT0794,https://mowgarden.com/wp-content/uploads/2021/04/cay-chuong-vang-1.jpg
CCNIMG1448,CCNPLT0794,https://mowgarden.com/wp-content/uploads/2021/04/cay-chuong-vang-2.jpg
CCNIMG1449,CCNPLT0794,https://mowgarden.com/wp-content/uploads/2021/04/cay-chuong-vang-3.jpg
CCNIMG1450,CCNPLT0794,https://mowgarden.com/wp-content/uploads/2021/04/cay-chuong-vang-4.jpg
CCNIMG1451,CCNPLT0795,https://mowgarden.com/wp-content/uploads/2021/04/cay-da-tam-phuc-1.jpg
CCNIMG1452,CCNPLT0795,https://mowgarden.com/wp-content/uploads/2021/04/cay-da-tam-phuc-2.jpg
CCNIMG1453,CCNPLT0796,https://mowgarden.com/wp-content/uploads/2021/04/chanh_day_2_1024x1024.jpg
CCNIMG1454,CCNPLT0796,https://mowgarden.com/wp-content/uploads/2021/04/cay-chanh-day-ta-3.jpg
CCNIMG1455,CCNPLT0796,https://mowgarden.com/wp-content/uploads/2021/04/cay-chanh-day-ta-1.jpg
CCNIMG1456,CCNPLT0796,https://mowgarden.com/wp-content/uploads/2021/04/cay-chanh-day-ta-2.jpg
CCNIMG1457,CCNPLT0797,https://mowgarden.com/wp-content/uploads/2021/04/cuc_tan_1024x1024.jpg
CCNIMG1458,CCNPLT0798,https://mowgarden.com/wp-content/uploads/2021/04/thien_ly_1_1024x1024.jpg
CCNIMG1459,CCNPLT0799,https://mowgarden.com/wp-content/uploads/2021/04/su_quan_tu_1_1024x1024.jpg
CCNIMG1460,CCNPLT0800,https://mowgarden.com/wp-content/uploads/2021/04/tigon_2_1024x1024.jpg
CCNIMG1461,CCNPLT0801,https://mowgarden.com/wp-content/uploads/2021/04/thang_lan_2_1024x1024.jpg
CCNIMG1462,CCNPLT0802,https://mowgarden.com/wp-content/uploads/2021/04/hong_anh_2_1024x1024.jpg
